{
"type": "FeatureCollection",
"name": "district_grid_zones",
"crs": { "type": "name", "properties": { "name": "urn:ogc:def:crs:OGC:1.3:CRS84" } },
"features": [
{ "type": "Feature", "properties": { "zone_id": "D001", "is_urban": false, "ward_name": null, "center_lon": 74.600657780742637, "center_lat": 13.879012402896199, "area_sqkm": 0.13607389413726384, "population": 93.0, "waste_kg_day": 27.9, "waste_tons_day": 0.028, "buildings": 18.0, "risk": "Low" }, "geometry": { "type": "Polygon", "coordinates": [ [ [ 74.6013415, 13.8750329 ], [ 74.6012999, 13.8751162 ], [ 74.6007731, 13.8762175 ], [ 74.6004188, 13.8772045 ], [ 74.5999575, 13.8783138 ], [ 74.5994908, 13.8794439 ], [ 74.5988497, 13.8807797 ], [ 74.5986861, 13.8811755 ], [ 74.598557265532719, 13.88141690000003 ], [ 74.6016797, 13.88141690000003 ], [ 74.6016797, 13.874205834214235 ], [ 74.6013415, 13.8750329 ] ] ] } },
{ "type": "Feature", "properties": { "zone_id": "D002", "is_urban": false, "ward_name": null, "center_lon": 74.598158727997443, "center_lat": 13.89172165869855, "area_sqkm": 1.464817325746163, "population": 1686.0, "waste_kg_day": 505.8, "waste_tons_day": 0.506, "buildings": 383.0, "risk": "Medium" }, "geometry": { "type": "Polygon", "coordinates": [ [ [ 74.5981872, 13.8821103 ], [ 74.5978627, 13.8828654 ], [ 74.5972055, 13.8842923 ], [ 74.5970151, 13.8846855 ], [ 74.5967603, 13.8852948 ], [ 74.5963418, 13.8861853 ], [ 74.5959529, 13.8870237 ], [ 74.5956257, 13.8877502 ], [ 74.5954406, 13.8881772 ], [ 74.5948774, 13.8897577 ], [ 74.5946065, 13.8907367 ], [ 74.5943597, 13.8915803 ], [ 74.5939922, 13.8930749 ], [ 74.5935575, 13.8950928 ], [ 74.5929818, 13.8982281 ], [ 74.592696795426363, 13.89941690000003 ], [ 74.6016797, 13.89941690000003 ], [ 74.6016797, 13.88141690000003 ], [ 74.598557265532719, 13.88141690000003 ], [ 74.5981872, 13.8821103 ] ] ] } },
{ "type": "Feature", "properties": { "zone_id": "D003", "is_urban": false, "ward_name": null, "center_lon": 74.595908877884057, "center_lat": 13.90911498102918, "area_sqkm": 2.5114718746401561, "population": 1011.0, "waste_kg_day": 303.3, "waste_tons_day": 0.303, "buildings": 270.0, "risk": "Low" }, "geometry": { "type": "Polygon", "coordinates": [ [ [ 74.5925331, 13.9000997 ], [ 74.5919898, 13.902835 ], [ 74.5917243, 13.9038652 ], [ 74.5912605, 13.9056658 ], [ 74.5908916, 13.9070462 ], [ 74.5907468, 13.907546 ], [ 74.5906341, 13.9079027 ], [ 74.5901352, 13.9097252 ], [ 74.5897275, 13.9108838 ], [ 74.5893091, 13.9120476 ], [ 74.589116, 13.9125709 ], [ 74.5888692, 13.9132843 ], [ 74.587525619953041, 13.917416900000031 ], [ 74.6016797, 13.917416900000031 ], [ 74.6016797, 13.89941690000003 ], [ 74.592696795426363, 13.89941690000003 ], [ 74.5925331, 13.9000997 ] ] ] } },
{ "type": "Feature", "properties": { "zone_id": "D004", "is_urban": false, "ward_name": null, "center_lon": 74.593894610765076, "center_lat": 13.925359464626908, "area_sqkm": 3.1166359065048006, "population": 858.0, "waste_kg_day": 257.4, "waste_tons_day": 0.257, "buildings": 178.0, "risk": "Low" }, "geometry": { "type": "Polygon", "coordinates": [ [ [ 74.5874842, 13.9175443 ], [ 74.5871928, 13.9181476 ], [ 74.5868307, 13.9188765 ], [ 74.5866801, 13.9192445 ], [ 74.5860548, 13.9206804 ], [ 74.585849, 13.921066 ], [ 74.5857841, 13.9213249 ], [ 74.585326, 13.9215418 ], [ 74.5850946, 13.9216513 ], [ 74.5849889, 13.9212823 ], [ 74.5850368, 13.9212064 ], [ 74.5850822, 13.9211634 ], [ 74.5851372, 13.9210683 ], [ 74.5851137, 13.9209812 ], [ 74.5851174, 13.9209076 ], [ 74.585084, 13.9208865 ], [ 74.585042, 13.9208953 ], [ 74.5850088, 13.9209431 ], [ 74.5849741, 13.9210195 ], [ 74.5849527, 13.9210647 ], [ 74.5848552, 13.9210726 ], [ 74.584752, 13.9210455 ], [ 74.5846889, 13.9210629 ], [ 74.5846356, 13.9210835 ], [ 74.5845967, 13.9211285 ], [ 74.5845161, 13.9211479 ], [ 74.5844717, 13.9211549 ], [ 74.5844296, 13.9212007 ], [ 74.5844365, 13.9212604 ], [ 74.5844259, 13.9212929 ], [ 74.5843891, 13.921334 ], [ 74.5843672, 13.921392 ], [ 74.5843492, 13.9214426 ], [ 74.5843741, 13.9214667 ], [ 74.5844597, 13.921458 ], [ 74.5845039, 13.9214347 ], [ 74.5845808, 13.9214228 ], [ 74.5846391, 13.9214301 ], [ 74.5846694, 13.9214455 ], [ 74.5847021, 13.9214383 ], [ 74.5847253, 13.9213966 ], [ 74.5847761, 13.9213648 ], [ 74.5849002, 13.9217433 ], [ 74.584755, 13.9224756 ], [ 74.5845978, 13.92286 ], [ 74.584463, 13.9231757 ], [ 74.5842118, 13.9235036 ], [ 74.5835666, 13.9241605 ], [ 74.5833319, 13.9244443 ], [ 74.5832309, 13.9246264 ], [ 74.5826797, 13.9258142 ], [ 74.5827659, 13.9258623 ], [ 74.5830804, 13.9261561 ], [ 74.583247, 13.9263053 ], [ 74.5833071, 13.9263641 ], [ 74.583469, 13.9265223 ], [ 74.5836171, 13.9266669 ], [ 74.5839409, 13.9268523 ], [ 74.5842786, 13.9270964 ], [ 74.5845793, 13.9272682 ], [ 74.584843, 13.9273902 ], [ 74.5850419, 13.92744 ], [ 74.5852178, 13.9274626 ], [ 74.5854074, 13.9276073 ], [ 74.5855462, 13.9276705 ], [ 74.5856295, 13.9277429 ], [ 74.5857081, 13.9279779 ], [ 74.5857312, 13.9280864 ], [ 74.5857312, 13.9282942 ], [ 74.585782, 13.9284389 ], [ 74.585856, 13.9286513 ], [ 74.5860318, 13.9288321 ], [ 74.5862076, 13.9289541 ], [ 74.5863834, 13.9290671 ], [ 74.5865685, 13.9291892 ], [ 74.5868692, 13.9292706 ], [ 74.587082, 13.9292842 ], [ 74.5873087, 13.9292616 ], [ 74.5875817, 13.9292843 ], [ 74.5878316, 13.9293837 ], [ 74.5879333, 13.9295193 ], [ 74.5879564, 13.9296504 ], [ 74.5879703, 13.9297724 ], [ 74.5878685, 13.9299577 ], [ 74.5878222, 13.930152 ], [ 74.5877805, 13.9302243 ], [ 74.5877342, 13.9303463 ], [ 74.5877805, 13.9304684 ], [ 74.5880442, 13.9305317 ], [ 74.5885069, 13.9304594 ], [ 74.5887938, 13.9303375 ], [ 74.5891315, 13.930202 ], [ 74.589548, 13.9301026 ], [ 74.5899459, 13.9301162 ], [ 74.5901356, 13.9302744 ], [ 74.5901864, 13.9304462 ], [ 74.5901725, 13.9306766 ], [ 74.5901586, 13.9308393 ], [ 74.5900706, 13.9310834 ], [ 74.5900706, 13.9313862 ], [ 74.5902094, 13.9316212 ], [ 74.5904083, 13.9317658 ], [ 74.5907923, 13.9319557 ], [ 74.591218, 13.9320371 ], [ 74.5916575, 13.9322044 ], [ 74.5917546, 13.9323038 ], [ 74.5918148, 13.9324123 ], [ 74.5918703, 13.9325795 ], [ 74.591898, 13.9328868 ], [ 74.5918841, 13.9330495 ], [ 74.5919118, 13.9333026 ], [ 74.5919395, 13.9335376 ], [ 74.5920135, 13.9336732 ], [ 74.5920551, 13.9338133 ], [ 74.5922124, 13.9339128 ], [ 74.5924114, 13.9339535 ], [ 74.5925641, 13.9340348 ], [ 74.5926797, 13.9341614 ], [ 74.5927352, 13.9343467 ], [ 74.5927629, 13.9345275 ], [ 74.5927768, 13.9347489 ], [ 74.592749, 13.9351647 ], [ 74.592717550418655, 13.935416900000032 ], [ 74.596448159397767, 13.935416900000032 ], [ 74.5966079, 13.9345235 ], [ 74.5970849, 13.9316583 ], [ 74.5988431, 13.9318574 ], [ 74.5989269, 13.9320586 ], [ 74.599005, 13.9322461 ], [ 74.5993703, 13.933385 ], [ 74.59964592451297, 13.935416900000032 ], [ 74.6016797, 13.935416900000032 ], [ 74.6016797, 13.917416900000031 ], [ 74.587525619953041, 13.917416900000031 ], [ 74.5874842, 13.9175443 ] ] ] } },
{ "type": "Feature", "properties": { "zone_id": "D005", "is_urban": false, "ward_name": null, "center_lon": 74.595338285780656, "center_lat": 13.937609134327369, "area_sqkm": 0.21929862389660898, "population": 215.0, "waste_kg_day": 64.5, "waste_tons_day": 0.065, "buildings": 47.0, "risk": "Low" }, "geometry": { "type": "MultiPolygon", "coordinates": [ [ [ [ 74.5927073, 13.9354991 ], [ 74.5926933, 13.9358019 ], [ 74.5927072, 13.9360821 ], [ 74.5927164, 13.9362222 ], [ 74.592721, 13.9363171 ], [ 74.5927349, 13.9364572 ], [ 74.592832, 13.9368459 ], [ 74.5928643, 13.9371215 ], [ 74.5928504, 13.9372752 ], [ 74.592892, 13.9375102 ], [ 74.5929059, 13.9376367 ], [ 74.593003, 13.9380932 ], [ 74.5931047, 13.9384819 ], [ 74.5932157, 13.9387576 ], [ 74.5932573, 13.9389383 ], [ 74.5933869, 13.9391734 ], [ 74.5935303, 13.9393948 ], [ 74.5937014, 13.9396163 ], [ 74.5939003, 13.9398965 ], [ 74.5940854, 13.9401722 ], [ 74.5943259, 13.9404344 ], [ 74.5945665, 13.9406152 ], [ 74.594821, 13.9407689 ], [ 74.5951356, 13.9409632 ], [ 74.5956908, 13.9412706 ], [ 74.5960056, 13.9402629 ], [ 74.5960983, 13.9389342 ], [ 74.5961958, 13.9368283 ], [ 74.596448159397767, 13.935416900000032 ], [ 74.592717550418655, 13.935416900000032 ], [ 74.5927073, 13.9354991 ] ] ], [ [ [ 74.5996523, 13.9354639 ], [ 74.6002306, 13.9361418 ], [ 74.6016797, 13.937066448778959 ], [ 74.6016797, 13.935416900000032 ], [ 74.59964592451297, 13.935416900000032 ], [ 74.5996523, 13.9354639 ] ] ] ] } },
{ "type": "Feature", "properties": { "zone_id": "D006", "is_urban": false, "ward_name": null, "center_lon": 74.619770666410062, "center_lat": 13.823657950344375, "area_sqkm": 0.18883079736970021, "population": 42.0, "waste_kg_day": 12.6, "waste_tons_day": 0.013, "buildings": 8.0, "risk": "Low" }, "geometry": { "type": "Polygon", "coordinates": [ [ [ 74.6206051, 13.8160773 ], [ 74.6204388, 13.817041 ], [ 74.6201491, 13.8183276 ], [ 74.61961, 13.8206171 ], [ 74.6194008, 13.8215286 ], [ 74.6191755, 13.8225939 ], [ 74.6189851, 13.8234638 ], [ 74.618741, 13.824464 ], [ 74.6184781, 13.8254667 ], [ 74.6181563, 13.8264746 ], [ 74.6178988, 13.8270164 ], [ 74.6176386, 13.8273029 ], [ 74.617506089851858, 13.827416900000028 ], [ 74.620679700000011, 13.827416900000028 ], [ 74.620679700000011, 13.815599272097925 ], [ 74.6206051, 13.8160773 ] ] ] } },
{ "type": "Feature", "properties": { "zone_id": "D007", "is_urban": false, "ward_name": null, "center_lon": 74.617870891720244, "center_lat": 13.837644142066807, "area_sqkm": 1.1783164395502563, "population": 1510.0, "waste_kg_day": 453.0, "waste_tons_day": 0.453, "buildings": 395.0, "risk": "Low" }, "geometry": { "type": "Polygon", "coordinates": [ [ [ 74.6174267, 13.8274852 ], [ 74.6172, 13.8275203 ], [ 74.6170673, 13.8275555 ], [ 74.6170378, 13.827605 ], [ 74.6169922, 13.8278784 ], [ 74.6169949, 13.82798 ], [ 74.6170968, 13.8284384 ], [ 74.6171048, 13.8287041 ], [ 74.617078, 13.829113 ], [ 74.617019, 13.8298735 ], [ 74.6169385, 13.8303579 ], [ 74.6167374, 13.831259 ], [ 74.6165362, 13.8319232 ], [ 74.6161634, 13.8333764 ], [ 74.6158415, 13.834538 ], [ 74.6151629, 13.8372752 ], [ 74.6150851, 13.8377518 ], [ 74.6148598, 13.8388404 ], [ 74.6144521, 13.8405072 ], [ 74.6138728, 13.8425438 ], [ 74.6133792, 13.8440959 ], [ 74.612979991861238, 13.845416900000028 ], [ 74.620679700000011, 13.845416900000028 ], [ 74.620679700000011, 13.827416900000028 ], [ 74.617506089851858, 13.827416900000028 ], [ 74.6174267, 13.8274852 ] ] ] } },
{ "type": "Feature", "properties": { "zone_id": "D008", "is_urban": false, "ward_name": null, "center_lon": 74.61547429477902, "center_lat": 13.85516759137373, "area_sqkm": 2.2593429970673826, "population": 985.0, "waste_kg_day": 295.5, "waste_tons_day": 0.295, "buildings": 260.0, "risk": "Low" }, "geometry": { "type": "Polygon", "coordinates": [ [ [ 74.6129715, 13.845445 ], [ 74.6126926, 13.8464606 ], [ 74.6124941, 13.8473929 ], [ 74.6120757, 13.8488774 ], [ 74.6117806, 13.8502836 ], [ 74.6116358, 13.8505857 ], [ 74.6111745, 13.8512811 ], [ 74.6111423, 13.8514712 ], [ 74.6111235, 13.8516769 ], [ 74.6111262, 13.8523879 ], [ 74.6110564, 13.8527941 ], [ 74.6108848, 13.853367 ], [ 74.610284, 13.8549139 ], [ 74.609828, 13.8565545 ], [ 74.609372, 13.8581951 ], [ 74.6090341, 13.8596899 ], [ 74.608562, 13.8611222 ], [ 74.608178, 13.862655 ], [ 74.607943485612367, 13.863416900000029 ], [ 74.620679700000011, 13.863416900000029 ], [ 74.620679700000011, 13.845416900000028 ], [ 74.612979991861238, 13.845416900000028 ], [ 74.6129715, 13.845445 ] ] ] } },
{ "type": "Feature", "properties": { "zone_id": "D009", "is_urban": false, "ward_name": null, "center_lon": 74.612204202133611, "center_lat": 13.873147298700093, "area_sqkm": 3.6732540616002036, "population": 2187.0, "waste_kg_day": 656.1, "waste_tons_day": 0.656, "buildings": 510.0, "risk": "Medium" }, "geometry": { "type": "Polygon", "coordinates": [ [ [ 74.6077681, 13.8639867 ], [ 74.6075696, 13.8646064 ], [ 74.6073496, 13.8653252 ], [ 74.607119, 13.8662209 ], [ 74.6069848, 13.8675178 ], [ 74.6069902, 13.8680073 ], [ 74.6071029, 13.8682781 ], [ 74.60706, 13.8685802 ], [ 74.6069519, 13.8688621 ], [ 74.6061775, 13.8692468 ], [ 74.6060085, 13.8693692 ], [ 74.6057993, 13.8696557 ], [ 74.6056813, 13.8698379 ], [ 74.6052012, 13.870528 ], [ 74.6049866, 13.870791 ], [ 74.6046889, 13.8709446 ], [ 74.6042919, 13.8712858 ], [ 74.6041685, 13.871593 ], [ 74.6040934, 13.8718769 ], [ 74.6039942, 13.8719966 ], [ 74.6038225, 13.8721347 ], [ 74.6037608, 13.8722284 ], [ 74.6036857, 13.8725695 ], [ 74.6035516, 13.8727726 ], [ 74.6034014, 13.8728976 ], [ 74.6028918, 13.8729263 ], [ 74.6019745, 13.8729054 ], [ 74.6017625, 13.8729731 ], [ 74.6017009, 13.8730773 ], [ 74.6017063, 13.873171 ], [ 74.6018645, 13.8733663 ], [ 74.6018699, 13.8734601 ], [ 74.6017653, 13.8739965 ], [ 74.6016797, 13.874205834214235 ], [ 74.6016797, 13.88141690000003 ], [ 74.620679700000011, 13.88141690000003 ], [ 74.620679700000011, 13.863416900000029 ], [ 74.607943485612367, 13.863416900000029 ], [ 74.6077681, 13.8639867 ] ] ] } },
{ "type": "Feature", "properties": { "zone_id": "D010", "is_urban": false, "ward_name": null, "center_lon": 74.6111797, "center_lat": 13.8904169, "area_sqkm": 4.2095591208013685, "population": 3205.0, "waste_kg_day": 961.5, "waste_tons_day": 0.962, "buildings": 814.0, "risk": "Medium" }, "geometry": { "type": "Polygon", "coordinates": [ [ [ 74.6016797, 13.88141690000003 ], [ 74.6016797, 13.89941690000003 ], [ 74.620679700000011, 13.89941690000003 ], [ 74.620679700000011, 13.88141690000003 ], [ 74.6016797, 13.88141690000003 ] ] ] } },
{ "type": "Feature", "properties": { "zone_id": "D011", "is_urban": false, "ward_name": null, "center_lon": 74.6111797, "center_lat": 13.9084169, "area_sqkm": 4.2095591208013685, "population": 4190.0, "waste_kg_day": 1257.0, "waste_tons_day": 1.257, "buildings": 1129.0, "risk": "Medium" }, "geometry": { "type": "Polygon", "coordinates": [ [ [ 74.6016797, 13.89941690000003 ], [ 74.6016797, 13.917416900000031 ], [ 74.620679700000011, 13.917416900000031 ], [ 74.620679700000011, 13.89941690000003 ], [ 74.6016797, 13.89941690000003 ] ] ] } },
{ "type": "Feature", "properties": { "zone_id": "D012", "is_urban": false, "ward_name": null, "center_lon": 74.611178961632632, "center_lat": 13.926416198013996, "area_sqkm": 4.2092285655305677, "population": 2440.0, "waste_kg_day": 732.0, "waste_tons_day": 0.732, "buildings": 602.0, "risk": "Medium" }, "geometry": { "type": "Polygon", "coordinates": [ [ [ 74.6203949, 13.9354113 ], [ 74.620679700000011, 13.935233924561397 ], [ 74.620679700000011, 13.917416900000031 ], [ 74.6016797, 13.917416900000031 ], [ 74.6016797, 13.935416900000032 ], [ 74.620394050588303, 13.935416900000032 ], [ 74.6203949, 13.9354113 ] ] ] } },
{ "type": "Feature", "properties": { "zone_id": "D013", "is_urban": false, "ward_name": null, "center_lon": 74.611610735476091, "center_lat": 13.937960716096253, "area_sqkm": 1.1148533224749473, "population": 883.0, "waste_kg_day": 264.9, "waste_tons_day": 0.265, "buildings": 188.0, "risk": "Low" }, "geometry": { "type": "Polygon", "coordinates": [ [ [ 74.6026179, 13.9376651 ], [ 74.6038439, 13.9394142 ], [ 74.6055372, 13.9406572 ], [ 74.6065645, 13.9400065 ], [ 74.6081702, 13.9403746 ], [ 74.6098774, 13.940766 ], [ 74.6149718, 13.9409562 ], [ 74.6189186, 13.9410965 ], [ 74.6197099, 13.9402017 ], [ 74.6199089, 13.9386154 ], [ 74.620394050588303, 13.935416900000032 ], [ 74.6016797, 13.935416900000032 ], [ 74.6016797, 13.937066448778959 ], [ 74.6026179, 13.9376651 ] ] ] } },
{ "type": "Feature", "properties": { "zone_id": "D014", "is_urban": false, "ward_name": null, "center_lon": 74.639666739238791, "center_lat": 13.719368389602243, "area_sqkm": 3.4824778787307704e-05, "population": 0.0, "waste_kg_day": 0.0, "waste_tons_day": 0.0, "buildings": 0.0, "risk": "Low" }, "geometry": { "type": "Polygon", "coordinates": [ [ [ 74.639640817716355, 13.719416900000024 ], [ 74.639679700000016, 13.719416900000024 ], [ 74.639679700000016, 13.719271368806687 ], [ 74.639640817716355, 13.719416900000024 ] ] ] } },
{ "type": "Feature", "properties": { "zone_id": "D015", "is_urban": false, "ward_name": null, "center_lon": 74.638734552093567, "center_lat": 13.731014098619907, "area_sqkm": 0.31906774051112635, "population": 309.0, "waste_kg_day": 92.7, "waste_tons_day": 0.093, "buildings": 86.0, "risk": "Low" }, "geometry": { "type": "Polygon", "coordinates": [ [ [ 74.6393967, 13.7203306 ], [ 74.6390721, 13.721709 ], [ 74.638938, 13.7218836 ], [ 74.6382996, 13.7220138 ], [ 74.6378276, 13.7221467 ], [ 74.6378249, 13.7221832 ], [ 74.6378759, 13.7223422 ], [ 74.6381843, 13.7227043 ], [ 74.6384606, 13.7230222 ], [ 74.6389246, 13.7238743 ], [ 74.6390292, 13.7241609 ], [ 74.6391338, 13.7245752 ], [ 74.6391848, 13.725026 ], [ 74.6392196, 13.7254324 ], [ 74.6391392, 13.7261333 ], [ 74.6390346, 13.7268186 ], [ 74.6388066, 13.7276133 ], [ 74.6385142, 13.7282413 ], [ 74.6383104, 13.7287285 ], [ 74.6377981, 13.7293512 ], [ 74.6375889, 13.7295623 ], [ 74.6375231, 13.7296809 ], [ 74.6375057, 13.7297838 ], [ 74.6375433, 13.7299114 ], [ 74.6376693, 13.7300495 ], [ 74.63779, 13.730469 ], [ 74.6378008, 13.7309121 ], [ 74.6377954, 13.7314148 ], [ 74.6376693, 13.731962 ], [ 74.6376157, 13.7322721 ], [ 74.6375915, 13.7327306 ], [ 74.6375594, 13.7333586 ], [ 74.637436, 13.7340985 ], [ 74.6372804, 13.7350678 ], [ 74.6371624, 13.7359198 ], [ 74.6370122, 13.7367301 ], [ 74.636902259620328, 13.737416900000024 ], [ 74.639679700000016, 13.737416900000024 ], [ 74.639679700000016, 13.719416900000024 ], [ 74.639640817716355, 13.719416900000024 ], [ 74.6393967, 13.7203306 ] ] ] } },
{ "type": "Feature", "properties": { "zone_id": "D016", "is_urban": false, "ward_name": null, "center_lon": 74.637328022675376, "center_lat": 13.747546020841453, "area_sqkm": 0.99500732193083985, "population": 984.0, "waste_kg_day": 295.2, "waste_tons_day": 0.295, "buildings": 261.0, "risk": "Low" }, "geometry": { "type": "Polygon", "coordinates": [ [ [ 74.6368191, 13.7379364 ], [ 74.6365401, 13.7391714 ], [ 74.6363738, 13.7400912 ], [ 74.6363309, 13.7405914 ], [ 74.6359929, 13.7421885 ], [ 74.6356416, 13.7440983 ], [ 74.6352982, 13.7456485 ], [ 74.6348262, 13.7481393 ], [ 74.6346384, 13.7490121 ], [ 74.6343058, 13.7509244 ], [ 74.6340001, 13.7528862 ], [ 74.6337453, 13.7544728 ], [ 74.633579, 13.755369 ], [ 74.633569739683523, 13.755416900000025 ], [ 74.639679700000016, 13.755416900000025 ], [ 74.639679700000016, 13.737416900000024 ], [ 74.636902259620328, 13.737416900000024 ], [ 74.6368191, 13.7379364 ] ] ] } },
{ "type": "Feature", "properties": { "zone_id": "D017", "is_urban": false, "ward_name": null, "center_lon": 74.635680290568615, "center_lat": 13.765102728491543, "area_sqkm": 1.7417719374728819, "population": 495.0, "waste_kg_day": 148.5, "waste_tons_day": 0.148, "buildings": 100.0, "risk": "Low" }, "geometry": { "type": "Polygon", "coordinates": [ [ [ 74.6334556, 13.7560073 ], [ 74.6332437, 13.7568983 ], [ 74.6330881, 13.7578805 ], [ 74.632785, 13.7595062 ], [ 74.6326187, 13.7605301 ], [ 74.6325141, 13.7611449 ], [ 74.6324068, 13.7617832 ], [ 74.6323237, 13.7622886 ], [ 74.6322137, 13.762906 ], [ 74.6320152, 13.7638439 ], [ 74.6318623, 13.7645629 ], [ 74.6316424, 13.7654435 ], [ 74.6315378, 13.765915 ], [ 74.631291, 13.7665715 ], [ 74.6312562, 13.7666627 ], [ 74.6312562, 13.7670066 ], [ 74.6310818, 13.7680382 ], [ 74.6309289, 13.7688979 ], [ 74.6308619, 13.769359 ], [ 74.6306527, 13.7702213 ], [ 74.6303147, 13.7716333 ], [ 74.6301913, 13.7723106 ], [ 74.6300599, 13.7733839 ], [ 74.630059145521244, 13.773416900000026 ], [ 74.639679700000016, 13.773416900000026 ], [ 74.639679700000016, 13.755416900000025 ], [ 74.633569739683523, 13.755416900000025 ], [ 74.6334556, 13.7560073 ] ] ] } },
{ "type": "Feature", "properties": { "zone_id": "D018", "is_urban": false, "ward_name": null, "center_lon": 74.633960300955891, "center_lat": 13.782962944156388, "area_sqkm": 2.5060456087753229, "population": 3647.0, "waste_kg_day": 1094.1, "waste_tons_day": 1.094, "buildings": 773.0, "risk": "Medium" }, "geometry": { "type": "Polygon", "coordinates": [ [ [ 74.6300465, 13.77397 ], [ 74.6300438, 13.7744494 ], [ 74.6300036, 13.7748427 ], [ 74.6299472, 13.7753221 ], [ 74.629797, 13.7759863 ], [ 74.6295744, 13.7765751 ], [ 74.6294054, 13.7769294 ], [ 74.629274, 13.7777395 ], [ 74.6292445, 13.7780313 ], [ 74.6292499, 13.7783257 ], [ 74.6292257, 13.7791619 ], [ 74.6291855, 13.7797949 ], [ 74.6290487, 13.780553 ], [ 74.6289012, 13.7810818 ], [ 74.6286169, 13.7821081 ], [ 74.6283889, 13.7830303 ], [ 74.6282494, 13.7836581 ], [ 74.627898, 13.7851065 ], [ 74.6276593, 13.7859557 ], [ 74.6273938, 13.7870211 ], [ 74.6272194, 13.7876228 ], [ 74.6267635, 13.7890347 ], [ 74.626337, 13.7902642 ], [ 74.625841079753144, 13.791416900000026 ], [ 74.639679700000016, 13.791416900000026 ], [ 74.639679700000016, 13.773416900000026 ], [ 74.630059145521244, 13.773416900000026 ], [ 74.6300465, 13.77397 ] ] ] } },
{ "type": "Feature", "properties": { "zone_id": "D019", "is_urban": false, "ward_name": null, "center_lon": 74.631544248180646, "center_lat": 13.800756383490649, "area_sqkm": 3.5868813037866305, "population": 2137.0, "waste_kg_day": 641.1, "waste_tons_day": 0.641, "buildings": 586.0, "risk": "Medium" }, "geometry": { "type": "Polygon", "coordinates": [ [ [ 74.6255527, 13.7920872 ], [ 74.6250139, 13.7930361 ], [ 74.6246047, 13.7935453 ], [ 74.6231652, 13.7931282 ], [ 74.6224148, 13.7929236 ], [ 74.6223707, 13.7929192 ], [ 74.6223273, 13.7929284 ], [ 74.6222891, 13.7929503 ], [ 74.6222599, 13.7929827 ], [ 74.6222426, 13.7930224 ], [ 74.6222389, 13.793064 ], [ 74.6222484, 13.7931047 ], [ 74.6222701, 13.7931407 ], [ 74.6223021, 13.7931686 ], [ 74.6223413, 13.7931858 ], [ 74.6245408, 13.7937678 ], [ 74.6244315, 13.7941485 ], [ 74.624327, 13.7945125 ], [ 74.622737, 13.7940301 ], [ 74.6227008, 13.7940289 ], [ 74.6226658, 13.794038 ], [ 74.622635, 13.7940566 ], [ 74.6226111, 13.794083 ], [ 74.6225961, 13.794115 ], [ 74.6225914, 13.7941525 ], [ 74.622599, 13.7941895 ], [ 74.622618, 13.7942225 ], [ 74.6226467, 13.794248 ], [ 74.6226821, 13.7942636 ], [ 74.6247056, 13.7948369 ], [ 74.6247013, 13.7959091 ], [ 74.6245292, 13.7970941 ], [ 74.6243709, 13.7976828 ], [ 74.6239713, 13.7989566 ], [ 74.6235448, 13.8003632 ], [ 74.6234858, 13.8005273 ], [ 74.6234375, 13.8007695 ], [ 74.6232766, 13.8015483 ], [ 74.6228957, 13.8031216 ], [ 74.6224612, 13.8052992 ], [ 74.6222037, 13.8065599 ], [ 74.6219623, 13.8075965 ], [ 74.6218014, 13.8083571 ], [ 74.621651831451615, 13.809416900000027 ], [ 74.639679700000016, 13.809416900000027 ], [ 74.639679700000016, 13.791416900000026 ], [ 74.625841079753144, 13.791416900000026 ], [ 74.6255527, 13.7920872 ] ] ] } },
{ "type": "Feature", "properties": { "zone_id": "D020", "is_urban": false, "ward_name": null, "center_lon": 74.630263378444909, "center_lat": 13.818481142540783, "area_sqkm": 4.1714036264717036, "population": 4544.0, "waste_kg_day": 1363.2, "waste_tons_day": 1.363, "buildings": 1092.0, "risk": "Medium" }, "geometry": { "type": "Polygon", "coordinates": [ [ [ 74.6216404, 13.8094979 ], [ 74.6213508, 13.8119776 ], [ 74.6212703, 13.8125246 ], [ 74.6210772, 13.8131028 ], [ 74.6209431, 13.8134831 ], [ 74.6208465, 13.8137175 ], [ 74.620809, 13.814103 ], [ 74.6207929, 13.8148739 ], [ 74.620679700000011, 13.815599272097925 ], [ 74.620679700000011, 13.827416900000028 ], [ 74.639679700000016, 13.827416900000028 ], [ 74.639679700000016, 13.809416900000027 ], [ 74.621651831451615, 13.809416900000027 ], [ 74.6216404, 13.8094979 ] ] ] } },
{ "type": "Feature", "properties": { "zone_id": "D021", "is_urban": false, "ward_name": null, "center_lon": 74.6301797, "center_lat": 13.8364169, "area_sqkm": 4.2095591208013685, "population": 1509.0, "waste_kg_day": 452.7, "waste_tons_day": 0.453, "buildings": 355.0, "risk": "Low" }, "geometry": { "type": "Polygon", "coordinates": [ [ [ 74.620679700000011, 13.827416900000028 ], [ 74.620679700000011, 13.845416900000028 ], [ 74.639679700000016, 13.845416900000028 ], [ 74.639679700000016, 13.827416900000028 ], [ 74.620679700000011, 13.827416900000028 ] ] ] } },
{ "type": "Feature", "properties": { "zone_id": "D022", "is_urban": false, "ward_name": null, "center_lon": 74.6301797, "center_lat": 13.8544169, "area_sqkm": 4.2095591208013685, "population": 1030.0, "waste_kg_day": 309.0, "waste_tons_day": 0.309, "buildings": 211.0, "risk": "Low" }, "geometry": { "type": "Polygon", "coordinates": [ [ [ 74.620679700000011, 13.845416900000028 ], [ 74.620679700000011, 13.863416900000029 ], [ 74.639679700000016, 13.863416900000029 ], [ 74.639679700000016, 13.845416900000028 ], [ 74.620679700000011, 13.845416900000028 ] ] ] } },
{ "type": "Feature", "properties": { "zone_id": "D023", "is_urban": false, "ward_name": null, "center_lon": 74.6301797, "center_lat": 13.8724169, "area_sqkm": 4.2095591208013685, "population": 2258.0, "waste_kg_day": 677.4, "waste_tons_day": 0.677, "buildings": 502.0, "risk": "Medium" }, "geometry": { "type": "Polygon", "coordinates": [ [ [ 74.620679700000011, 13.863416900000029 ], [ 74.620679700000011, 13.88141690000003 ], [ 74.639679700000016, 13.88141690000003 ], [ 74.639679700000016, 13.863416900000029 ], [ 74.620679700000011, 13.863416900000029 ] ] ] } },
{ "type": "Feature", "properties": { "zone_id": "D024", "is_urban": false, "ward_name": null, "center_lon": 74.6301797, "center_lat": 13.8904169, "area_sqkm": 4.2095591208013685, "population": 2547.0, "waste_kg_day": 764.1, "waste_tons_day": 0.764, "buildings": 595.0, "risk": "Medium" }, "geometry": { "type": "Polygon", "coordinates": [ [ [ 74.620679700000011, 13.88141690000003 ], [ 74.620679700000011, 13.89941690000003 ], [ 74.639679700000016, 13.89941690000003 ], [ 74.639679700000016, 13.88141690000003 ], [ 74.620679700000011, 13.88141690000003 ] ] ] } },
{ "type": "Feature", "properties": { "zone_id": "D025", "is_urban": false, "ward_name": null, "center_lon": 74.6301797, "center_lat": 13.9084169, "area_sqkm": 4.2095591208013685, "population": 3833.0, "waste_kg_day": 1149.9, "waste_tons_day": 1.15, "buildings": 1014.0, "risk": "Medium" }, "geometry": { "type": "Polygon", "coordinates": [ [ [ 74.620679700000011, 13.89941690000003 ], [ 74.620679700000011, 13.917416900000031 ], [ 74.639679700000016, 13.917416900000031 ], [ 74.639679700000016, 13.89941690000003 ], [ 74.620679700000011, 13.89941690000003 ] ] ] } },
{ "type": "Feature", "properties": { "zone_id": "D026", "is_urban": false, "ward_name": null, "center_lon": 74.630182502478036, "center_lat": 13.926414177132287, "area_sqkm": 4.2082753632263588, "population": 6146.0, "waste_kg_day": 1843.8, "waste_tons_day": 1.844, "buildings": 1318.0, "risk": "High" }, "geometry": { "type": "Polygon", "coordinates": [ [ [ 74.6207141, 13.9352125 ], [ 74.6209039, 13.9352396 ], [ 74.621596635244757, 13.935416900000032 ], [ 74.639679700000016, 13.935416900000032 ], [ 74.639679700000016, 13.917416900000031 ], [ 74.620679700000011, 13.917416900000031 ], [ 74.620679700000011, 13.935233924561397 ], [ 74.6207141, 13.9352125 ] ] ] } },
{ "type": "Feature", "properties": { "zone_id": "D027", "is_urban": false, "ward_name": null, "center_lon": 74.631294438421463, "center_lat": 13.938721308199112, "area_sqkm": 1.0671372998300248, "population": 1516.0, "waste_kg_day": 454.8, "waste_tons_day": 0.455, "buildings": 313.0, "risk": "Low" }, "geometry": { "type": "Polygon", "coordinates": [ [ [ 74.6221577, 13.9355605 ], [ 74.623606, 13.9361074 ], [ 74.6242213, 13.9366 ], [ 74.6245267, 13.9371558 ], [ 74.6250033, 13.9381139 ], [ 74.6255446, 13.9390359 ], [ 74.6257436, 13.9394381 ], [ 74.6263358, 13.9403646 ], [ 74.6267569, 13.9409792 ], [ 74.6274, 13.9414989 ], [ 74.6279506, 13.9418153 ], [ 74.6283717, 13.942231 ], [ 74.628802, 13.9427914 ], [ 74.6291629, 13.9434377 ], [ 74.6294406, 13.9441698 ], [ 74.6296812, 13.9447754 ], [ 74.6300282, 13.945268 ], [ 74.6304493, 13.9454262 ], [ 74.6307362, 13.9454397 ], [ 74.6309536, 13.9452996 ], [ 74.6308981, 13.9449426 ], [ 74.6305788, 13.9443686 ], [ 74.630403, 13.9436365 ], [ 74.63044, 13.9431123 ], [ 74.630639, 13.9429541 ], [ 74.6311433, 13.9429677 ], [ 74.6317078, 13.9430852 ], [ 74.632624, 13.9434241 ], [ 74.6340029, 13.9437947 ], [ 74.6345581, 13.9438127 ], [ 74.6348496, 13.9436139 ], [ 74.6349237, 13.9431936 ], [ 74.6347108, 13.9427055 ], [ 74.6343221, 13.9422174 ], [ 74.6340028, 13.9413497 ], [ 74.6340167, 13.9410017 ], [ 74.6342296, 13.9409701 ], [ 74.6345072, 13.9409294 ], [ 74.6347894, 13.9408752 ], [ 74.6349282, 13.9407893 ], [ 74.6349514, 13.9403826 ], [ 74.6349004, 13.9398358 ], [ 74.6349884, 13.9393929 ], [ 74.6352475, 13.9390765 ], [ 74.6357009, 13.9389726 ], [ 74.6362376, 13.9390223 ], [ 74.6367374, 13.9389454 ], [ 74.6369826, 13.9386968 ], [ 74.6370427, 13.9383534 ], [ 74.6372787, 13.9379195 ], [ 74.6376488, 13.9376619 ], [ 74.638292, 13.9376754 ], [ 74.6386945, 13.9377794 ], [ 74.6392637, 13.9380053 ], [ 74.639679700000016, 13.938079554744929 ], [ 74.639679700000016, 13.935416900000032 ], [ 74.621596635244757, 13.935416900000032 ], [ 74.6221577, 13.9355605 ] ] ] } },
{ "type": "Feature", "properties": { "zone_id": "D028", "is_urban": false, "ward_name": null, "center_lon": 74.656659419609113, "center_lat": 13.663214799509367, "area_sqkm": 0.24425157574557896, "population": 238.0, "waste_kg_day": 71.4, "waste_tons_day": 0.071, "buildings": 48.0, "risk": "Low" }, "geometry": { "type": "Polygon", "coordinates": [ [ [ 74.6585825, 13.6587166 ], [ 74.6584618, 13.6588652 ], [ 74.6582445, 13.6592353 ], [ 74.6581292, 13.6593942 ], [ 74.6579833, 13.6595239 ], [ 74.6578449, 13.6596471 ], [ 74.6574882, 13.6599937 ], [ 74.6571583, 13.6604264 ], [ 74.6566406, 13.6610232 ], [ 74.6561739, 13.6615549 ], [ 74.6558574, 13.6619458 ], [ 74.6555784, 13.6623446 ], [ 74.6552485, 13.6628138 ], [ 74.6545485, 13.663666 ], [ 74.654189, 13.664143 ], [ 74.6538913, 13.664388 ], [ 74.6531564, 13.6648779 ], [ 74.6527755, 13.6650239 ], [ 74.6525073, 13.6650187 ], [ 74.652231, 13.6650812 ], [ 74.6520916, 13.6652142 ], [ 74.6518877, 13.665381 ], [ 74.6517563, 13.665381 ], [ 74.6516275, 13.6653314 ], [ 74.6515547, 13.6652058 ], [ 74.6515605, 13.6649796 ], [ 74.6515015, 13.6649457 ], [ 74.6514344, 13.6649639 ], [ 74.6513915, 13.6650213 ], [ 74.6513459, 13.6652611 ], [ 74.651314855693073, 13.665416900000022 ], [ 74.658679700000022, 13.665416900000022 ], [ 74.658679700000022, 13.658619913681711 ], [ 74.6585825, 13.6587166 ] ] ] } },
{ "type": "Feature", "properties": { "zone_id": "D029", "is_urban": false, "ward_name": null, "center_lon": 74.653406908289782, "center_lat": 13.675469908769017, "area_sqkm": 2.2431705793148216, "population": 706.0, "waste_kg_day": 211.8, "waste_tons_day": 0.212, "buildings": 186.0, "risk": "Low" }, "geometry": { "type": "Polygon", "coordinates": [ [ [ 74.6513137, 13.6654227 ], [ 74.6513325, 13.6655295 ], [ 74.65137, 13.6655764 ], [ 74.6515122, 13.6655764 ], [ 74.6516141, 13.6657745 ], [ 74.6516222, 13.666142 ], [ 74.6514049, 13.6667857 ], [ 74.6511796, 13.6674295 ], [ 74.6510214, 13.6677891 ], [ 74.6508417, 13.668068 ], [ 74.6507397, 13.6681931 ], [ 74.6506727, 13.6682713 ], [ 74.6506673, 13.6683677 ], [ 74.6506914, 13.6685528 ], [ 74.6507049, 13.6687065 ], [ 74.650552, 13.6693555 ], [ 74.6504071, 13.6700097 ], [ 74.6503615, 13.6703433 ], [ 74.6501684, 13.6709271 ], [ 74.6500075, 13.6713414 ], [ 74.6498814, 13.6715942 ], [ 74.6497366, 13.6718757 ], [ 74.6496829, 13.6720347 ], [ 74.6495166, 13.6726237 ], [ 74.6494174, 13.6729521 ], [ 74.6492994, 13.6732544 ], [ 74.648999, 13.6739919 ], [ 74.6484679, 13.6751282 ], [ 74.647733, 13.6767832 ], [ 74.6475264, 13.6772184 ], [ 74.6472234, 13.6778986 ], [ 74.6467888, 13.6789046 ], [ 74.6465582, 13.6792017 ], [ 74.6459091, 13.6801685 ], [ 74.6455979, 13.6807758 ], [ 74.6454638, 13.6811615 ], [ 74.645429, 13.6813621 ], [ 74.6454316, 13.6817817 ], [ 74.6453404, 13.6831369 ], [ 74.645333017079878, 13.683416900000022 ], [ 74.658679700000022, 13.683416900000022 ], [ 74.658679700000022, 13.665416900000022 ], [ 74.651314855693073, 13.665416900000022 ], [ 74.6513137, 13.6654227 ] ] ] } },
{ "type": "Feature", "properties": { "zone_id": "D030", "is_urban": false, "ward_name": null, "center_lon": 74.651279509004098, "center_lat": 13.692598198742452, "area_sqkm": 3.2745324200548538, "population": 847.0, "waste_kg_day": 254.1, "waste_tons_day": 0.254, "buildings": 212.0, "risk": "Low" }, "geometry": { "type": "Polygon", "coordinates": [ [ [ 74.645327, 13.6836451 ], [ 74.6452734, 13.6837936 ], [ 74.6451929, 13.6838874 ], [ 74.6450052, 13.6841376 ], [ 74.6447584, 13.6844295 ], [ 74.6446967, 13.6845937 ], [ 74.6446592, 13.6847839 ], [ 74.6446109, 13.6854615 ], [ 74.6446189, 13.6856283 ], [ 74.6445787, 13.6858628 ], [ 74.6444768, 13.6864179 ], [ 74.6443107, 13.6870679 ], [ 74.644281, 13.6871841 ], [ 74.6441361, 13.6878017 ], [ 74.6440664, 13.6881587 ], [ 74.6438631, 13.6888736 ], [ 74.6438411, 13.689136 ], [ 74.6438652, 13.6904312 ], [ 74.6439376, 13.6911244 ], [ 74.643994, 13.6916404 ], [ 74.6440476, 13.6930789 ], [ 74.644002, 13.6939545 ], [ 74.6439725, 13.6944392 ], [ 74.6438357, 13.6953409 ], [ 74.6437284, 13.6959454 ], [ 74.643589, 13.6965344 ], [ 74.6434897, 13.6969696 ], [ 74.6433717, 13.6976341 ], [ 74.6432215, 13.6987546 ], [ 74.6431142, 13.6994087 ], [ 74.6430257, 13.7002634 ], [ 74.6429801, 13.7006986 ], [ 74.642913, 13.7013188 ], [ 74.642894991599249, 13.701416900000023 ], [ 74.658679700000022, 13.701416900000023 ], [ 74.658679700000022, 13.683416900000022 ], [ 74.645333017079878, 13.683416900000022 ], [ 74.645327, 13.6836451 ] ] ] } },
{ "type": "Feature", "properties": { "zone_id": "D031", "is_urban": false, "ward_name": null, "center_lon": 74.649997182978211, "center_lat": 13.710695983170924, "area_sqkm": 3.836245186579148, "population": 2705.0, "waste_kg_day": 811.5, "waste_tons_day": 0.811, "buildings": 692.0, "risk": "Medium" }, "geometry": { "type": "Polygon", "coordinates": [ [ [ 74.6428245, 13.7018009 ], [ 74.6428245, 13.7020016 ], [ 74.6427736, 13.7022491 ], [ 74.6426931, 13.7031012 ], [ 74.6425456, 13.7040107 ], [ 74.6424088, 13.7046048 ], [ 74.6423149, 13.7052276 ], [ 74.6421325, 13.7061318 ], [ 74.6420869, 13.7064836 ], [ 74.6418702, 13.7073431 ], [ 74.6417221, 13.7083127 ], [ 74.6415923, 13.7092063 ], [ 74.6410725, 13.7122274 ], [ 74.6408681, 13.7132869 ], [ 74.6406546, 13.7145199 ], [ 74.640204, 13.7168911 ], [ 74.6399894, 13.7180584 ], [ 74.6397051, 13.7191763 ], [ 74.639679700000016, 13.719271368806687 ], [ 74.639679700000016, 13.719416900000024 ], [ 74.658679700000022, 13.719416900000024 ], [ 74.658679700000022, 13.701416900000023 ], [ 74.642894991599249, 13.701416900000023 ], [ 74.6428245, 13.7018009 ] ] ] } },
{ "type": "Feature", "properties": { "zone_id": "D032", "is_urban": false, "ward_name": null, "center_lon": 74.6491797, "center_lat": 13.7284169, "area_sqkm": 4.2095591208013685, "population": 5377.0, "waste_kg_day": 1613.1, "waste_tons_day": 1.613, "buildings": 1332.0, "risk": "High" }, "geometry": { "type": "Polygon", "coordinates": [ [ [ 74.639679700000016, 13.719416900000024 ], [ 74.639679700000016, 13.737416900000024 ], [ 74.658679700000022, 13.737416900000024 ], [ 74.658679700000022, 13.719416900000024 ], [ 74.639679700000016, 13.719416900000024 ] ] ] } },
{ "type": "Feature", "properties": { "zone_id": "D033", "is_urban": false, "ward_name": null, "center_lon": 74.6491797, "center_lat": 13.7464169, "area_sqkm": 4.2095591208013685, "population": 2379.0, "waste_kg_day": 713.7, "waste_tons_day": 0.714, "buildings": 551.0, "risk": "Medium" }, "geometry": { "type": "Polygon", "coordinates": [ [ [ 74.639679700000016, 13.737416900000024 ], [ 74.639679700000016, 13.755416900000025 ], [ 74.658679700000022, 13.755416900000025 ], [ 74.658679700000022, 13.737416900000024 ], [ 74.639679700000016, 13.737416900000024 ] ] ] } },
{ "type": "Feature", "properties": { "zone_id": "D034", "is_urban": false, "ward_name": null, "center_lon": 74.6491797, "center_lat": 13.7644169, "area_sqkm": 4.2095591208013685, "population": 1613.0, "waste_kg_day": 483.9, "waste_tons_day": 0.484, "buildings": 342.0, "risk": "Low" }, "geometry": { "type": "Polygon", "coordinates": [ [ [ 74.639679700000016, 13.755416900000025 ], [ 74.639679700000016, 13.773416900000026 ], [ 74.658679700000022, 13.773416900000026 ], [ 74.658679700000022, 13.755416900000025 ], [ 74.639679700000016, 13.755416900000025 ] ] ] } },
{ "type": "Feature", "properties": { "zone_id": "D035", "is_urban": false, "ward_name": null, "center_lon": 74.6491797, "center_lat": 13.7824169, "area_sqkm": 4.2095591208013685, "population": 1249.0, "waste_kg_day": 374.7, "waste_tons_day": 0.375, "buildings": 250.0, "risk": "Low" }, "geometry": { "type": "Polygon", "coordinates": [ [ [ 74.639679700000016, 13.773416900000026 ], [ 74.639679700000016, 13.791416900000026 ], [ 74.658679700000022, 13.791416900000026 ], [ 74.658679700000022, 13.773416900000026 ], [ 74.639679700000016, 13.773416900000026 ] ] ] } },
{ "type": "Feature", "properties": { "zone_id": "D036", "is_urban": false, "ward_name": null, "center_lon": 74.6491797, "center_lat": 13.8004169, "area_sqkm": 4.2095591208013685, "population": 5067.0, "waste_kg_day": 1520.1, "waste_tons_day": 1.52, "buildings": 1334.0, "risk": "High" }, "geometry": { "type": "Polygon", "coordinates": [ [ [ 74.639679700000016, 13.791416900000026 ], [ 74.639679700000016, 13.809416900000027 ], [ 74.658679700000022, 13.809416900000027 ], [ 74.658679700000022, 13.791416900000026 ], [ 74.639679700000016, 13.791416900000026 ] ] ] } },
{ "type": "Feature", "properties": { "zone_id": "D037", "is_urban": false, "ward_name": null, "center_lon": 74.6491797, "center_lat": 13.8184169, "area_sqkm": 4.2095591208013685, "population": 872.0, "waste_kg_day": 261.6, "waste_tons_day": 0.262, "buildings": 184.0, "risk": "Low" }, "geometry": { "type": "Polygon", "coordinates": [ [ [ 74.639679700000016, 13.809416900000027 ], [ 74.639679700000016, 13.827416900000028 ], [ 74.658679700000022, 13.827416900000028 ], [ 74.658679700000022, 13.809416900000027 ], [ 74.639679700000016, 13.809416900000027 ] ] ] } },
{ "type": "Feature", "properties": { "zone_id": "D038", "is_urban": false, "ward_name": null, "center_lon": 74.6491797, "center_lat": 13.8364169, "area_sqkm": 4.2095591208013685, "population": 4710.0, "waste_kg_day": 1413.0, "waste_tons_day": 1.413, "buildings": 1025.0, "risk": "Medium" }, "geometry": { "type": "Polygon", "coordinates": [ [ [ 74.639679700000016, 13.827416900000028 ], [ 74.639679700000016, 13.845416900000028 ], [ 74.658679700000022, 13.845416900000028 ], [ 74.658679700000022, 13.827416900000028 ], [ 74.639679700000016, 13.827416900000028 ] ] ] } },
{ "type": "Feature", "properties": { "zone_id": "D039", "is_urban": false, "ward_name": null, "center_lon": 74.6491797, "center_lat": 13.8544169, "area_sqkm": 4.2095591208013685, "population": 5062.0, "waste_kg_day": 1518.6, "waste_tons_day": 1.519, "buildings": 1401.0, "risk": "High" }, "geometry": { "type": "Polygon", "coordinates": [ [ [ 74.639679700000016, 13.845416900000028 ], [ 74.639679700000016, 13.863416900000029 ], [ 74.658679700000022, 13.863416900000029 ], [ 74.658679700000022, 13.845416900000028 ], [ 74.639679700000016, 13.845416900000028 ] ] ] } },
{ "type": "Feature", "properties": { "zone_id": "D040", "is_urban": false, "ward_name": null, "center_lon": 74.6491797, "center_lat": 13.8724169, "area_sqkm": 4.2095591208013685, "population": 2803.0, "waste_kg_day": 840.9, "waste_tons_day": 0.841, "buildings": 762.0, "risk": "Medium" }, "geometry": { "type": "Polygon", "coordinates": [ [ [ 74.639679700000016, 13.863416900000029 ], [ 74.639679700000016, 13.88141690000003 ], [ 74.658679700000022, 13.88141690000003 ], [ 74.658679700000022, 13.863416900000029 ], [ 74.639679700000016, 13.863416900000029 ] ] ] } },
{ "type": "Feature", "properties": { "zone_id": "D041", "is_urban": false, "ward_name": null, "center_lon": 74.6491797, "center_lat": 13.8904169, "area_sqkm": 4.2095591208013685, "population": 5565.0, "waste_kg_day": 1669.5, "waste_tons_day": 1.669, "buildings": 1254.0, "risk": "High" }, "geometry": { "type": "Polygon", "coordinates": [ [ [ 74.639679700000016, 13.88141690000003 ], [ 74.639679700000016, 13.89941690000003 ], [ 74.658679700000022, 13.89941690000003 ], [ 74.658679700000022, 13.88141690000003 ], [ 74.639679700000016, 13.88141690000003 ] ] ] } },
{ "type": "Feature", "properties": { "zone_id": "D042", "is_urban": false, "ward_name": null, "center_lon": 74.6491797, "center_lat": 13.9084169, "area_sqkm": 4.2095591208013685, "population": 2652.0, "waste_kg_day": 795.6, "waste_tons_day": 0.796, "buildings": 737.0, "risk": "Medium" }, "geometry": { "type": "Polygon", "coordinates": [ [ [ 74.639679700000016, 13.89941690000003 ], [ 74.639679700000016, 13.917416900000031 ], [ 74.658679700000022, 13.917416900000031 ], [ 74.658679700000022, 13.89941690000003 ], [ 74.639679700000016, 13.89941690000003 ] ] ] } },
{ "type": "Feature", "properties": { "zone_id": "D043", "is_urban": false, "ward_name": null, "center_lon": 74.6491797, "center_lat": 13.9264169, "area_sqkm": 4.2095591208013685, "population": 2543.0, "waste_kg_day": 762.9, "waste_tons_day": 0.763, "buildings": 637.0, "risk": "Medium" }, "geometry": { "type": "Polygon", "coordinates": [ [ [ 74.639679700000016, 13.917416900000031 ], [ 74.639679700000016, 13.935416900000032 ], [ 74.658679700000022, 13.935416900000032 ], [ 74.658679700000022, 13.917416900000031 ], [ 74.639679700000016, 13.917416900000031 ] ] ] } },
{ "type": "Feature", "properties": { "zone_id": "D044", "is_urban": false, "ward_name": null, "center_lon": 74.65218643391735, "center_lat": 13.943162904856237, "area_sqkm": 2.5958422595391788, "population": 2981.0, "waste_kg_day": 894.3, "waste_tons_day": 0.894, "buildings": 668.0, "risk": "Medium" }, "geometry": { "type": "Polygon", "coordinates": [ [ [ 74.6401752, 13.938168 ], [ 74.6406194, 13.9380233 ], [ 74.6410959, 13.9378877 ], [ 74.6414615, 13.9379058 ], [ 74.6416651, 13.9379962 ], [ 74.6419705, 13.9382989 ], [ 74.6422157, 13.9386785 ], [ 74.6425489, 13.9392163 ], [ 74.6427432, 13.9394649 ], [ 74.643516, 13.9399619 ], [ 74.6443442, 13.9401246 ], [ 74.6451447, 13.9401155 ], [ 74.6458249, 13.9399844 ], [ 74.6465143, 13.9398985 ], [ 74.6469724, 13.9400114 ], [ 74.6471945, 13.9401515 ], [ 74.6473981, 13.940382 ], [ 74.647685, 13.9409559 ], [ 74.6478239, 13.9414214 ], [ 74.6477684, 13.9419863 ], [ 74.6477129, 13.9429263 ], [ 74.6478425, 13.9434324 ], [ 74.6481757, 13.9438527 ], [ 74.6487079, 13.9441509 ], [ 74.6492446, 13.944404 ], [ 74.6499295, 13.9445305 ], [ 74.6504755, 13.9445575 ], [ 74.6506791, 13.9447112 ], [ 74.650878, 13.9448693 ], [ 74.6511881, 13.9451359 ], [ 74.6514611, 13.9453845 ], [ 74.6515722, 13.9456285 ], [ 74.6515722, 13.9459313 ], [ 74.6514751, 13.9460895 ], [ 74.6513872, 13.9462025 ], [ 74.6511373, 13.9463109 ], [ 74.6509106, 13.9464194 ], [ 74.6507348, 13.9465686 ], [ 74.6506098, 13.9467629 ], [ 74.6505127, 13.9471923 ], [ 74.6504341, 13.9480012 ], [ 74.6503602, 13.9487243 ], [ 74.6503232, 13.9491898 ], [ 74.6503001, 13.9495061 ], [ 74.6502631, 13.9495784 ], [ 74.650078, 13.9497005 ], [ 74.6485141, 13.9511151 ], [ 74.6484216, 13.9512552 ], [ 74.6482966, 13.951436 ], [ 74.6480329, 13.9516891 ], [ 74.647746, 13.9519874 ], [ 74.6474499, 13.9523806 ], [ 74.6473852, 13.9524484 ], [ 74.6472278, 13.9525117 ], [ 74.6466448, 13.952679 ], [ 74.646506, 13.9530315 ], [ 74.646395, 13.9533569 ], [ 74.646366776315773, 13.953416900000033 ], [ 74.658679700000022, 13.953416900000033 ], [ 74.658679700000022, 13.935416900000032 ], [ 74.639679700000016, 13.935416900000032 ], [ 74.639679700000016, 13.938079554744929 ], [ 74.6401752, 13.938168 ] ] ] } },
{ "type": "Feature", "properties": { "zone_id": "D045", "is_urban": false, "ward_name": null, "center_lon": 74.652982984591105, "center_lat": 13.960812262576379, "area_sqkm": 2.282425093324489, "population": 3088.0, "waste_kg_day": 926.4, "waste_tons_day": 0.926, "buildings": 733.0, "risk": "Medium" }, "geometry": { "type": "Polygon", "coordinates": [ [ [ 74.6462377, 13.9536913 ], [ 74.6459693, 13.9540755 ], [ 74.6458537, 13.9542562 ], [ 74.6456501, 13.9545274 ], [ 74.645391, 13.9548392 ], [ 74.6450439, 13.9550652 ], [ 74.6447432, 13.9552144 ], [ 74.6444193, 13.9553183 ], [ 74.644276, 13.9574966 ], [ 74.6453682, 13.9599505 ], [ 74.6470573, 13.9618666 ], [ 74.6494036, 13.963308 ], [ 74.6498434, 13.9652829 ], [ 74.6512549, 13.9667109 ], [ 74.6514231, 13.966927 ], [ 74.6526896, 13.9685546 ], [ 74.6538467, 13.9704345 ], [ 74.654321623714381, 13.971416900000033 ], [ 74.658679700000022, 13.971416900000033 ], [ 74.658679700000022, 13.953416900000033 ], [ 74.646366776315773, 13.953416900000033 ], [ 74.6462377, 13.9536913 ] ] ] } },
{ "type": "Feature", "properties": { "zone_id": "D046", "is_urban": false, "ward_name": null, "center_lon": 74.656917559898304, "center_lat": 13.973260040597143, "area_sqkm": 0.1739696122873331, "population": 61.0, "waste_kg_day": 18.3, "waste_tons_day": 0.018, "buildings": 13.0, "risk": "Low" }, "geometry": { "type": "Polygon", "coordinates": [ [ [ 74.6547031, 13.972206 ], [ 74.6553512, 13.9746101 ], [ 74.6571376, 13.9751025 ], [ 74.658679700000022, 13.976224664246786 ], [ 74.658679700000022, 13.971416900000033 ], [ 74.654321623714381, 13.971416900000033 ], [ 74.6547031, 13.972206 ] ] ] } },
{ "type": "Feature", "properties": { "zone_id": "D047", "is_urban": false, "ward_name": null, "center_lon": 74.677558165850385, "center_lat": 13.574589818614118, "area_sqkm": 0.005567237057376378, "population": 6.0, "waste_kg_day": 1.8, "waste_tons_day": 0.002, "buildings": 1.0, "risk": "Low" }, "geometry": { "type": "Polygon", "coordinates": [ [ [ 74.6776128, 13.5733796 ], [ 74.6774787, 13.5743182 ], [ 74.6773472, 13.5751994 ], [ 74.677307146909669, 13.575416900000018 ], [ 74.677679700000027, 13.575416900000018 ], [ 74.677679700000027, 13.572935874013016 ], [ 74.6776128, 13.5733796 ] ] ] } },
{ "type": "Feature", "properties": { "zone_id": "D048", "is_urban": false, "ward_name": null, "center_lon": 74.676551542167644, "center_lat": 13.586825182903484, "area_sqkm": 0.41134007193638572, "population": 494.0, "waste_kg_day": 148.2, "waste_tons_day": 0.148, "buildings": 116.0, "risk": "Low" }, "geometry": { "type": "Polygon", "coordinates": [ [ [ 74.6771729, 13.5761459 ], [ 74.6770307, 13.5772096 ], [ 74.6768135, 13.5786202 ], [ 74.6766579, 13.5799342 ], [ 74.6765721, 13.5803696 ], [ 74.6763226, 13.5813551 ], [ 74.6761698, 13.5821243 ], [ 74.6759579, 13.5833053 ], [ 74.6758077, 13.5841318 ], [ 74.6756548, 13.5850391 ], [ 74.6755555, 13.5858056 ], [ 74.6754053, 13.5866373 ], [ 74.6752793, 13.587568 ], [ 74.6751559, 13.5884545 ], [ 74.6750379, 13.5889837 ], [ 74.6749869, 13.5894504 ], [ 74.6748313, 13.5906888 ], [ 74.6746623, 13.5916377 ], [ 74.6744049, 13.593202 ], [ 74.674366644413013, 13.593416900000019 ], [ 74.677679700000027, 13.593416900000019 ], [ 74.677679700000027, 13.575416900000018 ], [ 74.677307146909669, 13.575416900000018 ], [ 74.6771729, 13.5761459 ] ] ] } },
{ "type": "Feature", "properties": { "zone_id": "D049", "is_urban": false, "ward_name": null, "center_lon": 74.675079936819742, "center_lat": 13.603465835910269, "area_sqkm": 1.1068458924450135, "population": 973.0, "waste_kg_day": 291.9, "waste_tons_day": 0.292, "buildings": 234.0, "risk": "Low" }, "geometry": { "type": "Polygon", "coordinates": [ [ [ 74.6743168, 13.5936969 ], [ 74.6742332, 13.5941666 ], [ 74.6741393, 13.5947767 ], [ 74.6739945, 13.5956135 ], [ 74.6736672, 13.5974306 ], [ 74.6734366, 13.5987003 ], [ 74.6732569, 13.5996544 ], [ 74.6731228, 13.6004365 ], [ 74.6728224, 13.6018261 ], [ 74.6725281, 13.6031782 ], [ 74.6724763, 13.6034163 ], [ 74.6723798, 13.6039403 ], [ 74.6723154, 13.604347 ], [ 74.6720257, 13.6057156 ], [ 74.6717387, 13.6070869 ], [ 74.6714652, 13.6085702 ], [ 74.6712613, 13.6097381 ], [ 74.6711031, 13.6106688 ], [ 74.670981353280808, 13.61141690000002 ], [ 74.677679700000027, 13.61141690000002 ], [ 74.677679700000027, 13.593416900000019 ], [ 74.674366644413013, 13.593416900000019 ], [ 74.6743168, 13.5936969 ] ] ] } },
{ "type": "Feature", "properties": { "zone_id": "D050", "is_urban": false, "ward_name": null, "center_lon": 74.673294894651264, "center_lat": 13.621201264761153, "area_sqkm": 1.8988657231539947, "population": 442.0, "waste_kg_day": 132.6, "waste_tons_day": 0.133, "buildings": 120.0, "risk": "Low" }, "geometry": { "type": "Polygon", "coordinates": [ [ [ 74.6708965, 13.6119383 ], [ 74.6707678, 13.6128611 ], [ 74.670682, 13.6134738 ], [ 74.6705988, 13.614029 ], [ 74.670454, 13.6150144 ], [ 74.6702662, 13.6161041 ], [ 74.669888, 13.6177177 ], [ 74.6694481, 13.6198474 ], [ 74.6691263, 13.6214193 ], [ 74.6683736, 13.6235224 ], [ 74.667565, 13.6266471 ], [ 74.6669066, 13.6283087 ], [ 74.666354213759092, 13.62941690000002 ], [ 74.677679700000027, 13.62941690000002 ], [ 74.677679700000027, 13.61141690000002 ], [ 74.670981353280808, 13.61141690000002 ], [ 74.6708965, 13.6119383 ] ] ] } },
{ "type": "Feature", "properties": { "zone_id": "D051", "is_urban": false, "ward_name": null, "center_lon": 74.671590394723168, "center_lat": 13.638645732027435, "area_sqkm": 2.6878212283506464, "population": 647.0, "waste_kg_day": 194.1, "waste_tons_day": 0.194, "buildings": 145.0, "risk": "Low" }, "geometry": { "type": "Polygon", "coordinates": [ [ [ 74.6663103, 13.629505 ], [ 74.66531, 13.6308949 ], [ 74.6645053, 13.6305983 ], [ 74.6644581, 13.6305919 ], [ 74.6644112, 13.6305994 ], [ 74.6643686, 13.63062 ], [ 74.6643342, 13.6306518 ], [ 74.6643109, 13.6306922 ], [ 74.664301, 13.6307376 ], [ 74.6643053, 13.630784 ], [ 74.6643236, 13.6308269 ], [ 74.6643542, 13.6308627 ], [ 74.6643943, 13.630888 ], [ 74.6663357, 13.6314818 ], [ 74.6663572, 13.6328058 ], [ 74.6663788, 13.6341319 ], [ 74.6643495, 13.6334786 ], [ 74.6643539, 13.6334369 ], [ 74.6636327, 13.6331973 ], [ 74.6635933, 13.6331914 ], [ 74.6635539, 13.6331971 ], [ 74.6635178, 13.6332137 ], [ 74.6634884, 13.6332398 ], [ 74.663468, 13.6332731 ], [ 74.6634583, 13.6333148 ], [ 74.6634629, 13.6333573 ], [ 74.6634813, 13.6333961 ], [ 74.6635115, 13.6334271 ], [ 74.6635504, 13.633447 ], [ 74.6663833, 13.6343702 ], [ 74.6664221, 13.6353861 ], [ 74.6661776, 13.6371047 ], [ 74.6657634, 13.6392398 ], [ 74.6652823, 13.6416986 ], [ 74.6648409, 13.6436242 ], [ 74.6644673, 13.6454577 ], [ 74.6644136, 13.64588 ], [ 74.6644002, 13.6460911 ], [ 74.6644163, 13.647264 ], [ 74.664399900222975, 13.647416900000021 ], [ 74.677679700000027, 13.647416900000021 ], [ 74.677679700000027, 13.62941690000002 ], [ 74.666354213759092, 13.62941690000002 ], [ 74.6663103, 13.629505 ] ] ] } },
{ "type": "Feature", "properties": { "zone_id": "D052", "is_urban": false, "ward_name": null, "center_lon": 74.669215376428696, "center_lat": 13.657090713445884, "area_sqkm": 3.6833659773281311, "population": 2241.0, "waste_kg_day": 672.3, "waste_tons_day": 0.672, "buildings": 525.0, "risk": "Medium" }, "geometry": { "type": "Polygon", "coordinates": [ [ [ 74.6642768, 13.6485646 ], [ 74.6639121, 13.6500686 ], [ 74.6633112, 13.6521042 ], [ 74.662748, 13.6535768 ], [ 74.6624127, 13.6541815 ], [ 74.6620318, 13.6546506 ], [ 74.6619353, 13.6548201 ], [ 74.6614283, 13.6558157 ], [ 74.6611467, 13.6562823 ], [ 74.6604601, 13.6570433 ], [ 74.6602012, 13.6573026 ], [ 74.6598807, 13.6575112 ], [ 74.6593711, 13.6577535 ], [ 74.6592799, 13.6578356 ], [ 74.6591324, 13.658125 ], [ 74.6589231, 13.6583778 ], [ 74.658679700000022, 13.658619913681711 ], [ 74.658679700000022, 13.665416900000022 ], [ 74.677679700000027, 13.665416900000022 ], [ 74.677679700000027, 13.647416900000021 ], [ 74.664399900222975, 13.647416900000021 ], [ 74.6642768, 13.6485646 ] ] ] } },
{ "type": "Feature", "properties": { "zone_id": "D053", "is_urban": false, "ward_name": null, "center_lon": 74.6681797, "center_lat": 13.6744169, "area_sqkm": 4.2095591208013685, "population": 5808.0, "waste_kg_day": 1742.4, "waste_tons_day": 1.742, "buildings": 1499.0, "risk": "High" }, "geometry": { "type": "Polygon", "coordinates": [ [ [ 74.658679700000022, 13.665416900000022 ], [ 74.658679700000022, 13.683416900000022 ], [ 74.677679700000027, 13.683416900000022 ], [ 74.677679700000027, 13.665416900000022 ], [ 74.658679700000022, 13.665416900000022 ] ] ] } },
{ "type": "Feature", "properties": { "zone_id": "D054", "is_urban": false, "ward_name": null, "center_lon": 74.6681797, "center_lat": 13.6924169, "area_sqkm": 4.2095591208013685, "population": 3087.0, "waste_kg_day": 926.1, "waste_tons_day": 0.926, "buildings": 666.0, "risk": "Medium" }, "geometry": { "type": "Polygon", "coordinates": [ [ [ 74.658679700000022, 13.683416900000022 ], [ 74.658679700000022, 13.701416900000023 ], [ 74.677679700000027, 13.701416900000023 ], [ 74.677679700000027, 13.683416900000022 ], [ 74.658679700000022, 13.683416900000022 ] ] ] } },
{ "type": "Feature", "properties": { "zone_id": "D055", "is_urban": false, "ward_name": null, "center_lon": 74.6681797, "center_lat": 13.7104169, "area_sqkm": 4.2095591208013685, "population": 2093.0, "waste_kg_day": 627.9, "waste_tons_day": 0.628, "buildings": 578.0, "risk": "Medium" }, "geometry": { "type": "Polygon", "coordinates": [ [ [ 74.658679700000022, 13.701416900000023 ], [ 74.658679700000022, 13.719416900000024 ], [ 74.677679700000027, 13.719416900000024 ], [ 74.677679700000027, 13.701416900000023 ], [ 74.658679700000022, 13.701416900000023 ] ] ] } },
{ "type": "Feature", "properties": { "zone_id": "D056", "is_urban": false, "ward_name": null, "center_lon": 74.6681797, "center_lat": 13.7284169, "area_sqkm": 4.2095591208013685, "population": 2427.0, "waste_kg_day": 728.1, "waste_tons_day": 0.728, "buildings": 648.0, "risk": "Medium" }, "geometry": { "type": "Polygon", "coordinates": [ [ [ 74.658679700000022, 13.719416900000024 ], [ 74.658679700000022, 13.737416900000024 ], [ 74.677679700000027, 13.737416900000024 ], [ 74.677679700000027, 13.719416900000024 ], [ 74.658679700000022, 13.719416900000024 ] ] ] } },
{ "type": "Feature", "properties": { "zone_id": "D057", "is_urban": false, "ward_name": null, "center_lon": 74.6681797, "center_lat": 13.7464169, "area_sqkm": 4.2095591208013685, "population": 5929.0, "waste_kg_day": 1778.7, "waste_tons_day": 1.779, "buildings": 1258.0, "risk": "High" }, "geometry": { "type": "Polygon", "coordinates": [ [ [ 74.658679700000022, 13.737416900000024 ], [ 74.658679700000022, 13.755416900000025 ], [ 74.677679700000027, 13.755416900000025 ], [ 74.677679700000027, 13.737416900000024 ], [ 74.658679700000022, 13.737416900000024 ] ] ] } },
{ "type": "Feature", "properties": { "zone_id": "D058", "is_urban": false, "ward_name": null, "center_lon": 74.6681797, "center_lat": 13.7644169, "area_sqkm": 4.2095591208013685, "population": 4308.0, "waste_kg_day": 1292.4, "waste_tons_day": 1.292, "buildings": 896.0, "risk": "Medium" }, "geometry": { "type": "Polygon", "coordinates": [ [ [ 74.658679700000022, 13.755416900000025 ], [ 74.658679700000022, 13.773416900000026 ], [ 74.677679700000027, 13.773416900000026 ], [ 74.677679700000027, 13.755416900000025 ], [ 74.658679700000022, 13.755416900000025 ] ] ] } },
{ "type": "Feature", "properties": { "zone_id": "D059", "is_urban": false, "ward_name": null, "center_lon": 74.6681797, "center_lat": 13.7824169, "area_sqkm": 4.2095591208013685, "population": 5239.0, "waste_kg_day": 1571.7, "waste_tons_day": 1.572, "buildings": 1386.0, "risk": "High" }, "geometry": { "type": "Polygon", "coordinates": [ [ [ 74.658679700000022, 13.773416900000026 ], [ 74.658679700000022, 13.791416900000026 ], [ 74.677679700000027, 13.791416900000026 ], [ 74.677679700000027, 13.773416900000026 ], [ 74.658679700000022, 13.773416900000026 ] ] ] } },
{ "type": "Feature", "properties": { "zone_id": "D060", "is_urban": false, "ward_name": null, "center_lon": 74.6681797, "center_lat": 13.8004169, "area_sqkm": 4.2095591208013685, "population": 5726.0, "waste_kg_day": 1717.8, "waste_tons_day": 1.718, "buildings": 1328.0, "risk": "High" }, "geometry": { "type": "Polygon", "coordinates": [ [ [ 74.658679700000022, 13.791416900000026 ], [ 74.658679700000022, 13.809416900000027 ], [ 74.677679700000027, 13.809416900000027 ], [ 74.677679700000027, 13.791416900000026 ], [ 74.658679700000022, 13.791416900000026 ] ] ] } },
{ "type": "Feature", "properties": { "zone_id": "D061", "is_urban": false, "ward_name": null, "center_lon": 74.6681797, "center_lat": 13.8184169, "area_sqkm": 4.2095591208013685, "population": 5260.0, "waste_kg_day": 1578.0, "waste_tons_day": 1.578, "buildings": 1085.0, "risk": "High" }, "geometry": { "type": "Polygon", "coordinates": [ [ [ 74.658679700000022, 13.809416900000027 ], [ 74.658679700000022, 13.827416900000028 ], [ 74.677679700000027, 13.827416900000028 ], [ 74.677679700000027, 13.809416900000027 ], [ 74.658679700000022, 13.809416900000027 ] ] ] } },
{ "type": "Feature", "properties": { "zone_id": "D062", "is_urban": false, "ward_name": null, "center_lon": 74.6681797, "center_lat": 13.8364169, "area_sqkm": 4.2095591208013685, "population": 2582.0, "waste_kg_day": 774.6, "waste_tons_day": 0.775, "buildings": 704.0, "risk": "Medium" }, "geometry": { "type": "Polygon", "coordinates": [ [ [ 74.658679700000022, 13.827416900000028 ], [ 74.658679700000022, 13.845416900000028 ], [ 74.677679700000027, 13.845416900000028 ], [ 74.677679700000027, 13.827416900000028 ], [ 74.658679700000022, 13.827416900000028 ] ] ] } },
{ "type": "Feature", "properties": { "zone_id": "D063", "is_urban": false, "ward_name": null, "center_lon": 74.6681797, "center_lat": 13.8544169, "area_sqkm": 4.2095591208013685, "population": 2089.0, "waste_kg_day": 626.7, "waste_tons_day": 0.627, "buildings": 504.0, "risk": "Medium" }, "geometry": { "type": "Polygon", "coordinates": [ [ [ 74.658679700000022, 13.845416900000028 ], [ 74.658679700000022, 13.863416900000029 ], [ 74.677679700000027, 13.863416900000029 ], [ 74.677679700000027, 13.845416900000028 ], [ 74.658679700000022, 13.845416900000028 ] ] ] } },
{ "type": "Feature", "properties": { "zone_id": "D064", "is_urban": false, "ward_name": null, "center_lon": 74.6681797, "center_lat": 13.8724169, "area_sqkm": 4.2095591208013685, "population": 5318.0, "waste_kg_day": 1595.4, "waste_tons_day": 1.595, "buildings": 1109.0, "risk": "High" }, "geometry": { "type": "Polygon", "coordinates": [ [ [ 74.658679700000022, 13.863416900000029 ], [ 74.658679700000022, 13.88141690000003 ], [ 74.677679700000027, 13.88141690000003 ], [ 74.677679700000027, 13.863416900000029 ], [ 74.658679700000022, 13.863416900000029 ] ] ] } },
{ "type": "Feature", "properties": { "zone_id": "D065", "is_urban": false, "ward_name": null, "center_lon": 74.6681797, "center_lat": 13.8904169, "area_sqkm": 4.2095591208013685, "population": 879.0, "waste_kg_day": 263.7, "waste_tons_day": 0.264, "buildings": 206.0, "risk": "Low" }, "geometry": { "type": "Polygon", "coordinates": [ [ [ 74.658679700000022, 13.88141690000003 ], [ 74.658679700000022, 13.89941690000003 ], [ 74.677679700000027, 13.89941690000003 ], [ 74.677679700000027, 13.88141690000003 ], [ 74.658679700000022, 13.88141690000003 ] ] ] } },
{ "type": "Feature", "properties": { "zone_id": "D066", "is_urban": false, "ward_name": null, "center_lon": 74.6681797, "center_lat": 13.9084169, "area_sqkm": 4.2095591208013685, "population": 3126.0, "waste_kg_day": 937.8, "waste_tons_day": 0.938, "buildings": 815.0, "risk": "Medium" }, "geometry": { "type": "Polygon", "coordinates": [ [ [ 74.658679700000022, 13.89941690000003 ], [ 74.658679700000022, 13.917416900000031 ], [ 74.677679700000027, 13.917416900000031 ], [ 74.677679700000027, 13.89941690000003 ], [ 74.658679700000022, 13.89941690000003 ] ] ] } },
{ "type": "Feature", "properties": { "zone_id": "D067", "is_urban": false, "ward_name": null, "center_lon": 74.6681797, "center_lat": 13.9264169, "area_sqkm": 4.2095591208013685, "population": 1497.0, "waste_kg_day": 449.1, "waste_tons_day": 0.449, "buildings": 373.0, "risk": "Low" }, "geometry": { "type": "Polygon", "coordinates": [ [ [ 74.658679700000022, 13.917416900000031 ], [ 74.658679700000022, 13.935416900000032 ], [ 74.677679700000027, 13.935416900000032 ], [ 74.677679700000027, 13.917416900000031 ], [ 74.658679700000022, 13.917416900000031 ] ] ] } },
{ "type": "Feature", "properties": { "zone_id": "D068", "is_urban": false, "ward_name": null, "center_lon": 74.6681797, "center_lat": 13.9444169, "area_sqkm": 4.2095591208013685, "population": 6001.0, "waste_kg_day": 1800.3, "waste_tons_day": 1.8, "buildings": 1505.0, "risk": "High" }, "geometry": { "type": "Polygon", "coordinates": [ [ [ 74.658679700000022, 13.935416900000032 ], [ 74.658679700000022, 13.953416900000033 ], [ 74.677679700000027, 13.953416900000033 ], [ 74.677679700000027, 13.935416900000032 ], [ 74.658679700000022, 13.935416900000032 ] ] ] } },
{ "type": "Feature", "properties": { "zone_id": "D069", "is_urban": false, "ward_name": null, "center_lon": 74.667937970856087, "center_lat": 13.962190465718109, "area_sqkm": 4.085879113561135, "population": 3572.0, "waste_kg_day": 1071.6, "waste_tons_day": 1.072, "buildings": 784.0, "risk": "Medium" }, "geometry": { "type": "Polygon", "coordinates": [ [ [ 74.6741992, 13.9709106 ], [ 74.674546, 13.9694644 ], [ 74.6747588, 13.9689537 ], [ 74.6762025, 13.9684292 ], [ 74.677679700000027, 13.967421447151331 ], [ 74.677679700000027, 13.953416900000033 ], [ 74.658679700000022, 13.953416900000033 ], [ 74.658679700000022, 13.971416900000033 ], [ 74.673963997579406, 13.971416900000033 ], [ 74.6741992, 13.9709106 ] ] ] } },
{ "type": "Feature", "properties": { "zone_id": "D070", "is_urban": false, "ward_name": null, "center_lon": 74.665286912425117, "center_lat": 13.975077917051998, "area_sqkm": 1.1948111077843322, "population": 803.0, "waste_kg_day": 240.9, "waste_tons_day": 0.241, "buildings": 161.0, "risk": "Low" }, "geometry": { "type": "Polygon", "coordinates": [ [ [ 74.6591184, 13.9765439 ], [ 74.6623953, 13.9794901 ], [ 74.6644596, 13.9813291 ], [ 74.665177, 13.9821515 ], [ 74.6651827, 13.9821037 ], [ 74.6652602, 13.9811799 ], [ 74.6657783, 13.9800229 ], [ 74.6667547, 13.9793765 ], [ 74.6675229, 13.9791187 ], [ 74.6685824, 13.9779616 ], [ 74.6697808, 13.9765921 ], [ 74.6711041, 13.9755525 ], [ 74.6730381, 13.97341 ], [ 74.673963997579406, 13.971416900000033 ], [ 74.658679700000022, 13.971416900000033 ], [ 74.658679700000022, 13.976224664246786 ], [ 74.6591184, 13.9765439 ] ] ] } },
{ "type": "Feature", "properties": { "zone_id": "D071", "is_urban": false, "ward_name": null, "center_lon": 74.694870725435436, "center_lat": 13.346551076084177, "area_sqkm": 0.1527135034056353, "population": 221.0, "waste_kg_day": 66.3, "waste_tons_day": 0.066, "buildings": 56.0, "risk": "Low" }, "geometry": { "type": "Polygon", "coordinates": [ [ [ 74.6953309, 13.3443133 ], [ 74.6943217, 13.3453108 ], [ 74.6936473, 13.3463663 ], [ 74.6930982, 13.3469936 ], [ 74.6926022, 13.3474093 ], [ 74.6921408, 13.347673 ], [ 74.6918679, 13.3477445 ], [ 74.6916805, 13.3477373 ], [ 74.6915737, 13.3474313 ], [ 74.691527, 13.3470965 ], [ 74.6914476, 13.3469877 ], [ 74.6913644, 13.3469955 ], [ 74.6913124, 13.3470877 ], [ 74.691356, 13.34744 ], [ 74.6914803, 13.3478387 ], [ 74.691697, 13.3482351 ], [ 74.691689, 13.3483474 ], [ 74.69163, 13.3484465 ], [ 74.6913784, 13.3485314 ], [ 74.6908946, 13.3487318 ], [ 74.6906242, 13.3487206 ], [ 74.690541, 13.3487574 ], [ 74.6905169, 13.3488615 ], [ 74.6905947, 13.3489424 ], [ 74.6907073, 13.3489678 ], [ 74.6909313, 13.3489071 ], [ 74.692021, 13.3484026 ], [ 74.6930973, 13.3478869 ], [ 74.6945949, 13.34719 ], [ 74.6949396, 13.3474538 ], [ 74.6953797, 13.3477887 ], [ 74.6913934, 13.3496014 ], [ 74.691351, 13.3496992 ], [ 74.6913993, 13.3497958 ], [ 74.6915066, 13.3498166 ], [ 74.6916842, 13.3496729 ], [ 74.695192, 13.3479846 ], [ 74.6953717, 13.3479663 ], [ 74.6956184, 13.3480107 ], [ 74.6958545, 13.3480812 ], [ 74.6960503, 13.3481986 ], [ 74.6962219, 13.3484074 ], [ 74.6966752, 13.3489006 ], [ 74.696679700000033, 13.34890725161295 ], [ 74.696679700000033, 13.343412740545652 ], [ 74.6953309, 13.3443133 ] ] ] } },
{ "type": "Feature", "properties": { "zone_id": "D072", "is_urban": false, "ward_name": null, "center_lon": 74.696472481618386, "center_lat": 13.375715219495902, "area_sqkm": 0.019128715138679565, "population": 16.0, "waste_kg_day": 4.8, "waste_tons_day": 0.005, "buildings": 4.0, "risk": "Low" }, "geometry": { "type": "Polygon", "coordinates": [ [ [ 74.6966618, 13.3725646 ], [ 74.6965063, 13.3736293 ], [ 74.6965041, 13.3737442 ], [ 74.6964945, 13.3742411 ], [ 74.6964902, 13.3744643 ], [ 74.6964633, 13.3747566 ], [ 74.6962407, 13.3752419 ], [ 74.696171, 13.3755237 ], [ 74.6962032, 13.3764162 ], [ 74.696140434090481, 13.377416900000011 ], [ 74.696679700000033, 13.377416900000011 ], [ 74.696679700000033, 13.372456109318808 ], [ 74.6966618, 13.3725646 ] ] ] } },
{ "type": "Feature", "properties": { "zone_id": "D073", "is_urban": false, "ward_name": null, "center_lon": 74.696277115015349, "center_lat": 13.384549055845889, "area_sqkm": 0.14246926071097724, "population": 81.0, "waste_kg_day": 24.3, "waste_tons_day": 0.024, "buildings": 22.0, "risk": "Low" }, "geometry": { "type": "Polygon", "coordinates": [ [ [ 74.6961361, 13.377486 ], [ 74.6960288, 13.3786029 ], [ 74.6959189, 13.379751 ], [ 74.6958679, 13.380346 ], [ 74.6957365, 13.382423 ], [ 74.6956426, 13.3844427 ], [ 74.6957096, 13.3854734 ], [ 74.6957257, 13.3859326 ], [ 74.6957445, 13.386491 ], [ 74.6958062, 13.3873443 ], [ 74.6960369, 13.3891369 ], [ 74.6962461, 13.390619 ], [ 74.6963346, 13.3914722 ], [ 74.6965143, 13.392889 ], [ 74.696679700000033, 13.394627170855173 ], [ 74.696679700000033, 13.377416900000011 ], [ 74.696140434090481, 13.377416900000011 ], [ 74.6961361, 13.377486 ] ] ] } },
{ "type": "Feature", "properties": { "zone_id": "D074", "is_urban": false, "ward_name": null, "center_lon": 74.696596142524555, "center_lat": 13.412622310249903, "area_sqkm": 0.0036764473142171647, "population": 3.0, "waste_kg_day": 0.9, "waste_tons_day": 0.001, "buildings": 0.0, "risk": "Low" }, "geometry": { "type": "Polygon", "coordinates": [ [ [ 74.6966178, 13.4115844 ], [ 74.6964617, 13.4131305 ], [ 74.696427216769251, 13.413416900000012 ], [ 74.696679700000033, 13.413416900000012 ], [ 74.696679700000033, 13.411101745697653 ], [ 74.6966178, 13.4115844 ] ] ] } },
{ "type": "Feature", "properties": { "zone_id": "D075", "is_urban": false, "ward_name": null, "center_lon": 74.695805195880567, "center_lat": 13.424634818274646, "area_sqkm": 0.32698828631065041, "population": 87.0, "waste_kg_day": 26.1, "waste_tons_day": 0.026, "buildings": 22.0, "risk": "Low" }, "geometry": { "type": "Polygon", "coordinates": [ [ [ 74.6963013, 13.4144627 ], [ 74.6959322, 13.4165874 ], [ 74.6956034, 13.418612 ], [ 74.6952032, 13.4218852 ], [ 74.6949983, 13.423353 ], [ 74.6949747, 13.4238586 ], [ 74.6949232, 13.4241258 ], [ 74.6948357, 13.4249027 ], [ 74.6946608, 13.4261769 ], [ 74.6946002, 13.4274574 ], [ 74.6944999, 13.4282515 ], [ 74.694479, 13.428995 ], [ 74.6944286, 13.4295659 ], [ 74.694278795445854, 13.431416900000013 ], [ 74.696679700000033, 13.431416900000013 ], [ 74.696679700000033, 13.413416900000012 ], [ 74.696427216769251, 13.413416900000012 ], [ 74.6963013, 13.4144627 ] ] ] } },
{ "type": "Feature", "properties": { "zone_id": "D076", "is_urban": false, "ward_name": null, "center_lon": 74.695286954530928, "center_lat": 13.44078151173265, "area_sqkm": 0.61406158057157034, "population": 847.0, "waste_kg_day": 254.1, "waste_tons_day": 0.254, "buildings": 219.0, "risk": "Low" }, "geometry": { "type": "Polygon", "coordinates": [ [ [ 74.6941958, 13.4324424 ], [ 74.6941245, 13.4345978 ], [ 74.6940992, 13.4353643 ], [ 74.6939206, 13.4393787 ], [ 74.6938562, 13.4434587 ], [ 74.693713, 13.4454027 ], [ 74.6936379, 13.4462062 ], [ 74.6936379, 13.4475836 ], [ 74.6935987, 13.4483004 ], [ 74.6936711, 13.4486573 ], [ 74.693458656108973, 13.449416900000013 ], [ 74.696679700000033, 13.449416900000013 ], [ 74.696679700000033, 13.431416900000013 ], [ 74.694278795445854, 13.431416900000013 ], [ 74.6941958, 13.4324424 ] ] ] } },
{ "type": "Feature", "properties": { "zone_id": "D077", "is_urban": false, "ward_name": null, "center_lon": 74.69380403785884, "center_lat": 13.459490905914333, "area_sqkm": 1.2202111259833548, "population": 473.0, "waste_kg_day": 141.9, "waste_tons_day": 0.142, "buildings": 111.0, "risk": "Low" }, "geometry": { "type": "Polygon", "coordinates": [ [ [ 74.6923796, 13.4532751 ], [ 74.6906606, 13.4590506 ], [ 74.6905947, 13.4594265 ], [ 74.690482, 13.4604438 ], [ 74.6903264, 13.4615864 ], [ 74.6902674, 13.4625124 ], [ 74.6902084, 13.4629715 ], [ 74.6899912, 13.4636941 ], [ 74.689959, 13.4638819 ], [ 74.6899188, 13.4644349 ], [ 74.6897578, 13.4663573 ], [ 74.689687042682166, 13.467416900000014 ], [ 74.696679700000033, 13.467416900000014 ], [ 74.696679700000033, 13.449416900000013 ], [ 74.693458656108973, 13.449416900000013 ], [ 74.6923796, 13.4532751 ] ] ] } },
{ "type": "Feature", "properties": { "zone_id": "D078", "is_urban": false, "ward_name": null, "center_lon": 74.692729775812069, "center_lat": 13.476737610347781, "area_sqkm": 1.7434919015670813, "population": 2582.0, "waste_kg_day": 774.6, "waste_tons_day": 0.775, "buildings": 668.0, "risk": "Medium" }, "geometry": { "type": "Polygon", "coordinates": [ [ [ 74.6896613, 13.4678024 ], [ 74.6896237, 13.4686684 ], [ 74.6895245, 13.4696674 ], [ 74.6894789, 13.4703848 ], [ 74.6893287, 13.4712247 ], [ 74.6890873, 13.4724976 ], [ 74.6890739, 13.4726801 ], [ 74.6890229, 13.4737444 ], [ 74.6889478, 13.4746104 ], [ 74.688819, 13.4753303 ], [ 74.688752, 13.4757972 ], [ 74.6886742, 13.4765249 ], [ 74.688642, 13.4779073 ], [ 74.6885803, 13.4784994 ], [ 74.6884543, 13.4795271 ], [ 74.6884435, 13.4805156 ], [ 74.6883577, 13.4818667 ], [ 74.6882343, 13.4830666 ], [ 74.6881485, 13.4838543 ], [ 74.688069641522759, 13.485416900000015 ], [ 74.696679700000033, 13.485416900000015 ], [ 74.696679700000033, 13.467416900000014 ], [ 74.689687042682166, 13.467416900000014 ], [ 74.6896613, 13.4678024 ] ] ] } },
{ "type": "Feature", "properties": { "zone_id": "D079", "is_urban": false, "ward_name": null, "center_lon": 74.691938759699696, "center_lat": 13.494684515553519, "area_sqkm": 2.095180340746492, "population": 2249.0, "waste_kg_day": 674.7, "waste_tons_day": 0.675, "buildings": 484.0, "risk": "Medium" }, "geometry": { "type": "Polygon", "coordinates": [ [ [ 74.6880278, 13.486246 ], [ 74.6877971, 13.4881057 ], [ 74.6875879, 13.4899836 ], [ 74.6874189, 13.4919502 ], [ 74.687309, 13.4938464 ], [ 74.6872929, 13.4941489 ], [ 74.6871427, 13.4961285 ], [ 74.6871078, 13.4963137 ], [ 74.6870247, 13.4969005 ], [ 74.6868101, 13.4986479 ], [ 74.686633, 13.5006588 ], [ 74.6864828, 13.5021089 ], [ 74.686337746533752, 13.503416900000015 ], [ 74.696679700000033, 13.503416900000015 ], [ 74.696679700000033, 13.485416900000015 ], [ 74.688069641522759, 13.485416900000015 ], [ 74.6880278, 13.486246 ] ] ] } },
{ "type": "Feature", "properties": { "zone_id": "D080", "is_urban": false, "ward_name": null, "center_lon": 74.691089221948161, "center_lat": 13.512647734693921, "area_sqkm": 2.4722979347569751, "population": 1258.0, "waste_kg_day": 377.4, "waste_tons_day": 0.377, "buildings": 273.0, "risk": "Low" }, "geometry": { "type": "Polygon", "coordinates": [ [ [ 74.686287, 13.5038745 ], [ 74.6861207, 13.5057028 ], [ 74.6860135, 13.5073224 ], [ 74.6858472, 13.5089159 ], [ 74.6857586, 13.5102825 ], [ 74.6856728, 13.5113178 ], [ 74.6856111, 13.511962 ], [ 74.6855441, 13.5128044 ], [ 74.6854287, 13.5137224 ], [ 74.685367, 13.5146508 ], [ 74.6852517, 13.5156366 ], [ 74.6851739, 13.516239 ], [ 74.685013, 13.5174882 ], [ 74.6848065, 13.5196267 ], [ 74.6846911, 13.5205447 ], [ 74.684582568979991, 13.521416900000016 ], [ 74.696679700000033, 13.521416900000016 ], [ 74.696679700000033, 13.503416900000015 ], [ 74.686337746533752, 13.503416900000015 ], [ 74.686287, 13.5038745 ] ] ] } },
{ "type": "Feature", "properties": { "zone_id": "D081", "is_urban": false, "ward_name": null, "center_lon": 74.690089672846128, "center_lat": 13.530655671260929, "area_sqkm": 2.9139392802124364, "population": 1975.0, "waste_kg_day": 592.5, "waste_tons_day": 0.593, "buildings": 443.0, "risk": "Medium" }, "geometry": { "type": "Polygon", "coordinates": [ [ [ 74.6845785, 13.5214496 ], [ 74.6845329, 13.5220129 ], [ 74.6844873, 13.5223441 ], [ 74.6843263, 13.5233246 ], [ 74.6842097, 13.5240992 ], [ 74.6841788, 13.524446 ], [ 74.6839187, 13.5272651 ], [ 74.6838409, 13.5280005 ], [ 74.6837845, 13.5286498 ], [ 74.6836558, 13.5294582 ], [ 74.68346, 13.530457 ], [ 74.6834117, 13.5308768 ], [ 74.6833903, 13.5311063 ], [ 74.6833795, 13.5316096 ], [ 74.6833661, 13.5318261 ], [ 74.6832105, 13.533409 ], [ 74.683122, 13.5341626 ], [ 74.6830228, 13.5352448 ], [ 74.682878, 13.5363374 ], [ 74.6827438, 13.5372788 ], [ 74.6825373, 13.5384132 ], [ 74.68236984794423, 13.539416900000017 ], [ 74.696679700000033, 13.539416900000017 ], [ 74.696679700000033, 13.521416900000016 ], [ 74.684582568979991, 13.521416900000016 ], [ 74.6845785, 13.5214496 ] ] ] } },
{ "type": "Feature", "properties": { "zone_id": "D082", "is_urban": false, "ward_name": null, "center_lon": 74.688906241797298, "center_lat": 13.548627656553343, "area_sqkm": 3.4388224030583134, "population": 3519.0, "waste_kg_day": 1055.7, "waste_tons_day": 1.056, "buildings": 817.0, "risk": "Medium" }, "geometry": { "type": "Polygon", "coordinates": [ [ [ 74.6822561, 13.5400987 ], [ 74.6822369, 13.5402124 ], [ 74.6820616, 13.5412423 ], [ 74.6819231, 13.5420561 ], [ 74.6816629, 13.5438918 ], [ 74.6813786, 13.5458241 ], [ 74.6813303, 13.5463299 ], [ 74.6812284, 13.5478423 ], [ 74.6811554, 13.5485701 ], [ 74.6811211, 13.5489114 ], [ 74.6809897, 13.5498502 ], [ 74.68081, 13.5514251 ], [ 74.6806598, 13.5529036 ], [ 74.6806169, 13.5532712 ], [ 74.6804988, 13.5541682 ], [ 74.6801823, 13.5562907 ], [ 74.680042349503438, 13.557416900000018 ], [ 74.696679700000033, 13.557416900000018 ], [ 74.696679700000033, 13.539416900000017 ], [ 74.68236984794423, 13.539416900000017 ], [ 74.6822561, 13.5400987 ] ] ] } },
{ "type": "Feature", "properties": { "zone_id": "D083", "is_urban": false, "ward_name": null, "center_lon": 74.687680615266018, "center_lat": 13.566638766732071, "area_sqkm": 3.9802784548193597, "population": 1263.0, "waste_kg_day": 378.9, "waste_tons_day": 0.379, "buildings": 265.0, "risk": "Low" }, "geometry": { "type": "Polygon", "coordinates": [ [ [ 74.6799383, 13.5582542 ], [ 74.6799034, 13.5585566 ], [ 74.6796781, 13.5600455 ], [ 74.6793401, 13.5623765 ], [ 74.6790504, 13.5643581 ], [ 74.6788573, 13.565302 ], [ 74.6787178, 13.5661677 ], [ 74.678632, 13.56671 ], [ 74.6784604, 13.567633 ], [ 74.6783048, 13.5687698 ], [ 74.6780047, 13.5707749 ], [ 74.6778864, 13.5715649 ], [ 74.677679700000027, 13.572935874013016 ], [ 74.677679700000027, 13.575416900000018 ], [ 74.696679700000033, 13.575416900000018 ], [ 74.696679700000033, 13.557416900000018 ], [ 74.680042349503438, 13.557416900000018 ], [ 74.6799383, 13.5582542 ] ] ] } },
{ "type": "Feature", "properties": { "zone_id": "D084", "is_urban": false, "ward_name": null, "center_lon": 74.6871797, "center_lat": 13.5844169, "area_sqkm": 4.2095591208013685, "population": 2597.0, "waste_kg_day": 779.1, "waste_tons_day": 0.779, "buildings": 687.0, "risk": "Medium" }, "geometry": { "type": "Polygon", "coordinates": [ [ [ 74.677679700000027, 13.575416900000018 ], [ 74.677679700000027, 13.593416900000019 ], [ 74.696679700000033, 13.593416900000019 ], [ 74.696679700000033, 13.575416900000018 ], [ 74.677679700000027, 13.575416900000018 ] ] ] } },
{ "type": "Feature", "properties": { "zone_id": "D085", "is_urban": false, "ward_name": null, "center_lon": 74.6871797, "center_lat": 13.6024169, "area_sqkm": 4.2095591208013685, "population": 1065.0, "waste_kg_day": 319.5, "waste_tons_day": 0.32, "buildings": 242.0, "risk": "Low" }, "geometry": { "type": "Polygon", "coordinates": [ [ [ 74.677679700000027, 13.593416900000019 ], [ 74.677679700000027, 13.61141690000002 ], [ 74.696679700000033, 13.61141690000002 ], [ 74.696679700000033, 13.593416900000019 ], [ 74.677679700000027, 13.593416900000019 ] ] ] } },
{ "type": "Feature", "properties": { "zone_id": "D086", "is_urban": false, "ward_name": null, "center_lon": 74.6871797, "center_lat": 13.6204169, "area_sqkm": 4.2095591208013685, "population": 4549.0, "waste_kg_day": 1364.7, "waste_tons_day": 1.365, "buildings": 1290.0, "risk": "Medium" }, "geometry": { "type": "Polygon", "coordinates": [ [ [ 74.677679700000027, 13.61141690000002 ], [ 74.677679700000027, 13.62941690000002 ], [ 74.696679700000033, 13.62941690000002 ], [ 74.696679700000033, 13.61141690000002 ], [ 74.677679700000027, 13.61141690000002 ] ] ] } },
{ "type": "Feature", "properties": { "zone_id": "D087", "is_urban": false, "ward_name": null, "center_lon": 74.6871797, "center_lat": 13.6384169, "area_sqkm": 4.2095591208013685, "population": 3644.0, "waste_kg_day": 1093.2, "waste_tons_day": 1.093, "buildings": 949.0, "risk": "Medium" }, "geometry": { "type": "Polygon", "coordinates": [ [ [ 74.677679700000027, 13.62941690000002 ], [ 74.677679700000027, 13.647416900000021 ], [ 74.696679700000033, 13.647416900000021 ], [ 74.696679700000033, 13.62941690000002 ], [ 74.677679700000027, 13.62941690000002 ] ] ] } },
{ "type": "Feature", "properties": { "zone_id": "D088", "is_urban": false, "ward_name": null, "center_lon": 74.6871797, "center_lat": 13.6564169, "area_sqkm": 4.2095591208013685, "population": 4372.0, "waste_kg_day": 1311.6, "waste_tons_day": 1.312, "buildings": 1162.0, "risk": "Medium" }, "geometry": { "type": "Polygon", "coordinates": [ [ [ 74.677679700000027, 13.647416900000021 ], [ 74.677679700000027, 13.665416900000022 ], [ 74.696679700000033, 13.665416900000022 ], [ 74.696679700000033, 13.647416900000021 ], [ 74.677679700000027, 13.647416900000021 ] ] ] } },
{ "type": "Feature", "properties": { "zone_id": "D089", "is_urban": false, "ward_name": null, "center_lon": 74.6871797, "center_lat": 13.6744169, "area_sqkm": 4.2095591208013685, "population": 4623.0, "waste_kg_day": 1386.9, "waste_tons_day": 1.387, "buildings": 1133.0, "risk": "Medium" }, "geometry": { "type": "Polygon", "coordinates": [ [ [ 74.677679700000027, 13.665416900000022 ], [ 74.677679700000027, 13.683416900000022 ], [ 74.696679700000033, 13.683416900000022 ], [ 74.696679700000033, 13.665416900000022 ], [ 74.677679700000027, 13.665416900000022 ] ] ] } },
{ "type": "Feature", "properties": { "zone_id": "D090", "is_urban": false, "ward_name": null, "center_lon": 74.6871797, "center_lat": 13.6924169, "area_sqkm": 4.2095591208013685, "population": 5968.0, "waste_kg_day": 1790.4, "waste_tons_day": 1.79, "buildings": 1610.0, "risk": "High" }, "geometry": { "type": "Polygon", "coordinates": [ [ [ 74.677679700000027, 13.683416900000022 ], [ 74.677679700000027, 13.701416900000023 ], [ 74.696679700000033, 13.701416900000023 ], [ 74.696679700000033, 13.683416900000022 ], [ 74.677679700000027, 13.683416900000022 ] ] ] } },
{ "type": "Feature", "properties": { "zone_id": "D091", "is_urban": false, "ward_name": null, "center_lon": 74.6871797, "center_lat": 13.7104169, "area_sqkm": 4.2095591208013685, "population": 2708.0, "waste_kg_day": 812.4, "waste_tons_day": 0.812, "buildings": 737.0, "risk": "Medium" }, "geometry": { "type": "Polygon", "coordinates": [ [ [ 74.677679700000027, 13.701416900000023 ], [ 74.677679700000027, 13.719416900000024 ], [ 74.696679700000033, 13.719416900000024 ], [ 74.696679700000033, 13.701416900000023 ], [ 74.677679700000027, 13.701416900000023 ] ] ] } },
{ "type": "Feature", "properties": { "zone_id": "D092", "is_urban": false, "ward_name": null, "center_lon": 74.6871797, "center_lat": 13.7284169, "area_sqkm": 4.2095591208013685, "population": 5902.0, "waste_kg_day": 1770.6, "waste_tons_day": 1.771, "buildings": 1225.0, "risk": "High" }, "geometry": { "type": "Polygon", "coordinates": [ [ [ 74.677679700000027, 13.719416900000024 ], [ 74.677679700000027, 13.737416900000024 ], [ 74.696679700000033, 13.737416900000024 ], [ 74.696679700000033, 13.719416900000024 ], [ 74.677679700000027, 13.719416900000024 ] ] ] } },
{ "type": "Feature", "properties": { "zone_id": "D093", "is_urban": false, "ward_name": null, "center_lon": 74.6871797, "center_lat": 13.7464169, "area_sqkm": 4.2095591208013685, "population": 2253.0, "waste_kg_day": 675.9, "waste_tons_day": 0.676, "buildings": 501.0, "risk": "Medium" }, "geometry": { "type": "Polygon", "coordinates": [ [ [ 74.677679700000027, 13.737416900000024 ], [ 74.677679700000027, 13.755416900000025 ], [ 74.696679700000033, 13.755416900000025 ], [ 74.696679700000033, 13.737416900000024 ], [ 74.677679700000027, 13.737416900000024 ] ] ] } },
{ "type": "Feature", "properties": { "zone_id": "D094", "is_urban": false, "ward_name": null, "center_lon": 74.6871797, "center_lat": 13.7644169, "area_sqkm": 4.2095591208013685, "population": 5314.0, "waste_kg_day": 1594.2, "waste_tons_day": 1.594, "buildings": 1226.0, "risk": "High" }, "geometry": { "type": "Polygon", "coordinates": [ [ [ 74.677679700000027, 13.755416900000025 ], [ 74.677679700000027, 13.773416900000026 ], [ 74.696679700000033, 13.773416900000026 ], [ 74.696679700000033, 13.755416900000025 ], [ 74.677679700000027, 13.755416900000025 ] ] ] } },
{ "type": "Feature", "properties": { "zone_id": "D095", "is_urban": false, "ward_name": null, "center_lon": 74.6871797, "center_lat": 13.7824169, "area_sqkm": 4.2095591208013685, "population": 3740.0, "waste_kg_day": 1122.0, "waste_tons_day": 1.122, "buildings": 968.0, "risk": "Medium" }, "geometry": { "type": "Polygon", "coordinates": [ [ [ 74.677679700000027, 13.773416900000026 ], [ 74.677679700000027, 13.791416900000026 ], [ 74.696679700000033, 13.791416900000026 ], [ 74.696679700000033, 13.773416900000026 ], [ 74.677679700000027, 13.773416900000026 ] ] ] } },
{ "type": "Feature", "properties": { "zone_id": "D096", "is_urban": false, "ward_name": null, "center_lon": 74.6871797, "center_lat": 13.8004169, "area_sqkm": 4.2095591208013685, "population": 1351.0, "waste_kg_day": 405.3, "waste_tons_day": 0.405, "buildings": 278.0, "risk": "Low" }, "geometry": { "type": "Polygon", "coordinates": [ [ [ 74.677679700000027, 13.791416900000026 ], [ 74.677679700000027, 13.809416900000027 ], [ 74.696679700000033, 13.809416900000027 ], [ 74.696679700000033, 13.791416900000026 ], [ 74.677679700000027, 13.791416900000026 ] ] ] } },
{ "type": "Feature", "properties": { "zone_id": "D097", "is_urban": false, "ward_name": null, "center_lon": 74.6871797, "center_lat": 13.8184169, "area_sqkm": 4.2095591208013685, "population": 5769.0, "waste_kg_day": 1730.7, "waste_tons_day": 1.731, "buildings": 1296.0, "risk": "High" }, "geometry": { "type": "Polygon", "coordinates": [ [ [ 74.677679700000027, 13.809416900000027 ], [ 74.677679700000027, 13.827416900000028 ], [ 74.696679700000033, 13.827416900000028 ], [ 74.696679700000033, 13.809416900000027 ], [ 74.677679700000027, 13.809416900000027 ] ] ] } },
{ "type": "Feature", "properties": { "zone_id": "D098", "is_urban": false, "ward_name": null, "center_lon": 74.6871797, "center_lat": 13.8364169, "area_sqkm": 4.2095591208013685, "population": 2697.0, "waste_kg_day": 809.1, "waste_tons_day": 0.809, "buildings": 670.0, "risk": "Medium" }, "geometry": { "type": "Polygon", "coordinates": [ [ [ 74.677679700000027, 13.827416900000028 ], [ 74.677679700000027, 13.845416900000028 ], [ 74.696679700000033, 13.845416900000028 ], [ 74.696679700000033, 13.827416900000028 ], [ 74.677679700000027, 13.827416900000028 ] ] ] } },
{ "type": "Feature", "properties": { "zone_id": "D099", "is_urban": false, "ward_name": null, "center_lon": 74.6871797, "center_lat": 13.8544169, "area_sqkm": 4.2095591208013685, "population": 4814.0, "waste_kg_day": 1444.2, "waste_tons_day": 1.444, "buildings": 993.0, "risk": "Medium" }, "geometry": { "type": "Polygon", "coordinates": [ [ [ 74.677679700000027, 13.845416900000028 ], [ 74.677679700000027, 13.863416900000029 ], [ 74.696679700000033, 13.863416900000029 ], [ 74.696679700000033, 13.845416900000028 ], [ 74.677679700000027, 13.845416900000028 ] ] ] } },
{ "type": "Feature", "properties": { "zone_id": "D100", "is_urban": false, "ward_name": null, "center_lon": 74.6871797, "center_lat": 13.8724169, "area_sqkm": 4.2095591208013685, "population": 5696.0, "waste_kg_day": 1708.8, "waste_tons_day": 1.709, "buildings": 1219.0, "risk": "High" }, "geometry": { "type": "Polygon", "coordinates": [ [ [ 74.677679700000027, 13.863416900000029 ], [ 74.677679700000027, 13.88141690000003 ], [ 74.696679700000033, 13.88141690000003 ], [ 74.696679700000033, 13.863416900000029 ], [ 74.677679700000027, 13.863416900000029 ] ] ] } },
{ "type": "Feature", "properties": { "zone_id": "D101", "is_urban": false, "ward_name": null, "center_lon": 74.6871797, "center_lat": 13.8904169, "area_sqkm": 4.2095591208013685, "population": 4355.0, "waste_kg_day": 1306.5, "waste_tons_day": 1.306, "buildings": 1200.0, "risk": "Medium" }, "geometry": { "type": "Polygon", "coordinates": [ [ [ 74.677679700000027, 13.88141690000003 ], [ 74.677679700000027, 13.89941690000003 ], [ 74.696679700000033, 13.89941690000003 ], [ 74.696679700000033, 13.88141690000003 ], [ 74.677679700000027, 13.88141690000003 ] ] ] } },
{ "type": "Feature", "properties": { "zone_id": "D102", "is_urban": false, "ward_name": null, "center_lon": 74.6871797, "center_lat": 13.9084169, "area_sqkm": 4.2095591208013685, "population": 1726.0, "waste_kg_day": 517.8, "waste_tons_day": 0.518, "buildings": 356.0, "risk": "Medium" }, "geometry": { "type": "Polygon", "coordinates": [ [ [ 74.677679700000027, 13.89941690000003 ], [ 74.677679700000027, 13.917416900000031 ], [ 74.696679700000033, 13.917416900000031 ], [ 74.696679700000033, 13.89941690000003 ], [ 74.677679700000027, 13.89941690000003 ] ] ] } },
{ "type": "Feature", "properties": { "zone_id": "D103", "is_urban": false, "ward_name": null, "center_lon": 74.686493480620683, "center_lat": 13.925844923458868, "area_sqkm": 3.8441750924865326, "population": 3799.0, "waste_kg_day": 1139.7, "waste_tons_day": 1.14, "buildings": 1081.0, "risk": "Medium" }, "geometry": { "type": "Polygon", "coordinates": [ [ [ 74.6904971, 13.9334921 ], [ 74.6920653, 13.9319597 ], [ 74.6938692, 13.9300476 ], [ 74.6951041, 13.9284293 ], [ 74.696679700000033, 13.927769264500975 ], [ 74.696679700000033, 13.917416900000031 ], [ 74.677679700000027, 13.917416900000031 ], [ 74.677679700000027, 13.935416900000032 ], [ 74.692217130828425, 13.935416900000032 ], [ 74.6904971, 13.9334921 ] ] ] } },
{ "type": "Feature", "properties": { "zone_id": "D104", "is_urban": false, "ward_name": null, "center_lon": 74.687063267227487, "center_lat": 13.944512540837657, "area_sqkm": 4.1471880911452956, "population": 1376.0, "waste_kg_day": 412.8, "waste_tons_day": 0.413, "buildings": 306.0, "risk": "Low" }, "geometry": { "type": "Polygon", "coordinates": [ [ [ 74.696679700000033, 13.952413184259358 ], [ 74.696679700000033, 13.936712035633702 ], [ 74.6955598, 13.9364283 ], [ 74.6941348, 13.936736 ], [ 74.6927743, 13.9360404 ], [ 74.692217130828425, 13.935416900000032 ], [ 74.677679700000027, 13.935416900000032 ], [ 74.677679700000027, 13.953416900000033 ], [ 74.695444143290857, 13.953416900000033 ], [ 74.696679700000033, 13.952413184259358 ] ] ] } },
{ "type": "Feature", "properties": { "zone_id": "D105", "is_urban": false, "ward_name": null, "center_lon": 74.682564087285243, "center_lat": 13.95851898838613, "area_sqkm": 1.3292133307086154, "population": 274.0, "waste_kg_day": 82.2, "waste_tons_day": 0.082, "buildings": 73.0, "risk": "Low" }, "geometry": { "type": "Polygon", "coordinates": [ [ [ 74.6777664, 13.9673623 ], [ 74.6796959, 13.9664084 ], [ 74.6811071, 13.965694 ], [ 74.6817364, 13.9653188 ], [ 74.6832125, 13.9649615 ], [ 74.6839062, 13.9634428 ], [ 74.6837995, 13.9623537 ], [ 74.6844796, 13.9616711 ], [ 74.6852288, 13.9598859 ], [ 74.685594, 13.9583628 ], [ 74.6845805, 13.9577484 ], [ 74.685455, 13.9572556 ], [ 74.6864636, 13.9569481 ], [ 74.6882728, 13.9563014 ], [ 74.6887076, 13.9557409 ], [ 74.6887074, 13.9549139 ], [ 74.6909193, 13.9550489 ], [ 74.6934689, 13.954759 ], [ 74.6951945, 13.9536197 ], [ 74.695444143290857, 13.953416900000033 ], [ 74.677679700000027, 13.953416900000033 ], [ 74.677679700000027, 13.967421447151331 ], [ 74.6777664, 13.9673623 ] ] ] } },
{ "type": "Feature", "properties": { "zone_id": "D106", "is_urban": false, "ward_name": null, "center_lon": 74.714901081091782, "center_lat": 13.321077912411958, "area_sqkm": 0.10086026771448155, "population": 92.0, "waste_kg_day": 27.6, "waste_tons_day": 0.028, "buildings": 20.0, "risk": "Low" }, "geometry": { "type": "Polygon", "coordinates": [ [ [ 74.7151154, 13.3181037 ], [ 74.7142088, 13.320886 ], [ 74.713310768218449, 13.3234169 ], [ 74.715679700000038, 13.3234169 ], [ 74.715679700000038, 13.316317862927418 ], [ 74.7151154, 13.3181037 ] ] ] } },
{ "type": "Feature", "properties": { "zone_id": "D107", "is_urban": true, "ward_name": "Malpe Center", "center_lon": 74.711373313676205, "center_lat": 13.334872356991371, "area_sqkm": 1.5445694721480825, "population": 9668.0, "waste_kg_day": 4834.0, "waste_tons_day": 4.834, "buildings": 2520.0, "risk": "High" }, "geometry": { "type": "Polygon", "coordinates": [ [ [ 74.7132271, 13.3236527 ], [ 74.7127819, 13.3248585 ], [ 74.7119021, 13.3270352 ], [ 74.711334, 13.3283708 ], [ 74.710663, 13.329807 ], [ 74.7098964, 13.3315602 ], [ 74.7085714, 13.3339039 ], [ 74.7076454, 13.3354888 ], [ 74.7067743, 13.336613 ], [ 74.7051722, 13.3381671 ], [ 74.7025717, 13.3402486 ], [ 74.700506043871357, 13.3414169 ], [ 74.715679700000038, 13.3414169 ], [ 74.715679700000038, 13.3234169 ], [ 74.713310768218449, 13.3234169 ], [ 74.7132271, 13.3236527 ] ] ] } },
{ "type": "Feature", "properties": { "zone_id": "D108", "is_urban": true, "ward_name": "Kola", "center_lon": 74.706590584851924, "center_lat": 13.350366297835658, "area_sqkm": 4.0204773128873219, "population": 26377.0, "waste_kg_day": 13188.5, "waste_tons_day": 13.188, "buildings": 6840.0, "risk": "High" }, "geometry": { "type": "Polygon", "coordinates": [ [ [ 74.7000863, 13.3416543 ], [ 74.696753, 13.3433638 ], [ 74.696679700000033, 13.343412740545652 ], [ 74.696679700000033, 13.34890725161295 ], [ 74.6968147, 13.3491068 ], [ 74.6971607, 13.349647 ], [ 74.6973082, 13.3499132 ], [ 74.6976355, 13.3508631 ], [ 74.6977937, 13.3513329 ], [ 74.6978742, 13.351834 ], [ 74.6979305, 13.3523637 ], [ 74.6979788, 13.3530292 ], [ 74.698019, 13.3539896 ], [ 74.6980083, 13.3550334 ], [ 74.6979386, 13.3564949 ], [ 74.6978098, 13.3577997 ], [ 74.697747816103245, 13.35941690000001 ], [ 74.715679700000038, 13.35941690000001 ], [ 74.715679700000038, 13.3414169 ], [ 74.700506043871357, 13.3414169 ], [ 74.7000863, 13.3416543 ] ] ] } },
{ "type": "Feature", "properties": { "zone_id": "D109", "is_urban": true, "ward_name": "Kola", "center_lon": 74.706412575172038, "center_lat": 13.368519381573392, "area_sqkm": 4.104699690970139, "population": 18992.0, "waste_kg_day": 9496.0, "waste_tons_day": 9.496, "buildings": 4111.0, "risk": "High" }, "geometry": { "type": "Polygon", "coordinates": [ [ [ 74.6977403, 13.359613 ], [ 74.6977669, 13.3599709 ], [ 74.6977133, 13.3611087 ], [ 74.6976159, 13.3618602 ], [ 74.6974731, 13.3629628 ], [ 74.6974289, 13.3640732 ], [ 74.6973807, 13.3648508 ], [ 74.697327, 13.3658059 ], [ 74.6973056, 13.3665157 ], [ 74.6972144, 13.3694175 ], [ 74.6971554, 13.3698716 ], [ 74.6969647, 13.3708664 ], [ 74.6968013, 13.3717191 ], [ 74.696679700000033, 13.372456109318808 ], [ 74.696679700000033, 13.377416900000011 ], [ 74.715679700000038, 13.377416900000011 ], [ 74.715679700000038, 13.35941690000001 ], [ 74.697747816103245, 13.35941690000001 ], [ 74.6977403, 13.359613 ] ] ] } },
{ "type": "Feature", "properties": { "zone_id": "D110", "is_urban": false, "ward_name": null, "center_lon": 74.706180823272703, "center_lat": 13.386415862115177, "area_sqkm": 4.2090595839261367, "population": 4396.0, "waste_kg_day": 1318.8, "waste_tons_day": 1.319, "buildings": 920.0, "risk": "Medium" }, "geometry": { "type": "Polygon", "coordinates": [ [ [ 74.6966886, 13.3947207 ], [ 74.696786192130332, 13.395416900000011 ], [ 74.715679700000038, 13.395416900000011 ], [ 74.715679700000038, 13.377416900000011 ], [ 74.696679700000033, 13.377416900000011 ], [ 74.696679700000033, 13.394627170855173 ], [ 74.6966886, 13.3947207 ] ] ] } },
{ "type": "Feature", "properties": { "zone_id": "D111", "is_urban": false, "ward_name": null, "center_lon": 74.706306350634307, "center_lat": 13.404435517752347, "area_sqkm": 4.1532404461474748, "population": 4381.0, "waste_kg_day": 1314.3, "waste_tons_day": 1.314, "buildings": 1006.0, "risk": "Medium" }, "geometry": { "type": "Polygon", "coordinates": [ [ [ 74.6968254, 13.3956966 ], [ 74.6968764, 13.3966698 ], [ 74.6969435, 13.3973143 ], [ 74.6969676, 13.3978309 ], [ 74.6969891, 13.3981232 ], [ 74.6970078, 13.3992034 ], [ 74.6970052, 13.4000331 ], [ 74.6970454, 13.4014447 ], [ 74.6970467, 13.4054342 ], [ 74.6970472, 13.4068033 ], [ 74.6968659, 13.4096873 ], [ 74.6968227, 13.4099944 ], [ 74.6967747, 13.410361 ], [ 74.696679700000033, 13.411101745697653 ], [ 74.696679700000033, 13.413416900000012 ], [ 74.715679700000038, 13.413416900000012 ], [ 74.715679700000038, 13.395416900000011 ], [ 74.696786192130332, 13.395416900000011 ], [ 74.6968254, 13.3956966 ] ] ] } },
{ "type": "Feature", "properties": { "zone_id": "D112", "is_urban": false, "ward_name": null, "center_lon": 74.7061797, "center_lat": 13.4224169, "area_sqkm": 4.2095591208013685, "population": 1354.0, "waste_kg_day": 406.2, "waste_tons_day": 0.406, "buildings": 334.0, "risk": "Low" }, "geometry": { "type": "Polygon", "coordinates": [ [ [ 74.696679700000033, 13.413416900000012 ], [ 74.696679700000033, 13.431416900000013 ], [ 74.715679700000038, 13.431416900000013 ], [ 74.715679700000038, 13.413416900000012 ], [ 74.696679700000033, 13.413416900000012 ] ] ] } },
{ "type": "Feature", "properties": { "zone_id": "D113", "is_urban": false, "ward_name": null, "center_lon": 74.7061797, "center_lat": 13.4404169, "area_sqkm": 4.2095591208013685, "population": 2293.0, "waste_kg_day": 687.9, "waste_tons_day": 0.688, "buildings": 593.0, "risk": "Medium" }, "geometry": { "type": "Polygon", "coordinates": [ [ [ 74.696679700000033, 13.431416900000013 ], [ 74.696679700000033, 13.449416900000013 ], [ 74.715679700000038, 13.449416900000013 ], [ 74.715679700000038, 13.431416900000013 ], [ 74.696679700000033, 13.431416900000013 ] ] ] } },
{ "type": "Feature", "properties": { "zone_id": "D114", "is_urban": false, "ward_name": null, "center_lon": 74.7061797, "center_lat": 13.4584169, "area_sqkm": 4.2095591208013685, "population": 6166.0, "waste_kg_day": 1849.8, "waste_tons_day": 1.85, "buildings": 1507.0, "risk": "High" }, "geometry": { "type": "Polygon", "coordinates": [ [ [ 74.696679700000033, 13.449416900000013 ], [ 74.696679700000033, 13.467416900000014 ], [ 74.715679700000038, 13.467416900000014 ], [ 74.715679700000038, 13.449416900000013 ], [ 74.696679700000033, 13.449416900000013 ] ] ] } },
{ "type": "Feature", "properties": { "zone_id": "D115", "is_urban": false, "ward_name": null, "center_lon": 74.7061797, "center_lat": 13.4764169, "area_sqkm": 4.2095591208013685, "population": 5723.0, "waste_kg_day": 1716.9, "waste_tons_day": 1.717, "buildings": 1287.0, "risk": "High" }, "geometry": { "type": "Polygon", "coordinates": [ [ [ 74.696679700000033, 13.467416900000014 ], [ 74.696679700000033, 13.485416900000015 ], [ 74.715679700000038, 13.485416900000015 ], [ 74.715679700000038, 13.467416900000014 ], [ 74.696679700000033, 13.467416900000014 ] ] ] } },
{ "type": "Feature", "properties": { "zone_id": "D116", "is_urban": false, "ward_name": null, "center_lon": 74.7061797, "center_lat": 13.4944169, "area_sqkm": 4.2095591208013685, "population": 5191.0, "waste_kg_day": 1557.3, "waste_tons_day": 1.557, "buildings": 1220.0, "risk": "High" }, "geometry": { "type": "Polygon", "coordinates": [ [ [ 74.696679700000033, 13.485416900000015 ], [ 74.696679700000033, 13.503416900000015 ], [ 74.715679700000038, 13.503416900000015 ], [ 74.715679700000038, 13.485416900000015 ], [ 74.696679700000033, 13.485416900000015 ] ] ] } },
{ "type": "Feature", "properties": { "zone_id": "D117", "is_urban": false, "ward_name": null, "center_lon": 74.7061797, "center_lat": 13.5124169, "area_sqkm": 4.2095591208013685, "population": 3998.0, "waste_kg_day": 1199.4, "waste_tons_day": 1.199, "buildings": 943.0, "risk": "Medium" }, "geometry": { "type": "Polygon", "coordinates": [ [ [ 74.696679700000033, 13.503416900000015 ], [ 74.696679700000033, 13.521416900000016 ], [ 74.715679700000038, 13.521416900000016 ], [ 74.715679700000038, 13.503416900000015 ], [ 74.696679700000033, 13.503416900000015 ] ] ] } },
{ "type": "Feature", "properties": { "zone_id": "D118", "is_urban": false, "ward_name": null, "center_lon": 74.7061797, "center_lat": 13.5304169, "area_sqkm": 4.2095591208013685, "population": 1910.0, "waste_kg_day": 573.0, "waste_tons_day": 0.573, "buildings": 416.0, "risk": "Medium" }, "geometry": { "type": "Polygon", "coordinates": [ [ [ 74.696679700000033, 13.521416900000016 ], [ 74.696679700000033, 13.539416900000017 ], [ 74.715679700000038, 13.539416900000017 ], [ 74.715679700000038, 13.521416900000016 ], [ 74.696679700000033, 13.521416900000016 ] ] ] } },
{ "type": "Feature", "properties": { "zone_id": "D119", "is_urban": false, "ward_name": null, "center_lon": 74.7061797, "center_lat": 13.5484169, "area_sqkm": 4.2095591208013685, "population": 2378.0, "waste_kg_day": 713.4, "waste_tons_day": 0.713, "buildings": 672.0, "risk": "Medium" }, "geometry": { "type": "Polygon", "coordinates": [ [ [ 74.696679700000033, 13.539416900000017 ], [ 74.696679700000033, 13.557416900000018 ], [ 74.715679700000038, 13.557416900000018 ], [ 74.715679700000038, 13.539416900000017 ], [ 74.696679700000033, 13.539416900000017 ] ] ] } },
{ "type": "Feature", "properties": { "zone_id": "D120", "is_urban": false, "ward_name": null, "center_lon": 74.7061797, "center_lat": 13.5664169, "area_sqkm": 4.2095591208013685, "population": 4374.0, "waste_kg_day": 1312.2, "waste_tons_day": 1.312, "buildings": 1161.0, "risk": "Medium" }, "geometry": { "type": "Polygon", "coordinates": [ [ [ 74.696679700000033, 13.557416900000018 ], [ 74.696679700000033, 13.575416900000018 ], [ 74.715679700000038, 13.575416900000018 ], [ 74.715679700000038, 13.557416900000018 ], [ 74.696679700000033, 13.557416900000018 ] ] ] } },
{ "type": "Feature", "properties": { "zone_id": "D121", "is_urban": false, "ward_name": null, "center_lon": 74.7061797, "center_lat": 13.5844169, "area_sqkm": 4.2095591208013685, "population": 5988.0, "waste_kg_day": 1796.4, "waste_tons_day": 1.796, "buildings": 1214.0, "risk": "High" }, "geometry": { "type": "Polygon", "coordinates": [ [ [ 74.696679700000033, 13.575416900000018 ], [ 74.696679700000033, 13.593416900000019 ], [ 74.715679700000038, 13.593416900000019 ], [ 74.715679700000038, 13.575416900000018 ], [ 74.696679700000033, 13.575416900000018 ] ] ] } },
{ "type": "Feature", "properties": { "zone_id": "D122", "is_urban": false, "ward_name": null, "center_lon": 74.7061797, "center_lat": 13.6024169, "area_sqkm": 4.2095591208013685, "population": 5848.0, "waste_kg_day": 1754.4, "waste_tons_day": 1.754, "buildings": 1442.0, "risk": "High" }, "geometry": { "type": "Polygon", "coordinates": [ [ [ 74.696679700000033, 13.593416900000019 ], [ 74.696679700000033, 13.61141690000002 ], [ 74.715679700000038, 13.61141690000002 ], [ 74.715679700000038, 13.593416900000019 ], [ 74.696679700000033, 13.593416900000019 ] ] ] } },
{ "type": "Feature", "properties": { "zone_id": "D123", "is_urban": false, "ward_name": null, "center_lon": 74.7061797, "center_lat": 13.6204169, "area_sqkm": 4.2095591208013685, "population": 926.0, "waste_kg_day": 277.8, "waste_tons_day": 0.278, "buildings": 189.0, "risk": "Low" }, "geometry": { "type": "Polygon", "coordinates": [ [ [ 74.696679700000033, 13.61141690000002 ], [ 74.696679700000033, 13.62941690000002 ], [ 74.715679700000038, 13.62941690000002 ], [ 74.715679700000038, 13.61141690000002 ], [ 74.696679700000033, 13.61141690000002 ] ] ] } },
{ "type": "Feature", "properties": { "zone_id": "D124", "is_urban": false, "ward_name": null, "center_lon": 74.7061797, "center_lat": 13.6384169, "area_sqkm": 4.2095591208013685, "population": 3185.0, "waste_kg_day": 955.5, "waste_tons_day": 0.956, "buildings": 643.0, "risk": "Medium" }, "geometry": { "type": "Polygon", "coordinates": [ [ [ 74.696679700000033, 13.62941690000002 ], [ 74.696679700000033, 13.647416900000021 ], [ 74.715679700000038, 13.647416900000021 ], [ 74.715679700000038, 13.62941690000002 ], [ 74.696679700000033, 13.62941690000002 ] ] ] } },
{ "type": "Feature", "properties": { "zone_id": "D125", "is_urban": false, "ward_name": null, "center_lon": 74.7061797, "center_lat": 13.6564169, "area_sqkm": 4.2095591208013685, "population": 6115.0, "waste_kg_day": 1834.5, "waste_tons_day": 1.835, "buildings": 1279.0, "risk": "High" }, "geometry": { "type": "Polygon", "coordinates": [ [ [ 74.696679700000033, 13.647416900000021 ], [ 74.696679700000033, 13.665416900000022 ], [ 74.715679700000038, 13.665416900000022 ], [ 74.715679700000038, 13.647416900000021 ], [ 74.696679700000033, 13.647416900000021 ] ] ] } },
{ "type": "Feature", "properties": { "zone_id": "D126", "is_urban": false, "ward_name": null, "center_lon": 74.7061797, "center_lat": 13.6744169, "area_sqkm": 4.2095591208013685, "population": 2453.0, "waste_kg_day": 735.9, "waste_tons_day": 0.736, "buildings": 601.0, "risk": "Medium" }, "geometry": { "type": "Polygon", "coordinates": [ [ [ 74.696679700000033, 13.665416900000022 ], [ 74.696679700000033, 13.683416900000022 ], [ 74.715679700000038, 13.683416900000022 ], [ 74.715679700000038, 13.665416900000022 ], [ 74.696679700000033, 13.665416900000022 ] ] ] } },
{ "type": "Feature", "properties": { "zone_id": "D127", "is_urban": false, "ward_name": null, "center_lon": 74.7061797, "center_lat": 13.6924169, "area_sqkm": 4.2095591208013685, "population": 5499.0, "waste_kg_day": 1649.7, "waste_tons_day": 1.65, "buildings": 1383.0, "risk": "High" }, "geometry": { "type": "Polygon", "coordinates": [ [ [ 74.696679700000033, 13.683416900000022 ], [ 74.696679700000033, 13.701416900000023 ], [ 74.715679700000038, 13.701416900000023 ], [ 74.715679700000038, 13.683416900000022 ], [ 74.696679700000033, 13.683416900000022 ] ] ] } },
{ "type": "Feature", "properties": { "zone_id": "D128", "is_urban": false, "ward_name": null, "center_lon": 74.7061797, "center_lat": 13.7104169, "area_sqkm": 4.2095591208013685, "population": 1769.0, "waste_kg_day": 530.7, "waste_tons_day": 0.531, "buildings": 408.0, "risk": "Medium" }, "geometry": { "type": "Polygon", "coordinates": [ [ [ 74.696679700000033, 13.701416900000023 ], [ 74.696679700000033, 13.719416900000024 ], [ 74.715679700000038, 13.719416900000024 ], [ 74.715679700000038, 13.701416900000023 ], [ 74.696679700000033, 13.701416900000023 ] ] ] } },
{ "type": "Feature", "properties": { "zone_id": "D129", "is_urban": false, "ward_name": null, "center_lon": 74.7061797, "center_lat": 13.7284169, "area_sqkm": 4.2095591208013685, "population": 5964.0, "waste_kg_day": 1789.2, "waste_tons_day": 1.789, "buildings": 1312.0, "risk": "High" }, "geometry": { "type": "Polygon", "coordinates": [ [ [ 74.696679700000033, 13.719416900000024 ], [ 74.696679700000033, 13.737416900000024 ], [ 74.715679700000038, 13.737416900000024 ], [ 74.715679700000038, 13.719416900000024 ], [ 74.696679700000033, 13.719416900000024 ] ] ] } },
{ "type": "Feature", "properties": { "zone_id": "D130", "is_urban": false, "ward_name": null, "center_lon": 74.7061797, "center_lat": 13.7464169, "area_sqkm": 4.2095591208013685, "population": 3961.0, "waste_kg_day": 1188.3, "waste_tons_day": 1.188, "buildings": 1086.0, "risk": "Medium" }, "geometry": { "type": "Polygon", "coordinates": [ [ [ 74.696679700000033, 13.737416900000024 ], [ 74.696679700000033, 13.755416900000025 ], [ 74.715679700000038, 13.755416900000025 ], [ 74.715679700000038, 13.737416900000024 ], [ 74.696679700000033, 13.737416900000024 ] ] ] } },
{ "type": "Feature", "properties": { "zone_id": "D131", "is_urban": false, "ward_name": null, "center_lon": 74.7061797, "center_lat": 13.7644169, "area_sqkm": 4.2095591208013685, "population": 4207.0, "waste_kg_day": 1262.1, "waste_tons_day": 1.262, "buildings": 843.0, "risk": "Medium" }, "geometry": { "type": "Polygon", "coordinates": [ [ [ 74.696679700000033, 13.755416900000025 ], [ 74.696679700000033, 13.773416900000026 ], [ 74.715679700000038, 13.773416900000026 ], [ 74.715679700000038, 13.755416900000025 ], [ 74.696679700000033, 13.755416900000025 ] ] ] } },
{ "type": "Feature", "properties": { "zone_id": "D132", "is_urban": false, "ward_name": null, "center_lon": 74.7061797, "center_lat": 13.7824169, "area_sqkm": 4.2095591208013685, "population": 1608.0, "waste_kg_day": 482.4, "waste_tons_day": 0.482, "buildings": 375.0, "risk": "Low" }, "geometry": { "type": "Polygon", "coordinates": [ [ [ 74.696679700000033, 13.773416900000026 ], [ 74.696679700000033, 13.791416900000026 ], [ 74.715679700000038, 13.791416900000026 ], [ 74.715679700000038, 13.773416900000026 ], [ 74.696679700000033, 13.773416900000026 ] ] ] } },
{ "type": "Feature", "properties": { "zone_id": "D133", "is_urban": false, "ward_name": null, "center_lon": 74.7061797, "center_lat": 13.8004169, "area_sqkm": 4.2095591208013685, "population": 5643.0, "waste_kg_day": 1692.9, "waste_tons_day": 1.693, "buildings": 1223.0, "risk": "High" }, "geometry": { "type": "Polygon", "coordinates": [ [ [ 74.696679700000033, 13.791416900000026 ], [ 74.696679700000033, 13.809416900000027 ], [ 74.715679700000038, 13.809416900000027 ], [ 74.715679700000038, 13.791416900000026 ], [ 74.696679700000033, 13.791416900000026 ] ] ] } },
{ "type": "Feature", "properties": { "zone_id": "D134", "is_urban": false, "ward_name": null, "center_lon": 74.7061797, "center_lat": 13.8184169, "area_sqkm": 4.2095591208013685, "population": 4656.0, "waste_kg_day": 1396.8, "waste_tons_day": 1.397, "buildings": 1022.0, "risk": "Medium" }, "geometry": { "type": "Polygon", "coordinates": [ [ [ 74.696679700000033, 13.809416900000027 ], [ 74.696679700000033, 13.827416900000028 ], [ 74.715679700000038, 13.827416900000028 ], [ 74.715679700000038, 13.809416900000027 ], [ 74.696679700000033, 13.809416900000027 ] ] ] } },
{ "type": "Feature", "properties": { "zone_id": "D135", "is_urban": false, "ward_name": null, "center_lon": 74.7061797, "center_lat": 13.8364169, "area_sqkm": 4.2095591208013685, "population": 2809.0, "waste_kg_day": 842.7, "waste_tons_day": 0.843, "buildings": 712.0, "risk": "Medium" }, "geometry": { "type": "Polygon", "coordinates": [ [ [ 74.696679700000033, 13.827416900000028 ], [ 74.696679700000033, 13.845416900000028 ], [ 74.715679700000038, 13.845416900000028 ], [ 74.715679700000038, 13.827416900000028 ], [ 74.696679700000033, 13.827416900000028 ] ] ] } },
{ "type": "Feature", "properties": { "zone_id": "D136", "is_urban": false, "ward_name": null, "center_lon": 74.7061797, "center_lat": 13.8544169, "area_sqkm": 4.2095591208013685, "population": 5271.0, "waste_kg_day": 1581.3, "waste_tons_day": 1.581, "buildings": 1117.0, "risk": "High" }, "geometry": { "type": "Polygon", "coordinates": [ [ [ 74.696679700000033, 13.845416900000028 ], [ 74.696679700000033, 13.863416900000029 ], [ 74.715679700000038, 13.863416900000029 ], [ 74.715679700000038, 13.845416900000028 ], [ 74.696679700000033, 13.845416900000028 ] ] ] } },
{ "type": "Feature", "properties": { "zone_id": "D137", "is_urban": false, "ward_name": null, "center_lon": 74.7061797, "center_lat": 13.8724169, "area_sqkm": 4.2095591208013685, "population": 5586.0, "waste_kg_day": 1675.8, "waste_tons_day": 1.676, "buildings": 1147.0, "risk": "High" }, "geometry": { "type": "Polygon", "coordinates": [ [ [ 74.696679700000033, 13.863416900000029 ], [ 74.696679700000033, 13.88141690000003 ], [ 74.715679700000038, 13.88141690000003 ], [ 74.715679700000038, 13.863416900000029 ], [ 74.696679700000033, 13.863416900000029 ] ] ] } },
{ "type": "Feature", "properties": { "zone_id": "D138", "is_urban": false, "ward_name": null, "center_lon": 74.7061797, "center_lat": 13.8904169, "area_sqkm": 4.2095591208013685, "population": 3640.0, "waste_kg_day": 1092.0, "waste_tons_day": 1.092, "buildings": 856.0, "risk": "Medium" }, "geometry": { "type": "Polygon", "coordinates": [ [ [ 74.696679700000033, 13.88141690000003 ], [ 74.696679700000033, 13.89941690000003 ], [ 74.715679700000038, 13.89941690000003 ], [ 74.715679700000038, 13.88141690000003 ], [ 74.696679700000033, 13.88141690000003 ] ] ] } },
{ "type": "Feature", "properties": { "zone_id": "D139", "is_urban": false, "ward_name": null, "center_lon": 74.705446468127747, "center_lat": 13.908184626992078, "area_sqkm": 3.8640613056501083, "population": 4782.0, "waste_kg_day": 1434.6, "waste_tons_day": 1.435, "buildings": 1068.0, "risk": "Medium" }, "geometry": { "type": "Polygon", "coordinates": [ [ [ 74.7126864, 13.9168998 ], [ 74.7130148, 13.9164206 ], [ 74.7137827, 13.9163345 ], [ 74.7140456, 13.9138759 ], [ 74.7137305, 13.9127191 ], [ 74.7133132, 13.9101162 ], [ 74.7130672, 13.9078656 ], [ 74.7128909, 13.906519 ], [ 74.7116046, 13.9060629 ], [ 74.7117431, 13.9050913 ], [ 74.7135706, 13.9055516 ], [ 74.715679700000038, 13.905997567333261 ], [ 74.715679700000038, 13.89941690000003 ], [ 74.696679700000033, 13.89941690000003 ], [ 74.696679700000033, 13.917416900000031 ], [ 74.712282993890312, 13.917416900000031 ], [ 74.7126864, 13.9168998 ] ] ] } },
{ "type": "Feature", "properties": { "zone_id": "D140", "is_urban": false, "ward_name": null, "center_lon": 74.703037958661739, "center_lat": 13.921856465731324, "area_sqkm": 1.4877738670512897, "population": 1655.0, "waste_kg_day": 496.5, "waste_tons_day": 0.496, "buildings": 352.0, "risk": "Low" }, "geometry": { "type": "Polygon", "coordinates": [ [ [ 74.6967233, 13.927751 ], [ 74.6992679, 13.9274068 ], [ 74.7011787, 13.9270854 ], [ 74.7021733, 13.9267597 ], [ 74.7056661, 13.9255068 ], [ 74.7067121, 13.9263561 ], [ 74.7077394, 13.9268348 ], [ 74.7081738, 13.9254382 ], [ 74.7088535, 13.9241952 ], [ 74.7091815, 13.9225862 ], [ 74.7097222, 13.9210088 ], [ 74.7110078, 13.9190515 ], [ 74.7117032, 13.9181601 ], [ 74.712282993890312, 13.917416900000031 ], [ 74.696679700000033, 13.917416900000031 ], [ 74.696679700000033, 13.927769264500975 ], [ 74.6967233, 13.927751 ] ] ] } },
{ "type": "Feature", "properties": { "zone_id": "D141", "is_urban": false, "ward_name": null, "center_lon": 74.698147254475813, "center_lat": 13.944232196019529, "area_sqkm": 0.51138504336075141, "population": 693.0, "waste_kg_day": 207.9, "waste_tons_day": 0.208, "buildings": 172.0, "risk": "Low" }, "geometry": { "type": "Polygon", "coordinates": [ [ [ 74.6967027, 13.9523945 ], [ 74.6976788, 13.951635 ], [ 74.6987058, 13.9506315 ], [ 74.6992974, 13.9484711 ], [ 74.6994869, 13.9475853 ], [ 74.700199, 13.946166 ], [ 74.7005825, 13.9444305 ], [ 74.6996751, 13.9428129 ], [ 74.6996929, 13.940386 ], [ 74.6995675, 13.9390122 ], [ 74.6990259, 13.9380633 ], [ 74.6981373, 13.9373631 ], [ 74.6972349, 13.9368527 ], [ 74.696679700000033, 13.936712035633702 ], [ 74.696679700000033, 13.952413184259358 ], [ 74.6967027, 13.9523945 ] ] ] } },
{ "type": "Feature", "properties": { "zone_id": "D142", "is_urban": false, "ward_name": null, "center_lon": 74.734654408644559, "center_lat": 13.233298125233292, "area_sqkm": 0.00016638691537663878, "population": 0.0, "waste_kg_day": 0.0, "waste_tons_day": 0.0, "buildings": 0.0, "risk": "Low" }, "geometry": { "type": "Polygon", "coordinates": [ [ [ 74.734658, 13.2331623 ], [ 74.734603853447112, 13.2334169 ], [ 74.734679700000044, 13.2334169 ], [ 74.734679700000044, 13.233060898508642 ], [ 74.734658, 13.2331623 ] ] ] } },
{ "type": "Feature", "properties": { "zone_id": "D143", "is_urban": false, "ward_name": null, "center_lon": 74.733541216731965, "center_lat": 13.245197524809617, "area_sqkm": 0.3918413150333897, "population": 372.0, "waste_kg_day": 111.6, "waste_tons_day": 0.112, "buildings": 104.0, "risk": "Low" }, "geometry": { "type": "Polygon", "coordinates": [ [ [ 74.7343415, 13.2346505 ], [ 74.734143, 13.2358829 ], [ 74.7336334, 13.2385983 ], [ 74.7333008, 13.2402797 ], [ 74.732582, 13.2436216 ], [ 74.7322118, 13.2458879 ], [ 74.7319812, 13.2474544 ], [ 74.7317237, 13.2494021 ], [ 74.7313696, 13.2513967 ], [ 74.731367234906756, 13.2514169 ], [ 74.734679700000044, 13.2514169 ], [ 74.734679700000044, 13.2334169 ], [ 74.734603853447112, 13.2334169 ], [ 74.7343415, 13.2346505 ] ] ] } },
{ "type": "Feature", "properties": { "zone_id": "D144", "is_urban": false, "ward_name": null, "center_lon": 74.731780045766072, "center_lat": 13.261622059144425, "area_sqkm": 1.2191621662075336, "population": 981.0, "waste_kg_day": 294.3, "waste_tons_day": 0.294, "buildings": 227.0, "risk": "Low" }, "geometry": { "type": "Polygon", "coordinates": [ [ [ 74.7312999, 13.251992 ], [ 74.7311228, 13.2528065 ], [ 74.7310263, 13.2531303 ], [ 74.7309405, 13.2534018 ], [ 74.7308546, 13.2535845 ], [ 74.7305918, 13.2543103 ], [ 74.7302109, 13.2561118 ], [ 74.7299212, 13.2572761 ], [ 74.7294116, 13.2593386 ], [ 74.7290522, 13.2609625 ], [ 74.7289181, 13.2615473 ], [ 74.7286123, 13.2628735 ], [ 74.7280866, 13.2652022 ], [ 74.727416, 13.2676196 ], [ 74.7268689, 13.269139 ], [ 74.726768539722414, 13.2694169 ], [ 74.734679700000044, 13.2694169 ], [ 74.734679700000044, 13.2514169 ], [ 74.731367234906756, 13.2514169 ], [ 74.7312999, 13.251992 ] ] ] } },
{ "type": "Feature", "properties": { "zone_id": "D145", "is_urban": false, "ward_name": null, "center_lon": 74.728837041369133, "center_lat": 13.279278514957682, "area_sqkm": 2.5192579232310601, "population": 1442.0, "waste_kg_day": 432.6, "waste_tons_day": 0.433, "buildings": 328.0, "risk": "Low" }, "geometry": { "type": "Polygon", "coordinates": [ [ [ 74.7263485, 13.27058 ], [ 74.7259945, 13.2714468 ], [ 74.7256726, 13.2720576 ], [ 74.7249269, 13.2737649 ], [ 74.72453, 13.2748509 ], [ 74.7241813, 13.2758168 ], [ 74.7239935, 13.2759891 ], [ 74.7239453, 13.2760257 ], [ 74.7238755, 13.276057 ], [ 74.7238594, 13.2761719 ], [ 74.7238702, 13.2762554 ], [ 74.7238862, 13.2763389 ], [ 74.7238862, 13.2765739 ], [ 74.7238702, 13.276955 ], [ 74.7237736, 13.2771064 ], [ 74.7237092, 13.2771534 ], [ 74.7236234, 13.2771639 ], [ 74.7235161, 13.2771639 ], [ 74.7234464, 13.2772683 ], [ 74.7234625, 13.277357 ], [ 74.7234678, 13.2774353 ], [ 74.7235483, 13.2774928 ], [ 74.7236127, 13.2775763 ], [ 74.723559, 13.2779 ], [ 74.7234571, 13.2781611 ], [ 74.723382, 13.2783177 ], [ 74.7232854, 13.278396 ], [ 74.7232103, 13.2785474 ], [ 74.7230387, 13.2791426 ], [ 74.7229421, 13.2792262 ], [ 74.7228724, 13.2792366 ], [ 74.7228134, 13.2793097 ], [ 74.7228187, 13.2793984 ], [ 74.7228295, 13.279529 ], [ 74.7225398, 13.2803173 ], [ 74.7224218, 13.2804896 ], [ 74.7223252, 13.2805314 ], [ 74.7222394, 13.2805366 ], [ 74.7221911, 13.2806306 ], [ 74.7221911, 13.2807193 ], [ 74.7222555, 13.2808394 ], [ 74.7220677, 13.2815599 ], [ 74.7217244, 13.2824631 ], [ 74.7214025, 13.2833664 ], [ 74.721204, 13.2839093 ], [ 74.7207481, 13.2859089 ], [ 74.720503171385332, 13.2874169 ], [ 74.734679700000044, 13.2874169 ], [ 74.734679700000044, 13.2694169 ], [ 74.726768539722414, 13.2694169 ], [ 74.7263485, 13.27058 ] ] ] } },
{ "type": "Feature", "properties": { "zone_id": "D146", "is_urban": false, "ward_name": null, "center_lon": 74.727083860081976, "center_lat": 13.296632507052822, "area_sqkm": 3.3598359304292083, "population": 805.0, "waste_kg_day": 241.5, "waste_tons_day": 0.241, "buildings": 226.0, "risk": "Low" }, "geometry": { "type": "Polygon", "coordinates": [ [ [ 74.720453, 13.2877258 ], [ 74.7203779, 13.2883366 ], [ 74.7202706, 13.2889213 ], [ 74.7201633, 13.2903048 ], [ 74.7201204, 13.2913124 ], [ 74.7200829, 13.2922313 ], [ 74.719879, 13.2937087 ], [ 74.7197396, 13.2947163 ], [ 74.719761, 13.2952802 ], [ 74.7197127, 13.2957343 ], [ 74.7196215, 13.2967837 ], [ 74.7192353, 13.2996185 ], [ 74.7191334, 13.3004224 ], [ 74.7187203, 13.3025837 ], [ 74.7183448, 13.3044109 ], [ 74.718172994571646, 13.3054169 ], [ 74.734679700000044, 13.3054169 ], [ 74.734679700000044, 13.2874169 ], [ 74.720503171385332, 13.2874169 ], [ 74.720453, 13.2877258 ] ] ] } },
{ "type": "Feature", "properties": { "zone_id": "D147", "is_urban": false, "ward_name": null, "center_lon": 74.725551325045402, "center_lat": 13.314645179350638, "area_sqkm": 4.0361681994487757, "population": 5123.0, "waste_kg_day": 1536.9, "waste_tons_day": 1.537, "buildings": 1267.0, "risk": "High" }, "geometry": { "type": "Polygon", "coordinates": [ [ [ 74.718039, 13.3062015 ], [ 74.7176152, 13.3080338 ], [ 74.7171324, 13.3103151 ], [ 74.7162312, 13.3140528 ], [ 74.7157323, 13.3161514 ], [ 74.715679700000038, 13.316317862927418 ], [ 74.715679700000038, 13.3234169 ], [ 74.734679700000044, 13.3234169 ], [ 74.734679700000044, 13.3054169 ], [ 74.718172994571646, 13.3054169 ], [ 74.718039, 13.3062015 ] ] ] } },
{ "type": "Feature", "properties": { "zone_id": "D148", "is_urban": true, "ward_name": "Kalmady", "center_lon": 74.7251797, "center_lat": 13.3324169, "area_sqkm": 4.2095591208013685, "population": 15303.0, "waste_kg_day": 7651.5, "waste_tons_day": 7.652, "buildings": 3572.0, "risk": "High" }, "geometry": { "type": "Polygon", "coordinates": [ [ [ 74.715679700000038, 13.3234169 ], [ 74.715679700000038, 13.3414169 ], [ 74.734679700000044, 13.3414169 ], [ 74.734679700000044, 13.3234169 ], [ 74.715679700000038, 13.3234169 ] ] ] } },
{ "type": "Feature", "properties": { "zone_id": "D149", "is_urban": true, "ward_name": "Kodavoor", "center_lon": 74.7251797, "center_lat": 13.3504169, "area_sqkm": 4.2095591208013685, "population": 28835.0, "waste_kg_day": 14417.5, "waste_tons_day": 14.418, "buildings": 7541.0, "risk": "High" }, "geometry": { "type": "Polygon", "coordinates": [ [ [ 74.715679700000038, 13.3414169 ], [ 74.715679700000038, 13.35941690000001 ], [ 74.734679700000044, 13.35941690000001 ], [ 74.734679700000044, 13.3414169 ], [ 74.715679700000038, 13.3414169 ] ] ] } },
{ "type": "Feature", "properties": { "zone_id": "D150", "is_urban": true, "ward_name": "Kodavoor", "center_lon": 74.7251797, "center_lat": 13.3684169, "area_sqkm": 4.2095591208013685, "population": 25739.0, "waste_kg_day": 12869.5, "waste_tons_day": 12.87, "buildings": 7094.0, "risk": "High" }, "geometry": { "type": "Polygon", "coordinates": [ [ [ 74.715679700000038, 13.35941690000001 ], [ 74.715679700000038, 13.377416900000011 ], [ 74.734679700000044, 13.377416900000011 ], [ 74.734679700000044, 13.35941690000001 ], [ 74.715679700000038, 13.35941690000001 ] ] ] } },
{ "type": "Feature", "properties": { "zone_id": "D151", "is_urban": false, "ward_name": "Gopalapura", "center_lon": 74.7251797, "center_lat": 13.3864169, "area_sqkm": 4.2095591208013685, "population": 1124.0, "waste_kg_day": 337.2, "waste_tons_day": 0.337, "buildings": 261.0, "risk": "Low" }, "geometry": { "type": "Polygon", "coordinates": [ [ [ 74.715679700000038, 13.377416900000011 ], [ 74.715679700000038, 13.395416900000011 ], [ 74.734679700000044, 13.395416900000011 ], [ 74.734679700000044, 13.377416900000011 ], [ 74.715679700000038, 13.377416900000011 ] ] ] } },
{ "type": "Feature", "properties": { "zone_id": "D152", "is_urban": false, "ward_name": null, "center_lon": 74.7251797, "center_lat": 13.4044169, "area_sqkm": 4.2095591208013685, "population": 3800.0, "waste_kg_day": 1140.0, "waste_tons_day": 1.14, "buildings": 852.0, "risk": "Medium" }, "geometry": { "type": "Polygon", "coordinates": [ [ [ 74.715679700000038, 13.395416900000011 ], [ 74.715679700000038, 13.413416900000012 ], [ 74.734679700000044, 13.413416900000012 ], [ 74.734679700000044, 13.395416900000011 ], [ 74.715679700000038, 13.395416900000011 ] ] ] } },
{ "type": "Feature", "properties": { "zone_id": "D153", "is_urban": false, "ward_name": null, "center_lon": 74.7251797, "center_lat": 13.4224169, "area_sqkm": 4.2095591208013685, "population": 4815.0, "waste_kg_day": 1444.5, "waste_tons_day": 1.444, "buildings": 970.0, "risk": "Medium" }, "geometry": { "type": "Polygon", "coordinates": [ [ [ 74.715679700000038, 13.413416900000012 ], [ 74.715679700000038, 13.431416900000013 ], [ 74.734679700000044, 13.431416900000013 ], [ 74.734679700000044, 13.413416900000012 ], [ 74.715679700000038, 13.413416900000012 ] ] ] } },
{ "type": "Feature", "properties": { "zone_id": "D154", "is_urban": false, "ward_name": null, "center_lon": 74.7251797, "center_lat": 13.4404169, "area_sqkm": 4.2095591208013685, "population": 3667.0, "waste_kg_day": 1100.1, "waste_tons_day": 1.1, "buildings": 920.0, "risk": "Medium" }, "geometry": { "type": "Polygon", "coordinates": [ [ [ 74.715679700000038, 13.431416900000013 ], [ 74.715679700000038, 13.449416900000013 ], [ 74.734679700000044, 13.449416900000013 ], [ 74.734679700000044, 13.431416900000013 ], [ 74.715679700000038, 13.431416900000013 ] ] ] } },
{ "type": "Feature", "properties": { "zone_id": "D155", "is_urban": false, "ward_name": null, "center_lon": 74.7251797, "center_lat": 13.4584169, "area_sqkm": 4.2095591208013685, "population": 5193.0, "waste_kg_day": 1557.9, "waste_tons_day": 1.558, "buildings": 1329.0, "risk": "High" }, "geometry": { "type": "Polygon", "coordinates": [ [ [ 74.715679700000038, 13.449416900000013 ], [ 74.715679700000038, 13.467416900000014 ], [ 74.734679700000044, 13.467416900000014 ], [ 74.734679700000044, 13.449416900000013 ], [ 74.715679700000038, 13.449416900000013 ] ] ] } },
{ "type": "Feature", "properties": { "zone_id": "D156", "is_urban": false, "ward_name": null, "center_lon": 74.7251797, "center_lat": 13.4764169, "area_sqkm": 4.2095591208013685, "population": 3244.0, "waste_kg_day": 973.2, "waste_tons_day": 0.973, "buildings": 896.0, "risk": "Medium" }, "geometry": { "type": "Polygon", "coordinates": [ [ [ 74.715679700000038, 13.467416900000014 ], [ 74.715679700000038, 13.485416900000015 ], [ 74.734679700000044, 13.485416900000015 ], [ 74.734679700000044, 13.467416900000014 ], [ 74.715679700000038, 13.467416900000014 ] ] ] } },
{ "type": "Feature", "properties": { "zone_id": "D157", "is_urban": false, "ward_name": null, "center_lon": 74.7251797, "center_lat": 13.4944169, "area_sqkm": 4.2095591208013685, "population": 980.0, "waste_kg_day": 294.0, "waste_tons_day": 0.294, "buildings": 198.0, "risk": "Low" }, "geometry": { "type": "Polygon", "coordinates": [ [ [ 74.715679700000038, 13.485416900000015 ], [ 74.715679700000038, 13.503416900000015 ], [ 74.734679700000044, 13.503416900000015 ], [ 74.734679700000044, 13.485416900000015 ], [ 74.715679700000038, 13.485416900000015 ] ] ] } },
{ "type": "Feature", "properties": { "zone_id": "D158", "is_urban": false, "ward_name": null, "center_lon": 74.7251797, "center_lat": 13.5124169, "area_sqkm": 4.2095591208013685, "population": 5416.0, "waste_kg_day": 1624.8, "waste_tons_day": 1.625, "buildings": 1191.0, "risk": "High" }, "geometry": { "type": "Polygon", "coordinates": [ [ [ 74.715679700000038, 13.503416900000015 ], [ 74.715679700000038, 13.521416900000016 ], [ 74.734679700000044, 13.521416900000016 ], [ 74.734679700000044, 13.503416900000015 ], [ 74.715679700000038, 13.503416900000015 ] ] ] } },
{ "type": "Feature", "properties": { "zone_id": "D159", "is_urban": false, "ward_name": null, "center_lon": 74.7251797, "center_lat": 13.5304169, "area_sqkm": 4.2095591208013685, "population": 3079.0, "waste_kg_day": 923.7, "waste_tons_day": 0.924, "buildings": 818.0, "risk": "Medium" }, "geometry": { "type": "Polygon", "coordinates": [ [ [ 74.715679700000038, 13.521416900000016 ], [ 74.715679700000038, 13.539416900000017 ], [ 74.734679700000044, 13.539416900000017 ], [ 74.734679700000044, 13.521416900000016 ], [ 74.715679700000038, 13.521416900000016 ] ] ] } },
{ "type": "Feature", "properties": { "zone_id": "D160", "is_urban": false, "ward_name": null, "center_lon": 74.7251797, "center_lat": 13.5484169, "area_sqkm": 4.2095591208013685, "population": 1698.0, "waste_kg_day": 509.4, "waste_tons_day": 0.509, "buildings": 438.0, "risk": "Medium" }, "geometry": { "type": "Polygon", "coordinates": [ [ [ 74.715679700000038, 13.539416900000017 ], [ 74.715679700000038, 13.557416900000018 ], [ 74.734679700000044, 13.557416900000018 ], [ 74.734679700000044, 13.539416900000017 ], [ 74.715679700000038, 13.539416900000017 ] ] ] } },
{ "type": "Feature", "properties": { "zone_id": "D161", "is_urban": false, "ward_name": null, "center_lon": 74.7251797, "center_lat": 13.5664169, "area_sqkm": 4.2095591208013685, "population": 3847.0, "waste_kg_day": 1154.1, "waste_tons_day": 1.154, "buildings": 841.0, "risk": "Medium" }, "geometry": { "type": "Polygon", "coordinates": [ [ [ 74.715679700000038, 13.557416900000018 ], [ 74.715679700000038, 13.575416900000018 ], [ 74.734679700000044, 13.575416900000018 ], [ 74.734679700000044, 13.557416900000018 ], [ 74.715679700000038, 13.557416900000018 ] ] ] } },
{ "type": "Feature", "properties": { "zone_id": "D162", "is_urban": false, "ward_name": null, "center_lon": 74.7251797, "center_lat": 13.5844169, "area_sqkm": 4.2095591208013685, "population": 4454.0, "waste_kg_day": 1336.2, "waste_tons_day": 1.336, "buildings": 1136.0, "risk": "Medium" }, "geometry": { "type": "Polygon", "coordinates": [ [ [ 74.715679700000038, 13.575416900000018 ], [ 74.715679700000038, 13.593416900000019 ], [ 74.734679700000044, 13.593416900000019 ], [ 74.734679700000044, 13.575416900000018 ], [ 74.715679700000038, 13.575416900000018 ] ] ] } },
{ "type": "Feature", "properties": { "zone_id": "D163", "is_urban": false, "ward_name": null, "center_lon": 74.7251797, "center_lat": 13.6024169, "area_sqkm": 4.2095591208013685, "population": 6067.0, "waste_kg_day": 1820.1, "waste_tons_day": 1.82, "buildings": 1316.0, "risk": "High" }, "geometry": { "type": "Polygon", "coordinates": [ [ [ 74.715679700000038, 13.593416900000019 ], [ 74.715679700000038, 13.61141690000002 ], [ 74.734679700000044, 13.61141690000002 ], [ 74.734679700000044, 13.593416900000019 ], [ 74.715679700000038, 13.593416900000019 ] ] ] } },
{ "type": "Feature", "properties": { "zone_id": "D164", "is_urban": false, "ward_name": null, "center_lon": 74.7251797, "center_lat": 13.6204169, "area_sqkm": 4.2095591208013685, "population": 3875.0, "waste_kg_day": 1162.5, "waste_tons_day": 1.163, "buildings": 877.0, "risk": "Medium" }, "geometry": { "type": "Polygon", "coordinates": [ [ [ 74.715679700000038, 13.61141690000002 ], [ 74.715679700000038, 13.62941690000002 ], [ 74.734679700000044, 13.62941690000002 ], [ 74.734679700000044, 13.61141690000002 ], [ 74.715679700000038, 13.61141690000002 ] ] ] } },
{ "type": "Feature", "properties": { "zone_id": "D165", "is_urban": false, "ward_name": null, "center_lon": 74.7251797, "center_lat": 13.6384169, "area_sqkm": 4.2095591208013685, "population": 3138.0, "waste_kg_day": 941.4, "waste_tons_day": 0.941, "buildings": 810.0, "risk": "Medium" }, "geometry": { "type": "Polygon", "coordinates": [ [ [ 74.715679700000038, 13.62941690000002 ], [ 74.715679700000038, 13.647416900000021 ], [ 74.734679700000044, 13.647416900000021 ], [ 74.734679700000044, 13.62941690000002 ], [ 74.715679700000038, 13.62941690000002 ] ] ] } },
{ "type": "Feature", "properties": { "zone_id": "D166", "is_urban": false, "ward_name": null, "center_lon": 74.7251797, "center_lat": 13.6564169, "area_sqkm": 4.2095591208013685, "population": 2789.0, "waste_kg_day": 836.7, "waste_tons_day": 0.837, "buildings": 601.0, "risk": "Medium" }, "geometry": { "type": "Polygon", "coordinates": [ [ [ 74.715679700000038, 13.647416900000021 ], [ 74.715679700000038, 13.665416900000022 ], [ 74.734679700000044, 13.665416900000022 ], [ 74.734679700000044, 13.647416900000021 ], [ 74.715679700000038, 13.647416900000021 ] ] ] } },
{ "type": "Feature", "properties": { "zone_id": "D167", "is_urban": false, "ward_name": null, "center_lon": 74.7251797, "center_lat": 13.6744169, "area_sqkm": 4.2095591208013685, "population": 920.0, "waste_kg_day": 276.0, "waste_tons_day": 0.276, "buildings": 250.0, "risk": "Low" }, "geometry": { "type": "Polygon", "coordinates": [ [ [ 74.715679700000038, 13.665416900000022 ], [ 74.715679700000038, 13.683416900000022 ], [ 74.734679700000044, 13.683416900000022 ], [ 74.734679700000044, 13.665416900000022 ], [ 74.715679700000038, 13.665416900000022 ] ] ] } },
{ "type": "Feature", "properties": { "zone_id": "D168", "is_urban": false, "ward_name": null, "center_lon": 74.7251797, "center_lat": 13.6924169, "area_sqkm": 4.2095591208013685, "population": 1093.0, "waste_kg_day": 327.9, "waste_tons_day": 0.328, "buildings": 306.0, "risk": "Low" }, "geometry": { "type": "Polygon", "coordinates": [ [ [ 74.715679700000038, 13.683416900000022 ], [ 74.715679700000038, 13.701416900000023 ], [ 74.734679700000044, 13.701416900000023 ], [ 74.734679700000044, 13.683416900000022 ], [ 74.715679700000038, 13.683416900000022 ] ] ] } },
{ "type": "Feature", "properties": { "zone_id": "D169", "is_urban": false, "ward_name": null, "center_lon": 74.7251797, "center_lat": 13.7104169, "area_sqkm": 4.2095591208013685, "population": 5523.0, "waste_kg_day": 1656.9, "waste_tons_day": 1.657, "buildings": 1212.0, "risk": "High" }, "geometry": { "type": "Polygon", "coordinates": [ [ [ 74.715679700000038, 13.701416900000023 ], [ 74.715679700000038, 13.719416900000024 ], [ 74.734679700000044, 13.719416900000024 ], [ 74.734679700000044, 13.701416900000023 ], [ 74.715679700000038, 13.701416900000023 ] ] ] } },
{ "type": "Feature", "properties": { "zone_id": "D170", "is_urban": false, "ward_name": null, "center_lon": 74.7251797, "center_lat": 13.7284169, "area_sqkm": 4.2095591208013685, "population": 3436.0, "waste_kg_day": 1030.8, "waste_tons_day": 1.031, "buildings": 942.0, "risk": "Medium" }, "geometry": { "type": "Polygon", "coordinates": [ [ [ 74.715679700000038, 13.719416900000024 ], [ 74.715679700000038, 13.737416900000024 ], [ 74.734679700000044, 13.737416900000024 ], [ 74.734679700000044, 13.719416900000024 ], [ 74.715679700000038, 13.719416900000024 ] ] ] } },
{ "type": "Feature", "properties": { "zone_id": "D171", "is_urban": false, "ward_name": null, "center_lon": 74.7251797, "center_lat": 13.7464169, "area_sqkm": 4.2095591208013685, "population": 3532.0, "waste_kg_day": 1059.6, "waste_tons_day": 1.06, "buildings": 838.0, "risk": "Medium" }, "geometry": { "type": "Polygon", "coordinates": [ [ [ 74.715679700000038, 13.737416900000024 ], [ 74.715679700000038, 13.755416900000025 ], [ 74.734679700000044, 13.755416900000025 ], [ 74.734679700000044, 13.737416900000024 ], [ 74.715679700000038, 13.737416900000024 ] ] ] } },
{ "type": "Feature", "properties": { "zone_id": "D172", "is_urban": false, "ward_name": null, "center_lon": 74.7251797, "center_lat": 13.7644169, "area_sqkm": 4.2095591208013685, "population": 1789.0, "waste_kg_day": 536.7, "waste_tons_day": 0.537, "buildings": 431.0, "risk": "Medium" }, "geometry": { "type": "Polygon", "coordinates": [ [ [ 74.715679700000038, 13.755416900000025 ], [ 74.715679700000038, 13.773416900000026 ], [ 74.734679700000044, 13.773416900000026 ], [ 74.734679700000044, 13.755416900000025 ], [ 74.715679700000038, 13.755416900000025 ] ] ] } },
{ "type": "Feature", "properties": { "zone_id": "D173", "is_urban": false, "ward_name": null, "center_lon": 74.7251797, "center_lat": 13.7824169, "area_sqkm": 4.2095591208013685, "population": 3022.0, "waste_kg_day": 906.6, "waste_tons_day": 0.907, "buildings": 683.0, "risk": "Medium" }, "geometry": { "type": "Polygon", "coordinates": [ [ [ 74.715679700000038, 13.773416900000026 ], [ 74.715679700000038, 13.791416900000026 ], [ 74.734679700000044, 13.791416900000026 ], [ 74.734679700000044, 13.773416900000026 ], [ 74.715679700000038, 13.773416900000026 ] ] ] } },
{ "type": "Feature", "properties": { "zone_id": "D174", "is_urban": false, "ward_name": null, "center_lon": 74.7251797, "center_lat": 13.8004169, "area_sqkm": 4.2095591208013685, "population": 4317.0, "waste_kg_day": 1295.1, "waste_tons_day": 1.295, "buildings": 1209.0, "risk": "Medium" }, "geometry": { "type": "Polygon", "coordinates": [ [ [ 74.715679700000038, 13.791416900000026 ], [ 74.715679700000038, 13.809416900000027 ], [ 74.734679700000044, 13.809416900000027 ], [ 74.734679700000044, 13.791416900000026 ], [ 74.715679700000038, 13.791416900000026 ] ] ] } },
{ "type": "Feature", "properties": { "zone_id": "D175", "is_urban": false, "ward_name": null, "center_lon": 74.7251797, "center_lat": 13.8184169, "area_sqkm": 4.2095591208013685, "population": 2891.0, "waste_kg_day": 867.3, "waste_tons_day": 0.867, "buildings": 651.0, "risk": "Medium" }, "geometry": { "type": "Polygon", "coordinates": [ [ [ 74.715679700000038, 13.809416900000027 ], [ 74.715679700000038, 13.827416900000028 ], [ 74.734679700000044, 13.827416900000028 ], [ 74.734679700000044, 13.809416900000027 ], [ 74.715679700000038, 13.809416900000027 ] ] ] } },
{ "type": "Feature", "properties": { "zone_id": "D176", "is_urban": false, "ward_name": null, "center_lon": 74.7251797, "center_lat": 13.8364169, "area_sqkm": 4.2095591208013685, "population": 3595.0, "waste_kg_day": 1078.5, "waste_tons_day": 1.079, "buildings": 751.0, "risk": "Medium" }, "geometry": { "type": "Polygon", "coordinates": [ [ [ 74.715679700000038, 13.827416900000028 ], [ 74.715679700000038, 13.845416900000028 ], [ 74.734679700000044, 13.845416900000028 ], [ 74.734679700000044, 13.827416900000028 ], [ 74.715679700000038, 13.827416900000028 ] ] ] } },
{ "type": "Feature", "properties": { "zone_id": "D177", "is_urban": false, "ward_name": null, "center_lon": 74.7251797, "center_lat": 13.8544169, "area_sqkm": 4.2095591208013685, "population": 4446.0, "waste_kg_day": 1333.8, "waste_tons_day": 1.334, "buildings": 1187.0, "risk": "Medium" }, "geometry": { "type": "Polygon", "coordinates": [ [ [ 74.715679700000038, 13.845416900000028 ], [ 74.715679700000038, 13.863416900000029 ], [ 74.734679700000044, 13.863416900000029 ], [ 74.734679700000044, 13.845416900000028 ], [ 74.715679700000038, 13.845416900000028 ] ] ] } },
{ "type": "Feature", "properties": { "zone_id": "D178", "is_urban": false, "ward_name": null, "center_lon": 74.7251797, "center_lat": 13.8724169, "area_sqkm": 4.2095591208013685, "population": 1228.0, "waste_kg_day": 368.4, "waste_tons_day": 0.368, "buildings": 275.0, "risk": "Low" }, "geometry": { "type": "Polygon", "coordinates": [ [ [ 74.715679700000038, 13.863416900000029 ], [ 74.715679700000038, 13.88141690000003 ], [ 74.734679700000044, 13.88141690000003 ], [ 74.734679700000044, 13.863416900000029 ], [ 74.715679700000038, 13.863416900000029 ] ] ] } },
{ "type": "Feature", "properties": { "zone_id": "D179", "is_urban": false, "ward_name": null, "center_lon": 74.7251797, "center_lat": 13.8904169, "area_sqkm": 4.2095591208013685, "population": 986.0, "waste_kg_day": 295.8, "waste_tons_day": 0.296, "buildings": 225.0, "risk": "Low" }, "geometry": { "type": "Polygon", "coordinates": [ [ [ 74.715679700000038, 13.88141690000003 ], [ 74.715679700000038, 13.89941690000003 ], [ 74.734679700000044, 13.89941690000003 ], [ 74.734679700000044, 13.88141690000003 ], [ 74.715679700000038, 13.88141690000003 ] ] ] } },
{ "type": "Feature", "properties": { "zone_id": "D180", "is_urban": false, "ward_name": null, "center_lon": 74.726460557455098, "center_lat": 13.904477651925626, "area_sqkm": 2.2369943675832258, "population": 3181.0, "waste_kg_day": 954.3, "waste_tons_day": 0.954, "buildings": 729.0, "risk": "Medium" }, "geometry": { "type": "Polygon", "coordinates": [ [ [ 74.7160459, 13.906075 ], [ 74.7177209, 13.9066212 ], [ 74.7214129, 13.9069949 ], [ 74.7228425, 13.9071797 ], [ 74.7239023, 13.9080108 ], [ 74.7255913, 13.9089818 ], [ 74.727988, 13.9095548 ], [ 74.7288905, 13.9102188 ], [ 74.7303017, 13.9105074 ], [ 74.7313107, 13.9117091 ], [ 74.7324258, 13.9118759 ], [ 74.733972, 13.914067 ], [ 74.734679700000044, 13.914128743757425 ], [ 74.734679700000044, 13.89941690000003 ], [ 74.715679700000038, 13.89941690000003 ], [ 74.715679700000038, 13.905997567333261 ], [ 74.7160459, 13.906075 ] ] ] } },
{ "type": "Feature", "properties": { "zone_id": "D181", "is_urban": false, "ward_name": null, "center_lon": 74.752483207735622, "center_lat": 13.17503720263454, "area_sqkm": 0.29020193768425284, "population": 204.0, "waste_kg_day": 61.2, "waste_tons_day": 0.061, "buildings": 45.0, "risk": "Low" }, "geometry": { "type": "Polygon", "coordinates": [ [ [ 74.753471, 13.16697 ], [ 74.7532457, 13.1678684 ], [ 74.7529936, 13.1687041 ], [ 74.7526449, 13.1699525 ], [ 74.7525376, 13.1704331 ], [ 74.7522426, 13.1717075 ], [ 74.7517329, 13.1734103 ], [ 74.7515076, 13.1743035 ], [ 74.7513574, 13.1750034 ], [ 74.7507673, 13.1769047 ], [ 74.750176, 13.1789484 ], [ 74.75002755060288, 13.1794169 ], [ 74.753679700000049, 13.1794169 ], [ 74.753679700000049, 13.16622934842567 ], [ 74.753471, 13.16697 ] ] ] } },
{ "type": "Feature", "properties": { "zone_id": "D182", "is_urban": false, "ward_name": null, "center_lon": 74.749789363357152, "center_lat": 13.189914432129211, "area_sqkm": 1.5880440790188843, "population": 1263.0, "waste_kg_day": 378.9, "waste_tons_day": 0.379, "buildings": 292.0, "risk": "Low" }, "geometry": { "type": "Polygon", "coordinates": [ [ [ 74.7498554, 13.1799602 ], [ 74.7493136, 13.181689 ], [ 74.7489864, 13.1827441 ], [ 74.7485733, 13.1838357 ], [ 74.7480968, 13.1849519 ], [ 74.7477364, 13.185669 ], [ 74.7473502, 13.186536 ], [ 74.7466958, 13.1876276 ], [ 74.7465455, 13.1879723 ], [ 74.7464222, 13.1882021 ], [ 74.7461969, 13.1884215 ], [ 74.7461325, 13.1885521 ], [ 74.7461218, 13.1886722 ], [ 74.7460842, 13.1889438 ], [ 74.7460091, 13.1891893 ], [ 74.7456604, 13.1899466 ], [ 74.7451132, 13.1909807 ], [ 74.7448128, 13.1914194 ], [ 74.7445768, 13.1918059 ], [ 74.7442818, 13.1920775 ], [ 74.7441906, 13.1923334 ], [ 74.7441637, 13.1925371 ], [ 74.7441316, 13.1940152 ], [ 74.7441208, 13.1941614 ], [ 74.744035, 13.1942868 ], [ 74.7440243, 13.1944591 ], [ 74.7440833, 13.1947359 ], [ 74.7441584, 13.1951381 ], [ 74.7441316, 13.1958536 ], [ 74.7440404, 13.1962923 ], [ 74.7438204, 13.1971698 ], [ 74.743750802964797, 13.1974169 ], [ 74.753679700000049, 13.1974169 ], [ 74.753679700000049, 13.1794169 ], [ 74.75002755060288, 13.1794169 ], [ 74.7498554, 13.1799602 ] ] ] } },
{ "type": "Feature", "properties": { "zone_id": "D183", "is_urban": false, "ward_name": null, "center_lon": 74.747575590350081, "center_lat": 13.206952988456074, "area_sqkm": 2.6762739858284297, "population": 3810.0, "waste_kg_day": 1143.0, "waste_tons_day": 1.143, "buildings": 934.0, "risk": "Medium" }, "geometry": { "type": "Polygon", "coordinates": [ [ [ 74.7437292, 13.1974936 ], [ 74.7436058, 13.1980785 ], [ 74.7435522, 13.1982717 ], [ 74.7434664, 13.1986008 ], [ 74.7432357, 13.1999012 ], [ 74.7427905, 13.2016352 ], [ 74.7426778, 13.2020477 ], [ 74.7419268, 13.2047792 ], [ 74.7416103, 13.2061788 ], [ 74.7411597, 13.2082469 ], [ 74.7407681, 13.2096779 ], [ 74.7406983, 13.2101401 ], [ 74.7406661, 13.210302 ], [ 74.7406286, 13.210409 ], [ 74.7405937, 13.2104613 ], [ 74.7405428, 13.2105135 ], [ 74.7404596, 13.210759 ], [ 74.7403631, 13.2112238 ], [ 74.7402182, 13.2121821 ], [ 74.740178, 13.2124589 ], [ 74.7400895, 13.212874 ], [ 74.7399446, 13.2136156 ], [ 74.7398615, 13.2140204 ], [ 74.7397797, 13.2143272 ], [ 74.7397341, 13.2144146 ], [ 74.7395839, 13.2151614 ], [ 74.7394942449925, 13.2154169 ], [ 74.753679700000049, 13.2154169 ], [ 74.753679700000049, 13.1974169 ], [ 74.743750802964797, 13.1974169 ], [ 74.7437292, 13.1974936 ] ] ] } },
{ "type": "Feature", "properties": { "zone_id": "D184", "is_urban": false, "ward_name": null, "center_lon": 74.745219988710019, "center_lat": 13.224883515464343, "area_sqkm": 3.7177700748662592, "population": 5389.0, "waste_kg_day": 1616.7, "waste_tons_day": 1.617, "buildings": 1109.0, "risk": "High" }, "geometry": { "type": "Polygon", "coordinates": [ [ [ 74.7393968, 13.2156946 ], [ 74.7392678, 13.2163114 ], [ 74.7389606, 13.2175888 ], [ 74.7387549, 13.2183939 ], [ 74.7386363, 13.2189865 ], [ 74.7383207, 13.2200853 ], [ 74.7380705, 13.2209845 ], [ 74.7378753, 13.2219007 ], [ 74.7376691, 13.2225463 ], [ 74.7375444, 13.222873 ], [ 74.7374475, 13.222987 ], [ 74.7372571, 13.2229035 ], [ 74.7371337, 13.2228512 ], [ 74.7369701, 13.2228016 ], [ 74.736844, 13.222799 ], [ 74.7367689, 13.2228904 ], [ 74.7367635, 13.2229374 ], [ 74.7368816, 13.2230889 ], [ 74.7368735, 13.2231802 ], [ 74.7368279, 13.2232716 ], [ 74.7366509, 13.2234387 ], [ 74.7365865, 13.223585 ], [ 74.7364578, 13.2237625 ], [ 74.7363156, 13.22388 ], [ 74.7360983, 13.2240628 ], [ 74.7360206, 13.224248 ], [ 74.7360115, 13.2243801 ], [ 74.7360581, 13.2245093 ], [ 74.7361413, 13.2245955 ], [ 74.7362432, 13.2246007 ], [ 74.7364336, 13.2245615 ], [ 74.7365087, 13.2245955 ], [ 74.7365141, 13.2248015 ], [ 74.7365409, 13.2250419 ], [ 74.7364712, 13.2257835 ], [ 74.7361439, 13.2270838 ], [ 74.7358596, 13.2280551 ], [ 74.735409, 13.2293084 ], [ 74.734894, 13.2315695 ], [ 74.7347653, 13.2326609 ], [ 74.734679700000044, 13.233060898508642 ], [ 74.734679700000044, 13.2334169 ], [ 74.753679700000049, 13.2334169 ], [ 74.753679700000049, 13.2154169 ], [ 74.7394942449925, 13.2154169 ], [ 74.7393968, 13.2156946 ] ] ] } },
{ "type": "Feature", "properties": { "zone_id": "D185", "is_urban": false, "ward_name": null, "center_lon": 74.7441797, "center_lat": 13.2424169, "area_sqkm": 4.2095591208013685, "population": 1913.0, "waste_kg_day": 573.9, "waste_tons_day": 0.574, "buildings": 530.0, "risk": "Medium" }, "geometry": { "type": "Polygon", "coordinates": [ [ [ 74.734679700000044, 13.2334169 ], [ 74.734679700000044, 13.2514169 ], [ 74.753679700000049, 13.2514169 ], [ 74.753679700000049, 13.2334169 ], [ 74.734679700000044, 13.2334169 ] ] ] } },
{ "type": "Feature", "properties": { "zone_id": "D186", "is_urban": false, "ward_name": null, "center_lon": 74.7441797, "center_lat": 13.2604169, "area_sqkm": 4.2095591208013685, "population": 1393.0, "waste_kg_day": 417.9, "waste_tons_day": 0.418, "buildings": 394.0, "risk": "Low" }, "geometry": { "type": "Polygon", "coordinates": [ [ [ 74.734679700000044, 13.2514169 ], [ 74.734679700000044, 13.2694169 ], [ 74.753679700000049, 13.2694169 ], [ 74.753679700000049, 13.2514169 ], [ 74.734679700000044, 13.2514169 ] ] ] } },
{ "type": "Feature", "properties": { "zone_id": "D187", "is_urban": false, "ward_name": null, "center_lon": 74.7441797, "center_lat": 13.2784169, "area_sqkm": 4.2095591208013685, "population": 1358.0, "waste_kg_day": 407.4, "waste_tons_day": 0.407, "buildings": 300.0, "risk": "Low" }, "geometry": { "type": "Polygon", "coordinates": [ [ [ 74.734679700000044, 13.2694169 ], [ 74.734679700000044, 13.2874169 ], [ 74.753679700000049, 13.2874169 ], [ 74.753679700000049, 13.2694169 ], [ 74.734679700000044, 13.2694169 ] ] ] } },
{ "type": "Feature", "properties": { "zone_id": "D188", "is_urban": false, "ward_name": null, "center_lon": 74.7441797, "center_lat": 13.2964169, "area_sqkm": 4.2095591208013685, "population": 1231.0, "waste_kg_day": 369.3, "waste_tons_day": 0.369, "buildings": 309.0, "risk": "Low" }, "geometry": { "type": "Polygon", "coordinates": [ [ [ 74.734679700000044, 13.2874169 ], [ 74.734679700000044, 13.3054169 ], [ 74.753679700000049, 13.3054169 ], [ 74.753679700000049, 13.2874169 ], [ 74.734679700000044, 13.2874169 ] ] ] } },
{ "type": "Feature", "properties": { "zone_id": "D189", "is_urban": true, "ward_name": "Badagubettu", "center_lon": 74.7441797, "center_lat": 13.3144169, "area_sqkm": 4.2095591208013685, "population": 30411.0, "waste_kg_day": 15205.5, "waste_tons_day": 15.206, "buildings": 8603.0, "risk": "High" }, "geometry": { "type": "Polygon", "coordinates": [ [ [ 74.734679700000044, 13.3054169 ], [ 74.734679700000044, 13.3234169 ], [ 74.753679700000049, 13.3234169 ], [ 74.753679700000049, 13.3054169 ], [ 74.734679700000044, 13.3054169 ] ] ] } },
{ "type": "Feature", "properties": { "zone_id": "D190", "is_urban": true, "ward_name": "Chitpadi", "center_lon": 74.7441797, "center_lat": 13.3324169, "area_sqkm": 4.2095591208013685, "population": 29771.0, "waste_kg_day": 14885.5, "waste_tons_day": 14.886, "buildings": 7589.0, "risk": "High" }, "geometry": { "type": "Polygon", "coordinates": [ [ [ 74.734679700000044, 13.3234169 ], [ 74.734679700000044, 13.3414169 ], [ 74.753679700000049, 13.3414169 ], [ 74.753679700000049, 13.3234169 ], [ 74.734679700000044, 13.3234169 ] ] ] } },
{ "type": "Feature", "properties": { "zone_id": "D191", "is_urban": true, "ward_name": "Moodabettu", "center_lon": 74.7441797, "center_lat": 13.3504169, "area_sqkm": 4.2095591208013685, "population": 15115.0, "waste_kg_day": 7557.5, "waste_tons_day": 7.558, "buildings": 3325.0, "risk": "High" }, "geometry": { "type": "Polygon", "coordinates": [ [ [ 74.734679700000044, 13.3414169 ], [ 74.734679700000044, 13.35941690000001 ], [ 74.753679700000049, 13.35941690000001 ], [ 74.753679700000049, 13.3414169 ], [ 74.734679700000044, 13.3414169 ] ] ] } },
{ "type": "Feature", "properties": { "zone_id": "D192", "is_urban": true, "ward_name": "Kodankooru", "center_lon": 74.7441797, "center_lat": 13.3684169, "area_sqkm": 4.2095591208013685, "population": 25866.0, "waste_kg_day": 12933.0, "waste_tons_day": 12.933, "buildings": 5370.0, "risk": "High" }, "geometry": { "type": "Polygon", "coordinates": [ [ [ 74.734679700000044, 13.35941690000001 ], [ 74.734679700000044, 13.377416900000011 ], [ 74.753679700000049, 13.377416900000011 ], [ 74.753679700000049, 13.35941690000001 ], [ 74.734679700000044, 13.35941690000001 ] ] ] } },
{ "type": "Feature", "properties": { "zone_id": "D193", "is_urban": true, "ward_name": "Subramyamanya Nagar", "center_lon": 74.7441797, "center_lat": 13.3864169, "area_sqkm": 4.2095591208013685, "population": 28100.0, "waste_kg_day": 14050.0, "waste_tons_day": 14.05, "buildings": 5972.0, "risk": "High" }, "geometry": { "type": "Polygon", "coordinates": [ [ [ 74.734679700000044, 13.377416900000011 ], [ 74.734679700000044, 13.395416900000011 ], [ 74.753679700000049, 13.395416900000011 ], [ 74.753679700000049, 13.377416900000011 ], [ 74.734679700000044, 13.377416900000011 ] ] ] } },
{ "type": "Feature", "properties": { "zone_id": "D194", "is_urban": false, "ward_name": null, "center_lon": 74.7441797, "center_lat": 13.4044169, "area_sqkm": 4.2095591208013685, "population": 2385.0, "waste_kg_day": 715.5, "waste_tons_day": 0.716, "buildings": 633.0, "risk": "Medium" }, "geometry": { "type": "Polygon", "coordinates": [ [ [ 74.734679700000044, 13.395416900000011 ], [ 74.734679700000044, 13.413416900000012 ], [ 74.753679700000049, 13.413416900000012 ], [ 74.753679700000049, 13.395416900000011 ], [ 74.734679700000044, 13.395416900000011 ] ] ] } },
{ "type": "Feature", "properties": { "zone_id": "D195", "is_urban": false, "ward_name": null, "center_lon": 74.7441797, "center_lat": 13.4224169, "area_sqkm": 4.2095591208013685, "population": 4949.0, "waste_kg_day": 1484.7, "waste_tons_day": 1.485, "buildings": 1050.0, "risk": "Medium" }, "geometry": { "type": "Polygon", "coordinates": [ [ [ 74.734679700000044, 13.413416900000012 ], [ 74.734679700000044, 13.431416900000013 ], [ 74.753679700000049, 13.431416900000013 ], [ 74.753679700000049, 13.413416900000012 ], [ 74.734679700000044, 13.413416900000012 ] ] ] } },
{ "type": "Feature", "properties": { "zone_id": "D196", "is_urban": false, "ward_name": null, "center_lon": 74.7441797, "center_lat": 13.4404169, "area_sqkm": 4.2095591208013685, "population": 6262.0, "waste_kg_day": 1878.6, "waste_tons_day": 1.879, "buildings": 1520.0, "risk": "High" }, "geometry": { "type": "Polygon", "coordinates": [ [ [ 74.734679700000044, 13.431416900000013 ], [ 74.734679700000044, 13.449416900000013 ], [ 74.753679700000049, 13.449416900000013 ], [ 74.753679700000049, 13.431416900000013 ], [ 74.734679700000044, 13.431416900000013 ] ] ] } },
{ "type": "Feature", "properties": { "zone_id": "D197", "is_urban": false, "ward_name": null, "center_lon": 74.7441797, "center_lat": 13.4584169, "area_sqkm": 4.2095591208013685, "population": 2877.0, "waste_kg_day": 863.1, "waste_tons_day": 0.863, "buildings": 616.0, "risk": "Medium" }, "geometry": { "type": "Polygon", "coordinates": [ [ [ 74.734679700000044, 13.449416900000013 ], [ 74.734679700000044, 13.467416900000014 ], [ 74.753679700000049, 13.467416900000014 ], [ 74.753679700000049, 13.449416900000013 ], [ 74.734679700000044, 13.449416900000013 ] ] ] } },
{ "type": "Feature", "properties": { "zone_id": "D198", "is_urban": false, "ward_name": null, "center_lon": 74.7441797, "center_lat": 13.4764169, "area_sqkm": 4.2095591208013685, "population": 2706.0, "waste_kg_day": 811.8, "waste_tons_day": 0.812, "buildings": 552.0, "risk": "Medium" }, "geometry": { "type": "Polygon", "coordinates": [ [ [ 74.734679700000044, 13.467416900000014 ], [ 74.734679700000044, 13.485416900000015 ], [ 74.753679700000049, 13.485416900000015 ], [ 74.753679700000049, 13.467416900000014 ], [ 74.734679700000044, 13.467416900000014 ] ] ] } },
{ "type": "Feature", "properties": { "zone_id": "D199", "is_urban": false, "ward_name": null, "center_lon": 74.7441797, "center_lat": 13.4944169, "area_sqkm": 4.2095591208013685, "population": 5539.0, "waste_kg_day": 1661.7, "waste_tons_day": 1.662, "buildings": 1336.0, "risk": "High" }, "geometry": { "type": "Polygon", "coordinates": [ [ [ 74.734679700000044, 13.485416900000015 ], [ 74.734679700000044, 13.503416900000015 ], [ 74.753679700000049, 13.503416900000015 ], [ 74.753679700000049, 13.485416900000015 ], [ 74.734679700000044, 13.485416900000015 ] ] ] } },
{ "type": "Feature", "properties": { "zone_id": "D200", "is_urban": false, "ward_name": null, "center_lon": 74.7441797, "center_lat": 13.5124169, "area_sqkm": 4.2095591208013685, "population": 4950.0, "waste_kg_day": 1485.0, "waste_tons_day": 1.485, "buildings": 1068.0, "risk": "Medium" }, "geometry": { "type": "Polygon", "coordinates": [ [ [ 74.734679700000044, 13.503416900000015 ], [ 74.734679700000044, 13.521416900000016 ], [ 74.753679700000049, 13.521416900000016 ], [ 74.753679700000049, 13.503416900000015 ], [ 74.734679700000044, 13.503416900000015 ] ] ] } },
{ "type": "Feature", "properties": { "zone_id": "D201", "is_urban": false, "ward_name": null, "center_lon": 74.7441797, "center_lat": 13.5304169, "area_sqkm": 4.2095591208013685, "population": 1406.0, "waste_kg_day": 421.8, "waste_tons_day": 0.422, "buildings": 289.0, "risk": "Low" }, "geometry": { "type": "Polygon", "coordinates": [ [ [ 74.734679700000044, 13.521416900000016 ], [ 74.734679700000044, 13.539416900000017 ], [ 74.753679700000049, 13.539416900000017 ], [ 74.753679700000049, 13.521416900000016 ], [ 74.734679700000044, 13.521416900000016 ] ] ] } },
{ "type": "Feature", "properties": { "zone_id": "D202", "is_urban": false, "ward_name": null, "center_lon": 74.7441797, "center_lat": 13.5484169, "area_sqkm": 4.2095591208013685, "population": 3606.0, "waste_kg_day": 1081.8, "waste_tons_day": 1.082, "buildings": 760.0, "risk": "Medium" }, "geometry": { "type": "Polygon", "coordinates": [ [ [ 74.734679700000044, 13.539416900000017 ], [ 74.734679700000044, 13.557416900000018 ], [ 74.753679700000049, 13.557416900000018 ], [ 74.753679700000049, 13.539416900000017 ], [ 74.734679700000044, 13.539416900000017 ] ] ] } },
{ "type": "Feature", "properties": { "zone_id": "D203", "is_urban": false, "ward_name": null, "center_lon": 74.7441797, "center_lat": 13.5664169, "area_sqkm": 4.2095591208013685, "population": 2593.0, "waste_kg_day": 777.9, "waste_tons_day": 0.778, "buildings": 535.0, "risk": "Medium" }, "geometry": { "type": "Polygon", "coordinates": [ [ [ 74.734679700000044, 13.557416900000018 ], [ 74.734679700000044, 13.575416900000018 ], [ 74.753679700000049, 13.575416900000018 ], [ 74.753679700000049, 13.557416900000018 ], [ 74.734679700000044, 13.557416900000018 ] ] ] } },
{ "type": "Feature", "properties": { "zone_id": "D204", "is_urban": false, "ward_name": null, "center_lon": 74.7441797, "center_lat": 13.5844169, "area_sqkm": 4.2095591208013685, "population": 2971.0, "waste_kg_day": 891.3, "waste_tons_day": 0.891, "buildings": 844.0, "risk": "Medium" }, "geometry": { "type": "Polygon", "coordinates": [ [ [ 74.734679700000044, 13.575416900000018 ], [ 74.734679700000044, 13.593416900000019 ], [ 74.753679700000049, 13.593416900000019 ], [ 74.753679700000049, 13.575416900000018 ], [ 74.734679700000044, 13.575416900000018 ] ] ] } },
{ "type": "Feature", "properties": { "zone_id": "D205", "is_urban": false, "ward_name": null, "center_lon": 74.7441797, "center_lat": 13.6024169, "area_sqkm": 4.2095591208013685, "population": 5796.0, "waste_kg_day": 1738.8, "waste_tons_day": 1.739, "buildings": 1593.0, "risk": "High" }, "geometry": { "type": "Polygon", "coordinates": [ [ [ 74.734679700000044, 13.593416900000019 ], [ 74.734679700000044, 13.61141690000002 ], [ 74.753679700000049, 13.61141690000002 ], [ 74.753679700000049, 13.593416900000019 ], [ 74.734679700000044, 13.593416900000019 ] ] ] } },
{ "type": "Feature", "properties": { "zone_id": "D206", "is_urban": false, "ward_name": null, "center_lon": 74.7441797, "center_lat": 13.6204169, "area_sqkm": 4.2095591208013685, "population": 2589.0, "waste_kg_day": 776.7, "waste_tons_day": 0.777, "buildings": 525.0, "risk": "Medium" }, "geometry": { "type": "Polygon", "coordinates": [ [ [ 74.734679700000044, 13.61141690000002 ], [ 74.734679700000044, 13.62941690000002 ], [ 74.753679700000049, 13.62941690000002 ], [ 74.753679700000049, 13.61141690000002 ], [ 74.734679700000044, 13.61141690000002 ] ] ] } },
{ "type": "Feature", "properties": { "zone_id": "D207", "is_urban": false, "ward_name": null, "center_lon": 74.7441797, "center_lat": 13.6384169, "area_sqkm": 4.2095591208013685, "population": 6044.0, "waste_kg_day": 1813.2, "waste_tons_day": 1.813, "buildings": 1386.0, "risk": "High" }, "geometry": { "type": "Polygon", "coordinates": [ [ [ 74.734679700000044, 13.62941690000002 ], [ 74.734679700000044, 13.647416900000021 ], [ 74.753679700000049, 13.647416900000021 ], [ 74.753679700000049, 13.62941690000002 ], [ 74.734679700000044, 13.62941690000002 ] ] ] } },
{ "type": "Feature", "properties": { "zone_id": "D208", "is_urban": false, "ward_name": null, "center_lon": 74.7441797, "center_lat": 13.6564169, "area_sqkm": 4.2095591208013685, "population": 4299.0, "waste_kg_day": 1289.7, "waste_tons_day": 1.29, "buildings": 1030.0, "risk": "Medium" }, "geometry": { "type": "Polygon", "coordinates": [ [ [ 74.734679700000044, 13.647416900000021 ], [ 74.734679700000044, 13.665416900000022 ], [ 74.753679700000049, 13.665416900000022 ], [ 74.753679700000049, 13.647416900000021 ], [ 74.734679700000044, 13.647416900000021 ] ] ] } },
{ "type": "Feature", "properties": { "zone_id": "D209", "is_urban": false, "ward_name": null, "center_lon": 74.7441797, "center_lat": 13.6744169, "area_sqkm": 4.2095591208013685, "population": 2446.0, "waste_kg_day": 733.8, "waste_tons_day": 0.734, "buildings": 612.0, "risk": "Medium" }, "geometry": { "type": "Polygon", "coordinates": [ [ [ 74.734679700000044, 13.665416900000022 ], [ 74.734679700000044, 13.683416900000022 ], [ 74.753679700000049, 13.683416900000022 ], [ 74.753679700000049, 13.665416900000022 ], [ 74.734679700000044, 13.665416900000022 ] ] ] } },
{ "type": "Feature", "properties": { "zone_id": "D210", "is_urban": false, "ward_name": null, "center_lon": 74.7441797, "center_lat": 13.6924169, "area_sqkm": 4.2095591208013685, "population": 4522.0, "waste_kg_day": 1356.6, "waste_tons_day": 1.357, "buildings": 976.0, "risk": "Medium" }, "geometry": { "type": "Polygon", "coordinates": [ [ [ 74.734679700000044, 13.683416900000022 ], [ 74.734679700000044, 13.701416900000023 ], [ 74.753679700000049, 13.701416900000023 ], [ 74.753679700000049, 13.683416900000022 ], [ 74.734679700000044, 13.683416900000022 ] ] ] } },
{ "type": "Feature", "properties": { "zone_id": "D211", "is_urban": false, "ward_name": null, "center_lon": 74.7441797, "center_lat": 13.7104169, "area_sqkm": 4.2095591208013685, "population": 5173.0, "waste_kg_day": 1551.9, "waste_tons_day": 1.552, "buildings": 1104.0, "risk": "High" }, "geometry": { "type": "Polygon", "coordinates": [ [ [ 74.734679700000044, 13.701416900000023 ], [ 74.734679700000044, 13.719416900000024 ], [ 74.753679700000049, 13.719416900000024 ], [ 74.753679700000049, 13.701416900000023 ], [ 74.734679700000044, 13.701416900000023 ] ] ] } },
{ "type": "Feature", "properties": { "zone_id": "D212", "is_urban": false, "ward_name": null, "center_lon": 74.7441797, "center_lat": 13.7284169, "area_sqkm": 4.2095591208013685, "population": 1341.0, "waste_kg_day": 402.3, "waste_tons_day": 0.402, "buildings": 316.0, "risk": "Low" }, "geometry": { "type": "Polygon", "coordinates": [ [ [ 74.734679700000044, 13.719416900000024 ], [ 74.734679700000044, 13.737416900000024 ], [ 74.753679700000049, 13.737416900000024 ], [ 74.753679700000049, 13.719416900000024 ], [ 74.734679700000044, 13.719416900000024 ] ] ] } },
{ "type": "Feature", "properties": { "zone_id": "D213", "is_urban": false, "ward_name": null, "center_lon": 74.7441797, "center_lat": 13.7464169, "area_sqkm": 4.2095591208013685, "population": 1156.0, "waste_kg_day": 346.8, "waste_tons_day": 0.347, "buildings": 267.0, "risk": "Low" }, "geometry": { "type": "Polygon", "coordinates": [ [ [ 74.734679700000044, 13.737416900000024 ], [ 74.734679700000044, 13.755416900000025 ], [ 74.753679700000049, 13.755416900000025 ], [ 74.753679700000049, 13.737416900000024 ], [ 74.734679700000044, 13.737416900000024 ] ] ] } },
{ "type": "Feature", "properties": { "zone_id": "D214", "is_urban": false, "ward_name": null, "center_lon": 74.7441797, "center_lat": 13.7644169, "area_sqkm": 4.2095591208013685, "population": 3258.0, "waste_kg_day": 977.4, "waste_tons_day": 0.977, "buildings": 674.0, "risk": "Medium" }, "geometry": { "type": "Polygon", "coordinates": [ [ [ 74.734679700000044, 13.755416900000025 ], [ 74.734679700000044, 13.773416900000026 ], [ 74.753679700000049, 13.773416900000026 ], [ 74.753679700000049, 13.755416900000025 ], [ 74.734679700000044, 13.755416900000025 ] ] ] } },
{ "type": "Feature", "properties": { "zone_id": "D215", "is_urban": false, "ward_name": null, "center_lon": 74.7441797, "center_lat": 13.7824169, "area_sqkm": 4.2095591208013685, "population": 2762.0, "waste_kg_day": 828.6, "waste_tons_day": 0.829, "buildings": 751.0, "risk": "Medium" }, "geometry": { "type": "Polygon", "coordinates": [ [ [ 74.734679700000044, 13.773416900000026 ], [ 74.734679700000044, 13.791416900000026 ], [ 74.753679700000049, 13.791416900000026 ], [ 74.753679700000049, 13.773416900000026 ], [ 74.734679700000044, 13.773416900000026 ] ] ] } },
{ "type": "Feature", "properties": { "zone_id": "D216", "is_urban": false, "ward_name": null, "center_lon": 74.7441797, "center_lat": 13.8004169, "area_sqkm": 4.2095591208013685, "population": 1624.0, "waste_kg_day": 487.2, "waste_tons_day": 0.487, "buildings": 349.0, "risk": "Low" }, "geometry": { "type": "Polygon", "coordinates": [ [ [ 74.734679700000044, 13.791416900000026 ], [ 74.734679700000044, 13.809416900000027 ], [ 74.753679700000049, 13.809416900000027 ], [ 74.753679700000049, 13.791416900000026 ], [ 74.734679700000044, 13.791416900000026 ] ] ] } },
{ "type": "Feature", "properties": { "zone_id": "D217", "is_urban": false, "ward_name": null, "center_lon": 74.7441797, "center_lat": 13.8184169, "area_sqkm": 4.2095591208013685, "population": 4225.0, "waste_kg_day": 1267.5, "waste_tons_day": 1.268, "buildings": 1157.0, "risk": "Medium" }, "geometry": { "type": "Polygon", "coordinates": [ [ [ 74.734679700000044, 13.809416900000027 ], [ 74.734679700000044, 13.827416900000028 ], [ 74.753679700000049, 13.827416900000028 ], [ 74.753679700000049, 13.809416900000027 ], [ 74.734679700000044, 13.809416900000027 ] ] ] } },
{ "type": "Feature", "properties": { "zone_id": "D218", "is_urban": false, "ward_name": null, "center_lon": 74.7441797, "center_lat": 13.8364169, "area_sqkm": 4.2095591208013685, "population": 1302.0, "waste_kg_day": 390.6, "waste_tons_day": 0.391, "buildings": 286.0, "risk": "Low" }, "geometry": { "type": "Polygon", "coordinates": [ [ [ 74.734679700000044, 13.827416900000028 ], [ 74.734679700000044, 13.845416900000028 ], [ 74.753679700000049, 13.845416900000028 ], [ 74.753679700000049, 13.827416900000028 ], [ 74.734679700000044, 13.827416900000028 ] ] ] } },
{ "type": "Feature", "properties": { "zone_id": "D219", "is_urban": false, "ward_name": null, "center_lon": 74.7441797, "center_lat": 13.8544169, "area_sqkm": 4.2095591208013685, "population": 1240.0, "waste_kg_day": 372.0, "waste_tons_day": 0.372, "buildings": 262.0, "risk": "Low" }, "geometry": { "type": "Polygon", "coordinates": [ [ [ 74.734679700000044, 13.845416900000028 ], [ 74.734679700000044, 13.863416900000029 ], [ 74.753679700000049, 13.863416900000029 ], [ 74.753679700000049, 13.845416900000028 ], [ 74.734679700000044, 13.845416900000028 ] ] ] } },
{ "type": "Feature", "properties": { "zone_id": "D220", "is_urban": false, "ward_name": null, "center_lon": 74.7441797, "center_lat": 13.8724169, "area_sqkm": 4.2095591208013685, "population": 4706.0, "waste_kg_day": 1411.8, "waste_tons_day": 1.412, "buildings": 1299.0, "risk": "Medium" }, "geometry": { "type": "Polygon", "coordinates": [ [ [ 74.734679700000044, 13.863416900000029 ], [ 74.734679700000044, 13.88141690000003 ], [ 74.753679700000049, 13.88141690000003 ], [ 74.753679700000049, 13.863416900000029 ], [ 74.734679700000044, 13.863416900000029 ] ] ] } },
{ "type": "Feature", "properties": { "zone_id": "D221", "is_urban": false, "ward_name": null, "center_lon": 74.7441797, "center_lat": 13.8904169, "area_sqkm": 4.2095591208013685, "population": 1306.0, "waste_kg_day": 391.8, "waste_tons_day": 0.392, "buildings": 262.0, "risk": "Low" }, "geometry": { "type": "Polygon", "coordinates": [ [ [ 74.734679700000044, 13.88141690000003 ], [ 74.734679700000044, 13.89941690000003 ], [ 74.753679700000049, 13.89941690000003 ], [ 74.753679700000049, 13.88141690000003 ], [ 74.734679700000044, 13.88141690000003 ] ] ] } },
{ "type": "Feature", "properties": { "zone_id": "D222", "is_urban": false, "ward_name": null, "center_lon": 74.743626292087072, "center_lat": 13.906479499683011, "area_sqkm": 3.2552899962681332, "population": 2234.0, "waste_kg_day": 670.2, "waste_tons_day": 0.67, "buildings": 550.0, "risk": "Medium" }, "geometry": { "type": "Polygon", "coordinates": [ [ [ 74.7364982, 13.9142874 ], [ 74.7418097, 13.9148138 ], [ 74.7442525, 13.91479 ], [ 74.7450714, 13.9148258 ], [ 74.7475271, 13.9127819 ], [ 74.7492028, 13.91167 ], [ 74.7506759, 13.9110148 ], [ 74.752601, 13.9100577 ], [ 74.753679700000049, 13.909611637176917 ], [ 74.753679700000049, 13.89941690000003 ], [ 74.734679700000044, 13.89941690000003 ], [ 74.734679700000044, 13.914128743757425 ], [ 74.7364982, 13.9142874 ] ] ] } },
{ "type": "Feature", "properties": { "zone_id": "D223", "is_urban": false, "ward_name": null, "center_lon": 74.772335348003907, "center_lat": 13.087699270184425, "area_sqkm": 0.029287572314727582, "population": 36.0, "waste_kg_day": 10.8, "waste_tons_day": 0.011, "buildings": 7.0, "risk": "Low" }, "geometry": { "type": "MultiPolygon", "coordinates": [ [ [ [ 74.7726596, 13.0742124 ], [ 74.7726308, 13.0742534 ], [ 74.7726191, 13.0743101 ], [ 74.7726267, 13.0743536 ], [ 74.7726712, 13.0743975 ], [ 74.772679700000054, 13.074402138043505 ], [ 74.772679700000054, 13.07420573563828 ], [ 74.7726596, 13.0742124 ] ] ], [ [ [ 74.7726781, 13.0752948 ], [ 74.7726044, 13.0752889 ], [ 74.772557, 13.0753006 ], [ 74.7725317, 13.0753217 ], [ 74.772505, 13.0754077 ], [ 74.772511, 13.0754528 ], [ 74.7725407, 13.0754913 ], [ 74.7726087, 13.0755196 ], [ 74.772679700000054, 13.075538767631251 ], [ 74.772679700000054, 13.075295229353317 ], [ 74.7726781, 13.0752948 ] ] ], [ [ [ 74.7716382, 13.0893869 ], [ 74.771631060714228, 13.0894169 ], [ 74.772679700000054, 13.0894169 ], [ 74.772679700000054, 13.084961226688755 ], [ 74.7716382, 13.0893869 ] ] ] ] } },
{ "type": "Feature", "properties": { "zone_id": "D224", "is_urban": false, "ward_name": null, "center_lon": 74.770916842458803, "center_lat": 13.100347260207215, "area_sqkm": 0.68636333884119916, "population": 1017.0, "waste_kg_day": 305.1, "waste_tons_day": 0.305, "buildings": 219.0, "risk": "Low" }, "geometry": { "type": "Polygon", "coordinates": [ [ [ 74.7700009, 13.096267 ], [ 74.7689145, 13.1015925 ], [ 74.7677672, 13.1065645 ], [ 74.767586375862294, 13.1074169 ], [ 74.772679700000054, 13.1074169 ], [ 74.772679700000054, 13.0894169 ], [ 74.771631060714228, 13.0894169 ], [ 74.7700009, 13.096267 ] ] ] } },
{ "type": "Feature", "properties": { "zone_id": "D225", "is_urban": false, "ward_name": null, "center_lon": 74.769005351473893, "center_lat": 13.117291032183685, "area_sqkm": 1.5833199648563108, "population": 1091.0, "waste_kg_day": 327.3, "waste_tons_day": 0.327, "buildings": 300.0, "risk": "Low" }, "geometry": { "type": "Polygon", "coordinates": [ [ [ 74.7671288, 13.1095739 ], [ 74.7668284, 13.1108748 ], [ 74.7663284, 13.1131662 ], [ 74.7659111, 13.114741 ], [ 74.7658397, 13.1149701 ], [ 74.7657824, 13.1151537 ], [ 74.7656053, 13.1159583 ], [ 74.765409, 13.116841 ], [ 74.7653264, 13.1172121 ], [ 74.7651386, 13.1179801 ], [ 74.7649562, 13.1187168 ], [ 74.7646612, 13.1202214 ], [ 74.7645324, 13.1208483 ], [ 74.7643822, 13.1215484 ], [ 74.7640175, 13.1229067 ], [ 74.7637814, 13.1240822 ], [ 74.7634703, 13.1253569 ], [ 74.763458432709484, 13.1254169 ], [ 74.772679700000054, 13.1254169 ], [ 74.772679700000054, 13.1074169 ], [ 74.767586375862294, 13.1074169 ], [ 74.7671288, 13.1095739 ] ] ] } },
{ "type": "Feature", "properties": { "zone_id": "D226", "is_urban": false, "ward_name": null, "center_lon": 74.766981606852241, "center_lat": 13.134966604770623, "area_sqkm": 2.4968908974721473, "population": 3021.0, "waste_kg_day": 906.3, "waste_tons_day": 0.906, "buildings": 696.0, "risk": "Medium" }, "geometry": { "type": "Polygon", "coordinates": [ [ [ 74.7633308, 13.1260622 ], [ 74.7631699, 13.1268615 ], [ 74.7629768, 13.1275668 ], [ 74.7624403, 13.1301266 ], [ 74.7621131, 13.1313752 ], [ 74.7619468, 13.1320439 ], [ 74.7618234, 13.1327021 ], [ 74.7616088, 13.1336686 ], [ 74.7611636, 13.1354396 ], [ 74.7609222, 13.1360874 ], [ 74.7605681, 13.1374874 ], [ 74.7604823, 13.1380411 ], [ 74.7603857, 13.13883 ], [ 74.7601765, 13.1397651 ], [ 74.7600317, 13.1404651 ], [ 74.7598493, 13.1414472 ], [ 74.759506, 13.1431188 ], [ 74.759444764614926, 13.1434169 ], [ 74.772679700000054, 13.1434169 ], [ 74.772679700000054, 13.1254169 ], [ 74.763458432709484, 13.1254169 ], [ 74.7633308, 13.1260622 ] ] ] } },
{ "type": "Feature", "properties": { "zone_id": "D227", "is_urban": false, "ward_name": null, "center_lon": 74.764918295873656, "center_lat": 13.152836065288602, "area_sqkm": 3.4169145394333538, "population": 2567.0, "waste_kg_day": 770.1, "waste_tons_day": 0.77, "buildings": 528.0, "risk": "Medium" }, "geometry": { "type": "Polygon", "coordinates": [ [ [ 74.7593665, 13.1437979 ], [ 74.7589803, 13.1450464 ], [ 74.7587335, 13.146227 ], [ 74.7580254, 13.1493665 ], [ 74.7578591, 13.1501292 ], [ 74.757387, 13.1517851 ], [ 74.7571564, 13.1526836 ], [ 74.7568613, 13.1538485 ], [ 74.7566575, 13.1547052 ], [ 74.7565073, 13.1553111 ], [ 74.7563571, 13.1559536 ], [ 74.7559977, 13.1578654 ], [ 74.7556329, 13.1594012 ], [ 74.7553056, 13.1606235 ], [ 74.755067430442978, 13.1614169 ], [ 74.772679700000054, 13.1614169 ], [ 74.772679700000054, 13.1434169 ], [ 74.759444764614926, 13.1434169 ], [ 74.7593665, 13.1437979 ] ] ] } },
{ "type": "Feature", "properties": { "zone_id": "D228", "is_urban": false, "ward_name": null, "center_lon": 74.763265787631013, "center_lat": 13.170487710584363, "area_sqkm": 4.1698554135200778, "population": 1436.0, "waste_kg_day": 430.8, "waste_tons_day": 0.431, "buildings": 338.0, "risk": "Low" }, "geometry": { "type": "Polygon", "coordinates": [ [ [ 74.754796, 13.1623211 ], [ 74.7543186, 13.1638882 ], [ 74.7541979, 13.1643322 ], [ 74.7541368, 13.1644873 ], [ 74.7540745, 13.1646586 ], [ 74.7537124, 13.1661133 ], [ 74.753679700000049, 13.16622934842567 ], [ 74.753679700000049, 13.1794169 ], [ 74.772679700000054, 13.1794169 ], [ 74.772679700000054, 13.1614169 ], [ 74.755067430442978, 13.1614169 ], [ 74.754796, 13.1623211 ] ] ] } },
{ "type": "Feature", "properties": { "zone_id": "D229", "is_urban": false, "ward_name": null, "center_lon": 74.7631797, "center_lat": 13.1884169, "area_sqkm": 4.2095591208013685, "population": 904.0, "waste_kg_day": 271.2, "waste_tons_day": 0.271, "buildings": 215.0, "risk": "Low" }, "geometry": { "type": "Polygon", "coordinates": [ [ [ 74.753679700000049, 13.1794169 ], [ 74.753679700000049, 13.1974169 ], [ 74.772679700000054, 13.1974169 ], [ 74.772679700000054, 13.1794169 ], [ 74.753679700000049, 13.1794169 ] ] ] } },
{ "type": "Feature", "properties": { "zone_id": "D230", "is_urban": false, "ward_name": null, "center_lon": 74.7631797, "center_lat": 13.2064169, "area_sqkm": 4.2095591208013685, "population": 1150.0, "waste_kg_day": 345.0, "waste_tons_day": 0.345, "buildings": 312.0, "risk": "Low" }, "geometry": { "type": "Polygon", "coordinates": [ [ [ 74.753679700000049, 13.1974169 ], [ 74.753679700000049, 13.2154169 ], [ 74.772679700000054, 13.2154169 ], [ 74.772679700000054, 13.1974169 ], [ 74.753679700000049, 13.1974169 ] ] ] } },
{ "type": "Feature", "properties": { "zone_id": "D231", "is_urban": false, "ward_name": null, "center_lon": 74.7631797, "center_lat": 13.2244169, "area_sqkm": 4.2095591208013685, "population": 1485.0, "waste_kg_day": 445.5, "waste_tons_day": 0.446, "buildings": 331.0, "risk": "Low" }, "geometry": { "type": "Polygon", "coordinates": [ [ [ 74.753679700000049, 13.2154169 ], [ 74.753679700000049, 13.2334169 ], [ 74.772679700000054, 13.2334169 ], [ 74.772679700000054, 13.2154169 ], [ 74.753679700000049, 13.2154169 ] ] ] } },
{ "type": "Feature", "properties": { "zone_id": "D232", "is_urban": false, "ward_name": null, "center_lon": 74.7631797, "center_lat": 13.2424169, "area_sqkm": 4.2095591208013685, "population": 4924.0, "waste_kg_day": 1477.2, "waste_tons_day": 1.477, "buildings": 1125.0, "risk": "Medium" }, "geometry": { "type": "Polygon", "coordinates": [ [ [ 74.753679700000049, 13.2334169 ], [ 74.753679700000049, 13.2514169 ], [ 74.772679700000054, 13.2514169 ], [ 74.772679700000054, 13.2334169 ], [ 74.753679700000049, 13.2334169 ] ] ] } },
{ "type": "Feature", "properties": { "zone_id": "D233", "is_urban": false, "ward_name": null, "center_lon": 74.7631797, "center_lat": 13.2604169, "area_sqkm": 4.2095591208013685, "population": 6107.0, "waste_kg_day": 1832.1, "waste_tons_day": 1.832, "buildings": 1503.0, "risk": "High" }, "geometry": { "type": "Polygon", "coordinates": [ [ [ 74.753679700000049, 13.2514169 ], [ 74.753679700000049, 13.2694169 ], [ 74.772679700000054, 13.2694169 ], [ 74.772679700000054, 13.2514169 ], [ 74.753679700000049, 13.2514169 ] ] ] } },
{ "type": "Feature", "properties": { "zone_id": "D234", "is_urban": false, "ward_name": null, "center_lon": 74.7631797, "center_lat": 13.2784169, "area_sqkm": 4.2095591208013685, "population": 2405.0, "waste_kg_day": 721.5, "waste_tons_day": 0.722, "buildings": 500.0, "risk": "Medium" }, "geometry": { "type": "Polygon", "coordinates": [ [ [ 74.753679700000049, 13.2694169 ], [ 74.753679700000049, 13.2874169 ], [ 74.772679700000054, 13.2874169 ], [ 74.772679700000054, 13.2694169 ], [ 74.753679700000049, 13.2694169 ] ] ] } },
{ "type": "Feature", "properties": { "zone_id": "D235", "is_urban": false, "ward_name": null, "center_lon": 74.7631797, "center_lat": 13.2964169, "area_sqkm": 4.2095591208013685, "population": 2065.0, "waste_kg_day": 619.5, "waste_tons_day": 0.62, "buildings": 417.0, "risk": "Medium" }, "geometry": { "type": "Polygon", "coordinates": [ [ [ 74.753679700000049, 13.2874169 ], [ 74.753679700000049, 13.3054169 ], [ 74.772679700000054, 13.3054169 ], [ 74.772679700000054, 13.2874169 ], [ 74.753679700000049, 13.2874169 ] ] ] } },
{ "type": "Feature", "properties": { "zone_id": "D236", "is_urban": true, "ward_name": "Indrali", "center_lon": 74.7631797, "center_lat": 13.3144169, "area_sqkm": 4.2095591208013685, "population": 12884.0, "waste_kg_day": 6442.0, "waste_tons_day": 6.442, "buildings": 2600.0, "risk": "High" }, "geometry": { "type": "Polygon", "coordinates": [ [ [ 74.753679700000049, 13.3054169 ], [ 74.753679700000049, 13.3234169 ], [ 74.772679700000054, 13.3234169 ], [ 74.772679700000054, 13.3054169 ], [ 74.753679700000049, 13.3054169 ] ] ] } },
{ "type": "Feature", "properties": { "zone_id": "D237", "is_urban": true, "ward_name": "Indrali", "center_lon": 74.7631797, "center_lat": 13.3324169, "area_sqkm": 4.2095591208013685, "population": 13537.0, "waste_kg_day": 6768.5, "waste_tons_day": 6.769, "buildings": 2798.0, "risk": "High" }, "geometry": { "type": "Polygon", "coordinates": [ [ [ 74.753679700000049, 13.3234169 ], [ 74.753679700000049, 13.3414169 ], [ 74.772679700000054, 13.3414169 ], [ 74.772679700000054, 13.3234169 ], [ 74.753679700000049, 13.3234169 ] ] ] } },
{ "type": "Feature", "properties": { "zone_id": "D238", "is_urban": true, "ward_name": "Karamballi", "center_lon": 74.7631797, "center_lat": 13.3504169, "area_sqkm": 4.2095591208013685, "population": 23735.0, "waste_kg_day": 11867.5, "waste_tons_day": 11.867, "buildings": 4757.0, "risk": "High" }, "geometry": { "type": "Polygon", "coordinates": [ [ [ 74.753679700000049, 13.3414169 ], [ 74.753679700000049, 13.35941690000001 ], [ 74.772679700000054, 13.35941690000001 ], [ 74.772679700000054, 13.3414169 ], [ 74.753679700000049, 13.3414169 ] ] ] } },
{ "type": "Feature", "properties": { "zone_id": "D239", "is_urban": true, "ward_name": "Kakunje", "center_lon": 74.7631797, "center_lat": 13.3684169, "area_sqkm": 4.2095591208013685, "population": 14181.0, "waste_kg_day": 7090.5, "waste_tons_day": 7.09, "buildings": 3274.0, "risk": "High" }, "geometry": { "type": "Polygon", "coordinates": [ [ [ 74.753679700000049, 13.35941690000001 ], [ 74.753679700000049, 13.377416900000011 ], [ 74.772679700000054, 13.377416900000011 ], [ 74.772679700000054, 13.35941690000001 ], [ 74.753679700000049, 13.35941690000001 ] ] ] } },
{ "type": "Feature", "properties": { "zone_id": "D240", "is_urban": true, "ward_name": "Gopalapura", "center_lon": 74.7631797, "center_lat": 13.3864169, "area_sqkm": 4.2095591208013685, "population": 33030.0, "waste_kg_day": 16515.0, "waste_tons_day": 16.515, "buildings": 7708.0, "risk": "High" }, "geometry": { "type": "Polygon", "coordinates": [ [ [ 74.753679700000049, 13.377416900000011 ], [ 74.753679700000049, 13.395416900000011 ], [ 74.772679700000054, 13.395416900000011 ], [ 74.772679700000054, 13.377416900000011 ], [ 74.753679700000049, 13.377416900000011 ] ] ] } },
{ "type": "Feature", "properties": { "zone_id": "D241", "is_urban": false, "ward_name": null, "center_lon": 74.7631797, "center_lat": 13.4044169, "area_sqkm": 4.2095591208013685, "population": 4286.0, "waste_kg_day": 1285.8, "waste_tons_day": 1.286, "buildings": 943.0, "risk": "Medium" }, "geometry": { "type": "Polygon", "coordinates": [ [ [ 74.753679700000049, 13.395416900000011 ], [ 74.753679700000049, 13.413416900000012 ], [ 74.772679700000054, 13.413416900000012 ], [ 74.772679700000054, 13.395416900000011 ], [ 74.753679700000049, 13.395416900000011 ] ] ] } },
{ "type": "Feature", "properties": { "zone_id": "D242", "is_urban": false, "ward_name": null, "center_lon": 74.7631797, "center_lat": 13.4224169, "area_sqkm": 4.2095591208013685, "population": 3329.0, "waste_kg_day": 998.7, "waste_tons_day": 0.999, "buildings": 749.0, "risk": "Medium" }, "geometry": { "type": "Polygon", "coordinates": [ [ [ 74.753679700000049, 13.413416900000012 ], [ 74.753679700000049, 13.431416900000013 ], [ 74.772679700000054, 13.431416900000013 ], [ 74.772679700000054, 13.413416900000012 ], [ 74.753679700000049, 13.413416900000012 ] ] ] } },
{ "type": "Feature", "properties": { "zone_id": "D243", "is_urban": false, "ward_name": null, "center_lon": 74.7631797, "center_lat": 13.4404169, "area_sqkm": 4.2095591208013685, "population": 4039.0, "waste_kg_day": 1211.7, "waste_tons_day": 1.212, "buildings": 832.0, "risk": "Medium" }, "geometry": { "type": "Polygon", "coordinates": [ [ [ 74.753679700000049, 13.431416900000013 ], [ 74.753679700000049, 13.449416900000013 ], [ 74.772679700000054, 13.449416900000013 ], [ 74.772679700000054, 13.431416900000013 ], [ 74.753679700000049, 13.431416900000013 ] ] ] } },
{ "type": "Feature", "properties": { "zone_id": "D244", "is_urban": false, "ward_name": null, "center_lon": 74.7631797, "center_lat": 13.4584169, "area_sqkm": 4.2095591208013685, "population": 1090.0, "waste_kg_day": 327.0, "waste_tons_day": 0.327, "buildings": 277.0, "risk": "Low" }, "geometry": { "type": "Polygon", "coordinates": [ [ [ 74.753679700000049, 13.449416900000013 ], [ 74.753679700000049, 13.467416900000014 ], [ 74.772679700000054, 13.467416900000014 ], [ 74.772679700000054, 13.449416900000013 ], [ 74.753679700000049, 13.449416900000013 ] ] ] } },
{ "type": "Feature", "properties": { "zone_id": "D245", "is_urban": false, "ward_name": null, "center_lon": 74.7631797, "center_lat": 13.4764169, "area_sqkm": 4.2095591208013685, "population": 6042.0, "waste_kg_day": 1812.6, "waste_tons_day": 1.813, "buildings": 1249.0, "risk": "High" }, "geometry": { "type": "Polygon", "coordinates": [ [ [ 74.753679700000049, 13.467416900000014 ], [ 74.753679700000049, 13.485416900000015 ], [ 74.772679700000054, 13.485416900000015 ], [ 74.772679700000054, 13.467416900000014 ], [ 74.753679700000049, 13.467416900000014 ] ] ] } },
{ "type": "Feature", "properties": { "zone_id": "D246", "is_urban": false, "ward_name": null, "center_lon": 74.7631797, "center_lat": 13.4944169, "area_sqkm": 4.2095591208013685, "population": 3335.0, "waste_kg_day": 1000.5, "waste_tons_day": 1.0, "buildings": 752.0, "risk": "Medium" }, "geometry": { "type": "Polygon", "coordinates": [ [ [ 74.753679700000049, 13.485416900000015 ], [ 74.753679700000049, 13.503416900000015 ], [ 74.772679700000054, 13.503416900000015 ], [ 74.772679700000054, 13.485416900000015 ], [ 74.753679700000049, 13.485416900000015 ] ] ] } },
{ "type": "Feature", "properties": { "zone_id": "D247", "is_urban": false, "ward_name": null, "center_lon": 74.7631797, "center_lat": 13.5124169, "area_sqkm": 4.2095591208013685, "population": 2359.0, "waste_kg_day": 707.7, "waste_tons_day": 0.708, "buildings": 623.0, "risk": "Medium" }, "geometry": { "type": "Polygon", "coordinates": [ [ [ 74.753679700000049, 13.503416900000015 ], [ 74.753679700000049, 13.521416900000016 ], [ 74.772679700000054, 13.521416900000016 ], [ 74.772679700000054, 13.503416900000015 ], [ 74.753679700000049, 13.503416900000015 ] ] ] } },
{ "type": "Feature", "properties": { "zone_id": "D248", "is_urban": false, "ward_name": null, "center_lon": 74.7631797, "center_lat": 13.5304169, "area_sqkm": 4.2095591208013685, "population": 3379.0, "waste_kg_day": 1013.7, "waste_tons_day": 1.014, "buildings": 838.0, "risk": "Medium" }, "geometry": { "type": "Polygon", "coordinates": [ [ [ 74.753679700000049, 13.521416900000016 ], [ 74.753679700000049, 13.539416900000017 ], [ 74.772679700000054, 13.539416900000017 ], [ 74.772679700000054, 13.521416900000016 ], [ 74.753679700000049, 13.521416900000016 ] ] ] } },
{ "type": "Feature", "properties": { "zone_id": "D249", "is_urban": false, "ward_name": null, "center_lon": 74.7631797, "center_lat": 13.5484169, "area_sqkm": 4.2095591208013685, "population": 4035.0, "waste_kg_day": 1210.5, "waste_tons_day": 1.21, "buildings": 1115.0, "risk": "Medium" }, "geometry": { "type": "Polygon", "coordinates": [ [ [ 74.753679700000049, 13.539416900000017 ], [ 74.753679700000049, 13.557416900000018 ], [ 74.772679700000054, 13.557416900000018 ], [ 74.772679700000054, 13.539416900000017 ], [ 74.753679700000049, 13.539416900000017 ] ] ] } },
{ "type": "Feature", "properties": { "zone_id": "D250", "is_urban": false, "ward_name": null, "center_lon": 74.7631797, "center_lat": 13.5664169, "area_sqkm": 4.2095591208013685, "population": 6174.0, "waste_kg_day": 1852.2, "waste_tons_day": 1.852, "buildings": 1239.0, "risk": "High" }, "geometry": { "type": "Polygon", "coordinates": [ [ [ 74.753679700000049, 13.557416900000018 ], [ 74.753679700000049, 13.575416900000018 ], [ 74.772679700000054, 13.575416900000018 ], [ 74.772679700000054, 13.557416900000018 ], [ 74.753679700000049, 13.557416900000018 ] ] ] } },
{ "type": "Feature", "properties": { "zone_id": "D251", "is_urban": false, "ward_name": null, "center_lon": 74.7631797, "center_lat": 13.5844169, "area_sqkm": 4.2095591208013685, "population": 4662.0, "waste_kg_day": 1398.6, "waste_tons_day": 1.399, "buildings": 1083.0, "risk": "Medium" }, "geometry": { "type": "Polygon", "coordinates": [ [ [ 74.753679700000049, 13.575416900000018 ], [ 74.753679700000049, 13.593416900000019 ], [ 74.772679700000054, 13.593416900000019 ], [ 74.772679700000054, 13.575416900000018 ], [ 74.753679700000049, 13.575416900000018 ] ] ] } },
{ "type": "Feature", "properties": { "zone_id": "D252", "is_urban": false, "ward_name": null, "center_lon": 74.7631797, "center_lat": 13.6024169, "area_sqkm": 4.2095591208013685, "population": 2535.0, "waste_kg_day": 760.5, "waste_tons_day": 0.76, "buildings": 536.0, "risk": "Medium" }, "geometry": { "type": "Polygon", "coordinates": [ [ [ 74.753679700000049, 13.593416900000019 ], [ 74.753679700000049, 13.61141690000002 ], [ 74.772679700000054, 13.61141690000002 ], [ 74.772679700000054, 13.593416900000019 ], [ 74.753679700000049, 13.593416900000019 ] ] ] } },
{ "type": "Feature", "properties": { "zone_id": "D253", "is_urban": false, "ward_name": null, "center_lon": 74.7631797, "center_lat": 13.6204169, "area_sqkm": 4.2095591208013685, "population": 4589.0, "waste_kg_day": 1376.7, "waste_tons_day": 1.377, "buildings": 1225.0, "risk": "Medium" }, "geometry": { "type": "Polygon", "coordinates": [ [ [ 74.753679700000049, 13.61141690000002 ], [ 74.753679700000049, 13.62941690000002 ], [ 74.772679700000054, 13.62941690000002 ], [ 74.772679700000054, 13.61141690000002 ], [ 74.753679700000049, 13.61141690000002 ] ] ] } },
{ "type": "Feature", "properties": { "zone_id": "D254", "is_urban": false, "ward_name": null, "center_lon": 74.7631797, "center_lat": 13.6384169, "area_sqkm": 4.2095591208013685, "population": 5826.0, "waste_kg_day": 1747.8, "waste_tons_day": 1.748, "buildings": 1230.0, "risk": "High" }, "geometry": { "type": "Polygon", "coordinates": [ [ [ 74.753679700000049, 13.62941690000002 ], [ 74.753679700000049, 13.647416900000021 ], [ 74.772679700000054, 13.647416900000021 ], [ 74.772679700000054, 13.62941690000002 ], [ 74.753679700000049, 13.62941690000002 ] ] ] } },
{ "type": "Feature", "properties": { "zone_id": "D255", "is_urban": false, "ward_name": null, "center_lon": 74.7631797, "center_lat": 13.6564169, "area_sqkm": 4.2095591208013685, "population": 6039.0, "waste_kg_day": 1811.7, "waste_tons_day": 1.812, "buildings": 1316.0, "risk": "High" }, "geometry": { "type": "Polygon", "coordinates": [ [ [ 74.753679700000049, 13.647416900000021 ], [ 74.753679700000049, 13.665416900000022 ], [ 74.772679700000054, 13.665416900000022 ], [ 74.772679700000054, 13.647416900000021 ], [ 74.753679700000049, 13.647416900000021 ] ] ] } },
{ "type": "Feature", "properties": { "zone_id": "D256", "is_urban": false, "ward_name": null, "center_lon": 74.7631797, "center_lat": 13.6744169, "area_sqkm": 4.2095591208013685, "population": 4198.0, "waste_kg_day": 1259.4, "waste_tons_day": 1.259, "buildings": 1017.0, "risk": "Medium" }, "geometry": { "type": "Polygon", "coordinates": [ [ [ 74.753679700000049, 13.665416900000022 ], [ 74.753679700000049, 13.683416900000022 ], [ 74.772679700000054, 13.683416900000022 ], [ 74.772679700000054, 13.665416900000022 ], [ 74.753679700000049, 13.665416900000022 ] ] ] } },
{ "type": "Feature", "properties": { "zone_id": "D257", "is_urban": false, "ward_name": null, "center_lon": 74.7631797, "center_lat": 13.6924169, "area_sqkm": 4.2095591208013685, "population": 5946.0, "waste_kg_day": 1783.8, "waste_tons_day": 1.784, "buildings": 1238.0, "risk": "High" }, "geometry": { "type": "Polygon", "coordinates": [ [ [ 74.753679700000049, 13.683416900000022 ], [ 74.753679700000049, 13.701416900000023 ], [ 74.772679700000054, 13.701416900000023 ], [ 74.772679700000054, 13.683416900000022 ], [ 74.753679700000049, 13.683416900000022 ] ] ] } },
{ "type": "Feature", "properties": { "zone_id": "D258", "is_urban": false, "ward_name": null, "center_lon": 74.7631797, "center_lat": 13.7104169, "area_sqkm": 4.2095591208013685, "population": 1089.0, "waste_kg_day": 326.7, "waste_tons_day": 0.327, "buildings": 307.0, "risk": "Low" }, "geometry": { "type": "Polygon", "coordinates": [ [ [ 74.753679700000049, 13.701416900000023 ], [ 74.753679700000049, 13.719416900000024 ], [ 74.772679700000054, 13.719416900000024 ], [ 74.772679700000054, 13.701416900000023 ], [ 74.753679700000049, 13.701416900000023 ] ] ] } },
{ "type": "Feature", "properties": { "zone_id": "D259", "is_urban": false, "ward_name": null, "center_lon": 74.7631797, "center_lat": 13.7284169, "area_sqkm": 4.2095591208013685, "population": 2902.0, "waste_kg_day": 870.6, "waste_tons_day": 0.871, "buildings": 615.0, "risk": "Medium" }, "geometry": { "type": "Polygon", "coordinates": [ [ [ 74.753679700000049, 13.719416900000024 ], [ 74.753679700000049, 13.737416900000024 ], [ 74.772679700000054, 13.737416900000024 ], [ 74.772679700000054, 13.719416900000024 ], [ 74.753679700000049, 13.719416900000024 ] ] ] } },
{ "type": "Feature", "properties": { "zone_id": "D260", "is_urban": false, "ward_name": null, "center_lon": 74.7631797, "center_lat": 13.7464169, "area_sqkm": 4.2095591208013685, "population": 6244.0, "waste_kg_day": 1873.2, "waste_tons_day": 1.873, "buildings": 1675.0, "risk": "High" }, "geometry": { "type": "Polygon", "coordinates": [ [ [ 74.753679700000049, 13.737416900000024 ], [ 74.753679700000049, 13.755416900000025 ], [ 74.772679700000054, 13.755416900000025 ], [ 74.772679700000054, 13.737416900000024 ], [ 74.753679700000049, 13.737416900000024 ] ] ] } },
{ "type": "Feature", "properties": { "zone_id": "D261", "is_urban": false, "ward_name": null, "center_lon": 74.7631797, "center_lat": 13.7644169, "area_sqkm": 4.2095591208013685, "population": 4093.0, "waste_kg_day": 1227.9, "waste_tons_day": 1.228, "buildings": 1005.0, "risk": "Medium" }, "geometry": { "type": "Polygon", "coordinates": [ [ [ 74.753679700000049, 13.755416900000025 ], [ 74.753679700000049, 13.773416900000026 ], [ 74.772679700000054, 13.773416900000026 ], [ 74.772679700000054, 13.755416900000025 ], [ 74.753679700000049, 13.755416900000025 ] ] ] } },
{ "type": "Feature", "properties": { "zone_id": "D262", "is_urban": false, "ward_name": null, "center_lon": 74.7631797, "center_lat": 13.7824169, "area_sqkm": 4.2095591208013685, "population": 6149.0, "waste_kg_day": 1844.7, "waste_tons_day": 1.845, "buildings": 1290.0, "risk": "High" }, "geometry": { "type": "Polygon", "coordinates": [ [ [ 74.753679700000049, 13.773416900000026 ], [ 74.753679700000049, 13.791416900000026 ], [ 74.772679700000054, 13.791416900000026 ], [ 74.772679700000054, 13.773416900000026 ], [ 74.753679700000049, 13.773416900000026 ] ] ] } },
{ "type": "Feature", "properties": { "zone_id": "D263", "is_urban": false, "ward_name": null, "center_lon": 74.7631797, "center_lat": 13.8004169, "area_sqkm": 4.2095591208013685, "population": 5429.0, "waste_kg_day": 1628.7, "waste_tons_day": 1.629, "buildings": 1291.0, "risk": "High" }, "geometry": { "type": "Polygon", "coordinates": [ [ [ 74.753679700000049, 13.791416900000026 ], [ 74.753679700000049, 13.809416900000027 ], [ 74.772679700000054, 13.809416900000027 ], [ 74.772679700000054, 13.791416900000026 ], [ 74.753679700000049, 13.791416900000026 ] ] ] } },
{ "type": "Feature", "properties": { "zone_id": "D264", "is_urban": false, "ward_name": null, "center_lon": 74.7631797, "center_lat": 13.8184169, "area_sqkm": 4.2095591208013685, "population": 3111.0, "waste_kg_day": 933.3, "waste_tons_day": 0.933, "buildings": 795.0, "risk": "Medium" }, "geometry": { "type": "Polygon", "coordinates": [ [ [ 74.753679700000049, 13.809416900000027 ], [ 74.753679700000049, 13.827416900000028 ], [ 74.772679700000054, 13.827416900000028 ], [ 74.772679700000054, 13.809416900000027 ], [ 74.753679700000049, 13.809416900000027 ] ] ] } },
{ "type": "Feature", "properties": { "zone_id": "D265", "is_urban": false, "ward_name": null, "center_lon": 74.7631797, "center_lat": 13.8364169, "area_sqkm": 4.2095591208013685, "population": 1150.0, "waste_kg_day": 345.0, "waste_tons_day": 0.345, "buildings": 239.0, "risk": "Low" }, "geometry": { "type": "Polygon", "coordinates": [ [ [ 74.753679700000049, 13.827416900000028 ], [ 74.753679700000049, 13.845416900000028 ], [ 74.772679700000054, 13.845416900000028 ], [ 74.772679700000054, 13.827416900000028 ], [ 74.753679700000049, 13.827416900000028 ] ] ] } },
{ "type": "Feature", "properties": { "zone_id": "D266", "is_urban": false, "ward_name": null, "center_lon": 74.7631797, "center_lat": 13.8544169, "area_sqkm": 4.2095591208013685, "population": 5290.0, "waste_kg_day": 1587.0, "waste_tons_day": 1.587, "buildings": 1058.0, "risk": "High" }, "geometry": { "type": "Polygon", "coordinates": [ [ [ 74.753679700000049, 13.845416900000028 ], [ 74.753679700000049, 13.863416900000029 ], [ 74.772679700000054, 13.863416900000029 ], [ 74.772679700000054, 13.845416900000028 ], [ 74.753679700000049, 13.845416900000028 ] ] ] } },
{ "type": "Feature", "properties": { "zone_id": "D267", "is_urban": false, "ward_name": null, "center_lon": 74.7631797, "center_lat": 13.8724169, "area_sqkm": 4.2095591208013685, "population": 6295.0, "waste_kg_day": 1888.5, "waste_tons_day": 1.889, "buildings": 1452.0, "risk": "High" }, "geometry": { "type": "Polygon", "coordinates": [ [ [ 74.753679700000049, 13.863416900000029 ], [ 74.753679700000049, 13.88141690000003 ], [ 74.772679700000054, 13.88141690000003 ], [ 74.772679700000054, 13.863416900000029 ], [ 74.753679700000049, 13.863416900000029 ] ] ] } },
{ "type": "Feature", "properties": { "zone_id": "D268", "is_urban": false, "ward_name": null, "center_lon": 74.7631797, "center_lat": 13.8904169, "area_sqkm": 4.2095591208013685, "population": 5050.0, "waste_kg_day": 1515.0, "waste_tons_day": 1.515, "buildings": 1027.0, "risk": "High" }, "geometry": { "type": "Polygon", "coordinates": [ [ [ 74.753679700000049, 13.88141690000003 ], [ 74.753679700000049, 13.89941690000003 ], [ 74.772679700000054, 13.89941690000003 ], [ 74.772679700000054, 13.88141690000003 ], [ 74.753679700000049, 13.88141690000003 ] ] ] } },
{ "type": "Feature", "properties": { "zone_id": "D269", "is_urban": false, "ward_name": null, "center_lon": 74.763731543563168, "center_lat": 13.906587931139473, "area_sqkm": 3.3021763859748012, "population": 4307.0, "waste_kg_day": 1292.1, "waste_tons_day": 1.292, "buildings": 1112.0, "risk": "Medium" }, "geometry": { "type": "Polygon", "coordinates": [ [ [ 74.7537579, 13.9095793 ], [ 74.7549749, 13.9090467 ], [ 74.7555712, 13.9099689 ], [ 74.7557839, 13.910317 ], [ 74.7563663, 13.9112573 ], [ 74.7568747, 13.9122473 ], [ 74.757439, 13.9124238 ], [ 74.7592152, 13.9131794 ], [ 74.7606583, 13.9139122 ], [ 74.761056, 13.9142785 ], [ 74.7621519, 13.9153862 ], [ 74.7626374, 13.9159649 ], [ 74.7630728, 13.9150568 ], [ 74.763397, 13.9143338 ], [ 74.7645721, 13.9143027 ], [ 74.7660897, 13.9142537 ], [ 74.7678755, 13.9142546 ], [ 74.7683844, 13.9143452 ], [ 74.7687267, 13.914395 ], [ 74.7698323, 13.914626 ], [ 74.7710674, 13.9151101 ], [ 74.7718909, 13.9150518 ], [ 74.772679700000054, 13.914935923185833 ], [ 74.772679700000054, 13.89941690000003 ], [ 74.753679700000049, 13.89941690000003 ], [ 74.753679700000049, 13.909611637176917 ], [ 74.7537579, 13.9095793 ] ] ] } },
{ "type": "Feature", "properties": { "zone_id": "D270", "is_urban": false, "ward_name": null, "center_lon": 74.776192056266126, "center_lat": 13.081929920296787, "area_sqkm": 1.0909679460981778, "population": 857.0, "waste_kg_day": 257.1, "waste_tons_day": 0.257, "buildings": 232.0, "risk": "Low" }, "geometry": { "type": "Polygon", "coordinates": [ [ [ 74.7807667, 13.0892658 ], [ 74.7801679, 13.087729 ], [ 74.7794818, 13.0855774 ], [ 74.7786802, 13.0839048 ], [ 74.7773125, 13.0800039 ], [ 74.7773451, 13.0791497 ], [ 74.777856, 13.0773872 ], [ 74.7781808, 13.0761039 ], [ 74.7795516, 13.0723667 ], [ 74.777374, 13.071776 ], [ 74.7761084, 13.0714169 ], [ 74.7756031, 13.0726878 ], [ 74.775024, 13.0738859 ], [ 74.7744607, 13.0746712 ], [ 74.7737917, 13.0744708 ], [ 74.7727892, 13.074191 ], [ 74.772716, 13.0741937 ], [ 74.772679700000054, 13.07420573563828 ], [ 74.772679700000054, 13.074402138043505 ], [ 74.7727172, 13.0744226 ], [ 74.7743928, 13.074888 ], [ 74.774266, 13.0753013 ], [ 74.7741471, 13.075689 ], [ 74.772679700000054, 13.075295229353317 ], [ 74.772679700000054, 13.075538767631251 ], [ 74.7740774, 13.0759161 ], [ 74.774138, 13.0764382 ], [ 74.7742149, 13.0771618 ], [ 74.7741819, 13.078136 ], [ 74.7740988, 13.0788978 ], [ 74.7733457, 13.0823101 ], [ 74.7727143, 13.0848142 ], [ 74.772679700000054, 13.084961226688755 ], [ 74.772679700000054, 13.0894169 ], [ 74.780766634263514, 13.0894169 ], [ 74.7807667, 13.0892658 ] ] ] } },
{ "type": "Feature", "properties": { "zone_id": "D271", "is_urban": false, "ward_name": null, "center_lon": 74.780636276026812, "center_lat": 13.10022410270324, "area_sqkm": 2.4677282725153677, "population": 3554.0, "waste_kg_day": 1066.2, "waste_tons_day": 1.066, "buildings": 806.0, "risk": "Medium" }, "geometry": { "type": "Polygon", "coordinates": [ [ [ 74.790234, 13.0974904 ], [ 74.7886798, 13.0983576 ], [ 74.7869091, 13.0987502 ], [ 74.7860053, 13.0990436 ], [ 74.7847693, 13.0997347 ], [ 74.7841005, 13.1002587 ], [ 74.7838005, 13.1010088 ], [ 74.7835971, 13.1024505 ], [ 74.7832326, 13.1031419 ], [ 74.7824945, 13.1038602 ], [ 74.7813601, 13.1043208 ], [ 74.7799906, 13.1042886 ], [ 74.7782849, 13.1035648 ], [ 74.7774829, 13.1027148 ], [ 74.7770318, 13.1009565 ], [ 74.7771016, 13.099447 ], [ 74.7776691, 13.0985298 ], [ 74.7789421, 13.0975134 ], [ 74.7796113, 13.0958459 ], [ 74.7799948, 13.0939569 ], [ 74.780766, 13.0908748 ], [ 74.780766634263514, 13.0894169 ], [ 74.772679700000054, 13.0894169 ], [ 74.772679700000054, 13.1074169 ], [ 74.79167970000006, 13.1074169 ], [ 74.79167970000006, 13.096594483746092 ], [ 74.790234, 13.0974904 ] ] ] } },
{ "type": "Feature", "properties": { "zone_id": "D272", "is_urban": false, "ward_name": null, "center_lon": 74.782122976102443, "center_lat": 13.116428400651737, "area_sqkm": 4.1837629873789899, "population": 2080.0, "waste_kg_day": 624.0, "waste_tons_day": 0.624, "buildings": 461.0, "risk": "Medium" }, "geometry": { "type": "Polygon", "coordinates": [ [ [ 74.7912095, 13.1159848 ], [ 74.7909423, 13.115135 ], [ 74.7909612, 13.1140006 ], [ 74.7916304, 13.1123602 ], [ 74.79167970000006, 13.112276921444856 ], [ 74.79167970000006, 13.1074169 ], [ 74.772679700000054, 13.1074169 ], [ 74.772679700000054, 13.1254169 ], [ 74.79167970000006, 13.1254169 ], [ 74.79167970000006, 13.116516804500124 ], [ 74.7912095, 13.1159848 ] ] ] } },
{ "type": "Feature", "properties": { "zone_id": "D273", "is_urban": false, "ward_name": null, "center_lon": 74.7821797, "center_lat": 13.1344169, "area_sqkm": 4.2095591208013685, "population": 4224.0, "waste_kg_day": 1267.2, "waste_tons_day": 1.267, "buildings": 1046.0, "risk": "Medium" }, "geometry": { "type": "Polygon", "coordinates": [ [ [ 74.772679700000054, 13.1254169 ], [ 74.772679700000054, 13.1434169 ], [ 74.79167970000006, 13.1434169 ], [ 74.79167970000006, 13.1254169 ], [ 74.772679700000054, 13.1254169 ] ] ] } },
{ "type": "Feature", "properties": { "zone_id": "D274", "is_urban": false, "ward_name": null, "center_lon": 74.7821797, "center_lat": 13.1524169, "area_sqkm": 4.2095591208013685, "population": 1463.0, "waste_kg_day": 438.9, "waste_tons_day": 0.439, "buildings": 324.0, "risk": "Low" }, "geometry": { "type": "Polygon", "coordinates": [ [ [ 74.772679700000054, 13.1434169 ], [ 74.772679700000054, 13.1614169 ], [ 74.79167970000006, 13.1614169 ], [ 74.79167970000006, 13.1434169 ], [ 74.772679700000054, 13.1434169 ] ] ] } },
{ "type": "Feature", "properties": { "zone_id": "D275", "is_urban": false, "ward_name": null, "center_lon": 74.7821797, "center_lat": 13.1704169, "area_sqkm": 4.2095591208013685, "population": 3689.0, "waste_kg_day": 1106.7, "waste_tons_day": 1.107, "buildings": 791.0, "risk": "Medium" }, "geometry": { "type": "Polygon", "coordinates": [ [ [ 74.772679700000054, 13.1614169 ], [ 74.772679700000054, 13.1794169 ], [ 74.79167970000006, 13.1794169 ], [ 74.79167970000006, 13.1614169 ], [ 74.772679700000054, 13.1614169 ] ] ] } },
{ "type": "Feature", "properties": { "zone_id": "D276", "is_urban": false, "ward_name": null, "center_lon": 74.7821797, "center_lat": 13.1884169, "area_sqkm": 4.2095591208013685, "population": 3688.0, "waste_kg_day": 1106.4, "waste_tons_day": 1.106, "buildings": 771.0, "risk": "Medium" }, "geometry": { "type": "Polygon", "coordinates": [ [ [ 74.772679700000054, 13.1794169 ], [ 74.772679700000054, 13.1974169 ], [ 74.79167970000006, 13.1974169 ], [ 74.79167970000006, 13.1794169 ], [ 74.772679700000054, 13.1794169 ] ] ] } },
{ "type": "Feature", "properties": { "zone_id": "D277", "is_urban": false, "ward_name": null, "center_lon": 74.7821797, "center_lat": 13.2064169, "area_sqkm": 4.2095591208013685, "population": 3862.0, "waste_kg_day": 1158.6, "waste_tons_day": 1.159, "buildings": 889.0, "risk": "Medium" }, "geometry": { "type": "Polygon", "coordinates": [ [ [ 74.772679700000054, 13.1974169 ], [ 74.772679700000054, 13.2154169 ], [ 74.79167970000006, 13.2154169 ], [ 74.79167970000006, 13.1974169 ], [ 74.772679700000054, 13.1974169 ] ] ] } },
{ "type": "Feature", "properties": { "zone_id": "D278", "is_urban": false, "ward_name": null, "center_lon": 74.7821797, "center_lat": 13.2244169, "area_sqkm": 4.2095591208013685, "population": 5639.0, "waste_kg_day": 1691.7, "waste_tons_day": 1.692, "buildings": 1373.0, "risk": "High" }, "geometry": { "type": "Polygon", "coordinates": [ [ [ 74.772679700000054, 13.2154169 ], [ 74.772679700000054, 13.2334169 ], [ 74.79167970000006, 13.2334169 ], [ 74.79167970000006, 13.2154169 ], [ 74.772679700000054, 13.2154169 ] ] ] } },
{ "type": "Feature", "properties": { "zone_id": "D279", "is_urban": false, "ward_name": null, "center_lon": 74.7821797, "center_lat": 13.2424169, "area_sqkm": 4.2095591208013685, "population": 1575.0, "waste_kg_day": 472.5, "waste_tons_day": 0.472, "buildings": 444.0, "risk": "Low" }, "geometry": { "type": "Polygon", "coordinates": [ [ [ 74.772679700000054, 13.2334169 ], [ 74.772679700000054, 13.2514169 ], [ 74.79167970000006, 13.2514169 ], [ 74.79167970000006, 13.2334169 ], [ 74.772679700000054, 13.2334169 ] ] ] } },
{ "type": "Feature", "properties": { "zone_id": "D280", "is_urban": false, "ward_name": null, "center_lon": 74.7821797, "center_lat": 13.2604169, "area_sqkm": 4.2095591208013685, "population": 4974.0, "waste_kg_day": 1492.2, "waste_tons_day": 1.492, "buildings": 1122.0, "risk": "Medium" }, "geometry": { "type": "Polygon", "coordinates": [ [ [ 74.772679700000054, 13.2514169 ], [ 74.772679700000054, 13.2694169 ], [ 74.79167970000006, 13.2694169 ], [ 74.79167970000006, 13.2514169 ], [ 74.772679700000054, 13.2514169 ] ] ] } },
{ "type": "Feature", "properties": { "zone_id": "D281", "is_urban": false, "ward_name": null, "center_lon": 74.7821797, "center_lat": 13.2784169, "area_sqkm": 4.2095591208013685, "population": 4694.0, "waste_kg_day": 1408.2, "waste_tons_day": 1.408, "buildings": 1228.0, "risk": "Medium" }, "geometry": { "type": "Polygon", "coordinates": [ [ [ 74.772679700000054, 13.2694169 ], [ 74.772679700000054, 13.2874169 ], [ 74.79167970000006, 13.2874169 ], [ 74.79167970000006, 13.2694169 ], [ 74.772679700000054, 13.2694169 ] ] ] } },
{ "type": "Feature", "properties": { "zone_id": "D282", "is_urban": false, "ward_name": null, "center_lon": 74.7821797, "center_lat": 13.2964169, "area_sqkm": 4.2095591208013685, "population": 1588.0, "waste_kg_day": 476.4, "waste_tons_day": 0.476, "buildings": 450.0, "risk": "Low" }, "geometry": { "type": "Polygon", "coordinates": [ [ [ 74.772679700000054, 13.2874169 ], [ 74.772679700000054, 13.3054169 ], [ 74.79167970000006, 13.3054169 ], [ 74.79167970000006, 13.2874169 ], [ 74.772679700000054, 13.2874169 ] ] ] } },
{ "type": "Feature", "properties": { "zone_id": "D283", "is_urban": true, "ward_name": "Indrali", "center_lon": 74.7821797, "center_lat": 13.3144169, "area_sqkm": 4.2095591208013685, "population": 20007.0, "waste_kg_day": 10003.5, "waste_tons_day": 10.004, "buildings": 4562.0, "risk": "High" }, "geometry": { "type": "Polygon", "coordinates": [ [ [ 74.772679700000054, 13.3054169 ], [ 74.772679700000054, 13.3234169 ], [ 74.79167970000006, 13.3234169 ], [ 74.79167970000006, 13.3054169 ], [ 74.772679700000054, 13.3054169 ] ] ] } },
{ "type": "Feature", "properties": { "zone_id": "D284", "is_urban": true, "ward_name": "Manipal", "center_lon": 74.7821797, "center_lat": 13.3324169, "area_sqkm": 4.2095591208013685, "population": 20884.0, "waste_kg_day": 10442.0, "waste_tons_day": 10.442, "buildings": 5024.0, "risk": "High" }, "geometry": { "type": "Polygon", "coordinates": [ [ [ 74.772679700000054, 13.3234169 ], [ 74.772679700000054, 13.3414169 ], [ 74.79167970000006, 13.3414169 ], [ 74.79167970000006, 13.3234169 ], [ 74.772679700000054, 13.3234169 ] ] ] } },
{ "type": "Feature", "properties": { "zone_id": "D285", "is_urban": true, "ward_name": "Muduperampalli", "center_lon": 74.7821797, "center_lat": 13.3504169, "area_sqkm": 4.2095591208013685, "population": 31659.0, "waste_kg_day": 15829.5, "waste_tons_day": 15.829, "buildings": 7870.0, "risk": "High" }, "geometry": { "type": "Polygon", "coordinates": [ [ [ 74.772679700000054, 13.3414169 ], [ 74.772679700000054, 13.35941690000001 ], [ 74.79167970000006, 13.35941690000001 ], [ 74.79167970000006, 13.3414169 ], [ 74.772679700000054, 13.3414169 ] ] ] } },
{ "type": "Feature", "properties": { "zone_id": "D286", "is_urban": true, "ward_name": "Muduperampalli", "center_lon": 74.7821797, "center_lat": 13.3684169, "area_sqkm": 4.2095591208013685, "population": 23447.0, "waste_kg_day": 11723.5, "waste_tons_day": 11.723, "buildings": 5014.0, "risk": "High" }, "geometry": { "type": "Polygon", "coordinates": [ [ [ 74.772679700000054, 13.35941690000001 ], [ 74.772679700000054, 13.377416900000011 ], [ 74.79167970000006, 13.377416900000011 ], [ 74.79167970000006, 13.35941690000001 ], [ 74.772679700000054, 13.35941690000001 ] ] ] } },
{ "type": "Feature", "properties": { "zone_id": "D287", "is_urban": false, "ward_name": "Muduperampalli", "center_lon": 74.7821797, "center_lat": 13.3864169, "area_sqkm": 4.2095591208013685, "population": 3011.0, "waste_kg_day": 903.3, "waste_tons_day": 0.903, "buildings": 679.0, "risk": "Medium" }, "geometry": { "type": "Polygon", "coordinates": [ [ [ 74.772679700000054, 13.377416900000011 ], [ 74.772679700000054, 13.395416900000011 ], [ 74.79167970000006, 13.395416900000011 ], [ 74.79167970000006, 13.377416900000011 ], [ 74.772679700000054, 13.377416900000011 ] ] ] } },
{ "type": "Feature", "properties": { "zone_id": "D288", "is_urban": false, "ward_name": null, "center_lon": 74.7821797, "center_lat": 13.4044169, "area_sqkm": 4.2095591208013685, "population": 5561.0, "waste_kg_day": 1668.3, "waste_tons_day": 1.668, "buildings": 1129.0, "risk": "High" }, "geometry": { "type": "Polygon", "coordinates": [ [ [ 74.772679700000054, 13.395416900000011 ], [ 74.772679700000054, 13.413416900000012 ], [ 74.79167970000006, 13.413416900000012 ], [ 74.79167970000006, 13.395416900000011 ], [ 74.772679700000054, 13.395416900000011 ] ] ] } },
{ "type": "Feature", "properties": { "zone_id": "D289", "is_urban": false, "ward_name": null, "center_lon": 74.7821797, "center_lat": 13.4224169, "area_sqkm": 4.2095591208013685, "population": 1646.0, "waste_kg_day": 493.8, "waste_tons_day": 0.494, "buildings": 336.0, "risk": "Low" }, "geometry": { "type": "Polygon", "coordinates": [ [ [ 74.772679700000054, 13.413416900000012 ], [ 74.772679700000054, 13.431416900000013 ], [ 74.79167970000006, 13.431416900000013 ], [ 74.79167970000006, 13.413416900000012 ], [ 74.772679700000054, 13.413416900000012 ] ] ] } },
{ "type": "Feature", "properties": { "zone_id": "D290", "is_urban": false, "ward_name": null, "center_lon": 74.7821797, "center_lat": 13.4404169, "area_sqkm": 4.2095591208013685, "population": 3534.0, "waste_kg_day": 1060.2, "waste_tons_day": 1.06, "buildings": 909.0, "risk": "Medium" }, "geometry": { "type": "Polygon", "coordinates": [ [ [ 74.772679700000054, 13.431416900000013 ], [ 74.772679700000054, 13.449416900000013 ], [ 74.79167970000006, 13.449416900000013 ], [ 74.79167970000006, 13.431416900000013 ], [ 74.772679700000054, 13.431416900000013 ] ] ] } },
{ "type": "Feature", "properties": { "zone_id": "D291", "is_urban": false, "ward_name": null, "center_lon": 74.7821797, "center_lat": 13.4584169, "area_sqkm": 4.2095591208013685, "population": 3354.0, "waste_kg_day": 1006.2, "waste_tons_day": 1.006, "buildings": 674.0, "risk": "Medium" }, "geometry": { "type": "Polygon", "coordinates": [ [ [ 74.772679700000054, 13.449416900000013 ], [ 74.772679700000054, 13.467416900000014 ], [ 74.79167970000006, 13.467416900000014 ], [ 74.79167970000006, 13.449416900000013 ], [ 74.772679700000054, 13.449416900000013 ] ] ] } },
{ "type": "Feature", "properties": { "zone_id": "D292", "is_urban": false, "ward_name": null, "center_lon": 74.7821797, "center_lat": 13.4764169, "area_sqkm": 4.2095591208013685, "population": 3537.0, "waste_kg_day": 1061.1, "waste_tons_day": 1.061, "buildings": 885.0, "risk": "Medium" }, "geometry": { "type": "Polygon", "coordinates": [ [ [ 74.772679700000054, 13.467416900000014 ], [ 74.772679700000054, 13.485416900000015 ], [ 74.79167970000006, 13.485416900000015 ], [ 74.79167970000006, 13.467416900000014 ], [ 74.772679700000054, 13.467416900000014 ] ] ] } },
{ "type": "Feature", "properties": { "zone_id": "D293", "is_urban": false, "ward_name": null, "center_lon": 74.7821797, "center_lat": 13.4944169, "area_sqkm": 4.2095591208013685, "population": 4308.0, "waste_kg_day": 1292.4, "waste_tons_day": 1.292, "buildings": 1115.0, "risk": "Medium" }, "geometry": { "type": "Polygon", "coordinates": [ [ [ 74.772679700000054, 13.485416900000015 ], [ 74.772679700000054, 13.503416900000015 ], [ 74.79167970000006, 13.503416900000015 ], [ 74.79167970000006, 13.485416900000015 ], [ 74.772679700000054, 13.485416900000015 ] ] ] } },
{ "type": "Feature", "properties": { "zone_id": "D294", "is_urban": false, "ward_name": null, "center_lon": 74.7821797, "center_lat": 13.5124169, "area_sqkm": 4.2095591208013685, "population": 1257.0, "waste_kg_day": 377.1, "waste_tons_day": 0.377, "buildings": 340.0, "risk": "Low" }, "geometry": { "type": "Polygon", "coordinates": [ [ [ 74.772679700000054, 13.503416900000015 ], [ 74.772679700000054, 13.521416900000016 ], [ 74.79167970000006, 13.521416900000016 ], [ 74.79167970000006, 13.503416900000015 ], [ 74.772679700000054, 13.503416900000015 ] ] ] } },
{ "type": "Feature", "properties": { "zone_id": "D295", "is_urban": false, "ward_name": null, "center_lon": 74.7821797, "center_lat": 13.5304169, "area_sqkm": 4.2095591208013685, "population": 1542.0, "waste_kg_day": 462.6, "waste_tons_day": 0.463, "buildings": 413.0, "risk": "Low" }, "geometry": { "type": "Polygon", "coordinates": [ [ [ 74.772679700000054, 13.521416900000016 ], [ 74.772679700000054, 13.539416900000017 ], [ 74.79167970000006, 13.539416900000017 ], [ 74.79167970000006, 13.521416900000016 ], [ 74.772679700000054, 13.521416900000016 ] ] ] } },
{ "type": "Feature", "properties": { "zone_id": "D296", "is_urban": false, "ward_name": null, "center_lon": 74.7821797, "center_lat": 13.5484169, "area_sqkm": 4.2095591208013685, "population": 1601.0, "waste_kg_day": 480.3, "waste_tons_day": 0.48, "buildings": 358.0, "risk": "Low" }, "geometry": { "type": "Polygon", "coordinates": [ [ [ 74.772679700000054, 13.539416900000017 ], [ 74.772679700000054, 13.557416900000018 ], [ 74.79167970000006, 13.557416900000018 ], [ 74.79167970000006, 13.539416900000017 ], [ 74.772679700000054, 13.539416900000017 ] ] ] } },
{ "type": "Feature", "properties": { "zone_id": "D297", "is_urban": false, "ward_name": null, "center_lon": 74.7821797, "center_lat": 13.5664169, "area_sqkm": 4.2095591208013685, "population": 1837.0, "waste_kg_day": 551.1, "waste_tons_day": 0.551, "buildings": 457.0, "risk": "Medium" }, "geometry": { "type": "Polygon", "coordinates": [ [ [ 74.772679700000054, 13.557416900000018 ], [ 74.772679700000054, 13.575416900000018 ], [ 74.79167970000006, 13.575416900000018 ], [ 74.79167970000006, 13.557416900000018 ], [ 74.772679700000054, 13.557416900000018 ] ] ] } },
{ "type": "Feature", "properties": { "zone_id": "D298", "is_urban": false, "ward_name": null, "center_lon": 74.7821797, "center_lat": 13.5844169, "area_sqkm": 4.2095591208013685, "population": 5749.0, "waste_kg_day": 1724.7, "waste_tons_day": 1.725, "buildings": 1365.0, "risk": "High" }, "geometry": { "type": "Polygon", "coordinates": [ [ [ 74.772679700000054, 13.575416900000018 ], [ 74.772679700000054, 13.593416900000019 ], [ 74.79167970000006, 13.593416900000019 ], [ 74.79167970000006, 13.575416900000018 ], [ 74.772679700000054, 13.575416900000018 ] ] ] } },
{ "type": "Feature", "properties": { "zone_id": "D299", "is_urban": false, "ward_name": null, "center_lon": 74.7821797, "center_lat": 13.6024169, "area_sqkm": 4.2095591208013685, "population": 4495.0, "waste_kg_day": 1348.5, "waste_tons_day": 1.349, "buildings": 1195.0, "risk": "Medium" }, "geometry": { "type": "Polygon", "coordinates": [ [ [ 74.772679700000054, 13.593416900000019 ], [ 74.772679700000054, 13.61141690000002 ], [ 74.79167970000006, 13.61141690000002 ], [ 74.79167970000006, 13.593416900000019 ], [ 74.772679700000054, 13.593416900000019 ] ] ] } },
{ "type": "Feature", "properties": { "zone_id": "D300", "is_urban": false, "ward_name": null, "center_lon": 74.7821797, "center_lat": 13.6204169, "area_sqkm": 4.2095591208013685, "population": 1894.0, "waste_kg_day": 568.2, "waste_tons_day": 0.568, "buildings": 531.0, "risk": "Medium" }, "geometry": { "type": "Polygon", "coordinates": [ [ [ 74.772679700000054, 13.61141690000002 ], [ 74.772679700000054, 13.62941690000002 ], [ 74.79167970000006, 13.62941690000002 ], [ 74.79167970000006, 13.61141690000002 ], [ 74.772679700000054, 13.61141690000002 ] ] ] } },
{ "type": "Feature", "properties": { "zone_id": "D301", "is_urban": false, "ward_name": null, "center_lon": 74.7821797, "center_lat": 13.6384169, "area_sqkm": 4.2095591208013685, "population": 1766.0, "waste_kg_day": 529.8, "waste_tons_day": 0.53, "buildings": 450.0, "risk": "Medium" }, "geometry": { "type": "Polygon", "coordinates": [ [ [ 74.772679700000054, 13.62941690000002 ], [ 74.772679700000054, 13.647416900000021 ], [ 74.79167970000006, 13.647416900000021 ], [ 74.79167970000006, 13.62941690000002 ], [ 74.772679700000054, 13.62941690000002 ] ] ] } },
{ "type": "Feature", "properties": { "zone_id": "D302", "is_urban": false, "ward_name": null, "center_lon": 74.7821797, "center_lat": 13.6564169, "area_sqkm": 4.2095591208013685, "population": 1810.0, "waste_kg_day": 543.0, "waste_tons_day": 0.543, "buildings": 498.0, "risk": "Medium" }, "geometry": { "type": "Polygon", "coordinates": [ [ [ 74.772679700000054, 13.647416900000021 ], [ 74.772679700000054, 13.665416900000022 ], [ 74.79167970000006, 13.665416900000022 ], [ 74.79167970000006, 13.647416900000021 ], [ 74.772679700000054, 13.647416900000021 ] ] ] } },
{ "type": "Feature", "properties": { "zone_id": "D303", "is_urban": false, "ward_name": null, "center_lon": 74.7821797, "center_lat": 13.6744169, "area_sqkm": 4.2095591208013685, "population": 1502.0, "waste_kg_day": 450.6, "waste_tons_day": 0.451, "buildings": 358.0, "risk": "Low" }, "geometry": { "type": "Polygon", "coordinates": [ [ [ 74.772679700000054, 13.665416900000022 ], [ 74.772679700000054, 13.683416900000022 ], [ 74.79167970000006, 13.683416900000022 ], [ 74.79167970000006, 13.665416900000022 ], [ 74.772679700000054, 13.665416900000022 ] ] ] } },
{ "type": "Feature", "properties": { "zone_id": "D304", "is_urban": false, "ward_name": null, "center_lon": 74.7821797, "center_lat": 13.6924169, "area_sqkm": 4.2095591208013685, "population": 1971.0, "waste_kg_day": 591.3, "waste_tons_day": 0.591, "buildings": 487.0, "risk": "Medium" }, "geometry": { "type": "Polygon", "coordinates": [ [ [ 74.772679700000054, 13.683416900000022 ], [ 74.772679700000054, 13.701416900000023 ], [ 74.79167970000006, 13.701416900000023 ], [ 74.79167970000006, 13.683416900000022 ], [ 74.772679700000054, 13.683416900000022 ] ] ] } },
{ "type": "Feature", "properties": { "zone_id": "D305", "is_urban": false, "ward_name": null, "center_lon": 74.7821797, "center_lat": 13.7104169, "area_sqkm": 4.2095591208013685, "population": 3596.0, "waste_kg_day": 1078.8, "waste_tons_day": 1.079, "buildings": 792.0, "risk": "Medium" }, "geometry": { "type": "Polygon", "coordinates": [ [ [ 74.772679700000054, 13.701416900000023 ], [ 74.772679700000054, 13.719416900000024 ], [ 74.79167970000006, 13.719416900000024 ], [ 74.79167970000006, 13.701416900000023 ], [ 74.772679700000054, 13.701416900000023 ] ] ] } },
{ "type": "Feature", "properties": { "zone_id": "D306", "is_urban": false, "ward_name": null, "center_lon": 74.7821797, "center_lat": 13.7284169, "area_sqkm": 4.2095591208013685, "population": 1057.0, "waste_kg_day": 317.1, "waste_tons_day": 0.317, "buildings": 224.0, "risk": "Low" }, "geometry": { "type": "Polygon", "coordinates": [ [ [ 74.772679700000054, 13.719416900000024 ], [ 74.772679700000054, 13.737416900000024 ], [ 74.79167970000006, 13.737416900000024 ], [ 74.79167970000006, 13.719416900000024 ], [ 74.772679700000054, 13.719416900000024 ] ] ] } },
{ "type": "Feature", "properties": { "zone_id": "D307", "is_urban": false, "ward_name": null, "center_lon": 74.7821797, "center_lat": 13.7464169, "area_sqkm": 4.2095591208013685, "population": 4278.0, "waste_kg_day": 1283.4, "waste_tons_day": 1.283, "buildings": 1180.0, "risk": "Medium" }, "geometry": { "type": "Polygon", "coordinates": [ [ [ 74.772679700000054, 13.737416900000024 ], [ 74.772679700000054, 13.755416900000025 ], [ 74.79167970000006, 13.755416900000025 ], [ 74.79167970000006, 13.737416900000024 ], [ 74.772679700000054, 13.737416900000024 ] ] ] } },
{ "type": "Feature", "properties": { "zone_id": "D308", "is_urban": false, "ward_name": null, "center_lon": 74.7821797, "center_lat": 13.7644169, "area_sqkm": 4.2095591208013685, "population": 5622.0, "waste_kg_day": 1686.6, "waste_tons_day": 1.687, "buildings": 1151.0, "risk": "High" }, "geometry": { "type": "Polygon", "coordinates": [ [ [ 74.772679700000054, 13.755416900000025 ], [ 74.772679700000054, 13.773416900000026 ], [ 74.79167970000006, 13.773416900000026 ], [ 74.79167970000006, 13.755416900000025 ], [ 74.772679700000054, 13.755416900000025 ] ] ] } },
{ "type": "Feature", "properties": { "zone_id": "D309", "is_urban": false, "ward_name": null, "center_lon": 74.7821797, "center_lat": 13.7824169, "area_sqkm": 4.2095591208013685, "population": 1176.0, "waste_kg_day": 352.8, "waste_tons_day": 0.353, "buildings": 300.0, "risk": "Low" }, "geometry": { "type": "Polygon", "coordinates": [ [ [ 74.772679700000054, 13.773416900000026 ], [ 74.772679700000054, 13.791416900000026 ], [ 74.79167970000006, 13.791416900000026 ], [ 74.79167970000006, 13.773416900000026 ], [ 74.772679700000054, 13.773416900000026 ] ] ] } },
{ "type": "Feature", "properties": { "zone_id": "D310", "is_urban": false, "ward_name": null, "center_lon": 74.7821797, "center_lat": 13.8004169, "area_sqkm": 4.2095591208013685, "population": 5253.0, "waste_kg_day": 1575.9, "waste_tons_day": 1.576, "buildings": 1136.0, "risk": "High" }, "geometry": { "type": "Polygon", "coordinates": [ [ [ 74.772679700000054, 13.791416900000026 ], [ 74.772679700000054, 13.809416900000027 ], [ 74.79167970000006, 13.809416900000027 ], [ 74.79167970000006, 13.791416900000026 ], [ 74.772679700000054, 13.791416900000026 ] ] ] } },
{ "type": "Feature", "properties": { "zone_id": "D311", "is_urban": false, "ward_name": null, "center_lon": 74.7821797, "center_lat": 13.8184169, "area_sqkm": 4.2095591208013685, "population": 1851.0, "waste_kg_day": 555.3, "waste_tons_day": 0.555, "buildings": 485.0, "risk": "Medium" }, "geometry": { "type": "Polygon", "coordinates": [ [ [ 74.772679700000054, 13.809416900000027 ], [ 74.772679700000054, 13.827416900000028 ], [ 74.79167970000006, 13.827416900000028 ], [ 74.79167970000006, 13.809416900000027 ], [ 74.772679700000054, 13.809416900000027 ] ] ] } },
{ "type": "Feature", "properties": { "zone_id": "D312", "is_urban": false, "ward_name": null, "center_lon": 74.7821797, "center_lat": 13.8364169, "area_sqkm": 4.2095591208013685, "population": 2869.0, "waste_kg_day": 860.7, "waste_tons_day": 0.861, "buildings": 678.0, "risk": "Medium" }, "geometry": { "type": "Polygon", "coordinates": [ [ [ 74.772679700000054, 13.827416900000028 ], [ 74.772679700000054, 13.845416900000028 ], [ 74.79167970000006, 13.845416900000028 ], [ 74.79167970000006, 13.827416900000028 ], [ 74.772679700000054, 13.827416900000028 ] ] ] } },
{ "type": "Feature", "properties": { "zone_id": "D313", "is_urban": false, "ward_name": null, "center_lon": 74.7821797, "center_lat": 13.8544169, "area_sqkm": 4.2095591208013685, "population": 4225.0, "waste_kg_day": 1267.5, "waste_tons_day": 1.268, "buildings": 1042.0, "risk": "Medium" }, "geometry": { "type": "Polygon", "coordinates": [ [ [ 74.772679700000054, 13.845416900000028 ], [ 74.772679700000054, 13.863416900000029 ], [ 74.79167970000006, 13.863416900000029 ], [ 74.79167970000006, 13.845416900000028 ], [ 74.772679700000054, 13.845416900000028 ] ] ] } },
{ "type": "Feature", "properties": { "zone_id": "D314", "is_urban": false, "ward_name": null, "center_lon": 74.7821797, "center_lat": 13.8724169, "area_sqkm": 4.2095591208013685, "population": 3373.0, "waste_kg_day": 1011.9, "waste_tons_day": 1.012, "buildings": 729.0, "risk": "Medium" }, "geometry": { "type": "Polygon", "coordinates": [ [ [ 74.772679700000054, 13.863416900000029 ], [ 74.772679700000054, 13.88141690000003 ], [ 74.79167970000006, 13.88141690000003 ], [ 74.79167970000006, 13.863416900000029 ], [ 74.772679700000054, 13.863416900000029 ] ] ] } },
{ "type": "Feature", "properties": { "zone_id": "D315", "is_urban": false, "ward_name": null, "center_lon": 74.7821797, "center_lat": 13.8904169, "area_sqkm": 4.2095591208013685, "population": 1042.0, "waste_kg_day": 312.6, "waste_tons_day": 0.313, "buildings": 268.0, "risk": "Low" }, "geometry": { "type": "Polygon", "coordinates": [ [ [ 74.772679700000054, 13.88141690000003 ], [ 74.772679700000054, 13.89941690000003 ], [ 74.79167970000006, 13.89941690000003 ], [ 74.79167970000006, 13.88141690000003 ], [ 74.772679700000054, 13.88141690000003 ] ] ] } },
{ "type": "Feature", "properties": { "zone_id": "D316", "is_urban": false, "ward_name": null, "center_lon": 74.781561882877128, "center_lat": 13.906509959020047, "area_sqkm": 3.2536175164791001, "population": 3667.0, "waste_kg_day": 1100.1, "waste_tons_day": 1.1, "buildings": 757.0, "risk": "Medium" }, "geometry": { "type": "Polygon", "coordinates": [ [ [ 74.7729644, 13.9148941 ], [ 74.774394, 13.9148043 ], [ 74.7759161, 13.9148953 ], [ 74.7776509, 13.9151356 ], [ 74.7781785, 13.9149279 ], [ 74.7788217, 13.9146299 ], [ 74.7798074, 13.9140066 ], [ 74.780446, 13.9137674 ], [ 74.781487, 13.9135192 ], [ 74.7830925, 13.9134114 ], [ 74.7850356, 13.9133037 ], [ 74.7868631, 13.9133134 ], [ 74.7878486, 13.9132189 ], [ 74.7885058, 13.9126633 ], [ 74.7891862, 13.9117823 ], [ 74.789788, 13.910838 ], [ 74.790149, 13.9104223 ], [ 74.7905334, 13.909487 ], [ 74.7907743, 13.9085561 ], [ 74.7911311, 13.907101 ], [ 74.7914648, 13.9054878 ], [ 74.79167970000006, 13.905513071422401 ], [ 74.79167970000006, 13.89941690000003 ], [ 74.772679700000054, 13.89941690000003 ], [ 74.772679700000054, 13.914935923185833 ], [ 74.7729644, 13.9148941 ] ] ] } },
{ "type": "Feature", "properties": { "zone_id": "D317", "is_urban": false, "ward_name": null, "center_lon": 74.79424795681355, "center_lat": 13.103594893103102, "area_sqkm": 0.53998573372504299, "population": 467.0, "waste_kg_day": 140.1, "waste_tons_day": 0.14, "buildings": 108.0, "risk": "Low" }, "geometry": { "type": "Polygon", "coordinates": [ [ [ 74.7980188, 13.1062022 ], [ 74.7979499, 13.1053796 ], [ 74.7982545, 13.1042995 ], [ 74.797598, 13.1040582 ], [ 74.7968485, 13.1033635 ], [ 74.7959821, 13.1020842 ], [ 74.7945765, 13.1000499 ], [ 74.7930094, 13.0982461 ], [ 74.7917844, 13.0965296 ], [ 74.79167970000006, 13.096594483746092 ], [ 74.79167970000006, 13.1074169 ], [ 74.798460543621019, 13.1074169 ], [ 74.7980188, 13.1062022 ] ] ] } },
{ "type": "Feature", "properties": { "zone_id": "D318", "is_urban": false, "ward_name": null, "center_lon": 74.801105686573493, "center_lat": 13.119342978957619, "area_sqkm": 2.5171282819971155, "population": 854.0, "waste_kg_day": 256.2, "waste_tons_day": 0.256, "buildings": 204.0, "risk": "Low" }, "geometry": { "type": "MultiPolygon", "coordinates": [ [ [ [ 74.8096134, 13.1132245 ], [ 74.8086404, 13.1132558 ], [ 74.8078379, 13.1139788 ], [ 74.8073026, 13.1152215 ], [ 74.8066015, 13.1159128 ], [ 74.8056977, 13.1160752 ], [ 74.8043974, 13.115876 ], [ 74.8031941, 13.1152565 ], [ 74.8018063, 13.114777 ], [ 74.8003353, 13.115007 ], [ 74.7984305, 13.1160233 ], [ 74.7965903, 13.1171662 ], [ 74.7952529, 13.1175951 ], [ 74.7937381, 13.1174576 ], [ 74.7933854, 13.1174273 ], [ 74.7920806, 13.1169704 ], [ 74.79167970000006, 13.116516804500124 ], [ 74.79167970000006, 13.1254169 ], [ 74.810679700000065, 13.1254169 ], [ 74.810679700000065, 13.113909680575413 ], [ 74.8096134, 13.1132245 ] ] ], [ [ [ 74.7925024, 13.1108872 ], [ 74.7940751, 13.1099024 ], [ 74.7952418, 13.1095458 ], [ 74.7952092, 13.1104271 ], [ 74.7955086, 13.1113446 ], [ 74.7959097, 13.1115753 ], [ 74.7962786, 13.1115754 ], [ 74.7966799, 13.1111507 ], [ 74.7973812, 13.1099397 ], [ 74.7983869, 13.1083626 ], [ 74.798484, 13.1074814 ], [ 74.798460543621019, 13.1074169 ], [ 74.79167970000006, 13.1074169 ], [ 74.79167970000006, 13.112276921444856 ], [ 74.7925024, 13.1108872 ] ] ] ] } },
{ "type": "Feature", "properties": { "zone_id": "D319", "is_urban": false, "ward_name": null, "center_lon": 74.8011797000001, "center_lat": 13.1344169, "area_sqkm": 4.2095591208013685, "population": 3756.0, "waste_kg_day": 1126.8, "waste_tons_day": 1.127, "buildings": 972.0, "risk": "Medium" }, "geometry": { "type": "Polygon", "coordinates": [ [ [ 74.79167970000006, 13.1254169 ], [ 74.79167970000006, 13.1434169 ], [ 74.810679700000065, 13.1434169 ], [ 74.810679700000065, 13.1254169 ], [ 74.79167970000006, 13.1254169 ] ] ] } },
{ "type": "Feature", "properties": { "zone_id": "D320", "is_urban": false, "ward_name": null, "center_lon": 74.8011797000001, "center_lat": 13.1524169, "area_sqkm": 4.2095591208013685, "population": 2315.0, "waste_kg_day": 694.5, "waste_tons_day": 0.695, "buildings": 569.0, "risk": "Medium" }, "geometry": { "type": "Polygon", "coordinates": [ [ [ 74.79167970000006, 13.1434169 ], [ 74.79167970000006, 13.1614169 ], [ 74.810679700000065, 13.1614169 ], [ 74.810679700000065, 13.1434169 ], [ 74.79167970000006, 13.1434169 ] ] ] } },
{ "type": "Feature", "properties": { "zone_id": "D321", "is_urban": false, "ward_name": null, "center_lon": 74.8011797000001, "center_lat": 13.1704169, "area_sqkm": 4.2095591208013685, "population": 951.0, "waste_kg_day": 285.3, "waste_tons_day": 0.285, "buildings": 238.0, "risk": "Low" }, "geometry": { "type": "Polygon", "coordinates": [ [ [ 74.79167970000006, 13.1614169 ], [ 74.79167970000006, 13.1794169 ], [ 74.810679700000065, 13.1794169 ], [ 74.810679700000065, 13.1614169 ], [ 74.79167970000006, 13.1614169 ] ] ] } },
{ "type": "Feature", "properties": { "zone_id": "D322", "is_urban": false, "ward_name": null, "center_lon": 74.8011797000001, "center_lat": 13.1884169, "area_sqkm": 4.2095591208013685, "population": 1999.0, "waste_kg_day": 599.7, "waste_tons_day": 0.6, "buildings": 500.0, "risk": "Medium" }, "geometry": { "type": "Polygon", "coordinates": [ [ [ 74.79167970000006, 13.1794169 ], [ 74.79167970000006, 13.1974169 ], [ 74.810679700000065, 13.1974169 ], [ 74.810679700000065, 13.1794169 ], [ 74.79167970000006, 13.1794169 ] ] ] } },
{ "type": "Feature", "properties": { "zone_id": "D323", "is_urban": false, "ward_name": null, "center_lon": 74.8011797000001, "center_lat": 13.2064169, "area_sqkm": 4.2095591208013685, "population": 1497.0, "waste_kg_day": 449.1, "waste_tons_day": 0.449, "buildings": 309.0, "risk": "Low" }, "geometry": { "type": "Polygon", "coordinates": [ [ [ 74.79167970000006, 13.1974169 ], [ 74.79167970000006, 13.2154169 ], [ 74.810679700000065, 13.2154169 ], [ 74.810679700000065, 13.1974169 ], [ 74.79167970000006, 13.1974169 ] ] ] } },
{ "type": "Feature", "properties": { "zone_id": "D324", "is_urban": false, "ward_name": null, "center_lon": 74.8011797000001, "center_lat": 13.2244169, "area_sqkm": 4.2095591208013685, "population": 4090.0, "waste_kg_day": 1227.0, "waste_tons_day": 1.227, "buildings": 905.0, "risk": "Medium" }, "geometry": { "type": "Polygon", "coordinates": [ [ [ 74.79167970000006, 13.2154169 ], [ 74.79167970000006, 13.2334169 ], [ 74.810679700000065, 13.2334169 ], [ 74.810679700000065, 13.2154169 ], [ 74.79167970000006, 13.2154169 ] ] ] } },
{ "type": "Feature", "properties": { "zone_id": "D325", "is_urban": false, "ward_name": null, "center_lon": 74.8011797000001, "center_lat": 13.2424169, "area_sqkm": 4.2095591208013685, "population": 5160.0, "waste_kg_day": 1548.0, "waste_tons_day": 1.548, "buildings": 1214.0, "risk": "High" }, "geometry": { "type": "Polygon", "coordinates": [ [ [ 74.79167970000006, 13.2334169 ], [ 74.79167970000006, 13.2514169 ], [ 74.810679700000065, 13.2514169 ], [ 74.810679700000065, 13.2334169 ], [ 74.79167970000006, 13.2334169 ] ] ] } },
{ "type": "Feature", "properties": { "zone_id": "D326", "is_urban": false, "ward_name": null, "center_lon": 74.8011797000001, "center_lat": 13.2604169, "area_sqkm": 4.2095591208013685, "population": 1317.0, "waste_kg_day": 395.1, "waste_tons_day": 0.395, "buildings": 305.0, "risk": "Low" }, "geometry": { "type": "Polygon", "coordinates": [ [ [ 74.79167970000006, 13.2514169 ], [ 74.79167970000006, 13.2694169 ], [ 74.810679700000065, 13.2694169 ], [ 74.810679700000065, 13.2514169 ], [ 74.79167970000006, 13.2514169 ] ] ] } },
{ "type": "Feature", "properties": { "zone_id": "D327", "is_urban": false, "ward_name": null, "center_lon": 74.8011797000001, "center_lat": 13.2784169, "area_sqkm": 4.2095591208013685, "population": 4053.0, "waste_kg_day": 1215.9, "waste_tons_day": 1.216, "buildings": 877.0, "risk": "Medium" }, "geometry": { "type": "Polygon", "coordinates": [ [ [ 74.79167970000006, 13.2694169 ], [ 74.79167970000006, 13.2874169 ], [ 74.810679700000065, 13.2874169 ], [ 74.810679700000065, 13.2694169 ], [ 74.79167970000006, 13.2694169 ] ] ] } },
{ "type": "Feature", "properties": { "zone_id": "D328", "is_urban": false, "ward_name": null, "center_lon": 74.8011797000001, "center_lat": 13.2964169, "area_sqkm": 4.2095591208013685, "population": 3204.0, "waste_kg_day": 961.2, "waste_tons_day": 0.961, "buildings": 867.0, "risk": "Medium" }, "geometry": { "type": "Polygon", "coordinates": [ [ [ 74.79167970000006, 13.2874169 ], [ 74.79167970000006, 13.3054169 ], [ 74.810679700000065, 13.3054169 ], [ 74.810679700000065, 13.2874169 ], [ 74.79167970000006, 13.2874169 ] ] ] } },
{ "type": "Feature", "properties": { "zone_id": "D329", "is_urban": false, "ward_name": null, "center_lon": 74.8011797000001, "center_lat": 13.3144169, "area_sqkm": 4.2095591208013685, "population": 2394.0, "waste_kg_day": 718.2, "waste_tons_day": 0.718, "buildings": 591.0, "risk": "Medium" }, "geometry": { "type": "Polygon", "coordinates": [ [ [ 74.79167970000006, 13.3054169 ], [ 74.79167970000006, 13.3234169 ], [ 74.810679700000065, 13.3234169 ], [ 74.810679700000065, 13.3054169 ], [ 74.79167970000006, 13.3054169 ] ] ] } },
{ "type": "Feature", "properties": { "zone_id": "D330", "is_urban": false, "ward_name": "Eshwarnagar", "center_lon": 74.8011797000001, "center_lat": 13.3324169, "area_sqkm": 4.2095591208013685, "population": 4376.0, "waste_kg_day": 1312.8, "waste_tons_day": 1.313, "buildings": 1004.0, "risk": "Medium" }, "geometry": { "type": "Polygon", "coordinates": [ [ [ 74.79167970000006, 13.3234169 ], [ 74.79167970000006, 13.3414169 ], [ 74.810679700000065, 13.3414169 ], [ 74.810679700000065, 13.3234169 ], [ 74.79167970000006, 13.3234169 ] ] ] } },
{ "type": "Feature", "properties": { "zone_id": "D331", "is_urban": true, "ward_name": "Saralebettu", "center_lon": 74.8011797000001, "center_lat": 13.3504169, "area_sqkm": 4.2095591208013685, "population": 20123.0, "waste_kg_day": 10061.5, "waste_tons_day": 10.062, "buildings": 4040.0, "risk": "High" }, "geometry": { "type": "Polygon", "coordinates": [ [ [ 74.79167970000006, 13.3414169 ], [ 74.79167970000006, 13.35941690000001 ], [ 74.810679700000065, 13.35941690000001 ], [ 74.810679700000065, 13.3414169 ], [ 74.79167970000006, 13.3414169 ] ] ] } },
{ "type": "Feature", "properties": { "zone_id": "D332", "is_urban": true, "ward_name": "Saralebettu", "center_lon": 74.8011797000001, "center_lat": 13.3684169, "area_sqkm": 4.2095591208013685, "population": 25378.0, "waste_kg_day": 12689.0, "waste_tons_day": 12.689, "buildings": 6581.0, "risk": "High" }, "geometry": { "type": "Polygon", "coordinates": [ [ [ 74.79167970000006, 13.35941690000001 ], [ 74.79167970000006, 13.377416900000011 ], [ 74.810679700000065, 13.377416900000011 ], [ 74.810679700000065, 13.35941690000001 ], [ 74.79167970000006, 13.35941690000001 ] ] ] } },
{ "type": "Feature", "properties": { "zone_id": "D333", "is_urban": true, "ward_name": "Settibettu", "center_lon": 74.8011797000001, "center_lat": 13.3864169, "area_sqkm": 4.2095591208013685, "population": 14770.0, "waste_kg_day": 7385.0, "waste_tons_day": 7.385, "buildings": 3960.0, "risk": "High" }, "geometry": { "type": "Polygon", "coordinates": [ [ [ 74.79167970000006, 13.377416900000011 ], [ 74.79167970000006, 13.395416900000011 ], [ 74.810679700000065, 13.395416900000011 ], [ 74.810679700000065, 13.377416900000011 ], [ 74.79167970000006, 13.377416900000011 ] ] ] } },
{ "type": "Feature", "properties": { "zone_id": "D334", "is_urban": false, "ward_name": null, "center_lon": 74.8011797000001, "center_lat": 13.4044169, "area_sqkm": 4.2095591208013685, "population": 2187.0, "waste_kg_day": 656.1, "waste_tons_day": 0.656, "buildings": 584.0, "risk": "Medium" }, "geometry": { "type": "Polygon", "coordinates": [ [ [ 74.79167970000006, 13.395416900000011 ], [ 74.79167970000006, 13.413416900000012 ], [ 74.810679700000065, 13.413416900000012 ], [ 74.810679700000065, 13.395416900000011 ], [ 74.79167970000006, 13.395416900000011 ] ] ] } },
{ "type": "Feature", "properties": { "zone_id": "D335", "is_urban": false, "ward_name": null, "center_lon": 74.8011797000001, "center_lat": 13.4224169, "area_sqkm": 4.2095591208013685, "population": 1862.0, "waste_kg_day": 558.6, "waste_tons_day": 0.559, "buildings": 474.0, "risk": "Medium" }, "geometry": { "type": "Polygon", "coordinates": [ [ [ 74.79167970000006, 13.413416900000012 ], [ 74.79167970000006, 13.431416900000013 ], [ 74.810679700000065, 13.431416900000013 ], [ 74.810679700000065, 13.413416900000012 ], [ 74.79167970000006, 13.413416900000012 ] ] ] } },
{ "type": "Feature", "properties": { "zone_id": "D336", "is_urban": false, "ward_name": null, "center_lon": 74.8011797000001, "center_lat": 13.4404169, "area_sqkm": 4.2095591208013685, "population": 1790.0, "waste_kg_day": 537.0, "waste_tons_day": 0.537, "buildings": 369.0, "risk": "Medium" }, "geometry": { "type": "Polygon", "coordinates": [ [ [ 74.79167970000006, 13.431416900000013 ], [ 74.79167970000006, 13.449416900000013 ], [ 74.810679700000065, 13.449416900000013 ], [ 74.810679700000065, 13.431416900000013 ], [ 74.79167970000006, 13.431416900000013 ] ] ] } },
{ "type": "Feature", "properties": { "zone_id": "D337", "is_urban": false, "ward_name": null, "center_lon": 74.8011797000001, "center_lat": 13.4584169, "area_sqkm": 4.2095591208013685, "population": 1280.0, "waste_kg_day": 384.0, "waste_tons_day": 0.384, "buildings": 298.0, "risk": "Low" }, "geometry": { "type": "Polygon", "coordinates": [ [ [ 74.79167970000006, 13.449416900000013 ], [ 74.79167970000006, 13.467416900000014 ], [ 74.810679700000065, 13.467416900000014 ], [ 74.810679700000065, 13.449416900000013 ], [ 74.79167970000006, 13.449416900000013 ] ] ] } },
{ "type": "Feature", "properties": { "zone_id": "D338", "is_urban": false, "ward_name": null, "center_lon": 74.8011797000001, "center_lat": 13.4764169, "area_sqkm": 4.2095591208013685, "population": 3087.0, "waste_kg_day": 926.1, "waste_tons_day": 0.926, "buildings": 620.0, "risk": "Medium" }, "geometry": { "type": "Polygon", "coordinates": [ [ [ 74.79167970000006, 13.467416900000014 ], [ 74.79167970000006, 13.485416900000015 ], [ 74.810679700000065, 13.485416900000015 ], [ 74.810679700000065, 13.467416900000014 ], [ 74.79167970000006, 13.467416900000014 ] ] ] } },
{ "type": "Feature", "properties": { "zone_id": "D339", "is_urban": false, "ward_name": null, "center_lon": 74.8011797000001, "center_lat": 13.4944169, "area_sqkm": 4.2095591208013685, "population": 1455.0, "waste_kg_day": 436.5, "waste_tons_day": 0.436, "buildings": 355.0, "risk": "Low" }, "geometry": { "type": "Polygon", "coordinates": [ [ [ 74.79167970000006, 13.485416900000015 ], [ 74.79167970000006, 13.503416900000015 ], [ 74.810679700000065, 13.503416900000015 ], [ 74.810679700000065, 13.485416900000015 ], [ 74.79167970000006, 13.485416900000015 ] ] ] } },
{ "type": "Feature", "properties": { "zone_id": "D340", "is_urban": false, "ward_name": null, "center_lon": 74.8011797000001, "center_lat": 13.5124169, "area_sqkm": 4.2095591208013685, "population": 6147.0, "waste_kg_day": 1844.1, "waste_tons_day": 1.844, "buildings": 1281.0, "risk": "High" }, "geometry": { "type": "Polygon", "coordinates": [ [ [ 74.79167970000006, 13.503416900000015 ], [ 74.79167970000006, 13.521416900000016 ], [ 74.810679700000065, 13.521416900000016 ], [ 74.810679700000065, 13.503416900000015 ], [ 74.79167970000006, 13.503416900000015 ] ] ] } },
{ "type": "Feature", "properties": { "zone_id": "D341", "is_urban": false, "ward_name": null, "center_lon": 74.8011797000001, "center_lat": 13.5304169, "area_sqkm": 4.2095591208013685, "population": 5313.0, "waste_kg_day": 1593.9, "waste_tons_day": 1.594, "buildings": 1366.0, "risk": "High" }, "geometry": { "type": "Polygon", "coordinates": [ [ [ 74.79167970000006, 13.521416900000016 ], [ 74.79167970000006, 13.539416900000017 ], [ 74.810679700000065, 13.539416900000017 ], [ 74.810679700000065, 13.521416900000016 ], [ 74.79167970000006, 13.521416900000016 ] ] ] } },
{ "type": "Feature", "properties": { "zone_id": "D342", "is_urban": false, "ward_name": null, "center_lon": 74.8011797000001, "center_lat": 13.5484169, "area_sqkm": 4.2095591208013685, "population": 1777.0, "waste_kg_day": 533.1, "waste_tons_day": 0.533, "buildings": 394.0, "risk": "Medium" }, "geometry": { "type": "Polygon", "coordinates": [ [ [ 74.79167970000006, 13.539416900000017 ], [ 74.79167970000006, 13.557416900000018 ], [ 74.810679700000065, 13.557416900000018 ], [ 74.810679700000065, 13.539416900000017 ], [ 74.79167970000006, 13.539416900000017 ] ] ] } },
{ "type": "Feature", "properties": { "zone_id": "D343", "is_urban": false, "ward_name": null, "center_lon": 74.8011797000001, "center_lat": 13.5664169, "area_sqkm": 4.2095591208013685, "population": 5927.0, "waste_kg_day": 1778.1, "waste_tons_day": 1.778, "buildings": 1367.0, "risk": "High" }, "geometry": { "type": "Polygon", "coordinates": [ [ [ 74.79167970000006, 13.557416900000018 ], [ 74.79167970000006, 13.575416900000018 ], [ 74.810679700000065, 13.575416900000018 ], [ 74.810679700000065, 13.557416900000018 ], [ 74.79167970000006, 13.557416900000018 ] ] ] } },
{ "type": "Feature", "properties": { "zone_id": "D344", "is_urban": false, "ward_name": null, "center_lon": 74.8011797000001, "center_lat": 13.5844169, "area_sqkm": 4.2095591208013685, "population": 3970.0, "waste_kg_day": 1191.0, "waste_tons_day": 1.191, "buildings": 1012.0, "risk": "Medium" }, "geometry": { "type": "Polygon", "coordinates": [ [ [ 74.79167970000006, 13.575416900000018 ], [ 74.79167970000006, 13.593416900000019 ], [ 74.810679700000065, 13.593416900000019 ], [ 74.810679700000065, 13.575416900000018 ], [ 74.79167970000006, 13.575416900000018 ] ] ] } },
{ "type": "Feature", "properties": { "zone_id": "D345", "is_urban": false, "ward_name": null, "center_lon": 74.8011797000001, "center_lat": 13.6024169, "area_sqkm": 4.2095591208013685, "population": 5052.0, "waste_kg_day": 1515.6, "waste_tons_day": 1.516, "buildings": 1336.0, "risk": "High" }, "geometry": { "type": "Polygon", "coordinates": [ [ [ 74.79167970000006, 13.593416900000019 ], [ 74.79167970000006, 13.61141690000002 ], [ 74.810679700000065, 13.61141690000002 ], [ 74.810679700000065, 13.593416900000019 ], [ 74.79167970000006, 13.593416900000019 ] ] ] } },
{ "type": "Feature", "properties": { "zone_id": "D346", "is_urban": false, "ward_name": null, "center_lon": 74.8011797000001, "center_lat": 13.6204169, "area_sqkm": 4.2095591208013685, "population": 2613.0, "waste_kg_day": 783.9, "waste_tons_day": 0.784, "buildings": 631.0, "risk": "Medium" }, "geometry": { "type": "Polygon", "coordinates": [ [ [ 74.79167970000006, 13.61141690000002 ], [ 74.79167970000006, 13.62941690000002 ], [ 74.810679700000065, 13.62941690000002 ], [ 74.810679700000065, 13.61141690000002 ], [ 74.79167970000006, 13.61141690000002 ] ] ] } },
{ "type": "Feature", "properties": { "zone_id": "D347", "is_urban": false, "ward_name": null, "center_lon": 74.8011797000001, "center_lat": 13.6384169, "area_sqkm": 4.2095591208013685, "population": 3619.0, "waste_kg_day": 1085.7, "waste_tons_day": 1.086, "buildings": 936.0, "risk": "Medium" }, "geometry": { "type": "Polygon", "coordinates": [ [ [ 74.79167970000006, 13.62941690000002 ], [ 74.79167970000006, 13.647416900000021 ], [ 74.810679700000065, 13.647416900000021 ], [ 74.810679700000065, 13.62941690000002 ], [ 74.79167970000006, 13.62941690000002 ] ] ] } },
{ "type": "Feature", "properties": { "zone_id": "D348", "is_urban": false, "ward_name": null, "center_lon": 74.8011797000001, "center_lat": 13.6564169, "area_sqkm": 4.2095591208013685, "population": 1470.0, "waste_kg_day": 441.0, "waste_tons_day": 0.441, "buildings": 332.0, "risk": "Low" }, "geometry": { "type": "Polygon", "coordinates": [ [ [ 74.79167970000006, 13.647416900000021 ], [ 74.79167970000006, 13.665416900000022 ], [ 74.810679700000065, 13.665416900000022 ], [ 74.810679700000065, 13.647416900000021 ], [ 74.79167970000006, 13.647416900000021 ] ] ] } },
{ "type": "Feature", "properties": { "zone_id": "D349", "is_urban": false, "ward_name": null, "center_lon": 74.8011797000001, "center_lat": 13.6744169, "area_sqkm": 4.2095591208013685, "population": 2421.0, "waste_kg_day": 726.3, "waste_tons_day": 0.726, "buildings": 553.0, "risk": "Medium" }, "geometry": { "type": "Polygon", "coordinates": [ [ [ 74.79167970000006, 13.665416900000022 ], [ 74.79167970000006, 13.683416900000022 ], [ 74.810679700000065, 13.683416900000022 ], [ 74.810679700000065, 13.665416900000022 ], [ 74.79167970000006, 13.665416900000022 ] ] ] } },
{ "type": "Feature", "properties": { "zone_id": "D350", "is_urban": false, "ward_name": null, "center_lon": 74.8011797000001, "center_lat": 13.6924169, "area_sqkm": 4.2095591208013685, "population": 1686.0, "waste_kg_day": 505.8, "waste_tons_day": 0.506, "buildings": 399.0, "risk": "Medium" }, "geometry": { "type": "Polygon", "coordinates": [ [ [ 74.79167970000006, 13.683416900000022 ], [ 74.79167970000006, 13.701416900000023 ], [ 74.810679700000065, 13.701416900000023 ], [ 74.810679700000065, 13.683416900000022 ], [ 74.79167970000006, 13.683416900000022 ] ] ] } },
{ "type": "Feature", "properties": { "zone_id": "D351", "is_urban": false, "ward_name": null, "center_lon": 74.8011797000001, "center_lat": 13.7104169, "area_sqkm": 4.2095591208013685, "population": 3756.0, "waste_kg_day": 1126.8, "waste_tons_day": 1.127, "buildings": 1049.0, "risk": "Medium" }, "geometry": { "type": "Polygon", "coordinates": [ [ [ 74.79167970000006, 13.701416900000023 ], [ 74.79167970000006, 13.719416900000024 ], [ 74.810679700000065, 13.719416900000024 ], [ 74.810679700000065, 13.701416900000023 ], [ 74.79167970000006, 13.701416900000023 ] ] ] } },
{ "type": "Feature", "properties": { "zone_id": "D352", "is_urban": false, "ward_name": null, "center_lon": 74.8011797000001, "center_lat": 13.7284169, "area_sqkm": 4.2095591208013685, "population": 2683.0, "waste_kg_day": 804.9, "waste_tons_day": 0.805, "buildings": 724.0, "risk": "Medium" }, "geometry": { "type": "Polygon", "coordinates": [ [ [ 74.79167970000006, 13.719416900000024 ], [ 74.79167970000006, 13.737416900000024 ], [ 74.810679700000065, 13.737416900000024 ], [ 74.810679700000065, 13.719416900000024 ], [ 74.79167970000006, 13.719416900000024 ] ] ] } },
{ "type": "Feature", "properties": { "zone_id": "D353", "is_urban": false, "ward_name": null, "center_lon": 74.8011797000001, "center_lat": 13.7464169, "area_sqkm": 4.2095591208013685, "population": 1188.0, "waste_kg_day": 356.4, "waste_tons_day": 0.356, "buildings": 238.0, "risk": "Low" }, "geometry": { "type": "Polygon", "coordinates": [ [ [ 74.79167970000006, 13.737416900000024 ], [ 74.79167970000006, 13.755416900000025 ], [ 74.810679700000065, 13.755416900000025 ], [ 74.810679700000065, 13.737416900000024 ], [ 74.79167970000006, 13.737416900000024 ] ] ] } },
{ "type": "Feature", "properties": { "zone_id": "D354", "is_urban": false, "ward_name": null, "center_lon": 74.8011797000001, "center_lat": 13.7644169, "area_sqkm": 4.2095591208013685, "population": 2605.0, "waste_kg_day": 781.5, "waste_tons_day": 0.781, "buildings": 552.0, "risk": "Medium" }, "geometry": { "type": "Polygon", "coordinates": [ [ [ 74.79167970000006, 13.755416900000025 ], [ 74.79167970000006, 13.773416900000026 ], [ 74.810679700000065, 13.773416900000026 ], [ 74.810679700000065, 13.755416900000025 ], [ 74.79167970000006, 13.755416900000025 ] ] ] } },
{ "type": "Feature", "properties": { "zone_id": "D355", "is_urban": false, "ward_name": null, "center_lon": 74.8011797000001, "center_lat": 13.7824169, "area_sqkm": 4.2095591208013685, "population": 2235.0, "waste_kg_day": 670.5, "waste_tons_day": 0.67, "buildings": 494.0, "risk": "Medium" }, "geometry": { "type": "Polygon", "coordinates": [ [ [ 74.79167970000006, 13.773416900000026 ], [ 74.79167970000006, 13.791416900000026 ], [ 74.810679700000065, 13.791416900000026 ], [ 74.810679700000065, 13.773416900000026 ], [ 74.79167970000006, 13.773416900000026 ] ] ] } },
{ "type": "Feature", "properties": { "zone_id": "D356", "is_urban": false, "ward_name": null, "center_lon": 74.8011797000001, "center_lat": 13.8004169, "area_sqkm": 4.2095591208013685, "population": 5002.0, "waste_kg_day": 1500.6, "waste_tons_day": 1.501, "buildings": 1138.0, "risk": "High" }, "geometry": { "type": "Polygon", "coordinates": [ [ [ 74.79167970000006, 13.791416900000026 ], [ 74.79167970000006, 13.809416900000027 ], [ 74.810679700000065, 13.809416900000027 ], [ 74.810679700000065, 13.791416900000026 ], [ 74.79167970000006, 13.791416900000026 ] ] ] } },
{ "type": "Feature", "properties": { "zone_id": "D357", "is_urban": false, "ward_name": null, "center_lon": 74.8011797000001, "center_lat": 13.8184169, "area_sqkm": 4.2095591208013685, "population": 3422.0, "waste_kg_day": 1026.6, "waste_tons_day": 1.027, "buildings": 831.0, "risk": "Medium" }, "geometry": { "type": "Polygon", "coordinates": [ [ [ 74.79167970000006, 13.809416900000027 ], [ 74.79167970000006, 13.827416900000028 ], [ 74.810679700000065, 13.827416900000028 ], [ 74.810679700000065, 13.809416900000027 ], [ 74.79167970000006, 13.809416900000027 ] ] ] } },
{ "type": "Feature", "properties": { "zone_id": "D358", "is_urban": false, "ward_name": null, "center_lon": 74.8011797000001, "center_lat": 13.8364169, "area_sqkm": 4.2095591208013685, "population": 2751.0, "waste_kg_day": 825.3, "waste_tons_day": 0.825, "buildings": 562.0, "risk": "Medium" }, "geometry": { "type": "Polygon", "coordinates": [ [ [ 74.79167970000006, 13.827416900000028 ], [ 74.79167970000006, 13.845416900000028 ], [ 74.810679700000065, 13.845416900000028 ], [ 74.810679700000065, 13.827416900000028 ], [ 74.79167970000006, 13.827416900000028 ] ] ] } },
{ "type": "Feature", "properties": { "zone_id": "D359", "is_urban": false, "ward_name": null, "center_lon": 74.8011797000001, "center_lat": 13.8544169, "area_sqkm": 4.2095591208013685, "population": 5387.0, "waste_kg_day": 1616.1, "waste_tons_day": 1.616, "buildings": 1088.0, "risk": "High" }, "geometry": { "type": "Polygon", "coordinates": [ [ [ 74.79167970000006, 13.845416900000028 ], [ 74.79167970000006, 13.863416900000029 ], [ 74.810679700000065, 13.863416900000029 ], [ 74.810679700000065, 13.845416900000028 ], [ 74.79167970000006, 13.845416900000028 ] ] ] } },
{ "type": "Feature", "properties": { "zone_id": "D360", "is_urban": false, "ward_name": null, "center_lon": 74.8011797000001, "center_lat": 13.8724169, "area_sqkm": 4.2095591208013685, "population": 1522.0, "waste_kg_day": 456.6, "waste_tons_day": 0.457, "buildings": 331.0, "risk": "Low" }, "geometry": { "type": "Polygon", "coordinates": [ [ [ 74.79167970000006, 13.863416900000029 ], [ 74.79167970000006, 13.88141690000003 ], [ 74.810679700000065, 13.88141690000003 ], [ 74.810679700000065, 13.863416900000029 ], [ 74.79167970000006, 13.863416900000029 ] ] ] } },
{ "type": "Feature", "properties": { "zone_id": "D361", "is_urban": false, "ward_name": null, "center_lon": 74.8011797000001, "center_lat": 13.8904169, "area_sqkm": 4.2095591208013685, "population": 5976.0, "waste_kg_day": 1792.8, "waste_tons_day": 1.793, "buildings": 1584.0, "risk": "High" }, "geometry": { "type": "Polygon", "coordinates": [ [ [ 74.79167970000006, 13.88141690000003 ], [ 74.79167970000006, 13.89941690000003 ], [ 74.810679700000065, 13.89941690000003 ], [ 74.810679700000065, 13.88141690000003 ], [ 74.79167970000006, 13.88141690000003 ] ] ] } },
{ "type": "Feature", "properties": { "zone_id": "D362", "is_urban": false, "ward_name": null, "center_lon": 74.800506699096971, "center_lat": 13.904083932553753, "area_sqkm": 2.0850052322645043, "population": 597.0, "waste_kg_day": 179.1, "waste_tons_day": 0.179, "buildings": 129.0, "risk": "Low" }, "geometry": { "type": "Polygon", "coordinates": [ [ [ 74.7928526, 13.905651 ], [ 74.7929729, 13.9057007 ], [ 74.7930237, 13.9058408 ], [ 74.7929959, 13.9061165 ], [ 74.792963, 13.9075626 ], [ 74.7931985, 13.9085931 ], [ 74.7937209, 13.909574 ], [ 74.794595, 13.9103968 ], [ 74.7972506, 13.9103616 ], [ 74.7992817, 13.9102809 ], [ 74.8006558, 13.9101141 ], [ 74.8017339, 13.9096896 ], [ 74.8027473, 13.9090437 ], [ 74.8040661, 13.9081222 ], [ 74.8046122, 13.9076569 ], [ 74.8059912, 13.9065591 ], [ 74.807532, 13.9059359 ], [ 74.8086655, 13.9057283 ], [ 74.8101089, 13.9056474 ], [ 74.810679700000065, 13.905650180434341 ], [ 74.810679700000065, 13.89941690000003 ], [ 74.79167970000006, 13.89941690000003 ], [ 74.79167970000006, 13.905513071422401 ], [ 74.7928526, 13.905651 ] ] ] } },
{ "type": "Feature", "properties": { "zone_id": "D363", "is_urban": false, "ward_name": null, "center_lon": 74.814979110714347, "center_lat": 13.122496529528448, "area_sqkm": 0.60913655973090097, "population": 576.0, "waste_kg_day": 172.8, "waste_tons_day": 0.173, "buildings": 120.0, "risk": "Low" }, "geometry": { "type": "Polygon", "coordinates": [ [ [ 74.8232964, 13.1250781 ], [ 74.8226604, 13.1237357 ], [ 74.8218581, 13.1233061 ], [ 74.8211573, 13.1229489 ], [ 74.8195526, 13.1226864 ], [ 74.8158452, 13.1226177 ], [ 74.8145725, 13.1223237 ], [ 74.8137381, 13.1214692 ], [ 74.8132357, 13.1204522 ], [ 74.8124845, 13.1192227 ], [ 74.8121851, 13.1180114 ], [ 74.8121162, 13.1169945 ], [ 74.8120198, 13.1152589 ], [ 74.8113514, 13.1143413 ], [ 74.810679700000065, 13.113909680575413 ], [ 74.810679700000065, 13.1254169 ], [ 74.823441210106893, 13.1254169 ], [ 74.8232964, 13.1250781 ] ] ] } },
{ "type": "Feature", "properties": { "zone_id": "D364", "is_urban": false, "ward_name": null, "center_lon": 74.819734626322955, "center_lat": 13.134886306880633, "area_sqkm": 3.9499401854959415, "population": 1507.0, "waste_kg_day": 452.1, "waste_tons_day": 0.452, "buildings": 321.0, "risk": "Low" }, "geometry": { "type": "Polygon", "coordinates": [ [ [ 74.826053, 13.1295531 ], [ 74.8254167, 13.1292908 ], [ 74.8249511, 13.1286715 ], [ 74.8243841, 13.1276229 ], [ 74.823441210106893, 13.1254169 ], [ 74.810679700000065, 13.1254169 ], [ 74.810679700000065, 13.1434169 ], [ 74.829679700000071, 13.1434169 ], [ 74.829679700000071, 13.129205437343192 ], [ 74.8294978, 13.1291606 ], [ 74.827893, 13.1292913 ], [ 74.8266792, 13.1296012 ], [ 74.8266525, 13.1296074 ], [ 74.826053, 13.1295531 ] ] ] } },
{ "type": "Feature", "properties": { "zone_id": "D365", "is_urban": false, "ward_name": null, "center_lon": 74.8201797000001, "center_lat": 13.1524169, "area_sqkm": 4.2095591208013685, "population": 1945.0, "waste_kg_day": 583.5, "waste_tons_day": 0.584, "buildings": 519.0, "risk": "Medium" }, "geometry": { "type": "Polygon", "coordinates": [ [ [ 74.810679700000065, 13.1434169 ], [ 74.810679700000065, 13.1614169 ], [ 74.829679700000071, 13.1614169 ], [ 74.829679700000071, 13.1434169 ], [ 74.810679700000065, 13.1434169 ] ] ] } },
{ "type": "Feature", "properties": { "zone_id": "D366", "is_urban": false, "ward_name": null, "center_lon": 74.8201797000001, "center_lat": 13.1704169, "area_sqkm": 4.2095591208013685, "population": 1740.0, "waste_kg_day": 522.0, "waste_tons_day": 0.522, "buildings": 368.0, "risk": "Medium" }, "geometry": { "type": "Polygon", "coordinates": [ [ [ 74.810679700000065, 13.1614169 ], [ 74.810679700000065, 13.1794169 ], [ 74.829679700000071, 13.1794169 ], [ 74.829679700000071, 13.1614169 ], [ 74.810679700000065, 13.1614169 ] ] ] } },
{ "type": "Feature", "properties": { "zone_id": "D367", "is_urban": false, "ward_name": null, "center_lon": 74.8201797000001, "center_lat": 13.1884169, "area_sqkm": 4.2095591208013685, "population": 4482.0, "waste_kg_day": 1344.6, "waste_tons_day": 1.345, "buildings": 1046.0, "risk": "Medium" }, "geometry": { "type": "Polygon", "coordinates": [ [ [ 74.810679700000065, 13.1794169 ], [ 74.810679700000065, 13.1974169 ], [ 74.829679700000071, 13.1974169 ], [ 74.829679700000071, 13.1794169 ], [ 74.810679700000065, 13.1794169 ] ] ] } },
{ "type": "Feature", "properties": { "zone_id": "D368", "is_urban": false, "ward_name": null, "center_lon": 74.8201797000001, "center_lat": 13.2064169, "area_sqkm": 4.2095591208013685, "population": 2805.0, "waste_kg_day": 841.5, "waste_tons_day": 0.842, "buildings": 582.0, "risk": "Medium" }, "geometry": { "type": "Polygon", "coordinates": [ [ [ 74.810679700000065, 13.1974169 ], [ 74.810679700000065, 13.2154169 ], [ 74.829679700000071, 13.2154169 ], [ 74.829679700000071, 13.1974169 ], [ 74.810679700000065, 13.1974169 ] ] ] } },
{ "type": "Feature", "properties": { "zone_id": "D369", "is_urban": false, "ward_name": null, "center_lon": 74.8201797000001, "center_lat": 13.2244169, "area_sqkm": 4.2095591208013685, "population": 2989.0, "waste_kg_day": 896.7, "waste_tons_day": 0.897, "buildings": 632.0, "risk": "Medium" }, "geometry": { "type": "Polygon", "coordinates": [ [ [ 74.810679700000065, 13.2154169 ], [ 74.810679700000065, 13.2334169 ], [ 74.829679700000071, 13.2334169 ], [ 74.829679700000071, 13.2154169 ], [ 74.810679700000065, 13.2154169 ] ] ] } },
{ "type": "Feature", "properties": { "zone_id": "D370", "is_urban": false, "ward_name": null, "center_lon": 74.8201797000001, "center_lat": 13.2424169, "area_sqkm": 4.2095591208013685, "population": 3245.0, "waste_kg_day": 973.5, "waste_tons_day": 0.974, "buildings": 798.0, "risk": "Medium" }, "geometry": { "type": "Polygon", "coordinates": [ [ [ 74.810679700000065, 13.2334169 ], [ 74.810679700000065, 13.2514169 ], [ 74.829679700000071, 13.2514169 ], [ 74.829679700000071, 13.2334169 ], [ 74.810679700000065, 13.2334169 ] ] ] } },
{ "type": "Feature", "properties": { "zone_id": "D371", "is_urban": false, "ward_name": null, "center_lon": 74.8201797000001, "center_lat": 13.2604169, "area_sqkm": 4.2095591208013685, "population": 3373.0, "waste_kg_day": 1011.9, "waste_tons_day": 1.012, "buildings": 853.0, "risk": "Medium" }, "geometry": { "type": "Polygon", "coordinates": [ [ [ 74.810679700000065, 13.2514169 ], [ 74.810679700000065, 13.2694169 ], [ 74.829679700000071, 13.2694169 ], [ 74.829679700000071, 13.2514169 ], [ 74.810679700000065, 13.2514169 ] ] ] } },
{ "type": "Feature", "properties": { "zone_id": "D372", "is_urban": false, "ward_name": null, "center_lon": 74.8201797000001, "center_lat": 13.2784169, "area_sqkm": 4.2095591208013685, "population": 4933.0, "waste_kg_day": 1479.9, "waste_tons_day": 1.48, "buildings": 1159.0, "risk": "Medium" }, "geometry": { "type": "Polygon", "coordinates": [ [ [ 74.810679700000065, 13.2694169 ], [ 74.810679700000065, 13.2874169 ], [ 74.829679700000071, 13.2874169 ], [ 74.829679700000071, 13.2694169 ], [ 74.810679700000065, 13.2694169 ] ] ] } },
{ "type": "Feature", "properties": { "zone_id": "D373", "is_urban": false, "ward_name": null, "center_lon": 74.8201797000001, "center_lat": 13.2964169, "area_sqkm": 4.2095591208013685, "population": 2112.0, "waste_kg_day": 633.6, "waste_tons_day": 0.634, "buildings": 435.0, "risk": "Medium" }, "geometry": { "type": "Polygon", "coordinates": [ [ [ 74.810679700000065, 13.2874169 ], [ 74.810679700000065, 13.3054169 ], [ 74.829679700000071, 13.3054169 ], [ 74.829679700000071, 13.2874169 ], [ 74.810679700000065, 13.2874169 ] ] ] } },
{ "type": "Feature", "properties": { "zone_id": "D374", "is_urban": false, "ward_name": null, "center_lon": 74.8201797000001, "center_lat": 13.3144169, "area_sqkm": 4.2095591208013685, "population": 2942.0, "waste_kg_day": 882.6, "waste_tons_day": 0.883, "buildings": 681.0, "risk": "Medium" }, "geometry": { "type": "Polygon", "coordinates": [ [ [ 74.810679700000065, 13.3054169 ], [ 74.810679700000065, 13.3234169 ], [ 74.829679700000071, 13.3234169 ], [ 74.829679700000071, 13.3054169 ], [ 74.810679700000065, 13.3054169 ] ] ] } },
{ "type": "Feature", "properties": { "zone_id": "D375", "is_urban": false, "ward_name": null, "center_lon": 74.8201797000001, "center_lat": 13.3324169, "area_sqkm": 4.2095591208013685, "population": 5802.0, "waste_kg_day": 1740.6, "waste_tons_day": 1.741, "buildings": 1307.0, "risk": "High" }, "geometry": { "type": "Polygon", "coordinates": [ [ [ 74.810679700000065, 13.3234169 ], [ 74.810679700000065, 13.3414169 ], [ 74.829679700000071, 13.3414169 ], [ 74.829679700000071, 13.3234169 ], [ 74.810679700000065, 13.3234169 ] ] ] } },
{ "type": "Feature", "properties": { "zone_id": "D376", "is_urban": true, "ward_name": "Settibettu", "center_lon": 74.8201797000001, "center_lat": 13.3504169, "area_sqkm": 4.2095591208013685, "population": 15089.0, "waste_kg_day": 7544.5, "waste_tons_day": 7.545, "buildings": 3073.0, "risk": "High" }, "geometry": { "type": "Polygon", "coordinates": [ [ [ 74.810679700000065, 13.3414169 ], [ 74.810679700000065, 13.35941690000001 ], [ 74.829679700000071, 13.35941690000001 ], [ 74.829679700000071, 13.3414169 ], [ 74.810679700000065, 13.3414169 ] ] ] } },
{ "type": "Feature", "properties": { "zone_id": "D377", "is_urban": true, "ward_name": "Settibettu", "center_lon": 74.8201797000001, "center_lat": 13.3684169, "area_sqkm": 4.2095591208013685, "population": 25840.0, "waste_kg_day": 12920.0, "waste_tons_day": 12.92, "buildings": 6456.0, "risk": "High" }, "geometry": { "type": "Polygon", "coordinates": [ [ [ 74.810679700000065, 13.35941690000001 ], [ 74.810679700000065, 13.377416900000011 ], [ 74.829679700000071, 13.377416900000011 ], [ 74.829679700000071, 13.35941690000001 ], [ 74.810679700000065, 13.35941690000001 ] ] ] } },
{ "type": "Feature", "properties": { "zone_id": "D378", "is_urban": false, "ward_name": "Settibettu", "center_lon": 74.8201797000001, "center_lat": 13.3864169, "area_sqkm": 4.2095591208013685, "population": 1604.0, "waste_kg_day": 481.2, "waste_tons_day": 0.481, "buildings": 341.0, "risk": "Low" }, "geometry": { "type": "Polygon", "coordinates": [ [ [ 74.810679700000065, 13.377416900000011 ], [ 74.810679700000065, 13.395416900000011 ], [ 74.829679700000071, 13.395416900000011 ], [ 74.829679700000071, 13.377416900000011 ], [ 74.810679700000065, 13.377416900000011 ] ] ] } },
{ "type": "Feature", "properties": { "zone_id": "D379", "is_urban": false, "ward_name": null, "center_lon": 74.8201797000001, "center_lat": 13.4044169, "area_sqkm": 4.2095591208013685, "population": 4235.0, "waste_kg_day": 1270.5, "waste_tons_day": 1.27, "buildings": 984.0, "risk": "Medium" }, "geometry": { "type": "Polygon", "coordinates": [ [ [ 74.810679700000065, 13.395416900000011 ], [ 74.810679700000065, 13.413416900000012 ], [ 74.829679700000071, 13.413416900000012 ], [ 74.829679700000071, 13.395416900000011 ], [ 74.810679700000065, 13.395416900000011 ] ] ] } },
{ "type": "Feature", "properties": { "zone_id": "D380", "is_urban": false, "ward_name": null, "center_lon": 74.8201797000001, "center_lat": 13.4224169, "area_sqkm": 4.2095591208013685, "population": 5733.0, "waste_kg_day": 1719.9, "waste_tons_day": 1.72, "buildings": 1224.0, "risk": "High" }, "geometry": { "type": "Polygon", "coordinates": [ [ [ 74.810679700000065, 13.413416900000012 ], [ 74.810679700000065, 13.431416900000013 ], [ 74.829679700000071, 13.431416900000013 ], [ 74.829679700000071, 13.413416900000012 ], [ 74.810679700000065, 13.413416900000012 ] ] ] } },
{ "type": "Feature", "properties": { "zone_id": "D381", "is_urban": false, "ward_name": null, "center_lon": 74.8201797000001, "center_lat": 13.4404169, "area_sqkm": 4.2095591208013685, "population": 1671.0, "waste_kg_day": 501.3, "waste_tons_day": 0.501, "buildings": 421.0, "risk": "Medium" }, "geometry": { "type": "Polygon", "coordinates": [ [ [ 74.810679700000065, 13.431416900000013 ], [ 74.810679700000065, 13.449416900000013 ], [ 74.829679700000071, 13.449416900000013 ], [ 74.829679700000071, 13.431416900000013 ], [ 74.810679700000065, 13.431416900000013 ] ] ] } },
{ "type": "Feature", "properties": { "zone_id": "D382", "is_urban": false, "ward_name": null, "center_lon": 74.8201797000001, "center_lat": 13.4584169, "area_sqkm": 4.2095591208013685, "population": 2201.0, "waste_kg_day": 660.3, "waste_tons_day": 0.66, "buildings": 476.0, "risk": "Medium" }, "geometry": { "type": "Polygon", "coordinates": [ [ [ 74.810679700000065, 13.449416900000013 ], [ 74.810679700000065, 13.467416900000014 ], [ 74.829679700000071, 13.467416900000014 ], [ 74.829679700000071, 13.449416900000013 ], [ 74.810679700000065, 13.449416900000013 ] ] ] } },
{ "type": "Feature", "properties": { "zone_id": "D383", "is_urban": false, "ward_name": null, "center_lon": 74.8201797000001, "center_lat": 13.4764169, "area_sqkm": 4.2095591208013685, "population": 1025.0, "waste_kg_day": 307.5, "waste_tons_day": 0.307, "buildings": 235.0, "risk": "Low" }, "geometry": { "type": "Polygon", "coordinates": [ [ [ 74.810679700000065, 13.467416900000014 ], [ 74.810679700000065, 13.485416900000015 ], [ 74.829679700000071, 13.485416900000015 ], [ 74.829679700000071, 13.467416900000014 ], [ 74.810679700000065, 13.467416900000014 ] ] ] } },
{ "type": "Feature", "properties": { "zone_id": "D384", "is_urban": false, "ward_name": null, "center_lon": 74.8201797000001, "center_lat": 13.4944169, "area_sqkm": 4.2095591208013685, "population": 5014.0, "waste_kg_day": 1504.2, "waste_tons_day": 1.504, "buildings": 1041.0, "risk": "High" }, "geometry": { "type": "Polygon", "coordinates": [ [ [ 74.810679700000065, 13.485416900000015 ], [ 74.810679700000065, 13.503416900000015 ], [ 74.829679700000071, 13.503416900000015 ], [ 74.829679700000071, 13.485416900000015 ], [ 74.810679700000065, 13.485416900000015 ] ] ] } },
{ "type": "Feature", "properties": { "zone_id": "D385", "is_urban": false, "ward_name": null, "center_lon": 74.8201797000001, "center_lat": 13.5124169, "area_sqkm": 4.2095591208013685, "population": 2713.0, "waste_kg_day": 813.9, "waste_tons_day": 0.814, "buildings": 573.0, "risk": "Medium" }, "geometry": { "type": "Polygon", "coordinates": [ [ [ 74.810679700000065, 13.503416900000015 ], [ 74.810679700000065, 13.521416900000016 ], [ 74.829679700000071, 13.521416900000016 ], [ 74.829679700000071, 13.503416900000015 ], [ 74.810679700000065, 13.503416900000015 ] ] ] } },
{ "type": "Feature", "properties": { "zone_id": "D386", "is_urban": false, "ward_name": null, "center_lon": 74.8201797000001, "center_lat": 13.5304169, "area_sqkm": 4.2095591208013685, "population": 1447.0, "waste_kg_day": 434.1, "waste_tons_day": 0.434, "buildings": 303.0, "risk": "Low" }, "geometry": { "type": "Polygon", "coordinates": [ [ [ 74.810679700000065, 13.521416900000016 ], [ 74.810679700000065, 13.539416900000017 ], [ 74.829679700000071, 13.539416900000017 ], [ 74.829679700000071, 13.521416900000016 ], [ 74.810679700000065, 13.521416900000016 ] ] ] } },
{ "type": "Feature", "properties": { "zone_id": "D387", "is_urban": false, "ward_name": null, "center_lon": 74.8201797000001, "center_lat": 13.5484169, "area_sqkm": 4.2095591208013685, "population": 1539.0, "waste_kg_day": 461.7, "waste_tons_day": 0.462, "buildings": 375.0, "risk": "Low" }, "geometry": { "type": "Polygon", "coordinates": [ [ [ 74.810679700000065, 13.539416900000017 ], [ 74.810679700000065, 13.557416900000018 ], [ 74.829679700000071, 13.557416900000018 ], [ 74.829679700000071, 13.539416900000017 ], [ 74.810679700000065, 13.539416900000017 ] ] ] } },
{ "type": "Feature", "properties": { "zone_id": "D388", "is_urban": false, "ward_name": null, "center_lon": 74.8201797000001, "center_lat": 13.5664169, "area_sqkm": 4.2095591208013685, "population": 5205.0, "waste_kg_day": 1561.5, "waste_tons_day": 1.562, "buildings": 1397.0, "risk": "High" }, "geometry": { "type": "Polygon", "coordinates": [ [ [ 74.810679700000065, 13.557416900000018 ], [ 74.810679700000065, 13.575416900000018 ], [ 74.829679700000071, 13.575416900000018 ], [ 74.829679700000071, 13.557416900000018 ], [ 74.810679700000065, 13.557416900000018 ] ] ] } },
{ "type": "Feature", "properties": { "zone_id": "D389", "is_urban": false, "ward_name": null, "center_lon": 74.8201797000001, "center_lat": 13.5844169, "area_sqkm": 4.2095591208013685, "population": 2096.0, "waste_kg_day": 628.8, "waste_tons_day": 0.629, "buildings": 457.0, "risk": "Medium" }, "geometry": { "type": "Polygon", "coordinates": [ [ [ 74.810679700000065, 13.575416900000018 ], [ 74.810679700000065, 13.593416900000019 ], [ 74.829679700000071, 13.593416900000019 ], [ 74.829679700000071, 13.575416900000018 ], [ 74.810679700000065, 13.575416900000018 ] ] ] } },
{ "type": "Feature", "properties": { "zone_id": "D390", "is_urban": false, "ward_name": null, "center_lon": 74.8201797000001, "center_lat": 13.6024169, "area_sqkm": 4.2095591208013685, "population": 4782.0, "waste_kg_day": 1434.6, "waste_tons_day": 1.435, "buildings": 1071.0, "risk": "Medium" }, "geometry": { "type": "Polygon", "coordinates": [ [ [ 74.810679700000065, 13.593416900000019 ], [ 74.810679700000065, 13.61141690000002 ], [ 74.829679700000071, 13.61141690000002 ], [ 74.829679700000071, 13.593416900000019 ], [ 74.810679700000065, 13.593416900000019 ] ] ] } },
{ "type": "Feature", "properties": { "zone_id": "D391", "is_urban": false, "ward_name": null, "center_lon": 74.8201797000001, "center_lat": 13.6204169, "area_sqkm": 4.2095591208013685, "population": 4639.0, "waste_kg_day": 1391.7, "waste_tons_day": 1.392, "buildings": 1075.0, "risk": "Medium" }, "geometry": { "type": "Polygon", "coordinates": [ [ [ 74.810679700000065, 13.61141690000002 ], [ 74.810679700000065, 13.62941690000002 ], [ 74.829679700000071, 13.62941690000002 ], [ 74.829679700000071, 13.61141690000002 ], [ 74.810679700000065, 13.61141690000002 ] ] ] } },
{ "type": "Feature", "properties": { "zone_id": "D392", "is_urban": false, "ward_name": null, "center_lon": 74.8201797000001, "center_lat": 13.6384169, "area_sqkm": 4.2095591208013685, "population": 2219.0, "waste_kg_day": 665.7, "waste_tons_day": 0.666, "buildings": 552.0, "risk": "Medium" }, "geometry": { "type": "Polygon", "coordinates": [ [ [ 74.810679700000065, 13.62941690000002 ], [ 74.810679700000065, 13.647416900000021 ], [ 74.829679700000071, 13.647416900000021 ], [ 74.829679700000071, 13.62941690000002 ], [ 74.810679700000065, 13.62941690000002 ] ] ] } },
{ "type": "Feature", "properties": { "zone_id": "D393", "is_urban": false, "ward_name": null, "center_lon": 74.8201797000001, "center_lat": 13.6564169, "area_sqkm": 4.2095591208013685, "population": 1835.0, "waste_kg_day": 550.5, "waste_tons_day": 0.55, "buildings": 377.0, "risk": "Medium" }, "geometry": { "type": "Polygon", "coordinates": [ [ [ 74.810679700000065, 13.647416900000021 ], [ 74.810679700000065, 13.665416900000022 ], [ 74.829679700000071, 13.665416900000022 ], [ 74.829679700000071, 13.647416900000021 ], [ 74.810679700000065, 13.647416900000021 ] ] ] } },
{ "type": "Feature", "properties": { "zone_id": "D394", "is_urban": false, "ward_name": null, "center_lon": 74.8201797000001, "center_lat": 13.6744169, "area_sqkm": 4.2095591208013685, "population": 4034.0, "waste_kg_day": 1210.2, "waste_tons_day": 1.21, "buildings": 983.0, "risk": "Medium" }, "geometry": { "type": "Polygon", "coordinates": [ [ [ 74.810679700000065, 13.665416900000022 ], [ 74.810679700000065, 13.683416900000022 ], [ 74.829679700000071, 13.683416900000022 ], [ 74.829679700000071, 13.665416900000022 ], [ 74.810679700000065, 13.665416900000022 ] ] ] } },
{ "type": "Feature", "properties": { "zone_id": "D395", "is_urban": false, "ward_name": null, "center_lon": 74.8201797000001, "center_lat": 13.6924169, "area_sqkm": 4.2095591208013685, "population": 3370.0, "waste_kg_day": 1011.0, "waste_tons_day": 1.011, "buildings": 684.0, "risk": "Medium" }, "geometry": { "type": "Polygon", "coordinates": [ [ [ 74.810679700000065, 13.683416900000022 ], [ 74.810679700000065, 13.701416900000023 ], [ 74.829679700000071, 13.701416900000023 ], [ 74.829679700000071, 13.683416900000022 ], [ 74.810679700000065, 13.683416900000022 ] ] ] } },
{ "type": "Feature", "properties": { "zone_id": "D396", "is_urban": false, "ward_name": null, "center_lon": 74.8201797000001, "center_lat": 13.7104169, "area_sqkm": 4.2095591208013685, "population": 1681.0, "waste_kg_day": 504.3, "waste_tons_day": 0.504, "buildings": 383.0, "risk": "Medium" }, "geometry": { "type": "Polygon", "coordinates": [ [ [ 74.810679700000065, 13.701416900000023 ], [ 74.810679700000065, 13.719416900000024 ], [ 74.829679700000071, 13.719416900000024 ], [ 74.829679700000071, 13.701416900000023 ], [ 74.810679700000065, 13.701416900000023 ] ] ] } },
{ "type": "Feature", "properties": { "zone_id": "D397", "is_urban": false, "ward_name": null, "center_lon": 74.8201797000001, "center_lat": 13.7284169, "area_sqkm": 4.2095591208013685, "population": 3610.0, "waste_kg_day": 1083.0, "waste_tons_day": 1.083, "buildings": 817.0, "risk": "Medium" }, "geometry": { "type": "Polygon", "coordinates": [ [ [ 74.810679700000065, 13.719416900000024 ], [ 74.810679700000065, 13.737416900000024 ], [ 74.829679700000071, 13.737416900000024 ], [ 74.829679700000071, 13.719416900000024 ], [ 74.810679700000065, 13.719416900000024 ] ] ] } },
{ "type": "Feature", "properties": { "zone_id": "D398", "is_urban": false, "ward_name": null, "center_lon": 74.8201797000001, "center_lat": 13.7464169, "area_sqkm": 4.2095591208013685, "population": 941.0, "waste_kg_day": 282.3, "waste_tons_day": 0.282, "buildings": 195.0, "risk": "Low" }, "geometry": { "type": "Polygon", "coordinates": [ [ [ 74.810679700000065, 13.737416900000024 ], [ 74.810679700000065, 13.755416900000025 ], [ 74.829679700000071, 13.755416900000025 ], [ 74.829679700000071, 13.737416900000024 ], [ 74.810679700000065, 13.737416900000024 ] ] ] } },
{ "type": "Feature", "properties": { "zone_id": "D399", "is_urban": false, "ward_name": null, "center_lon": 74.8201797000001, "center_lat": 13.7644169, "area_sqkm": 4.2095591208013685, "population": 5942.0, "waste_kg_day": 1782.6, "waste_tons_day": 1.783, "buildings": 1366.0, "risk": "High" }, "geometry": { "type": "Polygon", "coordinates": [ [ [ 74.810679700000065, 13.755416900000025 ], [ 74.810679700000065, 13.773416900000026 ], [ 74.829679700000071, 13.773416900000026 ], [ 74.829679700000071, 13.755416900000025 ], [ 74.810679700000065, 13.755416900000025 ] ] ] } },
{ "type": "Feature", "properties": { "zone_id": "D400", "is_urban": false, "ward_name": null, "center_lon": 74.8201797000001, "center_lat": 13.7824169, "area_sqkm": 4.2095591208013685, "population": 4654.0, "waste_kg_day": 1396.2, "waste_tons_day": 1.396, "buildings": 952.0, "risk": "Medium" }, "geometry": { "type": "Polygon", "coordinates": [ [ [ 74.810679700000065, 13.773416900000026 ], [ 74.810679700000065, 13.791416900000026 ], [ 74.829679700000071, 13.791416900000026 ], [ 74.829679700000071, 13.773416900000026 ], [ 74.810679700000065, 13.773416900000026 ] ] ] } },
{ "type": "Feature", "properties": { "zone_id": "D401", "is_urban": false, "ward_name": null, "center_lon": 74.8201797000001, "center_lat": 13.8004169, "area_sqkm": 4.2095591208013685, "population": 4712.0, "waste_kg_day": 1413.6, "waste_tons_day": 1.414, "buildings": 1263.0, "risk": "Medium" }, "geometry": { "type": "Polygon", "coordinates": [ [ [ 74.810679700000065, 13.791416900000026 ], [ 74.810679700000065, 13.809416900000027 ], [ 74.829679700000071, 13.809416900000027 ], [ 74.829679700000071, 13.791416900000026 ], [ 74.810679700000065, 13.791416900000026 ] ] ] } },
{ "type": "Feature", "properties": { "zone_id": "D402", "is_urban": false, "ward_name": null, "center_lon": 74.8201797000001, "center_lat": 13.8184169, "area_sqkm": 4.2095591208013685, "population": 3995.0, "waste_kg_day": 1198.5, "waste_tons_day": 1.198, "buildings": 905.0, "risk": "Medium" }, "geometry": { "type": "Polygon", "coordinates": [ [ [ 74.810679700000065, 13.809416900000027 ], [ 74.810679700000065, 13.827416900000028 ], [ 74.829679700000071, 13.827416900000028 ], [ 74.829679700000071, 13.809416900000027 ], [ 74.810679700000065, 13.809416900000027 ] ] ] } },
{ "type": "Feature", "properties": { "zone_id": "D403", "is_urban": false, "ward_name": null, "center_lon": 74.8201797000001, "center_lat": 13.8364169, "area_sqkm": 4.2095591208013685, "population": 3162.0, "waste_kg_day": 948.6, "waste_tons_day": 0.949, "buildings": 686.0, "risk": "Medium" }, "geometry": { "type": "Polygon", "coordinates": [ [ [ 74.810679700000065, 13.827416900000028 ], [ 74.810679700000065, 13.845416900000028 ], [ 74.829679700000071, 13.845416900000028 ], [ 74.829679700000071, 13.827416900000028 ], [ 74.810679700000065, 13.827416900000028 ] ] ] } },
{ "type": "Feature", "properties": { "zone_id": "D404", "is_urban": false, "ward_name": null, "center_lon": 74.8201797000001, "center_lat": 13.8544169, "area_sqkm": 4.2095591208013685, "population": 5955.0, "waste_kg_day": 1786.5, "waste_tons_day": 1.786, "buildings": 1218.0, "risk": "High" }, "geometry": { "type": "Polygon", "coordinates": [ [ [ 74.810679700000065, 13.845416900000028 ], [ 74.810679700000065, 13.863416900000029 ], [ 74.829679700000071, 13.863416900000029 ], [ 74.829679700000071, 13.845416900000028 ], [ 74.810679700000065, 13.845416900000028 ] ] ] } },
{ "type": "Feature", "properties": { "zone_id": "D405", "is_urban": false, "ward_name": null, "center_lon": 74.8201797000001, "center_lat": 13.8724169, "area_sqkm": 4.2095591208013685, "population": 3309.0, "waste_kg_day": 992.7, "waste_tons_day": 0.993, "buildings": 901.0, "risk": "Medium" }, "geometry": { "type": "Polygon", "coordinates": [ [ [ 74.810679700000065, 13.863416900000029 ], [ 74.810679700000065, 13.88141690000003 ], [ 74.829679700000071, 13.88141690000003 ], [ 74.829679700000071, 13.863416900000029 ], [ 74.810679700000065, 13.863416900000029 ] ] ] } },
{ "type": "Feature", "properties": { "zone_id": "D406", "is_urban": false, "ward_name": null, "center_lon": 74.8201797000001, "center_lat": 13.8904169, "area_sqkm": 4.2095591208013685, "population": 6231.0, "waste_kg_day": 1869.3, "waste_tons_day": 1.869, "buildings": 1309.0, "risk": "High" }, "geometry": { "type": "Polygon", "coordinates": [ [ [ 74.810679700000065, 13.88141690000003 ], [ 74.810679700000065, 13.89941690000003 ], [ 74.829679700000071, 13.89941690000003 ], [ 74.829679700000071, 13.88141690000003 ], [ 74.810679700000065, 13.88141690000003 ] ] ] } },
{ "type": "Feature", "properties": { "zone_id": "D407", "is_urban": false, "ward_name": null, "center_lon": 74.819654365935151, "center_lat": 13.902616925469681, "area_sqkm": 1.440049731847991, "population": 521.0, "waste_kg_day": 156.3, "waste_tons_day": 0.156, "buildings": 106.0, "risk": "Low" }, "geometry": { "type": "Polygon", "coordinates": [ [ [ 74.8120797, 13.905657 ], [ 74.813662, 13.9054269 ], [ 74.8147538, 13.9053685 ], [ 74.8161926, 13.9056084 ], [ 74.8173166, 13.9061329 ], [ 74.818746, 13.9070055 ], [ 74.8196248, 13.9077966 ], [ 74.8209943, 13.9072139 ], [ 74.8223176, 13.9067081 ], [ 74.8234558, 13.9060756 ], [ 74.8239834, 13.905538 ], [ 74.8241731, 13.9053844 ], [ 74.8251494, 13.9045395 ], [ 74.8257185, 13.904273 ], [ 74.8264634, 13.9039748 ], [ 74.8281614, 13.9036091 ], [ 74.8291515, 13.9033834 ], [ 74.829679700000071, 13.903281877332651 ], [ 74.829679700000071, 13.89941690000003 ], [ 74.810679700000065, 13.89941690000003 ], [ 74.810679700000065, 13.905650180434341 ], [ 74.8120797, 13.905657 ] ] ] } },
{ "type": "Feature", "properties": { "zone_id": "D408", "is_urban": false, "ward_name": null, "center_lon": 74.839199142843867, "center_lat": 13.136015358668452, "area_sqkm": 3.4532754872673483, "population": 4595.0, "waste_kg_day": 1378.5, "waste_tons_day": 1.379, "buildings": 1074.0, "risk": "Medium" }, "geometry": { "type": "Polygon", "coordinates": [ [ [ 74.8485753, 13.1282913 ], [ 74.8484462, 13.1284888 ], [ 74.8481823, 13.1288855 ], [ 74.8477174, 13.1292087 ], [ 74.8474638, 13.1292855 ], [ 74.8468505, 13.1294345 ], [ 74.8463017, 13.1295429 ], [ 74.8458498, 13.1293485 ], [ 74.8450474, 13.1293168 ], [ 74.8441805, 13.1290862 ], [ 74.8434013, 13.1284217 ], [ 74.8422301, 13.127373 ], [ 74.8415292, 13.1272599 ], [ 74.841128, 13.127409 ], [ 74.8405562, 13.1278156 ], [ 74.8394724, 13.1284889 ], [ 74.8387714, 13.1288006 ], [ 74.8375079, 13.1285293 ], [ 74.8357557, 13.1279233 ], [ 74.8346029, 13.1276294 ], [ 74.8342017, 13.1277287 ], [ 74.833865, 13.1282349 ], [ 74.8329794, 13.1294821 ], [ 74.8324766, 13.1298752 ], [ 74.8320247, 13.1297757 ], [ 74.8312593, 13.1295948 ], [ 74.829679700000071, 13.129205437343192 ], [ 74.829679700000071, 13.1434169 ], [ 74.848679700000076, 13.1434169 ], [ 74.848679700000076, 13.128152201754277 ], [ 74.8485753, 13.1282913 ] ] ] } },
{ "type": "Feature", "properties": { "zone_id": "D409", "is_urban": false, "ward_name": null, "center_lon": 74.8391797000001, "center_lat": 13.1524169, "area_sqkm": 4.2095591208013685, "population": 4077.0, "waste_kg_day": 1223.1, "waste_tons_day": 1.223, "buildings": 994.0, "risk": "Medium" }, "geometry": { "type": "Polygon", "coordinates": [ [ [ 74.829679700000071, 13.1434169 ], [ 74.829679700000071, 13.1614169 ], [ 74.848679700000076, 13.1614169 ], [ 74.848679700000076, 13.1434169 ], [ 74.829679700000071, 13.1434169 ] ] ] } },
{ "type": "Feature", "properties": { "zone_id": "D410", "is_urban": false, "ward_name": null, "center_lon": 74.8391797000001, "center_lat": 13.1704169, "area_sqkm": 4.2095591208013685, "population": 1141.0, "waste_kg_day": 342.3, "waste_tons_day": 0.342, "buildings": 285.0, "risk": "Low" }, "geometry": { "type": "Polygon", "coordinates": [ [ [ 74.829679700000071, 13.1614169 ], [ 74.829679700000071, 13.1794169 ], [ 74.848679700000076, 13.1794169 ], [ 74.848679700000076, 13.1614169 ], [ 74.829679700000071, 13.1614169 ] ] ] } },
{ "type": "Feature", "properties": { "zone_id": "D411", "is_urban": false, "ward_name": null, "center_lon": 74.8391797000001, "center_lat": 13.1884169, "area_sqkm": 4.2095591208013685, "population": 5235.0, "waste_kg_day": 1570.5, "waste_tons_day": 1.571, "buildings": 1492.0, "risk": "High" }, "geometry": { "type": "Polygon", "coordinates": [ [ [ 74.829679700000071, 13.1794169 ], [ 74.829679700000071, 13.1974169 ], [ 74.848679700000076, 13.1974169 ], [ 74.848679700000076, 13.1794169 ], [ 74.829679700000071, 13.1794169 ] ] ] } },
{ "type": "Feature", "properties": { "zone_id": "D412", "is_urban": false, "ward_name": null, "center_lon": 74.8391797000001, "center_lat": 13.2064169, "area_sqkm": 4.2095591208013685, "population": 2666.0, "waste_kg_day": 799.8, "waste_tons_day": 0.8, "buildings": 650.0, "risk": "Medium" }, "geometry": { "type": "Polygon", "coordinates": [ [ [ 74.829679700000071, 13.1974169 ], [ 74.829679700000071, 13.2154169 ], [ 74.848679700000076, 13.2154169 ], [ 74.848679700000076, 13.1974169 ], [ 74.829679700000071, 13.1974169 ] ] ] } },
{ "type": "Feature", "properties": { "zone_id": "D413", "is_urban": false, "ward_name": null, "center_lon": 74.8391797000001, "center_lat": 13.2244169, "area_sqkm": 4.2095591208013685, "population": 3782.0, "waste_kg_day": 1134.6, "waste_tons_day": 1.135, "buildings": 775.0, "risk": "Medium" }, "geometry": { "type": "Polygon", "coordinates": [ [ [ 74.829679700000071, 13.2154169 ], [ 74.829679700000071, 13.2334169 ], [ 74.848679700000076, 13.2334169 ], [ 74.848679700000076, 13.2154169 ], [ 74.829679700000071, 13.2154169 ] ] ] } },
{ "type": "Feature", "properties": { "zone_id": "D414", "is_urban": false, "ward_name": null, "center_lon": 74.8391797000001, "center_lat": 13.2424169, "area_sqkm": 4.2095591208013685, "population": 2737.0, "waste_kg_day": 821.1, "waste_tons_day": 0.821, "buildings": 680.0, "risk": "Medium" }, "geometry": { "type": "Polygon", "coordinates": [ [ [ 74.829679700000071, 13.2334169 ], [ 74.829679700000071, 13.2514169 ], [ 74.848679700000076, 13.2514169 ], [ 74.848679700000076, 13.2334169 ], [ 74.829679700000071, 13.2334169 ] ] ] } },
{ "type": "Feature", "properties": { "zone_id": "D415", "is_urban": false, "ward_name": null, "center_lon": 74.8391797000001, "center_lat": 13.2604169, "area_sqkm": 4.2095591208013685, "population": 4877.0, "waste_kg_day": 1463.1, "waste_tons_day": 1.463, "buildings": 1167.0, "risk": "Medium" }, "geometry": { "type": "Polygon", "coordinates": [ [ [ 74.829679700000071, 13.2514169 ], [ 74.829679700000071, 13.2694169 ], [ 74.848679700000076, 13.2694169 ], [ 74.848679700000076, 13.2514169 ], [ 74.829679700000071, 13.2514169 ] ] ] } },
{ "type": "Feature", "properties": { "zone_id": "D416", "is_urban": false, "ward_name": null, "center_lon": 74.8391797000001, "center_lat": 13.2784169, "area_sqkm": 4.2095591208013685, "population": 2071.0, "waste_kg_day": 621.3, "waste_tons_day": 0.621, "buildings": 495.0, "risk": "Medium" }, "geometry": { "type": "Polygon", "coordinates": [ [ [ 74.829679700000071, 13.2694169 ], [ 74.829679700000071, 13.2874169 ], [ 74.848679700000076, 13.2874169 ], [ 74.848679700000076, 13.2694169 ], [ 74.829679700000071, 13.2694169 ] ] ] } },
{ "type": "Feature", "properties": { "zone_id": "D417", "is_urban": false, "ward_name": null, "center_lon": 74.8391797000001, "center_lat": 13.2964169, "area_sqkm": 4.2095591208013685, "population": 1612.0, "waste_kg_day": 483.6, "waste_tons_day": 0.484, "buildings": 428.0, "risk": "Low" }, "geometry": { "type": "Polygon", "coordinates": [ [ [ 74.829679700000071, 13.2874169 ], [ 74.829679700000071, 13.3054169 ], [ 74.848679700000076, 13.3054169 ], [ 74.848679700000076, 13.2874169 ], [ 74.829679700000071, 13.2874169 ] ] ] } },
{ "type": "Feature", "properties": { "zone_id": "D418", "is_urban": false, "ward_name": null, "center_lon": 74.8391797000001, "center_lat": 13.3144169, "area_sqkm": 4.2095591208013685, "population": 3569.0, "waste_kg_day": 1070.7, "waste_tons_day": 1.071, "buildings": 864.0, "risk": "Medium" }, "geometry": { "type": "Polygon", "coordinates": [ [ [ 74.829679700000071, 13.3054169 ], [ 74.829679700000071, 13.3234169 ], [ 74.848679700000076, 13.3234169 ], [ 74.848679700000076, 13.3054169 ], [ 74.829679700000071, 13.3054169 ] ] ] } },
{ "type": "Feature", "properties": { "zone_id": "D419", "is_urban": false, "ward_name": null, "center_lon": 74.8391797000001, "center_lat": 13.3324169, "area_sqkm": 4.2095591208013685, "population": 5848.0, "waste_kg_day": 1754.4, "waste_tons_day": 1.754, "buildings": 1446.0, "risk": "High" }, "geometry": { "type": "Polygon", "coordinates": [ [ [ 74.829679700000071, 13.3234169 ], [ 74.829679700000071, 13.3414169 ], [ 74.848679700000076, 13.3414169 ], [ 74.848679700000076, 13.3234169 ], [ 74.829679700000071, 13.3234169 ] ] ] } },
{ "type": "Feature", "properties": { "zone_id": "D420", "is_urban": false, "ward_name": null, "center_lon": 74.8391797000001, "center_lat": 13.3504169, "area_sqkm": 4.2095591208013685, "population": 4019.0, "waste_kg_day": 1205.7, "waste_tons_day": 1.206, "buildings": 903.0, "risk": "Medium" }, "geometry": { "type": "Polygon", "coordinates": [ [ [ 74.829679700000071, 13.3414169 ], [ 74.829679700000071, 13.35941690000001 ], [ 74.848679700000076, 13.35941690000001 ], [ 74.848679700000076, 13.3414169 ], [ 74.829679700000071, 13.3414169 ] ] ] } },
{ "type": "Feature", "properties": { "zone_id": "D421", "is_urban": false, "ward_name": null, "center_lon": 74.8391797000001, "center_lat": 13.3684169, "area_sqkm": 4.2095591208013685, "population": 913.0, "waste_kg_day": 273.9, "waste_tons_day": 0.274, "buildings": 203.0, "risk": "Low" }, "geometry": { "type": "Polygon", "coordinates": [ [ [ 74.829679700000071, 13.35941690000001 ], [ 74.829679700000071, 13.377416900000011 ], [ 74.848679700000076, 13.377416900000011 ], [ 74.848679700000076, 13.35941690000001 ], [ 74.829679700000071, 13.35941690000001 ] ] ] } },
{ "type": "Feature", "properties": { "zone_id": "D422", "is_urban": false, "ward_name": null, "center_lon": 74.8391797000001, "center_lat": 13.3864169, "area_sqkm": 4.2095591208013685, "population": 1816.0, "waste_kg_day": 544.8, "waste_tons_day": 0.545, "buildings": 367.0, "risk": "Medium" }, "geometry": { "type": "Polygon", "coordinates": [ [ [ 74.829679700000071, 13.377416900000011 ], [ 74.829679700000071, 13.395416900000011 ], [ 74.848679700000076, 13.395416900000011 ], [ 74.848679700000076, 13.377416900000011 ], [ 74.829679700000071, 13.377416900000011 ] ] ] } },
{ "type": "Feature", "properties": { "zone_id": "D423", "is_urban": false, "ward_name": null, "center_lon": 74.8391797000001, "center_lat": 13.4044169, "area_sqkm": 4.2095591208013685, "population": 1655.0, "waste_kg_day": 496.5, "waste_tons_day": 0.496, "buildings": 401.0, "risk": "Low" }, "geometry": { "type": "Polygon", "coordinates": [ [ [ 74.829679700000071, 13.395416900000011 ], [ 74.829679700000071, 13.413416900000012 ], [ 74.848679700000076, 13.413416900000012 ], [ 74.848679700000076, 13.395416900000011 ], [ 74.829679700000071, 13.395416900000011 ] ] ] } },
{ "type": "Feature", "properties": { "zone_id": "D424", "is_urban": false, "ward_name": null, "center_lon": 74.8391797000001, "center_lat": 13.4224169, "area_sqkm": 4.2095591208013685, "population": 1308.0, "waste_kg_day": 392.4, "waste_tons_day": 0.392, "buildings": 261.0, "risk": "Low" }, "geometry": { "type": "Polygon", "coordinates": [ [ [ 74.829679700000071, 13.413416900000012 ], [ 74.829679700000071, 13.431416900000013 ], [ 74.848679700000076, 13.431416900000013 ], [ 74.848679700000076, 13.413416900000012 ], [ 74.829679700000071, 13.413416900000012 ] ] ] } },
{ "type": "Feature", "properties": { "zone_id": "D425", "is_urban": false, "ward_name": null, "center_lon": 74.8391797000001, "center_lat": 13.4404169, "area_sqkm": 4.2095591208013685, "population": 3590.0, "waste_kg_day": 1077.0, "waste_tons_day": 1.077, "buildings": 817.0, "risk": "Medium" }, "geometry": { "type": "Polygon", "coordinates": [ [ [ 74.829679700000071, 13.431416900000013 ], [ 74.829679700000071, 13.449416900000013 ], [ 74.848679700000076, 13.449416900000013 ], [ 74.848679700000076, 13.431416900000013 ], [ 74.829679700000071, 13.431416900000013 ] ] ] } },
{ "type": "Feature", "properties": { "zone_id": "D426", "is_urban": false, "ward_name": null, "center_lon": 74.8391797000001, "center_lat": 13.4584169, "area_sqkm": 4.2095591208013685, "population": 1208.0, "waste_kg_day": 362.4, "waste_tons_day": 0.362, "buildings": 261.0, "risk": "Low" }, "geometry": { "type": "Polygon", "coordinates": [ [ [ 74.829679700000071, 13.449416900000013 ], [ 74.829679700000071, 13.467416900000014 ], [ 74.848679700000076, 13.467416900000014 ], [ 74.848679700000076, 13.449416900000013 ], [ 74.829679700000071, 13.449416900000013 ] ] ] } },
{ "type": "Feature", "properties": { "zone_id": "D427", "is_urban": false, "ward_name": null, "center_lon": 74.8391797000001, "center_lat": 13.4764169, "area_sqkm": 4.2095591208013685, "population": 1990.0, "waste_kg_day": 597.0, "waste_tons_day": 0.597, "buildings": 410.0, "risk": "Medium" }, "geometry": { "type": "Polygon", "coordinates": [ [ [ 74.829679700000071, 13.467416900000014 ], [ 74.829679700000071, 13.485416900000015 ], [ 74.848679700000076, 13.485416900000015 ], [ 74.848679700000076, 13.467416900000014 ], [ 74.829679700000071, 13.467416900000014 ] ] ] } },
{ "type": "Feature", "properties": { "zone_id": "D428", "is_urban": false, "ward_name": null, "center_lon": 74.8391797000001, "center_lat": 13.4944169, "area_sqkm": 4.2095591208013685, "population": 1964.0, "waste_kg_day": 589.2, "waste_tons_day": 0.589, "buildings": 518.0, "risk": "Medium" }, "geometry": { "type": "Polygon", "coordinates": [ [ [ 74.829679700000071, 13.485416900000015 ], [ 74.829679700000071, 13.503416900000015 ], [ 74.848679700000076, 13.503416900000015 ], [ 74.848679700000076, 13.485416900000015 ], [ 74.829679700000071, 13.485416900000015 ] ] ] } },
{ "type": "Feature", "properties": { "zone_id": "D429", "is_urban": false, "ward_name": null, "center_lon": 74.8391797000001, "center_lat": 13.5124169, "area_sqkm": 4.2095591208013685, "population": 1041.0, "waste_kg_day": 312.3, "waste_tons_day": 0.312, "buildings": 247.0, "risk": "Low" }, "geometry": { "type": "Polygon", "coordinates": [ [ [ 74.829679700000071, 13.503416900000015 ], [ 74.829679700000071, 13.521416900000016 ], [ 74.848679700000076, 13.521416900000016 ], [ 74.848679700000076, 13.503416900000015 ], [ 74.829679700000071, 13.503416900000015 ] ] ] } },
{ "type": "Feature", "properties": { "zone_id": "D430", "is_urban": false, "ward_name": null, "center_lon": 74.8391797000001, "center_lat": 13.5304169, "area_sqkm": 4.2095591208013685, "population": 3932.0, "waste_kg_day": 1179.6, "waste_tons_day": 1.18, "buildings": 1092.0, "risk": "Medium" }, "geometry": { "type": "Polygon", "coordinates": [ [ [ 74.829679700000071, 13.521416900000016 ], [ 74.829679700000071, 13.539416900000017 ], [ 74.848679700000076, 13.539416900000017 ], [ 74.848679700000076, 13.521416900000016 ], [ 74.829679700000071, 13.521416900000016 ] ] ] } },
{ "type": "Feature", "properties": { "zone_id": "D431", "is_urban": false, "ward_name": null, "center_lon": 74.8391797000001, "center_lat": 13.5484169, "area_sqkm": 4.2095591208013685, "population": 5085.0, "waste_kg_day": 1525.5, "waste_tons_day": 1.526, "buildings": 1216.0, "risk": "High" }, "geometry": { "type": "Polygon", "coordinates": [ [ [ 74.829679700000071, 13.539416900000017 ], [ 74.829679700000071, 13.557416900000018 ], [ 74.848679700000076, 13.557416900000018 ], [ 74.848679700000076, 13.539416900000017 ], [ 74.829679700000071, 13.539416900000017 ] ] ] } },
{ "type": "Feature", "properties": { "zone_id": "D432", "is_urban": false, "ward_name": null, "center_lon": 74.8391797000001, "center_lat": 13.5664169, "area_sqkm": 4.2095591208013685, "population": 3711.0, "waste_kg_day": 1113.3, "waste_tons_day": 1.113, "buildings": 891.0, "risk": "Medium" }, "geometry": { "type": "Polygon", "coordinates": [ [ [ 74.829679700000071, 13.557416900000018 ], [ 74.829679700000071, 13.575416900000018 ], [ 74.848679700000076, 13.575416900000018 ], [ 74.848679700000076, 13.557416900000018 ], [ 74.829679700000071, 13.557416900000018 ] ] ] } },
{ "type": "Feature", "properties": { "zone_id": "D433", "is_urban": false, "ward_name": null, "center_lon": 74.8391797000001, "center_lat": 13.5844169, "area_sqkm": 4.2095591208013685, "population": 3035.0, "waste_kg_day": 910.5, "waste_tons_day": 0.91, "buildings": 699.0, "risk": "Medium" }, "geometry": { "type": "Polygon", "coordinates": [ [ [ 74.829679700000071, 13.575416900000018 ], [ 74.829679700000071, 13.593416900000019 ], [ 74.848679700000076, 13.593416900000019 ], [ 74.848679700000076, 13.575416900000018 ], [ 74.829679700000071, 13.575416900000018 ] ] ] } },
{ "type": "Feature", "properties": { "zone_id": "D434", "is_urban": false, "ward_name": null, "center_lon": 74.8391797000001, "center_lat": 13.6024169, "area_sqkm": 4.2095591208013685, "population": 1691.0, "waste_kg_day": 507.3, "waste_tons_day": 0.507, "buildings": 448.0, "risk": "Medium" }, "geometry": { "type": "Polygon", "coordinates": [ [ [ 74.829679700000071, 13.593416900000019 ], [ 74.829679700000071, 13.61141690000002 ], [ 74.848679700000076, 13.61141690000002 ], [ 74.848679700000076, 13.593416900000019 ], [ 74.829679700000071, 13.593416900000019 ] ] ] } },
{ "type": "Feature", "properties": { "zone_id": "D435", "is_urban": false, "ward_name": null, "center_lon": 74.8391797000001, "center_lat": 13.6204169, "area_sqkm": 4.2095591208013685, "population": 5557.0, "waste_kg_day": 1667.1, "waste_tons_day": 1.667, "buildings": 1129.0, "risk": "High" }, "geometry": { "type": "Polygon", "coordinates": [ [ [ 74.829679700000071, 13.61141690000002 ], [ 74.829679700000071, 13.62941690000002 ], [ 74.848679700000076, 13.62941690000002 ], [ 74.848679700000076, 13.61141690000002 ], [ 74.829679700000071, 13.61141690000002 ] ] ] } },
{ "type": "Feature", "properties": { "zone_id": "D436", "is_urban": false, "ward_name": null, "center_lon": 74.8391797000001, "center_lat": 13.6384169, "area_sqkm": 4.2095591208013685, "population": 2884.0, "waste_kg_day": 865.2, "waste_tons_day": 0.865, "buildings": 738.0, "risk": "Medium" }, "geometry": { "type": "Polygon", "coordinates": [ [ [ 74.829679700000071, 13.62941690000002 ], [ 74.829679700000071, 13.647416900000021 ], [ 74.848679700000076, 13.647416900000021 ], [ 74.848679700000076, 13.62941690000002 ], [ 74.829679700000071, 13.62941690000002 ] ] ] } },
{ "type": "Feature", "properties": { "zone_id": "D437", "is_urban": false, "ward_name": null, "center_lon": 74.8391797000001, "center_lat": 13.6564169, "area_sqkm": 4.2095591208013685, "population": 4366.0, "waste_kg_day": 1309.8, "waste_tons_day": 1.31, "buildings": 1061.0, "risk": "Medium" }, "geometry": { "type": "Polygon", "coordinates": [ [ [ 74.829679700000071, 13.647416900000021 ], [ 74.829679700000071, 13.665416900000022 ], [ 74.848679700000076, 13.665416900000022 ], [ 74.848679700000076, 13.647416900000021 ], [ 74.829679700000071, 13.647416900000021 ] ] ] } },
{ "type": "Feature", "properties": { "zone_id": "D438", "is_urban": false, "ward_name": null, "center_lon": 74.8391797000001, "center_lat": 13.6744169, "area_sqkm": 4.2095591208013685, "population": 980.0, "waste_kg_day": 294.0, "waste_tons_day": 0.294, "buildings": 262.0, "risk": "Low" }, "geometry": { "type": "Polygon", "coordinates": [ [ [ 74.829679700000071, 13.665416900000022 ], [ 74.829679700000071, 13.683416900000022 ], [ 74.848679700000076, 13.683416900000022 ], [ 74.848679700000076, 13.665416900000022 ], [ 74.829679700000071, 13.665416900000022 ] ] ] } },
{ "type": "Feature", "properties": { "zone_id": "D439", "is_urban": false, "ward_name": null, "center_lon": 74.8391797000001, "center_lat": 13.6924169, "area_sqkm": 4.2095591208013685, "population": 4760.0, "waste_kg_day": 1428.0, "waste_tons_day": 1.428, "buildings": 1060.0, "risk": "Medium" }, "geometry": { "type": "Polygon", "coordinates": [ [ [ 74.829679700000071, 13.683416900000022 ], [ 74.829679700000071, 13.701416900000023 ], [ 74.848679700000076, 13.701416900000023 ], [ 74.848679700000076, 13.683416900000022 ], [ 74.829679700000071, 13.683416900000022 ] ] ] } },
{ "type": "Feature", "properties": { "zone_id": "D440", "is_urban": false, "ward_name": null, "center_lon": 74.8391797000001, "center_lat": 13.7104169, "area_sqkm": 4.2095591208013685, "population": 990.0, "waste_kg_day": 297.0, "waste_tons_day": 0.297, "buildings": 258.0, "risk": "Low" }, "geometry": { "type": "Polygon", "coordinates": [ [ [ 74.829679700000071, 13.701416900000023 ], [ 74.829679700000071, 13.719416900000024 ], [ 74.848679700000076, 13.719416900000024 ], [ 74.848679700000076, 13.701416900000023 ], [ 74.829679700000071, 13.701416900000023 ] ] ] } },
{ "type": "Feature", "properties": { "zone_id": "D441", "is_urban": false, "ward_name": null, "center_lon": 74.8391797000001, "center_lat": 13.7284169, "area_sqkm": 4.2095591208013685, "population": 2106.0, "waste_kg_day": 631.8, "waste_tons_day": 0.632, "buildings": 467.0, "risk": "Medium" }, "geometry": { "type": "Polygon", "coordinates": [ [ [ 74.829679700000071, 13.719416900000024 ], [ 74.829679700000071, 13.737416900000024 ], [ 74.848679700000076, 13.737416900000024 ], [ 74.848679700000076, 13.719416900000024 ], [ 74.829679700000071, 13.719416900000024 ] ] ] } },
{ "type": "Feature", "properties": { "zone_id": "D442", "is_urban": false, "ward_name": null, "center_lon": 74.8391797000001, "center_lat": 13.7464169, "area_sqkm": 4.2095591208013685, "population": 949.0, "waste_kg_day": 284.7, "waste_tons_day": 0.285, "buildings": 259.0, "risk": "Low" }, "geometry": { "type": "Polygon", "coordinates": [ [ [ 74.829679700000071, 13.737416900000024 ], [ 74.829679700000071, 13.755416900000025 ], [ 74.848679700000076, 13.755416900000025 ], [ 74.848679700000076, 13.737416900000024 ], [ 74.829679700000071, 13.737416900000024 ] ] ] } },
{ "type": "Feature", "properties": { "zone_id": "D443", "is_urban": false, "ward_name": null, "center_lon": 74.8391797000001, "center_lat": 13.7644169, "area_sqkm": 4.2095591208013685, "population": 5219.0, "waste_kg_day": 1565.7, "waste_tons_day": 1.566, "buildings": 1385.0, "risk": "High" }, "geometry": { "type": "Polygon", "coordinates": [ [ [ 74.829679700000071, 13.755416900000025 ], [ 74.829679700000071, 13.773416900000026 ], [ 74.848679700000076, 13.773416900000026 ], [ 74.848679700000076, 13.755416900000025 ], [ 74.829679700000071, 13.755416900000025 ] ] ] } },
{ "type": "Feature", "properties": { "zone_id": "D444", "is_urban": false, "ward_name": null, "center_lon": 74.8391797000001, "center_lat": 13.7824169, "area_sqkm": 4.2095591208013685, "population": 4414.0, "waste_kg_day": 1324.2, "waste_tons_day": 1.324, "buildings": 1144.0, "risk": "Medium" }, "geometry": { "type": "Polygon", "coordinates": [ [ [ 74.829679700000071, 13.773416900000026 ], [ 74.829679700000071, 13.791416900000026 ], [ 74.848679700000076, 13.791416900000026 ], [ 74.848679700000076, 13.773416900000026 ], [ 74.829679700000071, 13.773416900000026 ] ] ] } },
{ "type": "Feature", "properties": { "zone_id": "D445", "is_urban": false, "ward_name": null, "center_lon": 74.8391797000001, "center_lat": 13.8004169, "area_sqkm": 4.2095591208013685, "population": 1386.0, "waste_kg_day": 415.8, "waste_tons_day": 0.416, "buildings": 358.0, "risk": "Low" }, "geometry": { "type": "Polygon", "coordinates": [ [ [ 74.829679700000071, 13.791416900000026 ], [ 74.829679700000071, 13.809416900000027 ], [ 74.848679700000076, 13.809416900000027 ], [ 74.848679700000076, 13.791416900000026 ], [ 74.829679700000071, 13.791416900000026 ] ] ] } },
{ "type": "Feature", "properties": { "zone_id": "D446", "is_urban": false, "ward_name": null, "center_lon": 74.8391797000001, "center_lat": 13.8184169, "area_sqkm": 4.2095591208013685, "population": 4794.0, "waste_kg_day": 1438.2, "waste_tons_day": 1.438, "buildings": 1002.0, "risk": "Medium" }, "geometry": { "type": "Polygon", "coordinates": [ [ [ 74.829679700000071, 13.809416900000027 ], [ 74.829679700000071, 13.827416900000028 ], [ 74.848679700000076, 13.827416900000028 ], [ 74.848679700000076, 13.809416900000027 ], [ 74.829679700000071, 13.809416900000027 ] ] ] } },
{ "type": "Feature", "properties": { "zone_id": "D447", "is_urban": false, "ward_name": null, "center_lon": 74.8391797000001, "center_lat": 13.8364169, "area_sqkm": 4.2095591208013685, "population": 5385.0, "waste_kg_day": 1615.5, "waste_tons_day": 1.615, "buildings": 1314.0, "risk": "High" }, "geometry": { "type": "Polygon", "coordinates": [ [ [ 74.829679700000071, 13.827416900000028 ], [ 74.829679700000071, 13.845416900000028 ], [ 74.848679700000076, 13.845416900000028 ], [ 74.848679700000076, 13.827416900000028 ], [ 74.829679700000071, 13.827416900000028 ] ] ] } },
{ "type": "Feature", "properties": { "zone_id": "D448", "is_urban": false, "ward_name": null, "center_lon": 74.8391797000001, "center_lat": 13.8544169, "area_sqkm": 4.2095591208013685, "population": 4497.0, "waste_kg_day": 1349.1, "waste_tons_day": 1.349, "buildings": 1181.0, "risk": "Medium" }, "geometry": { "type": "Polygon", "coordinates": [ [ [ 74.829679700000071, 13.845416900000028 ], [ 74.829679700000071, 13.863416900000029 ], [ 74.848679700000076, 13.863416900000029 ], [ 74.848679700000076, 13.845416900000028 ], [ 74.829679700000071, 13.845416900000028 ] ] ] } },
{ "type": "Feature", "properties": { "zone_id": "D449", "is_urban": false, "ward_name": null, "center_lon": 74.8391797000001, "center_lat": 13.8724169, "area_sqkm": 4.2095591208013685, "population": 2446.0, "waste_kg_day": 733.8, "waste_tons_day": 0.734, "buildings": 504.0, "risk": "Medium" }, "geometry": { "type": "Polygon", "coordinates": [ [ [ 74.829679700000071, 13.863416900000029 ], [ 74.829679700000071, 13.88141690000003 ], [ 74.848679700000076, 13.88141690000003 ], [ 74.848679700000076, 13.863416900000029 ], [ 74.829679700000071, 13.863416900000029 ] ] ] } },
{ "type": "Feature", "properties": { "zone_id": "D450", "is_urban": false, "ward_name": null, "center_lon": 74.837616982542968, "center_lat": 13.888886975525438, "area_sqkm": 3.2105394759380452, "population": 696.0, "waste_kg_day": 208.8, "waste_tons_day": 0.209, "buildings": 191.0, "risk": "Low" }, "geometry": { "type": "Polygon", "coordinates": [ [ [ 74.8355645, 13.898079 ], [ 74.8364297, 13.897356 ], [ 74.8372209, 13.8969088 ], [ 74.8375956, 13.8968501 ], [ 74.8377483, 13.8968998 ], [ 74.8379564, 13.8970671 ], [ 74.8387197, 13.8975101 ], [ 74.8389417, 13.8975915 ], [ 74.8392146, 13.8977316 ], [ 74.8394644, 13.897804 ], [ 74.8398531, 13.8973837 ], [ 74.8401771, 13.8964619 ], [ 74.8408251, 13.8946814 ], [ 74.8414636, 13.8936827 ], [ 74.8427637, 13.8925531 ], [ 74.8439204, 13.8915048 ], [ 74.8449753, 13.890705 ], [ 74.8458636, 13.88986 ], [ 74.8471545, 13.8884909 ], [ 74.8481261, 13.8872165 ], [ 74.848679700000076, 13.886586971515957 ], [ 74.848679700000076, 13.88141690000003 ], [ 74.829679700000071, 13.88141690000003 ], [ 74.829679700000071, 13.89941690000003 ], [ 74.834430013181048, 13.89941690000003 ], [ 74.8355645, 13.898079 ] ] ] } },
{ "type": "Feature", "properties": { "zone_id": "D451", "is_urban": false, "ward_name": null, "center_lon": 74.831456637085736, "center_lat": 13.900933722901279, "area_sqkm": 0.14741144542195828, "population": 69.0, "waste_kg_day": 20.7, "waste_tons_day": 0.021, "buildings": 19.0, "risk": "Low" }, "geometry": { "type": "Polygon", "coordinates": [ [ [ 74.8303497, 13.9031531 ], [ 74.8310391, 13.9028866 ], [ 74.8320894, 13.9021864 ], [ 74.8329223, 13.9015312 ], [ 74.8334174, 13.9010026 ], [ 74.8340051, 13.899918 ], [ 74.834430013181048, 13.89941690000003 ], [ 74.829679700000071, 13.89941690000003 ], [ 74.829679700000071, 13.903281877332651 ], [ 74.8303497, 13.9031531 ] ] ] } },
{ "type": "Feature", "properties": { "zone_id": "D452", "is_urban": false, "ward_name": null, "center_lon": 74.86559706446134, "center_lat": 13.123760398350102, "area_sqkm": 0.17352282768983701, "population": 75.0, "waste_kg_day": 22.5, "waste_tons_day": 0.022, "buildings": 17.0, "risk": "Low" }, "geometry": { "type": "Polygon", "coordinates": [ [ [ 74.8672424, 13.1220197 ], [ 74.8664309, 13.1220377 ], [ 74.8656193, 13.1220558 ], [ 74.8649184, 13.1220648 ], [ 74.8642175, 13.1220693 ], [ 74.863807, 13.1221822 ], [ 74.8635396, 13.1224489 ], [ 74.8634473, 13.1227652 ], [ 74.8635257, 13.1231178 ], [ 74.8636041, 13.1234703 ], [ 74.8636363, 13.1240307 ], [ 74.8635671, 13.1242341 ], [ 74.8634979, 13.124442 ], [ 74.8633042, 13.1248849 ], [ 74.8631059, 13.1253323 ], [ 74.863095292158377, 13.1254169 ], [ 74.867679700000082, 13.1254169 ], [ 74.867679700000082, 13.121881727912507 ], [ 74.8672424, 13.1220197 ] ] ] } },
{ "type": "Feature", "properties": { "zone_id": "D453", "is_urban": false, "ward_name": null, "center_lon": 74.858293542464509, "center_lat": 13.134981548357253, "area_sqkm": 3.9370605669451635, "population": 2944.0, "waste_kg_day": 883.2, "waste_tons_day": 0.883, "buildings": 608.0, "risk": "Medium" }, "geometry": { "type": "Polygon", "coordinates": [ [ [ 74.8630736, 13.1255899 ], [ 74.8630367, 13.1258521 ], [ 74.8630736, 13.1261549 ], [ 74.8631151, 13.1264577 ], [ 74.8630689, 13.126756 ], [ 74.8628799, 13.1269322 ], [ 74.8624095, 13.1270949 ], [ 74.8617777, 13.1271491 ], [ 74.8614134, 13.1272259 ], [ 74.8610445, 13.1273072 ], [ 74.8606387, 13.1275512 ], [ 74.8602375, 13.1277908 ], [ 74.8598086, 13.1279128 ], [ 74.8594858, 13.1278766 ], [ 74.85908, 13.1277771 ], [ 74.8583745, 13.1273658 ], [ 74.857669, 13.1269544 ], [ 74.8569451, 13.1267103 ], [ 74.856341, 13.1267283 ], [ 74.8559859, 13.1267599 ], [ 74.8554141, 13.1267283 ], [ 74.8550314, 13.1266378 ], [ 74.8546532, 13.1265519 ], [ 74.8541414, 13.126466 ], [ 74.8536295, 13.1263756 ], [ 74.8533298, 13.1263846 ], [ 74.8530301, 13.1263891 ], [ 74.8525689, 13.1265381 ], [ 74.8521078, 13.1266872 ], [ 74.8518265, 13.1267098 ], [ 74.8513377, 13.1267188 ], [ 74.8508258, 13.1266193 ], [ 74.8497454, 13.1262962 ], [ 74.8489857, 13.1277445 ], [ 74.848679700000076, 13.128152201754277 ], [ 74.848679700000076, 13.1434169 ], [ 74.867679700000082, 13.1434169 ], [ 74.867679700000082, 13.1254169 ], [ 74.863095292158377, 13.1254169 ], [ 74.8630736, 13.1255899 ] ] ] } },
{ "type": "Feature", "properties": { "zone_id": "D454", "is_urban": false, "ward_name": null, "center_lon": 74.8581797000001, "center_lat": 13.1524169, "area_sqkm": 4.2095591208013685, "population": 5315.0, "waste_kg_day": 1594.5, "waste_tons_day": 1.595, "buildings": 1324.0, "risk": "High" }, "geometry": { "type": "Polygon", "coordinates": [ [ [ 74.848679700000076, 13.1434169 ], [ 74.848679700000076, 13.1614169 ], [ 74.867679700000082, 13.1614169 ], [ 74.867679700000082, 13.1434169 ], [ 74.848679700000076, 13.1434169 ] ] ] } },
{ "type": "Feature", "properties": { "zone_id": "D455", "is_urban": false, "ward_name": null, "center_lon": 74.8581797000001, "center_lat": 13.1704169, "area_sqkm": 4.2095591208013685, "population": 2261.0, "waste_kg_day": 678.3, "waste_tons_day": 0.678, "buildings": 555.0, "risk": "Medium" }, "geometry": { "type": "Polygon", "coordinates": [ [ [ 74.848679700000076, 13.1614169 ], [ 74.848679700000076, 13.1794169 ], [ 74.867679700000082, 13.1794169 ], [ 74.867679700000082, 13.1614169 ], [ 74.848679700000076, 13.1614169 ] ] ] } },
{ "type": "Feature", "properties": { "zone_id": "D456", "is_urban": false, "ward_name": null, "center_lon": 74.8581797000001, "center_lat": 13.1884169, "area_sqkm": 4.2095591208013685, "population": 4072.0, "waste_kg_day": 1221.6, "waste_tons_day": 1.222, "buildings": 1043.0, "risk": "Medium" }, "geometry": { "type": "Polygon", "coordinates": [ [ [ 74.848679700000076, 13.1794169 ], [ 74.848679700000076, 13.1974169 ], [ 74.867679700000082, 13.1974169 ], [ 74.867679700000082, 13.1794169 ], [ 74.848679700000076, 13.1794169 ] ] ] } },
{ "type": "Feature", "properties": { "zone_id": "D457", "is_urban": false, "ward_name": null, "center_lon": 74.8581797000001, "center_lat": 13.2064169, "area_sqkm": 4.2095591208013685, "population": 4257.0, "waste_kg_day": 1277.1, "waste_tons_day": 1.277, "buildings": 1034.0, "risk": "Medium" }, "geometry": { "type": "Polygon", "coordinates": [ [ [ 74.848679700000076, 13.1974169 ], [ 74.848679700000076, 13.2154169 ], [ 74.867679700000082, 13.2154169 ], [ 74.867679700000082, 13.1974169 ], [ 74.848679700000076, 13.1974169 ] ] ] } },
{ "type": "Feature", "properties": { "zone_id": "D458", "is_urban": false, "ward_name": null, "center_lon": 74.8581797000001, "center_lat": 13.2244169, "area_sqkm": 4.2095591208013685, "population": 3862.0, "waste_kg_day": 1158.6, "waste_tons_day": 1.159, "buildings": 929.0, "risk": "Medium" }, "geometry": { "type": "Polygon", "coordinates": [ [ [ 74.848679700000076, 13.2154169 ], [ 74.848679700000076, 13.2334169 ], [ 74.867679700000082, 13.2334169 ], [ 74.867679700000082, 13.2154169 ], [ 74.848679700000076, 13.2154169 ] ] ] } },
{ "type": "Feature", "properties": { "zone_id": "D459", "is_urban": false, "ward_name": null, "center_lon": 74.8581797000001, "center_lat": 13.2424169, "area_sqkm": 4.2095591208013685, "population": 2453.0, "waste_kg_day": 735.9, "waste_tons_day": 0.736, "buildings": 498.0, "risk": "Medium" }, "geometry": { "type": "Polygon", "coordinates": [ [ [ 74.848679700000076, 13.2334169 ], [ 74.848679700000076, 13.2514169 ], [ 74.867679700000082, 13.2514169 ], [ 74.867679700000082, 13.2334169 ], [ 74.848679700000076, 13.2334169 ] ] ] } },
{ "type": "Feature", "properties": { "zone_id": "D460", "is_urban": false, "ward_name": null, "center_lon": 74.8581797000001, "center_lat": 13.2604169, "area_sqkm": 4.2095591208013685, "population": 5020.0, "waste_kg_day": 1506.0, "waste_tons_day": 1.506, "buildings": 1353.0, "risk": "High" }, "geometry": { "type": "Polygon", "coordinates": [ [ [ 74.848679700000076, 13.2514169 ], [ 74.848679700000076, 13.2694169 ], [ 74.867679700000082, 13.2694169 ], [ 74.867679700000082, 13.2514169 ], [ 74.848679700000076, 13.2514169 ] ] ] } },
{ "type": "Feature", "properties": { "zone_id": "D461", "is_urban": false, "ward_name": null, "center_lon": 74.8581797000001, "center_lat": 13.2784169, "area_sqkm": 4.2095591208013685, "population": 5594.0, "waste_kg_day": 1678.2, "waste_tons_day": 1.678, "buildings": 1322.0, "risk": "High" }, "geometry": { "type": "Polygon", "coordinates": [ [ [ 74.848679700000076, 13.2694169 ], [ 74.848679700000076, 13.2874169 ], [ 74.867679700000082, 13.2874169 ], [ 74.867679700000082, 13.2694169 ], [ 74.848679700000076, 13.2694169 ] ] ] } },
{ "type": "Feature", "properties": { "zone_id": "D462", "is_urban": false, "ward_name": null, "center_lon": 74.8581797000001, "center_lat": 13.2964169, "area_sqkm": 4.2095591208013685, "population": 5737.0, "waste_kg_day": 1721.1, "waste_tons_day": 1.721, "buildings": 1220.0, "risk": "High" }, "geometry": { "type": "Polygon", "coordinates": [ [ [ 74.848679700000076, 13.2874169 ], [ 74.848679700000076, 13.3054169 ], [ 74.867679700000082, 13.3054169 ], [ 74.867679700000082, 13.2874169 ], [ 74.848679700000076, 13.2874169 ] ] ] } },
{ "type": "Feature", "properties": { "zone_id": "D463", "is_urban": false, "ward_name": null, "center_lon": 74.8581797000001, "center_lat": 13.3144169, "area_sqkm": 4.2095591208013685, "population": 3168.0, "waste_kg_day": 950.4, "waste_tons_day": 0.95, "buildings": 896.0, "risk": "Medium" }, "geometry": { "type": "Polygon", "coordinates": [ [ [ 74.848679700000076, 13.3054169 ], [ 74.848679700000076, 13.3234169 ], [ 74.867679700000082, 13.3234169 ], [ 74.867679700000082, 13.3054169 ], [ 74.848679700000076, 13.3054169 ] ] ] } },
{ "type": "Feature", "properties": { "zone_id": "D464", "is_urban": false, "ward_name": null, "center_lon": 74.8581797000001, "center_lat": 13.3324169, "area_sqkm": 4.2095591208013685, "population": 2312.0, "waste_kg_day": 693.6, "waste_tons_day": 0.694, "buildings": 536.0, "risk": "Medium" }, "geometry": { "type": "Polygon", "coordinates": [ [ [ 74.848679700000076, 13.3234169 ], [ 74.848679700000076, 13.3414169 ], [ 74.867679700000082, 13.3414169 ], [ 74.867679700000082, 13.3234169 ], [ 74.848679700000076, 13.3234169 ] ] ] } },
{ "type": "Feature", "properties": { "zone_id": "D465", "is_urban": false, "ward_name": null, "center_lon": 74.8581797000001, "center_lat": 13.3504169, "area_sqkm": 4.2095591208013685, "population": 4308.0, "waste_kg_day": 1292.4, "waste_tons_day": 1.292, "buildings": 1108.0, "risk": "Medium" }, "geometry": { "type": "Polygon", "coordinates": [ [ [ 74.848679700000076, 13.3414169 ], [ 74.848679700000076, 13.35941690000001 ], [ 74.867679700000082, 13.35941690000001 ], [ 74.867679700000082, 13.3414169 ], [ 74.848679700000076, 13.3414169 ] ] ] } },
{ "type": "Feature", "properties": { "zone_id": "D466", "is_urban": false, "ward_name": null, "center_lon": 74.8581797000001, "center_lat": 13.3684169, "area_sqkm": 4.2095591208013685, "population": 1604.0, "waste_kg_day": 481.2, "waste_tons_day": 0.481, "buildings": 337.0, "risk": "Low" }, "geometry": { "type": "Polygon", "coordinates": [ [ [ 74.848679700000076, 13.35941690000001 ], [ 74.848679700000076, 13.377416900000011 ], [ 74.867679700000082, 13.377416900000011 ], [ 74.867679700000082, 13.35941690000001 ], [ 74.848679700000076, 13.35941690000001 ] ] ] } },
{ "type": "Feature", "properties": { "zone_id": "D467", "is_urban": false, "ward_name": null, "center_lon": 74.8581797000001, "center_lat": 13.3864169, "area_sqkm": 4.2095591208013685, "population": 6228.0, "waste_kg_day": 1868.4, "waste_tons_day": 1.868, "buildings": 1452.0, "risk": "High" }, "geometry": { "type": "Polygon", "coordinates": [ [ [ 74.848679700000076, 13.377416900000011 ], [ 74.848679700000076, 13.395416900000011 ], [ 74.867679700000082, 13.395416900000011 ], [ 74.867679700000082, 13.377416900000011 ], [ 74.848679700000076, 13.377416900000011 ] ] ] } },
{ "type": "Feature", "properties": { "zone_id": "D468", "is_urban": false, "ward_name": null, "center_lon": 74.8581797000001, "center_lat": 13.4044169, "area_sqkm": 4.2095591208013685, "population": 1781.0, "waste_kg_day": 534.3, "waste_tons_day": 0.534, "buildings": 455.0, "risk": "Medium" }, "geometry": { "type": "Polygon", "coordinates": [ [ [ 74.848679700000076, 13.395416900000011 ], [ 74.848679700000076, 13.413416900000012 ], [ 74.867679700000082, 13.413416900000012 ], [ 74.867679700000082, 13.395416900000011 ], [ 74.848679700000076, 13.395416900000011 ] ] ] } },
{ "type": "Feature", "properties": { "zone_id": "D469", "is_urban": false, "ward_name": null, "center_lon": 74.8581797000001, "center_lat": 13.4224169, "area_sqkm": 4.2095591208013685, "population": 942.0, "waste_kg_day": 282.6, "waste_tons_day": 0.283, "buildings": 193.0, "risk": "Low" }, "geometry": { "type": "Polygon", "coordinates": [ [ [ 74.848679700000076, 13.413416900000012 ], [ 74.848679700000076, 13.431416900000013 ], [ 74.867679700000082, 13.431416900000013 ], [ 74.867679700000082, 13.413416900000012 ], [ 74.848679700000076, 13.413416900000012 ] ] ] } },
{ "type": "Feature", "properties": { "zone_id": "D470", "is_urban": false, "ward_name": null, "center_lon": 74.8581797000001, "center_lat": 13.4404169, "area_sqkm": 4.2095591208013685, "population": 1486.0, "waste_kg_day": 445.8, "waste_tons_day": 0.446, "buildings": 340.0, "risk": "Low" }, "geometry": { "type": "Polygon", "coordinates": [ [ [ 74.848679700000076, 13.431416900000013 ], [ 74.848679700000076, 13.449416900000013 ], [ 74.867679700000082, 13.449416900000013 ], [ 74.867679700000082, 13.431416900000013 ], [ 74.848679700000076, 13.431416900000013 ] ] ] } },
{ "type": "Feature", "properties": { "zone_id": "D471", "is_urban": false, "ward_name": null, "center_lon": 74.8581797000001, "center_lat": 13.4584169, "area_sqkm": 4.2095591208013685, "population": 2341.0, "waste_kg_day": 702.3, "waste_tons_day": 0.702, "buildings": 540.0, "risk": "Medium" }, "geometry": { "type": "Polygon", "coordinates": [ [ [ 74.848679700000076, 13.449416900000013 ], [ 74.848679700000076, 13.467416900000014 ], [ 74.867679700000082, 13.467416900000014 ], [ 74.867679700000082, 13.449416900000013 ], [ 74.848679700000076, 13.449416900000013 ] ] ] } },
{ "type": "Feature", "properties": { "zone_id": "D472", "is_urban": false, "ward_name": null, "center_lon": 74.8581797000001, "center_lat": 13.4764169, "area_sqkm": 4.2095591208013685, "population": 4406.0, "waste_kg_day": 1321.8, "waste_tons_day": 1.322, "buildings": 928.0, "risk": "Medium" }, "geometry": { "type": "Polygon", "coordinates": [ [ [ 74.848679700000076, 13.467416900000014 ], [ 74.848679700000076, 13.485416900000015 ], [ 74.867679700000082, 13.485416900000015 ], [ 74.867679700000082, 13.467416900000014 ], [ 74.848679700000076, 13.467416900000014 ] ] ] } },
{ "type": "Feature", "properties": { "zone_id": "D473", "is_urban": false, "ward_name": null, "center_lon": 74.8581797000001, "center_lat": 13.4944169, "area_sqkm": 4.2095591208013685, "population": 1971.0, "waste_kg_day": 591.3, "waste_tons_day": 0.591, "buildings": 560.0, "risk": "Medium" }, "geometry": { "type": "Polygon", "coordinates": [ [ [ 74.848679700000076, 13.485416900000015 ], [ 74.848679700000076, 13.503416900000015 ], [ 74.867679700000082, 13.503416900000015 ], [ 74.867679700000082, 13.485416900000015 ], [ 74.848679700000076, 13.485416900000015 ] ] ] } },
{ "type": "Feature", "properties": { "zone_id": "D474", "is_urban": false, "ward_name": null, "center_lon": 74.8581797000001, "center_lat": 13.5124169, "area_sqkm": 4.2095591208013685, "population": 1591.0, "waste_kg_day": 477.3, "waste_tons_day": 0.477, "buildings": 328.0, "risk": "Low" }, "geometry": { "type": "Polygon", "coordinates": [ [ [ 74.848679700000076, 13.503416900000015 ], [ 74.848679700000076, 13.521416900000016 ], [ 74.867679700000082, 13.521416900000016 ], [ 74.867679700000082, 13.503416900000015 ], [ 74.848679700000076, 13.503416900000015 ] ] ] } },
{ "type": "Feature", "properties": { "zone_id": "D475", "is_urban": false, "ward_name": null, "center_lon": 74.8581797000001, "center_lat": 13.5304169, "area_sqkm": 4.2095591208013685, "population": 5624.0, "waste_kg_day": 1687.2, "waste_tons_day": 1.687, "buildings": 1279.0, "risk": "High" }, "geometry": { "type": "Polygon", "coordinates": [ [ [ 74.848679700000076, 13.521416900000016 ], [ 74.848679700000076, 13.539416900000017 ], [ 74.867679700000082, 13.539416900000017 ], [ 74.867679700000082, 13.521416900000016 ], [ 74.848679700000076, 13.521416900000016 ] ] ] } },
{ "type": "Feature", "properties": { "zone_id": "D476", "is_urban": false, "ward_name": null, "center_lon": 74.8581797000001, "center_lat": 13.5484169, "area_sqkm": 4.2095591208013685, "population": 4128.0, "waste_kg_day": 1238.4, "waste_tons_day": 1.238, "buildings": 917.0, "risk": "Medium" }, "geometry": { "type": "Polygon", "coordinates": [ [ [ 74.848679700000076, 13.539416900000017 ], [ 74.848679700000076, 13.557416900000018 ], [ 74.867679700000082, 13.557416900000018 ], [ 74.867679700000082, 13.539416900000017 ], [ 74.848679700000076, 13.539416900000017 ] ] ] } },
{ "type": "Feature", "properties": { "zone_id": "D477", "is_urban": false, "ward_name": null, "center_lon": 74.8581797000001, "center_lat": 13.5664169, "area_sqkm": 4.2095591208013685, "population": 1801.0, "waste_kg_day": 540.3, "waste_tons_day": 0.54, "buildings": 369.0, "risk": "Medium" }, "geometry": { "type": "Polygon", "coordinates": [ [ [ 74.848679700000076, 13.557416900000018 ], [ 74.848679700000076, 13.575416900000018 ], [ 74.867679700000082, 13.575416900000018 ], [ 74.867679700000082, 13.557416900000018 ], [ 74.848679700000076, 13.557416900000018 ] ] ] } },
{ "type": "Feature", "properties": { "zone_id": "D478", "is_urban": false, "ward_name": null, "center_lon": 74.8581797000001, "center_lat": 13.5844169, "area_sqkm": 4.2095591208013685, "population": 3133.0, "waste_kg_day": 939.9, "waste_tons_day": 0.94, "buildings": 768.0, "risk": "Medium" }, "geometry": { "type": "Polygon", "coordinates": [ [ [ 74.848679700000076, 13.575416900000018 ], [ 74.848679700000076, 13.593416900000019 ], [ 74.867679700000082, 13.593416900000019 ], [ 74.867679700000082, 13.575416900000018 ], [ 74.848679700000076, 13.575416900000018 ] ] ] } },
{ "type": "Feature", "properties": { "zone_id": "D479", "is_urban": false, "ward_name": null, "center_lon": 74.8581797000001, "center_lat": 13.6024169, "area_sqkm": 4.2095591208013685, "population": 3681.0, "waste_kg_day": 1104.3, "waste_tons_day": 1.104, "buildings": 1030.0, "risk": "Medium" }, "geometry": { "type": "Polygon", "coordinates": [ [ [ 74.848679700000076, 13.593416900000019 ], [ 74.848679700000076, 13.61141690000002 ], [ 74.867679700000082, 13.61141690000002 ], [ 74.867679700000082, 13.593416900000019 ], [ 74.848679700000076, 13.593416900000019 ] ] ] } },
{ "type": "Feature", "properties": { "zone_id": "D480", "is_urban": false, "ward_name": null, "center_lon": 74.8581797000001, "center_lat": 13.6204169, "area_sqkm": 4.2095591208013685, "population": 1751.0, "waste_kg_day": 525.3, "waste_tons_day": 0.525, "buildings": 380.0, "risk": "Medium" }, "geometry": { "type": "Polygon", "coordinates": [ [ [ 74.848679700000076, 13.61141690000002 ], [ 74.848679700000076, 13.62941690000002 ], [ 74.867679700000082, 13.62941690000002 ], [ 74.867679700000082, 13.61141690000002 ], [ 74.848679700000076, 13.61141690000002 ] ] ] } },
{ "type": "Feature", "properties": { "zone_id": "D481", "is_urban": false, "ward_name": null, "center_lon": 74.8581797000001, "center_lat": 13.6384169, "area_sqkm": 4.2095591208013685, "population": 1295.0, "waste_kg_day": 388.5, "waste_tons_day": 0.389, "buildings": 294.0, "risk": "Low" }, "geometry": { "type": "Polygon", "coordinates": [ [ [ 74.848679700000076, 13.62941690000002 ], [ 74.848679700000076, 13.647416900000021 ], [ 74.867679700000082, 13.647416900000021 ], [ 74.867679700000082, 13.62941690000002 ], [ 74.848679700000076, 13.62941690000002 ] ] ] } },
{ "type": "Feature", "properties": { "zone_id": "D482", "is_urban": false, "ward_name": null, "center_lon": 74.8581797000001, "center_lat": 13.6564169, "area_sqkm": 4.2095591208013685, "population": 2184.0, "waste_kg_day": 655.2, "waste_tons_day": 0.655, "buildings": 534.0, "risk": "Medium" }, "geometry": { "type": "Polygon", "coordinates": [ [ [ 74.848679700000076, 13.647416900000021 ], [ 74.848679700000076, 13.665416900000022 ], [ 74.867679700000082, 13.665416900000022 ], [ 74.867679700000082, 13.647416900000021 ], [ 74.848679700000076, 13.647416900000021 ] ] ] } },
{ "type": "Feature", "properties": { "zone_id": "D483", "is_urban": false, "ward_name": null, "center_lon": 74.8581797000001, "center_lat": 13.6744169, "area_sqkm": 4.2095591208013685, "population": 2421.0, "waste_kg_day": 726.3, "waste_tons_day": 0.726, "buildings": 600.0, "risk": "Medium" }, "geometry": { "type": "Polygon", "coordinates": [ [ [ 74.848679700000076, 13.665416900000022 ], [ 74.848679700000076, 13.683416900000022 ], [ 74.867679700000082, 13.683416900000022 ], [ 74.867679700000082, 13.665416900000022 ], [ 74.848679700000076, 13.665416900000022 ] ] ] } },
{ "type": "Feature", "properties": { "zone_id": "D484", "is_urban": false, "ward_name": null, "center_lon": 74.8581797000001, "center_lat": 13.6924169, "area_sqkm": 4.2095591208013685, "population": 4776.0, "waste_kg_day": 1432.8, "waste_tons_day": 1.433, "buildings": 1210.0, "risk": "Medium" }, "geometry": { "type": "Polygon", "coordinates": [ [ [ 74.848679700000076, 13.683416900000022 ], [ 74.848679700000076, 13.701416900000023 ], [ 74.867679700000082, 13.701416900000023 ], [ 74.867679700000082, 13.683416900000022 ], [ 74.848679700000076, 13.683416900000022 ] ] ] } },
{ "type": "Feature", "properties": { "zone_id": "D485", "is_urban": false, "ward_name": null, "center_lon": 74.8581797000001, "center_lat": 13.7104169, "area_sqkm": 4.2095591208013685, "population": 3941.0, "waste_kg_day": 1182.3, "waste_tons_day": 1.182, "buildings": 935.0, "risk": "Medium" }, "geometry": { "type": "Polygon", "coordinates": [ [ [ 74.848679700000076, 13.701416900000023 ], [ 74.848679700000076, 13.719416900000024 ], [ 74.867679700000082, 13.719416900000024 ], [ 74.867679700000082, 13.701416900000023 ], [ 74.848679700000076, 13.701416900000023 ] ] ] } },
{ "type": "Feature", "properties": { "zone_id": "D486", "is_urban": false, "ward_name": null, "center_lon": 74.8581797000001, "center_lat": 13.7284169, "area_sqkm": 4.2095591208013685, "population": 4473.0, "waste_kg_day": 1341.9, "waste_tons_day": 1.342, "buildings": 911.0, "risk": "Medium" }, "geometry": { "type": "Polygon", "coordinates": [ [ [ 74.848679700000076, 13.719416900000024 ], [ 74.848679700000076, 13.737416900000024 ], [ 74.867679700000082, 13.737416900000024 ], [ 74.867679700000082, 13.719416900000024 ], [ 74.848679700000076, 13.719416900000024 ] ] ] } },
{ "type": "Feature", "properties": { "zone_id": "D487", "is_urban": false, "ward_name": null, "center_lon": 74.8581797000001, "center_lat": 13.7464169, "area_sqkm": 4.2095591208013685, "population": 4850.0, "waste_kg_day": 1455.0, "waste_tons_day": 1.455, "buildings": 1268.0, "risk": "Medium" }, "geometry": { "type": "Polygon", "coordinates": [ [ [ 74.848679700000076, 13.737416900000024 ], [ 74.848679700000076, 13.755416900000025 ], [ 74.867679700000082, 13.755416900000025 ], [ 74.867679700000082, 13.737416900000024 ], [ 74.848679700000076, 13.737416900000024 ] ] ] } },
{ "type": "Feature", "properties": { "zone_id": "D488", "is_urban": false, "ward_name": null, "center_lon": 74.8581797000001, "center_lat": 13.7644169, "area_sqkm": 4.2095591208013685, "population": 1012.0, "waste_kg_day": 303.6, "waste_tons_day": 0.304, "buildings": 259.0, "risk": "Low" }, "geometry": { "type": "Polygon", "coordinates": [ [ [ 74.848679700000076, 13.755416900000025 ], [ 74.848679700000076, 13.773416900000026 ], [ 74.867679700000082, 13.773416900000026 ], [ 74.867679700000082, 13.755416900000025 ], [ 74.848679700000076, 13.755416900000025 ] ] ] } },
{ "type": "Feature", "properties": { "zone_id": "D489", "is_urban": false, "ward_name": null, "center_lon": 74.8581797000001, "center_lat": 13.7824169, "area_sqkm": 4.2095591208013685, "population": 4098.0, "waste_kg_day": 1229.4, "waste_tons_day": 1.229, "buildings": 1145.0, "risk": "Medium" }, "geometry": { "type": "Polygon", "coordinates": [ [ [ 74.848679700000076, 13.773416900000026 ], [ 74.848679700000076, 13.791416900000026 ], [ 74.867679700000082, 13.791416900000026 ], [ 74.867679700000082, 13.773416900000026 ], [ 74.848679700000076, 13.773416900000026 ] ] ] } },
{ "type": "Feature", "properties": { "zone_id": "D490", "is_urban": false, "ward_name": null, "center_lon": 74.8581797000001, "center_lat": 13.8004169, "area_sqkm": 4.2095591208013685, "population": 3558.0, "waste_kg_day": 1067.4, "waste_tons_day": 1.067, "buildings": 809.0, "risk": "Medium" }, "geometry": { "type": "Polygon", "coordinates": [ [ [ 74.848679700000076, 13.791416900000026 ], [ 74.848679700000076, 13.809416900000027 ], [ 74.867679700000082, 13.809416900000027 ], [ 74.867679700000082, 13.791416900000026 ], [ 74.848679700000076, 13.791416900000026 ] ] ] } },
{ "type": "Feature", "properties": { "zone_id": "D491", "is_urban": false, "ward_name": null, "center_lon": 74.8581797000001, "center_lat": 13.8184169, "area_sqkm": 4.2095591208013685, "population": 2671.0, "waste_kg_day": 801.3, "waste_tons_day": 0.801, "buildings": 573.0, "risk": "Medium" }, "geometry": { "type": "Polygon", "coordinates": [ [ [ 74.848679700000076, 13.809416900000027 ], [ 74.848679700000076, 13.827416900000028 ], [ 74.867679700000082, 13.827416900000028 ], [ 74.867679700000082, 13.809416900000027 ], [ 74.848679700000076, 13.809416900000027 ] ] ] } },
{ "type": "Feature", "properties": { "zone_id": "D492", "is_urban": false, "ward_name": null, "center_lon": 74.8581797000001, "center_lat": 13.8364169, "area_sqkm": 4.2095591208013685, "population": 1425.0, "waste_kg_day": 427.5, "waste_tons_day": 0.427, "buildings": 394.0, "risk": "Low" }, "geometry": { "type": "Polygon", "coordinates": [ [ [ 74.848679700000076, 13.827416900000028 ], [ 74.848679700000076, 13.845416900000028 ], [ 74.867679700000082, 13.845416900000028 ], [ 74.867679700000082, 13.827416900000028 ], [ 74.848679700000076, 13.827416900000028 ] ] ] } },
{ "type": "Feature", "properties": { "zone_id": "D493", "is_urban": false, "ward_name": null, "center_lon": 74.857510788374952, "center_lat": 13.853796394926208, "area_sqkm": 3.8355259675478419, "population": 4397.0, "waste_kg_day": 1319.1, "waste_tons_day": 1.319, "buildings": 1036.0, "risk": "Medium" }, "geometry": { "type": "Polygon", "coordinates": [ [ [ 74.8615665, 13.8620635 ], [ 74.8630375, 13.8595961 ], [ 74.8644993, 13.8578246 ], [ 74.8651053, 13.8571874 ], [ 74.8652764, 13.8571287 ], [ 74.8654799, 13.8571287 ], [ 74.8658731, 13.8571875 ], [ 74.8671219, 13.8575852 ], [ 74.867679700000082, 13.857358358422974 ], [ 74.867679700000082, 13.845416900000028 ], [ 74.848679700000076, 13.845416900000028 ], [ 74.848679700000076, 13.863416900000029 ], [ 74.860884481938484, 13.863416900000029 ], [ 74.8615665, 13.8620635 ] ] ] } },
{ "type": "Feature", "properties": { "zone_id": "D494", "is_urban": false, "ward_name": null, "center_lon": 74.853192288097489, "center_lat": 13.871493218271404, "area_sqkm": 1.9324372575047875, "population": 2115.0, "waste_kg_day": 634.5, "waste_tons_day": 0.634, "buildings": 509.0, "risk": "Medium" }, "geometry": { "type": "Polygon", "coordinates": [ [ [ 74.853664, 13.8811749 ], [ 74.8544228, 13.880488 ], [ 74.8554036, 13.87939 ], [ 74.856153, 13.8783958 ], [ 74.8564075, 13.8778625 ], [ 74.8567546, 13.8765068 ], [ 74.8570276, 13.8752504 ], [ 74.8571896, 13.8739037 ], [ 74.8573009, 13.8717751 ], [ 74.8575323, 13.8697595 ], [ 74.8577036, 13.8689461 ], [ 74.8580274, 13.8683586 ], [ 74.8594153, 13.865977 ], [ 74.8608355, 13.8635141 ], [ 74.860884481938484, 13.863416900000029 ], [ 74.848679700000076, 13.863416900000029 ], [ 74.848679700000076, 13.88141690000003 ], [ 74.853450933126695, 13.88141690000003 ], [ 74.853664, 13.8811749 ] ] ] } },
{ "type": "Feature", "properties": { "zone_id": "D495", "is_urban": false, "ward_name": null, "center_lon": 74.850290545259398, "center_lat": 13.883131698637232, "area_sqkm": 0.1529806751768589, "population": 79.0, "waste_kg_day": 23.7, "waste_tons_day": 0.024, "buildings": 16.0, "risk": "Low" }, "geometry": { "type": "Polygon", "coordinates": [ [ [ 74.8497593, 13.8853593 ], [ 74.8510038, 13.8841257 ], [ 74.8518458, 13.88324 ], [ 74.853450933126695, 13.88141690000003 ], [ 74.848679700000076, 13.88141690000003 ], [ 74.848679700000076, 13.886586971515957 ], [ 74.8497593, 13.8853593 ] ] ] } },
{ "type": "Feature", "properties": { "zone_id": "D496", "is_urban": false, "ward_name": null, "center_lon": 74.880383511325675, "center_lat": 13.102177208264157, "area_sqkm": 1.5213610219156553, "population": 1885.0, "waste_kg_day": 565.5, "waste_tons_day": 0.566, "buildings": 415.0, "risk": "Medium" }, "geometry": { "type": "Polygon", "coordinates": [ [ [ 74.8866598, 13.0992955 ], [ 74.8850737, 13.0986402 ], [ 74.8827821, 13.0975239 ], [ 74.880887, 13.0967466 ], [ 74.8792825, 13.0959421 ], [ 74.8782497, 13.0953093 ], [ 74.8778716, 13.0955444 ], [ 74.8770278, 13.0961319 ], [ 74.8761886, 13.096724 ], [ 74.8755892, 13.0972166 ], [ 74.8749944, 13.0977047 ], [ 74.8747869, 13.0980482 ], [ 74.8745794, 13.0983871 ], [ 74.8743904, 13.0988526 ], [ 74.8741967, 13.0993136 ], [ 74.8741322, 13.09963 ], [ 74.8740676, 13.0999419 ], [ 74.8740506, 13.100799 ], [ 74.874169, 13.1012751 ], [ 74.8742382, 13.1017 ], [ 74.8744733, 13.1022197 ], [ 74.8747038, 13.1027395 ], [ 74.8748837, 13.1032186 ], [ 74.8750635, 13.1036931 ], [ 74.875128, 13.1042761 ], [ 74.875188, 13.1048637 ], [ 74.8751372, 13.1056682 ], [ 74.8750358, 13.1059665 ], [ 74.8749343, 13.1062693 ], [ 74.874713, 13.1067483 ], [ 74.874487, 13.1072274 ], [ 74.8744184229122, 13.1074169 ], [ 74.886679700000087, 13.1074169 ], [ 74.886679700000087, 13.099308417543917 ], [ 74.8866598, 13.0992955 ] ] ] } },
{ "type": "Feature", "properties": { "zone_id": "D497", "is_urban": false, "ward_name": null, "center_lon": 74.878487147647633, "center_lat": 13.117142058393259, "area_sqkm": 3.5592349740461811, "population": 1971.0, "waste_kg_day": 591.3, "waste_tons_day": 0.591, "buildings": 449.0, "risk": "Medium" }, "geometry": { "type": "Polygon", "coordinates": [ [ [ 74.8743349, 13.1076477 ], [ 74.8741781, 13.108068 ], [ 74.8740951, 13.1087866 ], [ 74.8740074, 13.1095098 ], [ 74.8739014, 13.1098985 ], [ 74.8737953, 13.1102826 ], [ 74.8735832, 13.1107662 ], [ 74.8731959, 13.1112091 ], [ 74.8728777, 13.1115707 ], [ 74.8725549, 13.1119322 ], [ 74.872269, 13.1123887 ], [ 74.8719831, 13.1128452 ], [ 74.8717802, 13.1133514 ], [ 74.8715727, 13.1138621 ], [ 74.8713928, 13.1141468 ], [ 74.8710332, 13.1145445 ], [ 74.8708257, 13.1148066 ], [ 74.8706181, 13.1150642 ], [ 74.8704706, 13.1153218 ], [ 74.8703276, 13.1155795 ], [ 74.8701524, 13.1161218 ], [ 74.8701523, 13.1168449 ], [ 74.8701754, 13.1172426 ], [ 74.8701984, 13.1176404 ], [ 74.8701523, 13.1179567 ], [ 74.8698802, 13.1184132 ], [ 74.8696081, 13.1188742 ], [ 74.8692807, 13.1194888 ], [ 74.8689487, 13.120108 ], [ 74.8686443, 13.1207498 ], [ 74.8682477, 13.1215045 ], [ 74.8677866, 13.121848 ], [ 74.867679700000082, 13.121881727912507 ], [ 74.867679700000082, 13.1254169 ], [ 74.886679700000087, 13.1254169 ], [ 74.886679700000087, 13.1074169 ], [ 74.8744184229122, 13.1074169 ], [ 74.8743349, 13.1076477 ] ] ] } },
{ "type": "Feature", "properties": { "zone_id": "D498", "is_urban": false, "ward_name": null, "center_lon": 74.8771797000001, "center_lat": 13.1344169, "area_sqkm": 4.2095591208013685, "population": 2817.0, "waste_kg_day": 845.1, "waste_tons_day": 0.845, "buildings": 774.0, "risk": "Medium" }, "geometry": { "type": "Polygon", "coordinates": [ [ [ 74.867679700000082, 13.1254169 ], [ 74.867679700000082, 13.1434169 ], [ 74.886679700000087, 13.1434169 ], [ 74.886679700000087, 13.1254169 ], [ 74.867679700000082, 13.1254169 ] ] ] } },
{ "type": "Feature", "properties": { "zone_id": "D499", "is_urban": false, "ward_name": null, "center_lon": 74.8771797000001, "center_lat": 13.1524169, "area_sqkm": 4.2095591208013685, "population": 5861.0, "waste_kg_day": 1758.3, "waste_tons_day": 1.758, "buildings": 1581.0, "risk": "High" }, "geometry": { "type": "Polygon", "coordinates": [ [ [ 74.867679700000082, 13.1434169 ], [ 74.867679700000082, 13.1614169 ], [ 74.886679700000087, 13.1614169 ], [ 74.886679700000087, 13.1434169 ], [ 74.867679700000082, 13.1434169 ] ] ] } },
{ "type": "Feature", "properties": { "zone_id": "D500", "is_urban": false, "ward_name": null, "center_lon": 74.8771797000001, "center_lat": 13.1704169, "area_sqkm": 4.2095591208013685, "population": 6042.0, "waste_kg_day": 1812.6, "waste_tons_day": 1.813, "buildings": 1449.0, "risk": "High" }, "geometry": { "type": "Polygon", "coordinates": [ [ [ 74.867679700000082, 13.1614169 ], [ 74.867679700000082, 13.1794169 ], [ 74.886679700000087, 13.1794169 ], [ 74.886679700000087, 13.1614169 ], [ 74.867679700000082, 13.1614169 ] ] ] } },
{ "type": "Feature", "properties": { "zone_id": "D501", "is_urban": false, "ward_name": null, "center_lon": 74.8771797000001, "center_lat": 13.1884169, "area_sqkm": 4.2095591208013685, "population": 1855.0, "waste_kg_day": 556.5, "waste_tons_day": 0.556, "buildings": 430.0, "risk": "Medium" }, "geometry": { "type": "Polygon", "coordinates": [ [ [ 74.867679700000082, 13.1794169 ], [ 74.867679700000082, 13.1974169 ], [ 74.886679700000087, 13.1974169 ], [ 74.886679700000087, 13.1794169 ], [ 74.867679700000082, 13.1794169 ] ] ] } },
{ "type": "Feature", "properties": { "zone_id": "D502", "is_urban": false, "ward_name": null, "center_lon": 74.8771797000001, "center_lat": 13.2064169, "area_sqkm": 4.2095591208013685, "population": 5619.0, "waste_kg_day": 1685.7, "waste_tons_day": 1.686, "buildings": 1221.0, "risk": "High" }, "geometry": { "type": "Polygon", "coordinates": [ [ [ 74.867679700000082, 13.1974169 ], [ 74.867679700000082, 13.2154169 ], [ 74.886679700000087, 13.2154169 ], [ 74.886679700000087, 13.1974169 ], [ 74.867679700000082, 13.1974169 ] ] ] } },
{ "type": "Feature", "properties": { "zone_id": "D503", "is_urban": false, "ward_name": null, "center_lon": 74.8771797000001, "center_lat": 13.2244169, "area_sqkm": 4.2095591208013685, "population": 5255.0, "waste_kg_day": 1576.5, "waste_tons_day": 1.577, "buildings": 1170.0, "risk": "High" }, "geometry": { "type": "Polygon", "coordinates": [ [ [ 74.867679700000082, 13.2154169 ], [ 74.867679700000082, 13.2334169 ], [ 74.886679700000087, 13.2334169 ], [ 74.886679700000087, 13.2154169 ], [ 74.867679700000082, 13.2154169 ] ] ] } },
{ "type": "Feature", "properties": { "zone_id": "D504", "is_urban": false, "ward_name": null, "center_lon": 74.8771797000001, "center_lat": 13.2424169, "area_sqkm": 4.2095591208013685, "population": 4630.0, "waste_kg_day": 1389.0, "waste_tons_day": 1.389, "buildings": 969.0, "risk": "Medium" }, "geometry": { "type": "Polygon", "coordinates": [ [ [ 74.867679700000082, 13.2334169 ], [ 74.867679700000082, 13.2514169 ], [ 74.886679700000087, 13.2514169 ], [ 74.886679700000087, 13.2334169 ], [ 74.867679700000082, 13.2334169 ] ] ] } },
{ "type": "Feature", "properties": { "zone_id": "D505", "is_urban": false, "ward_name": null, "center_lon": 74.8771797000001, "center_lat": 13.2604169, "area_sqkm": 4.2095591208013685, "population": 2208.0, "waste_kg_day": 662.4, "waste_tons_day": 0.662, "buildings": 521.0, "risk": "Medium" }, "geometry": { "type": "Polygon", "coordinates": [ [ [ 74.867679700000082, 13.2514169 ], [ 74.867679700000082, 13.2694169 ], [ 74.886679700000087, 13.2694169 ], [ 74.886679700000087, 13.2514169 ], [ 74.867679700000082, 13.2514169 ] ] ] } },
{ "type": "Feature", "properties": { "zone_id": "D506", "is_urban": false, "ward_name": null, "center_lon": 74.8771797000001, "center_lat": 13.2784169, "area_sqkm": 4.2095591208013685, "population": 2052.0, "waste_kg_day": 615.6, "waste_tons_day": 0.616, "buildings": 411.0, "risk": "Medium" }, "geometry": { "type": "Polygon", "coordinates": [ [ [ 74.867679700000082, 13.2694169 ], [ 74.867679700000082, 13.2874169 ], [ 74.886679700000087, 13.2874169 ], [ 74.886679700000087, 13.2694169 ], [ 74.867679700000082, 13.2694169 ] ] ] } },
{ "type": "Feature", "properties": { "zone_id": "D507", "is_urban": false, "ward_name": null, "center_lon": 74.8771797000001, "center_lat": 13.2964169, "area_sqkm": 4.2095591208013685, "population": 6008.0, "waste_kg_day": 1802.4, "waste_tons_day": 1.802, "buildings": 1688.0, "risk": "High" }, "geometry": { "type": "Polygon", "coordinates": [ [ [ 74.867679700000082, 13.2874169 ], [ 74.867679700000082, 13.3054169 ], [ 74.886679700000087, 13.3054169 ], [ 74.886679700000087, 13.2874169 ], [ 74.867679700000082, 13.2874169 ] ] ] } },
{ "type": "Feature", "properties": { "zone_id": "D508", "is_urban": false, "ward_name": null, "center_lon": 74.8771797000001, "center_lat": 13.3144169, "area_sqkm": 4.2095591208013685, "population": 4703.0, "waste_kg_day": 1410.9, "waste_tons_day": 1.411, "buildings": 962.0, "risk": "Medium" }, "geometry": { "type": "Polygon", "coordinates": [ [ [ 74.867679700000082, 13.3054169 ], [ 74.867679700000082, 13.3234169 ], [ 74.886679700000087, 13.3234169 ], [ 74.886679700000087, 13.3054169 ], [ 74.867679700000082, 13.3054169 ] ] ] } },
{ "type": "Feature", "properties": { "zone_id": "D509", "is_urban": false, "ward_name": null, "center_lon": 74.8771797000001, "center_lat": 13.3324169, "area_sqkm": 4.2095591208013685, "population": 1830.0, "waste_kg_day": 549.0, "waste_tons_day": 0.549, "buildings": 420.0, "risk": "Medium" }, "geometry": { "type": "Polygon", "coordinates": [ [ [ 74.867679700000082, 13.3234169 ], [ 74.867679700000082, 13.3414169 ], [ 74.886679700000087, 13.3414169 ], [ 74.886679700000087, 13.3234169 ], [ 74.867679700000082, 13.3234169 ] ] ] } },
{ "type": "Feature", "properties": { "zone_id": "D510", "is_urban": false, "ward_name": null, "center_lon": 74.8771797000001, "center_lat": 13.3504169, "area_sqkm": 4.2095591208013685, "population": 5851.0, "waste_kg_day": 1755.3, "waste_tons_day": 1.755, "buildings": 1647.0, "risk": "High" }, "geometry": { "type": "Polygon", "coordinates": [ [ [ 74.867679700000082, 13.3414169 ], [ 74.867679700000082, 13.35941690000001 ], [ 74.886679700000087, 13.35941690000001 ], [ 74.886679700000087, 13.3414169 ], [ 74.867679700000082, 13.3414169 ] ] ] } },
{ "type": "Feature", "properties": { "zone_id": "D511", "is_urban": false, "ward_name": null, "center_lon": 74.8771797000001, "center_lat": 13.3684169, "area_sqkm": 4.2095591208013685, "population": 4658.0, "waste_kg_day": 1397.4, "waste_tons_day": 1.397, "buildings": 1180.0, "risk": "Medium" }, "geometry": { "type": "Polygon", "coordinates": [ [ [ 74.867679700000082, 13.35941690000001 ], [ 74.867679700000082, 13.377416900000011 ], [ 74.886679700000087, 13.377416900000011 ], [ 74.886679700000087, 13.35941690000001 ], [ 74.867679700000082, 13.35941690000001 ] ] ] } },
{ "type": "Feature", "properties": { "zone_id": "D512", "is_urban": false, "ward_name": null, "center_lon": 74.8771797000001, "center_lat": 13.3864169, "area_sqkm": 4.2095591208013685, "population": 5900.0, "waste_kg_day": 1770.0, "waste_tons_day": 1.77, "buildings": 1190.0, "risk": "High" }, "geometry": { "type": "Polygon", "coordinates": [ [ [ 74.867679700000082, 13.377416900000011 ], [ 74.867679700000082, 13.395416900000011 ], [ 74.886679700000087, 13.395416900000011 ], [ 74.886679700000087, 13.377416900000011 ], [ 74.867679700000082, 13.377416900000011 ] ] ] } },
{ "type": "Feature", "properties": { "zone_id": "D513", "is_urban": false, "ward_name": null, "center_lon": 74.8771797000001, "center_lat": 13.4044169, "area_sqkm": 4.2095591208013685, "population": 6009.0, "waste_kg_day": 1802.7, "waste_tons_day": 1.803, "buildings": 1426.0, "risk": "High" }, "geometry": { "type": "Polygon", "coordinates": [ [ [ 74.867679700000082, 13.395416900000011 ], [ 74.867679700000082, 13.413416900000012 ], [ 74.886679700000087, 13.413416900000012 ], [ 74.886679700000087, 13.395416900000011 ], [ 74.867679700000082, 13.395416900000011 ] ] ] } },
{ "type": "Feature", "properties": { "zone_id": "D514", "is_urban": false, "ward_name": null, "center_lon": 74.8771797000001, "center_lat": 13.4224169, "area_sqkm": 4.2095591208013685, "population": 5559.0, "waste_kg_day": 1667.7, "waste_tons_day": 1.668, "buildings": 1166.0, "risk": "High" }, "geometry": { "type": "Polygon", "coordinates": [ [ [ 74.867679700000082, 13.413416900000012 ], [ 74.867679700000082, 13.431416900000013 ], [ 74.886679700000087, 13.431416900000013 ], [ 74.886679700000087, 13.413416900000012 ], [ 74.867679700000082, 13.413416900000012 ] ] ] } },
{ "type": "Feature", "properties": { "zone_id": "D515", "is_urban": false, "ward_name": null, "center_lon": 74.8771797000001, "center_lat": 13.4404169, "area_sqkm": 4.2095591208013685, "population": 2588.0, "waste_kg_day": 776.4, "waste_tons_day": 0.776, "buildings": 545.0, "risk": "Medium" }, "geometry": { "type": "Polygon", "coordinates": [ [ [ 74.867679700000082, 13.431416900000013 ], [ 74.867679700000082, 13.449416900000013 ], [ 74.886679700000087, 13.449416900000013 ], [ 74.886679700000087, 13.431416900000013 ], [ 74.867679700000082, 13.431416900000013 ] ] ] } },
{ "type": "Feature", "properties": { "zone_id": "D516", "is_urban": false, "ward_name": null, "center_lon": 74.8771797000001, "center_lat": 13.4584169, "area_sqkm": 4.2095591208013685, "population": 1044.0, "waste_kg_day": 313.2, "waste_tons_day": 0.313, "buildings": 237.0, "risk": "Low" }, "geometry": { "type": "Polygon", "coordinates": [ [ [ 74.867679700000082, 13.449416900000013 ], [ 74.867679700000082, 13.467416900000014 ], [ 74.886679700000087, 13.467416900000014 ], [ 74.886679700000087, 13.449416900000013 ], [ 74.867679700000082, 13.449416900000013 ] ] ] } },
{ "type": "Feature", "properties": { "zone_id": "D517", "is_urban": false, "ward_name": null, "center_lon": 74.8771797000001, "center_lat": 13.4764169, "area_sqkm": 4.2095591208013685, "population": 2100.0, "waste_kg_day": 630.0, "waste_tons_day": 0.63, "buildings": 570.0, "risk": "Medium" }, "geometry": { "type": "Polygon", "coordinates": [ [ [ 74.867679700000082, 13.467416900000014 ], [ 74.867679700000082, 13.485416900000015 ], [ 74.886679700000087, 13.485416900000015 ], [ 74.886679700000087, 13.467416900000014 ], [ 74.867679700000082, 13.467416900000014 ] ] ] } },
{ "type": "Feature", "properties": { "zone_id": "D518", "is_urban": false, "ward_name": null, "center_lon": 74.8771797000001, "center_lat": 13.4944169, "area_sqkm": 4.2095591208013685, "population": 1263.0, "waste_kg_day": 378.9, "waste_tons_day": 0.379, "buildings": 277.0, "risk": "Low" }, "geometry": { "type": "Polygon", "coordinates": [ [ [ 74.867679700000082, 13.485416900000015 ], [ 74.867679700000082, 13.503416900000015 ], [ 74.886679700000087, 13.503416900000015 ], [ 74.886679700000087, 13.485416900000015 ], [ 74.867679700000082, 13.485416900000015 ] ] ] } },
{ "type": "Feature", "properties": { "zone_id": "D519", "is_urban": false, "ward_name": null, "center_lon": 74.8771797000001, "center_lat": 13.5124169, "area_sqkm": 4.2095591208013685, "population": 2701.0, "waste_kg_day": 810.3, "waste_tons_day": 0.81, "buildings": 588.0, "risk": "Medium" }, "geometry": { "type": "Polygon", "coordinates": [ [ [ 74.867679700000082, 13.503416900000015 ], [ 74.867679700000082, 13.521416900000016 ], [ 74.886679700000087, 13.521416900000016 ], [ 74.886679700000087, 13.503416900000015 ], [ 74.867679700000082, 13.503416900000015 ] ] ] } },
{ "type": "Feature", "properties": { "zone_id": "D520", "is_urban": false, "ward_name": null, "center_lon": 74.8771797000001, "center_lat": 13.5304169, "area_sqkm": 4.2095591208013685, "population": 1199.0, "waste_kg_day": 359.7, "waste_tons_day": 0.36, "buildings": 301.0, "risk": "Low" }, "geometry": { "type": "Polygon", "coordinates": [ [ [ 74.867679700000082, 13.521416900000016 ], [ 74.867679700000082, 13.539416900000017 ], [ 74.886679700000087, 13.539416900000017 ], [ 74.886679700000087, 13.521416900000016 ], [ 74.867679700000082, 13.521416900000016 ] ] ] } },
{ "type": "Feature", "properties": { "zone_id": "D521", "is_urban": false, "ward_name": null, "center_lon": 74.8771797000001, "center_lat": 13.5484169, "area_sqkm": 4.2095591208013685, "population": 3794.0, "waste_kg_day": 1138.2, "waste_tons_day": 1.138, "buildings": 809.0, "risk": "Medium" }, "geometry": { "type": "Polygon", "coordinates": [ [ [ 74.867679700000082, 13.539416900000017 ], [ 74.867679700000082, 13.557416900000018 ], [ 74.886679700000087, 13.557416900000018 ], [ 74.886679700000087, 13.539416900000017 ], [ 74.867679700000082, 13.539416900000017 ] ] ] } },
{ "type": "Feature", "properties": { "zone_id": "D522", "is_urban": false, "ward_name": null, "center_lon": 74.8771797000001, "center_lat": 13.5664169, "area_sqkm": 4.2095591208013685, "population": 2586.0, "waste_kg_day": 775.8, "waste_tons_day": 0.776, "buildings": 582.0, "risk": "Medium" }, "geometry": { "type": "Polygon", "coordinates": [ [ [ 74.867679700000082, 13.557416900000018 ], [ 74.867679700000082, 13.575416900000018 ], [ 74.886679700000087, 13.575416900000018 ], [ 74.886679700000087, 13.557416900000018 ], [ 74.867679700000082, 13.557416900000018 ] ] ] } },
{ "type": "Feature", "properties": { "zone_id": "D523", "is_urban": false, "ward_name": null, "center_lon": 74.8771797000001, "center_lat": 13.5844169, "area_sqkm": 4.2095591208013685, "population": 5690.0, "waste_kg_day": 1707.0, "waste_tons_day": 1.707, "buildings": 1286.0, "risk": "High" }, "geometry": { "type": "Polygon", "coordinates": [ [ [ 74.867679700000082, 13.575416900000018 ], [ 74.867679700000082, 13.593416900000019 ], [ 74.886679700000087, 13.593416900000019 ], [ 74.886679700000087, 13.575416900000018 ], [ 74.867679700000082, 13.575416900000018 ] ] ] } },
{ "type": "Feature", "properties": { "zone_id": "D524", "is_urban": false, "ward_name": null, "center_lon": 74.8771797000001, "center_lat": 13.6024169, "area_sqkm": 4.2095591208013685, "population": 2116.0, "waste_kg_day": 634.8, "waste_tons_day": 0.635, "buildings": 598.0, "risk": "Medium" }, "geometry": { "type": "Polygon", "coordinates": [ [ [ 74.867679700000082, 13.593416900000019 ], [ 74.867679700000082, 13.61141690000002 ], [ 74.886679700000087, 13.61141690000002 ], [ 74.886679700000087, 13.593416900000019 ], [ 74.867679700000082, 13.593416900000019 ] ] ] } },
{ "type": "Feature", "properties": { "zone_id": "D525", "is_urban": false, "ward_name": null, "center_lon": 74.8771797000001, "center_lat": 13.6204169, "area_sqkm": 4.2095591208013685, "population": 5603.0, "waste_kg_day": 1680.9, "waste_tons_day": 1.681, "buildings": 1586.0, "risk": "High" }, "geometry": { "type": "Polygon", "coordinates": [ [ [ 74.867679700000082, 13.61141690000002 ], [ 74.867679700000082, 13.62941690000002 ], [ 74.886679700000087, 13.62941690000002 ], [ 74.886679700000087, 13.61141690000002 ], [ 74.867679700000082, 13.61141690000002 ] ] ] } },
{ "type": "Feature", "properties": { "zone_id": "D526", "is_urban": false, "ward_name": null, "center_lon": 74.8771797000001, "center_lat": 13.6384169, "area_sqkm": 4.2095591208013685, "population": 5628.0, "waste_kg_day": 1688.4, "waste_tons_day": 1.688, "buildings": 1310.0, "risk": "High" }, "geometry": { "type": "Polygon", "coordinates": [ [ [ 74.867679700000082, 13.62941690000002 ], [ 74.867679700000082, 13.647416900000021 ], [ 74.886679700000087, 13.647416900000021 ], [ 74.886679700000087, 13.62941690000002 ], [ 74.867679700000082, 13.62941690000002 ] ] ] } },
{ "type": "Feature", "properties": { "zone_id": "D527", "is_urban": false, "ward_name": null, "center_lon": 74.8771797000001, "center_lat": 13.6564169, "area_sqkm": 4.2095591208013685, "population": 5980.0, "waste_kg_day": 1794.0, "waste_tons_day": 1.794, "buildings": 1272.0, "risk": "High" }, "geometry": { "type": "Polygon", "coordinates": [ [ [ 74.867679700000082, 13.647416900000021 ], [ 74.867679700000082, 13.665416900000022 ], [ 74.886679700000087, 13.665416900000022 ], [ 74.886679700000087, 13.647416900000021 ], [ 74.867679700000082, 13.647416900000021 ] ] ] } },
{ "type": "Feature", "properties": { "zone_id": "D528", "is_urban": false, "ward_name": null, "center_lon": 74.8771797000001, "center_lat": 13.6744169, "area_sqkm": 4.2095591208013685, "population": 6303.0, "waste_kg_day": 1890.9, "waste_tons_day": 1.891, "buildings": 1565.0, "risk": "High" }, "geometry": { "type": "Polygon", "coordinates": [ [ [ 74.867679700000082, 13.665416900000022 ], [ 74.867679700000082, 13.683416900000022 ], [ 74.886679700000087, 13.683416900000022 ], [ 74.886679700000087, 13.665416900000022 ], [ 74.867679700000082, 13.665416900000022 ] ] ] } },
{ "type": "Feature", "properties": { "zone_id": "D529", "is_urban": false, "ward_name": null, "center_lon": 74.8771797000001, "center_lat": 13.6924169, "area_sqkm": 4.2095591208013685, "population": 5040.0, "waste_kg_day": 1512.0, "waste_tons_day": 1.512, "buildings": 1228.0, "risk": "High" }, "geometry": { "type": "Polygon", "coordinates": [ [ [ 74.867679700000082, 13.683416900000022 ], [ 74.867679700000082, 13.701416900000023 ], [ 74.886679700000087, 13.701416900000023 ], [ 74.886679700000087, 13.683416900000022 ], [ 74.867679700000082, 13.683416900000022 ] ] ] } },
{ "type": "Feature", "properties": { "zone_id": "D530", "is_urban": false, "ward_name": null, "center_lon": 74.8771797000001, "center_lat": 13.7104169, "area_sqkm": 4.2095591208013685, "population": 3467.0, "waste_kg_day": 1040.1, "waste_tons_day": 1.04, "buildings": 780.0, "risk": "Medium" }, "geometry": { "type": "Polygon", "coordinates": [ [ [ 74.867679700000082, 13.701416900000023 ], [ 74.867679700000082, 13.719416900000024 ], [ 74.886679700000087, 13.719416900000024 ], [ 74.886679700000087, 13.701416900000023 ], [ 74.867679700000082, 13.701416900000023 ] ] ] } },
{ "type": "Feature", "properties": { "zone_id": "D531", "is_urban": false, "ward_name": null, "center_lon": 74.8771797000001, "center_lat": 13.7284169, "area_sqkm": 4.2095591208013685, "population": 5623.0, "waste_kg_day": 1686.9, "waste_tons_day": 1.687, "buildings": 1129.0, "risk": "High" }, "geometry": { "type": "Polygon", "coordinates": [ [ [ 74.867679700000082, 13.719416900000024 ], [ 74.867679700000082, 13.737416900000024 ], [ 74.886679700000087, 13.737416900000024 ], [ 74.886679700000087, 13.719416900000024 ], [ 74.867679700000082, 13.719416900000024 ] ] ] } },
{ "type": "Feature", "properties": { "zone_id": "D532", "is_urban": false, "ward_name": null, "center_lon": 74.8771797000001, "center_lat": 13.7464169, "area_sqkm": 4.2095591208013685, "population": 5046.0, "waste_kg_day": 1513.8, "waste_tons_day": 1.514, "buildings": 1222.0, "risk": "High" }, "geometry": { "type": "Polygon", "coordinates": [ [ [ 74.867679700000082, 13.737416900000024 ], [ 74.867679700000082, 13.755416900000025 ], [ 74.886679700000087, 13.755416900000025 ], [ 74.886679700000087, 13.737416900000024 ], [ 74.867679700000082, 13.737416900000024 ] ] ] } },
{ "type": "Feature", "properties": { "zone_id": "D533", "is_urban": false, "ward_name": null, "center_lon": 74.8771797000001, "center_lat": 13.7644169, "area_sqkm": 4.2095591208013685, "population": 3147.0, "waste_kg_day": 944.1, "waste_tons_day": 0.944, "buildings": 683.0, "risk": "Medium" }, "geometry": { "type": "Polygon", "coordinates": [ [ [ 74.867679700000082, 13.755416900000025 ], [ 74.867679700000082, 13.773416900000026 ], [ 74.886679700000087, 13.773416900000026 ], [ 74.886679700000087, 13.755416900000025 ], [ 74.867679700000082, 13.755416900000025 ] ] ] } },
{ "type": "Feature", "properties": { "zone_id": "D534", "is_urban": false, "ward_name": null, "center_lon": 74.8771797000001, "center_lat": 13.7824169, "area_sqkm": 4.2095591208013685, "population": 2148.0, "waste_kg_day": 644.4, "waste_tons_day": 0.644, "buildings": 585.0, "risk": "Medium" }, "geometry": { "type": "Polygon", "coordinates": [ [ [ 74.867679700000082, 13.773416900000026 ], [ 74.867679700000082, 13.791416900000026 ], [ 74.886679700000087, 13.791416900000026 ], [ 74.886679700000087, 13.773416900000026 ], [ 74.867679700000082, 13.773416900000026 ] ] ] } },
{ "type": "Feature", "properties": { "zone_id": "D535", "is_urban": false, "ward_name": null, "center_lon": 74.8771797000001, "center_lat": 13.8004169, "area_sqkm": 4.2095591208013685, "population": 2782.0, "waste_kg_day": 834.6, "waste_tons_day": 0.835, "buildings": 707.0, "risk": "Medium" }, "geometry": { "type": "Polygon", "coordinates": [ [ [ 74.867679700000082, 13.791416900000026 ], [ 74.867679700000082, 13.809416900000027 ], [ 74.886679700000087, 13.809416900000027 ], [ 74.886679700000087, 13.791416900000026 ], [ 74.867679700000082, 13.791416900000026 ] ] ] } },
{ "type": "Feature", "properties": { "zone_id": "D536", "is_urban": false, "ward_name": null, "center_lon": 74.8771797000001, "center_lat": 13.8184169, "area_sqkm": 4.2095591208013685, "population": 2463.0, "waste_kg_day": 738.9, "waste_tons_day": 0.739, "buildings": 639.0, "risk": "Medium" }, "geometry": { "type": "Polygon", "coordinates": [ [ [ 74.867679700000082, 13.809416900000027 ], [ 74.867679700000082, 13.827416900000028 ], [ 74.886679700000087, 13.827416900000028 ], [ 74.886679700000087, 13.809416900000027 ], [ 74.867679700000082, 13.809416900000027 ] ] ] } },
{ "type": "Feature", "properties": { "zone_id": "D537", "is_urban": false, "ward_name": null, "center_lon": 74.8771797000001, "center_lat": 13.8364169, "area_sqkm": 4.2095591208013685, "population": 1072.0, "waste_kg_day": 321.6, "waste_tons_day": 0.322, "buildings": 303.0, "risk": "Low" }, "geometry": { "type": "Polygon", "coordinates": [ [ [ 74.867679700000082, 13.827416900000028 ], [ 74.867679700000082, 13.845416900000028 ], [ 74.886679700000087, 13.845416900000028 ], [ 74.886679700000087, 13.827416900000028 ], [ 74.867679700000082, 13.827416900000028 ] ] ] } },
{ "type": "Feature", "properties": { "zone_id": "D538", "is_urban": false, "ward_name": null, "center_lon": 74.878052399867286, "center_lat": 13.853484838676835, "area_sqkm": 3.6589625268529038, "population": 5430.0, "waste_kg_day": 1629.0, "waste_tons_day": 1.629, "buildings": 1311.0, "risk": "High" }, "geometry": { "type": "Polygon", "coordinates": [ [ [ 74.8681441, 13.8571695 ], [ 74.8689952, 13.8569074 ], [ 74.8698093, 13.8568668 ], [ 74.8708315, 13.8571154 ], [ 74.8721173, 13.8577391 ], [ 74.8729175, 13.8582453 ], [ 74.8736067, 13.8588735 ], [ 74.874874, 13.8596915 ], [ 74.8757159, 13.8600982 ], [ 74.8762987, 13.860523 ], [ 74.8760396, 13.8613772 ], [ 74.8758823, 13.8624754 ], [ 74.875946846181961, 13.863416900000029 ], [ 74.886679700000087, 13.863416900000029 ], [ 74.886679700000087, 13.845416900000028 ], [ 74.867679700000082, 13.845416900000028 ], [ 74.867679700000082, 13.857358358422974 ], [ 74.8681441, 13.8571695 ] ] ] } },
{ "type": "Feature", "properties": { "zone_id": "D539", "is_urban": false, "ward_name": null, "center_lon": 74.881621611168185, "center_lat": 13.865156302553199, "area_sqkm": 0.43296736779746725, "population": 302.0, "waste_kg_day": 90.6, "waste_tons_day": 0.091, "buildings": 66.0, "risk": "Low" }, "geometry": { "type": "Polygon", "coordinates": [ [ [ 74.8759517, 13.8634877 ], [ 74.8761136, 13.8641927 ], [ 74.8762477, 13.8645362 ], [ 74.8766918, 13.8649746 ], [ 74.8773578, 13.8657202 ], [ 74.8786946, 13.8674466 ], [ 74.8799343, 13.8674285 ], [ 74.8819834, 13.8671483 ], [ 74.8827559, 13.8671077 ], [ 74.8843378, 13.8667913 ], [ 74.8844008, 13.8667793 ], [ 74.8852306, 13.8666331 ], [ 74.8865581, 13.8664975 ], [ 74.886679700000087, 13.866475437630731 ], [ 74.886679700000087, 13.863416900000029 ], [ 74.875946846181961, 13.863416900000029 ], [ 74.8759517, 13.8634877 ] ] ] } },
{ "type": "Feature", "properties": { "zone_id": "D540", "is_urban": false, "ward_name": null, "center_lon": 74.89335395527597, "center_lat": 13.104768465149562, "area_sqkm": 0.97545060264952932, "population": 471.0, "waste_kg_day": 141.3, "waste_tons_day": 0.141, "buildings": 95.0, "risk": "Low" }, "geometry": { "type": "Polygon", "coordinates": [ [ [ 74.9046579, 13.1069934 ], [ 74.9024993, 13.1058476 ], [ 74.8996212, 13.1039966 ], [ 74.8954841, 13.1029391 ], [ 74.8924263, 13.1021458 ], [ 74.8867054, 13.0993251 ], [ 74.886679700000087, 13.099308417543917 ], [ 74.886679700000087, 13.1074169 ], [ 74.905679700000093, 13.1074169 ], [ 74.905679700000093, 13.107364225374765 ], [ 74.9046579, 13.1069934 ] ] ] } },
{ "type": "Feature", "properties": { "zone_id": "D541", "is_urban": false, "ward_name": null, "center_lon": 74.8961797000001, "center_lat": 13.1164169, "area_sqkm": 4.2095591208013685, "population": 5145.0, "waste_kg_day": 1543.5, "waste_tons_day": 1.544, "buildings": 1415.0, "risk": "High" }, "geometry": { "type": "Polygon", "coordinates": [ [ [ 74.886679700000087, 13.1074169 ], [ 74.886679700000087, 13.1254169 ], [ 74.905679700000093, 13.1254169 ], [ 74.905679700000093, 13.1074169 ], [ 74.886679700000087, 13.1074169 ] ] ] } },
{ "type": "Feature", "properties": { "zone_id": "D542", "is_urban": false, "ward_name": null, "center_lon": 74.8961797000001, "center_lat": 13.1344169, "area_sqkm": 4.2095591208013685, "population": 3127.0, "waste_kg_day": 938.1, "waste_tons_day": 0.938, "buildings": 648.0, "risk": "Medium" }, "geometry": { "type": "Polygon", "coordinates": [ [ [ 74.886679700000087, 13.1254169 ], [ 74.886679700000087, 13.1434169 ], [ 74.905679700000093, 13.1434169 ], [ 74.905679700000093, 13.1254169 ], [ 74.886679700000087, 13.1254169 ] ] ] } },
{ "type": "Feature", "properties": { "zone_id": "D543", "is_urban": false, "ward_name": null, "center_lon": 74.8961797000001, "center_lat": 13.1524169, "area_sqkm": 4.2095591208013685, "population": 6011.0, "waste_kg_day": 1803.3, "waste_tons_day": 1.803, "buildings": 1430.0, "risk": "High" }, "geometry": { "type": "Polygon", "coordinates": [ [ [ 74.886679700000087, 13.1434169 ], [ 74.886679700000087, 13.1614169 ], [ 74.905679700000093, 13.1614169 ], [ 74.905679700000093, 13.1434169 ], [ 74.886679700000087, 13.1434169 ] ] ] } },
{ "type": "Feature", "properties": { "zone_id": "D544", "is_urban": false, "ward_name": null, "center_lon": 74.8961797000001, "center_lat": 13.1704169, "area_sqkm": 4.2095591208013685, "population": 4198.0, "waste_kg_day": 1259.4, "waste_tons_day": 1.259, "buildings": 1119.0, "risk": "Medium" }, "geometry": { "type": "Polygon", "coordinates": [ [ [ 74.886679700000087, 13.1614169 ], [ 74.886679700000087, 13.1794169 ], [ 74.905679700000093, 13.1794169 ], [ 74.905679700000093, 13.1614169 ], [ 74.886679700000087, 13.1614169 ] ] ] } },
{ "type": "Feature", "properties": { "zone_id": "D545", "is_urban": false, "ward_name": null, "center_lon": 74.8961797000001, "center_lat": 13.1884169, "area_sqkm": 4.2095591208013685, "population": 6266.0, "waste_kg_day": 1879.8, "waste_tons_day": 1.88, "buildings": 1628.0, "risk": "High" }, "geometry": { "type": "Polygon", "coordinates": [ [ [ 74.886679700000087, 13.1794169 ], [ 74.886679700000087, 13.1974169 ], [ 74.905679700000093, 13.1974169 ], [ 74.905679700000093, 13.1794169 ], [ 74.886679700000087, 13.1794169 ] ] ] } },
{ "type": "Feature", "properties": { "zone_id": "D546", "is_urban": false, "ward_name": null, "center_lon": 74.8961797000001, "center_lat": 13.2064169, "area_sqkm": 4.2095591208013685, "population": 6000.0, "waste_kg_day": 1800.0, "waste_tons_day": 1.8, "buildings": 1340.0, "risk": "High" }, "geometry": { "type": "Polygon", "coordinates": [ [ [ 74.886679700000087, 13.1974169 ], [ 74.886679700000087, 13.2154169 ], [ 74.905679700000093, 13.2154169 ], [ 74.905679700000093, 13.1974169 ], [ 74.886679700000087, 13.1974169 ] ] ] } },
{ "type": "Feature", "properties": { "zone_id": "D547", "is_urban": false, "ward_name": null, "center_lon": 74.8961797000001, "center_lat": 13.2244169, "area_sqkm": 4.2095591208013685, "population": 4167.0, "waste_kg_day": 1250.1, "waste_tons_day": 1.25, "buildings": 976.0, "risk": "Medium" }, "geometry": { "type": "Polygon", "coordinates": [ [ [ 74.886679700000087, 13.2154169 ], [ 74.886679700000087, 13.2334169 ], [ 74.905679700000093, 13.2334169 ], [ 74.905679700000093, 13.2154169 ], [ 74.886679700000087, 13.2154169 ] ] ] } },
{ "type": "Feature", "properties": { "zone_id": "D548", "is_urban": false, "ward_name": null, "center_lon": 74.8961797000001, "center_lat": 13.2424169, "area_sqkm": 4.2095591208013685, "population": 2104.0, "waste_kg_day": 631.2, "waste_tons_day": 0.631, "buildings": 558.0, "risk": "Medium" }, "geometry": { "type": "Polygon", "coordinates": [ [ [ 74.886679700000087, 13.2334169 ], [ 74.886679700000087, 13.2514169 ], [ 74.905679700000093, 13.2514169 ], [ 74.905679700000093, 13.2334169 ], [ 74.886679700000087, 13.2334169 ] ] ] } },
{ "type": "Feature", "properties": { "zone_id": "D549", "is_urban": false, "ward_name": null, "center_lon": 74.8961797000001, "center_lat": 13.2604169, "area_sqkm": 4.2095591208013685, "population": 2048.0, "waste_kg_day": 614.4, "waste_tons_day": 0.614, "buildings": 541.0, "risk": "Medium" }, "geometry": { "type": "Polygon", "coordinates": [ [ [ 74.886679700000087, 13.2514169 ], [ 74.886679700000087, 13.2694169 ], [ 74.905679700000093, 13.2694169 ], [ 74.905679700000093, 13.2514169 ], [ 74.886679700000087, 13.2514169 ] ] ] } },
{ "type": "Feature", "properties": { "zone_id": "D550", "is_urban": false, "ward_name": null, "center_lon": 74.8961797000001, "center_lat": 13.2784169, "area_sqkm": 4.2095591208013685, "population": 5108.0, "waste_kg_day": 1532.4, "waste_tons_day": 1.532, "buildings": 1269.0, "risk": "High" }, "geometry": { "type": "Polygon", "coordinates": [ [ [ 74.886679700000087, 13.2694169 ], [ 74.886679700000087, 13.2874169 ], [ 74.905679700000093, 13.2874169 ], [ 74.905679700000093, 13.2694169 ], [ 74.886679700000087, 13.2694169 ] ] ] } },
{ "type": "Feature", "properties": { "zone_id": "D551", "is_urban": false, "ward_name": null, "center_lon": 74.8961797000001, "center_lat": 13.2964169, "area_sqkm": 4.2095591208013685, "population": 1158.0, "waste_kg_day": 347.4, "waste_tons_day": 0.347, "buildings": 233.0, "risk": "Low" }, "geometry": { "type": "Polygon", "coordinates": [ [ [ 74.886679700000087, 13.2874169 ], [ 74.886679700000087, 13.3054169 ], [ 74.905679700000093, 13.3054169 ], [ 74.905679700000093, 13.2874169 ], [ 74.886679700000087, 13.2874169 ] ] ] } },
{ "type": "Feature", "properties": { "zone_id": "D552", "is_urban": false, "ward_name": null, "center_lon": 74.8961797000001, "center_lat": 13.3144169, "area_sqkm": 4.2095591208013685, "population": 5678.0, "waste_kg_day": 1703.4, "waste_tons_day": 1.703, "buildings": 1160.0, "risk": "High" }, "geometry": { "type": "Polygon", "coordinates": [ [ [ 74.886679700000087, 13.3054169 ], [ 74.886679700000087, 13.3234169 ], [ 74.905679700000093, 13.3234169 ], [ 74.905679700000093, 13.3054169 ], [ 74.886679700000087, 13.3054169 ] ] ] } },
{ "type": "Feature", "properties": { "zone_id": "D553", "is_urban": false, "ward_name": null, "center_lon": 74.8961797000001, "center_lat": 13.3324169, "area_sqkm": 4.2095591208013685, "population": 6286.0, "waste_kg_day": 1885.8, "waste_tons_day": 1.886, "buildings": 1671.0, "risk": "High" }, "geometry": { "type": "Polygon", "coordinates": [ [ [ 74.886679700000087, 13.3234169 ], [ 74.886679700000087, 13.3414169 ], [ 74.905679700000093, 13.3414169 ], [ 74.905679700000093, 13.3234169 ], [ 74.886679700000087, 13.3234169 ] ] ] } },
{ "type": "Feature", "properties": { "zone_id": "D554", "is_urban": false, "ward_name": null, "center_lon": 74.8961797000001, "center_lat": 13.3504169, "area_sqkm": 4.2095591208013685, "population": 3010.0, "waste_kg_day": 903.0, "waste_tons_day": 0.903, "buildings": 649.0, "risk": "Medium" }, "geometry": { "type": "Polygon", "coordinates": [ [ [ 74.886679700000087, 13.3414169 ], [ 74.886679700000087, 13.35941690000001 ], [ 74.905679700000093, 13.35941690000001 ], [ 74.905679700000093, 13.3414169 ], [ 74.886679700000087, 13.3414169 ] ] ] } },
{ "type": "Feature", "properties": { "zone_id": "D555", "is_urban": false, "ward_name": null, "center_lon": 74.8961797000001, "center_lat": 13.3684169, "area_sqkm": 4.2095591208013685, "population": 4650.0, "waste_kg_day": 1395.0, "waste_tons_day": 1.395, "buildings": 1246.0, "risk": "Medium" }, "geometry": { "type": "Polygon", "coordinates": [ [ [ 74.886679700000087, 13.35941690000001 ], [ 74.886679700000087, 13.377416900000011 ], [ 74.905679700000093, 13.377416900000011 ], [ 74.905679700000093, 13.35941690000001 ], [ 74.886679700000087, 13.35941690000001 ] ] ] } },
{ "type": "Feature", "properties": { "zone_id": "D556", "is_urban": false, "ward_name": null, "center_lon": 74.8961797000001, "center_lat": 13.3864169, "area_sqkm": 4.2095591208013685, "population": 5306.0, "waste_kg_day": 1591.8, "waste_tons_day": 1.592, "buildings": 1382.0, "risk": "High" }, "geometry": { "type": "Polygon", "coordinates": [ [ [ 74.886679700000087, 13.377416900000011 ], [ 74.886679700000087, 13.395416900000011 ], [ 74.905679700000093, 13.395416900000011 ], [ 74.905679700000093, 13.377416900000011 ], [ 74.886679700000087, 13.377416900000011 ] ] ] } },
{ "type": "Feature", "properties": { "zone_id": "D557", "is_urban": false, "ward_name": null, "center_lon": 74.8961797000001, "center_lat": 13.4044169, "area_sqkm": 4.2095591208013685, "population": 2066.0, "waste_kg_day": 619.8, "waste_tons_day": 0.62, "buildings": 479.0, "risk": "Medium" }, "geometry": { "type": "Polygon", "coordinates": [ [ [ 74.886679700000087, 13.395416900000011 ], [ 74.886679700000087, 13.413416900000012 ], [ 74.905679700000093, 13.413416900000012 ], [ 74.905679700000093, 13.395416900000011 ], [ 74.886679700000087, 13.395416900000011 ] ] ] } },
{ "type": "Feature", "properties": { "zone_id": "D558", "is_urban": false, "ward_name": null, "center_lon": 74.8961797000001, "center_lat": 13.4224169, "area_sqkm": 4.2095591208013685, "population": 4086.0, "waste_kg_day": 1225.8, "waste_tons_day": 1.226, "buildings": 934.0, "risk": "Medium" }, "geometry": { "type": "Polygon", "coordinates": [ [ [ 74.886679700000087, 13.413416900000012 ], [ 74.886679700000087, 13.431416900000013 ], [ 74.905679700000093, 13.431416900000013 ], [ 74.905679700000093, 13.413416900000012 ], [ 74.886679700000087, 13.413416900000012 ] ] ] } },
{ "type": "Feature", "properties": { "zone_id": "D559", "is_urban": false, "ward_name": null, "center_lon": 74.8961797000001, "center_lat": 13.4404169, "area_sqkm": 4.2095591208013685, "population": 1342.0, "waste_kg_day": 402.6, "waste_tons_day": 0.403, "buildings": 278.0, "risk": "Low" }, "geometry": { "type": "Polygon", "coordinates": [ [ [ 74.886679700000087, 13.431416900000013 ], [ 74.886679700000087, 13.449416900000013 ], [ 74.905679700000093, 13.449416900000013 ], [ 74.905679700000093, 13.431416900000013 ], [ 74.886679700000087, 13.431416900000013 ] ] ] } },
{ "type": "Feature", "properties": { "zone_id": "D560", "is_urban": false, "ward_name": null, "center_lon": 74.8961797000001, "center_lat": 13.4584169, "area_sqkm": 4.2095591208013685, "population": 2295.0, "waste_kg_day": 688.5, "waste_tons_day": 0.689, "buildings": 621.0, "risk": "Medium" }, "geometry": { "type": "Polygon", "coordinates": [ [ [ 74.886679700000087, 13.449416900000013 ], [ 74.886679700000087, 13.467416900000014 ], [ 74.905679700000093, 13.467416900000014 ], [ 74.905679700000093, 13.449416900000013 ], [ 74.886679700000087, 13.449416900000013 ] ] ] } },
{ "type": "Feature", "properties": { "zone_id": "D561", "is_urban": false, "ward_name": null, "center_lon": 74.8961797000001, "center_lat": 13.4764169, "area_sqkm": 4.2095591208013685, "population": 5705.0, "waste_kg_day": 1711.5, "waste_tons_day": 1.712, "buildings": 1156.0, "risk": "High" }, "geometry": { "type": "Polygon", "coordinates": [ [ [ 74.886679700000087, 13.467416900000014 ], [ 74.886679700000087, 13.485416900000015 ], [ 74.905679700000093, 13.485416900000015 ], [ 74.905679700000093, 13.467416900000014 ], [ 74.886679700000087, 13.467416900000014 ] ] ] } },
{ "type": "Feature", "properties": { "zone_id": "D562", "is_urban": false, "ward_name": null, "center_lon": 74.8961797000001, "center_lat": 13.4944169, "area_sqkm": 4.2095591208013685, "population": 5559.0, "waste_kg_day": 1667.7, "waste_tons_day": 1.668, "buildings": 1179.0, "risk": "High" }, "geometry": { "type": "Polygon", "coordinates": [ [ [ 74.886679700000087, 13.485416900000015 ], [ 74.886679700000087, 13.503416900000015 ], [ 74.905679700000093, 13.503416900000015 ], [ 74.905679700000093, 13.485416900000015 ], [ 74.886679700000087, 13.485416900000015 ] ] ] } },
{ "type": "Feature", "properties": { "zone_id": "D563", "is_urban": false, "ward_name": null, "center_lon": 74.8961797000001, "center_lat": 13.5124169, "area_sqkm": 4.2095591208013685, "population": 4427.0, "waste_kg_day": 1328.1, "waste_tons_day": 1.328, "buildings": 1023.0, "risk": "Medium" }, "geometry": { "type": "Polygon", "coordinates": [ [ [ 74.886679700000087, 13.503416900000015 ], [ 74.886679700000087, 13.521416900000016 ], [ 74.905679700000093, 13.521416900000016 ], [ 74.905679700000093, 13.503416900000015 ], [ 74.886679700000087, 13.503416900000015 ] ] ] } },
{ "type": "Feature", "properties": { "zone_id": "D564", "is_urban": false, "ward_name": null, "center_lon": 74.8961797000001, "center_lat": 13.5304169, "area_sqkm": 4.2095591208013685, "population": 1317.0, "waste_kg_day": 395.1, "waste_tons_day": 0.395, "buildings": 320.0, "risk": "Low" }, "geometry": { "type": "Polygon", "coordinates": [ [ [ 74.886679700000087, 13.521416900000016 ], [ 74.886679700000087, 13.539416900000017 ], [ 74.905679700000093, 13.539416900000017 ], [ 74.905679700000093, 13.521416900000016 ], [ 74.886679700000087, 13.521416900000016 ] ] ] } },
{ "type": "Feature", "properties": { "zone_id": "D565", "is_urban": false, "ward_name": null, "center_lon": 74.8961797000001, "center_lat": 13.5484169, "area_sqkm": 4.2095591208013685, "population": 2881.0, "waste_kg_day": 864.3, "waste_tons_day": 0.864, "buildings": 740.0, "risk": "Medium" }, "geometry": { "type": "Polygon", "coordinates": [ [ [ 74.886679700000087, 13.539416900000017 ], [ 74.886679700000087, 13.557416900000018 ], [ 74.905679700000093, 13.557416900000018 ], [ 74.905679700000093, 13.539416900000017 ], [ 74.886679700000087, 13.539416900000017 ] ] ] } },
{ "type": "Feature", "properties": { "zone_id": "D566", "is_urban": false, "ward_name": null, "center_lon": 74.8961797000001, "center_lat": 13.5664169, "area_sqkm": 4.2095591208013685, "population": 4800.0, "waste_kg_day": 1440.0, "waste_tons_day": 1.44, "buildings": 1131.0, "risk": "Medium" }, "geometry": { "type": "Polygon", "coordinates": [ [ [ 74.886679700000087, 13.557416900000018 ], [ 74.886679700000087, 13.575416900000018 ], [ 74.905679700000093, 13.575416900000018 ], [ 74.905679700000093, 13.557416900000018 ], [ 74.886679700000087, 13.557416900000018 ] ] ] } },
{ "type": "Feature", "properties": { "zone_id": "D567", "is_urban": false, "ward_name": null, "center_lon": 74.8961797000001, "center_lat": 13.5844169, "area_sqkm": 4.2095591208013685, "population": 1285.0, "waste_kg_day": 385.5, "waste_tons_day": 0.386, "buildings": 335.0, "risk": "Low" }, "geometry": { "type": "Polygon", "coordinates": [ [ [ 74.886679700000087, 13.575416900000018 ], [ 74.886679700000087, 13.593416900000019 ], [ 74.905679700000093, 13.593416900000019 ], [ 74.905679700000093, 13.575416900000018 ], [ 74.886679700000087, 13.575416900000018 ] ] ] } },
{ "type": "Feature", "properties": { "zone_id": "D568", "is_urban": false, "ward_name": null, "center_lon": 74.8961797000001, "center_lat": 13.6024169, "area_sqkm": 4.2095591208013685, "population": 4580.0, "waste_kg_day": 1374.0, "waste_tons_day": 1.374, "buildings": 1267.0, "risk": "Medium" }, "geometry": { "type": "Polygon", "coordinates": [ [ [ 74.886679700000087, 13.593416900000019 ], [ 74.886679700000087, 13.61141690000002 ], [ 74.905679700000093, 13.61141690000002 ], [ 74.905679700000093, 13.593416900000019 ], [ 74.886679700000087, 13.593416900000019 ] ] ] } },
{ "type": "Feature", "properties": { "zone_id": "D569", "is_urban": false, "ward_name": null, "center_lon": 74.8961797000001, "center_lat": 13.6204169, "area_sqkm": 4.2095591208013685, "population": 5500.0, "waste_kg_day": 1650.0, "waste_tons_day": 1.65, "buildings": 1296.0, "risk": "High" }, "geometry": { "type": "Polygon", "coordinates": [ [ [ 74.886679700000087, 13.61141690000002 ], [ 74.886679700000087, 13.62941690000002 ], [ 74.905679700000093, 13.62941690000002 ], [ 74.905679700000093, 13.61141690000002 ], [ 74.886679700000087, 13.61141690000002 ] ] ] } },
{ "type": "Feature", "properties": { "zone_id": "D570", "is_urban": false, "ward_name": null, "center_lon": 74.8961797000001, "center_lat": 13.6384169, "area_sqkm": 4.2095591208013685, "population": 3471.0, "waste_kg_day": 1041.3, "waste_tons_day": 1.041, "buildings": 790.0, "risk": "Medium" }, "geometry": { "type": "Polygon", "coordinates": [ [ [ 74.886679700000087, 13.62941690000002 ], [ 74.886679700000087, 13.647416900000021 ], [ 74.905679700000093, 13.647416900000021 ], [ 74.905679700000093, 13.62941690000002 ], [ 74.886679700000087, 13.62941690000002 ] ] ] } },
{ "type": "Feature", "properties": { "zone_id": "D571", "is_urban": false, "ward_name": null, "center_lon": 74.8961797000001, "center_lat": 13.6564169, "area_sqkm": 4.2095591208013685, "population": 5354.0, "waste_kg_day": 1606.2, "waste_tons_day": 1.606, "buildings": 1331.0, "risk": "High" }, "geometry": { "type": "Polygon", "coordinates": [ [ [ 74.886679700000087, 13.647416900000021 ], [ 74.886679700000087, 13.665416900000022 ], [ 74.905679700000093, 13.665416900000022 ], [ 74.905679700000093, 13.647416900000021 ], [ 74.886679700000087, 13.647416900000021 ] ] ] } },
{ "type": "Feature", "properties": { "zone_id": "D572", "is_urban": false, "ward_name": null, "center_lon": 74.8961797000001, "center_lat": 13.6744169, "area_sqkm": 4.2095591208013685, "population": 4552.0, "waste_kg_day": 1365.6, "waste_tons_day": 1.366, "buildings": 1046.0, "risk": "Medium" }, "geometry": { "type": "Polygon", "coordinates": [ [ [ 74.886679700000087, 13.665416900000022 ], [ 74.886679700000087, 13.683416900000022 ], [ 74.905679700000093, 13.683416900000022 ], [ 74.905679700000093, 13.665416900000022 ], [ 74.886679700000087, 13.665416900000022 ] ] ] } },
{ "type": "Feature", "properties": { "zone_id": "D573", "is_urban": false, "ward_name": null, "center_lon": 74.8961797000001, "center_lat": 13.6924169, "area_sqkm": 4.2095591208013685, "population": 2303.0, "waste_kg_day": 690.9, "waste_tons_day": 0.691, "buildings": 478.0, "risk": "Medium" }, "geometry": { "type": "Polygon", "coordinates": [ [ [ 74.886679700000087, 13.683416900000022 ], [ 74.886679700000087, 13.701416900000023 ], [ 74.905679700000093, 13.701416900000023 ], [ 74.905679700000093, 13.683416900000022 ], [ 74.886679700000087, 13.683416900000022 ] ] ] } },
{ "type": "Feature", "properties": { "zone_id": "D574", "is_urban": false, "ward_name": null, "center_lon": 74.8961797000001, "center_lat": 13.7104169, "area_sqkm": 4.2095591208013685, "population": 5205.0, "waste_kg_day": 1561.5, "waste_tons_day": 1.562, "buildings": 1159.0, "risk": "High" }, "geometry": { "type": "Polygon", "coordinates": [ [ [ 74.886679700000087, 13.701416900000023 ], [ 74.886679700000087, 13.719416900000024 ], [ 74.905679700000093, 13.719416900000024 ], [ 74.905679700000093, 13.701416900000023 ], [ 74.886679700000087, 13.701416900000023 ] ] ] } },
{ "type": "Feature", "properties": { "zone_id": "D575", "is_urban": false, "ward_name": null, "center_lon": 74.8961797000001, "center_lat": 13.7284169, "area_sqkm": 4.2095591208013685, "population": 5496.0, "waste_kg_day": 1648.8, "waste_tons_day": 1.649, "buildings": 1144.0, "risk": "High" }, "geometry": { "type": "Polygon", "coordinates": [ [ [ 74.886679700000087, 13.719416900000024 ], [ 74.886679700000087, 13.737416900000024 ], [ 74.905679700000093, 13.737416900000024 ], [ 74.905679700000093, 13.719416900000024 ], [ 74.886679700000087, 13.719416900000024 ] ] ] } },
{ "type": "Feature", "properties": { "zone_id": "D576", "is_urban": false, "ward_name": null, "center_lon": 74.8961797000001, "center_lat": 13.7464169, "area_sqkm": 4.2095591208013685, "population": 4718.0, "waste_kg_day": 1415.4, "waste_tons_day": 1.415, "buildings": 992.0, "risk": "Medium" }, "geometry": { "type": "Polygon", "coordinates": [ [ [ 74.886679700000087, 13.737416900000024 ], [ 74.886679700000087, 13.755416900000025 ], [ 74.905679700000093, 13.755416900000025 ], [ 74.905679700000093, 13.737416900000024 ], [ 74.886679700000087, 13.737416900000024 ] ] ] } },
{ "type": "Feature", "properties": { "zone_id": "D577", "is_urban": false, "ward_name": null, "center_lon": 74.8961797000001, "center_lat": 13.7644169, "area_sqkm": 4.2095591208013685, "population": 4658.0, "waste_kg_day": 1397.4, "waste_tons_day": 1.397, "buildings": 1030.0, "risk": "Medium" }, "geometry": { "type": "Polygon", "coordinates": [ [ [ 74.886679700000087, 13.755416900000025 ], [ 74.886679700000087, 13.773416900000026 ], [ 74.905679700000093, 13.773416900000026 ], [ 74.905679700000093, 13.755416900000025 ], [ 74.886679700000087, 13.755416900000025 ] ] ] } },
{ "type": "Feature", "properties": { "zone_id": "D578", "is_urban": false, "ward_name": null, "center_lon": 74.8961797000001, "center_lat": 13.7824169, "area_sqkm": 4.2095591208013685, "population": 4227.0, "waste_kg_day": 1268.1, "waste_tons_day": 1.268, "buildings": 913.0, "risk": "Medium" }, "geometry": { "type": "Polygon", "coordinates": [ [ [ 74.886679700000087, 13.773416900000026 ], [ 74.886679700000087, 13.791416900000026 ], [ 74.905679700000093, 13.791416900000026 ], [ 74.905679700000093, 13.773416900000026 ], [ 74.886679700000087, 13.773416900000026 ] ] ] } },
{ "type": "Feature", "properties": { "zone_id": "D579", "is_urban": false, "ward_name": null, "center_lon": 74.8961797000001, "center_lat": 13.8004169, "area_sqkm": 4.2095591208013685, "population": 1709.0, "waste_kg_day": 512.7, "waste_tons_day": 0.513, "buildings": 354.0, "risk": "Medium" }, "geometry": { "type": "Polygon", "coordinates": [ [ [ 74.886679700000087, 13.791416900000026 ], [ 74.886679700000087, 13.809416900000027 ], [ 74.905679700000093, 13.809416900000027 ], [ 74.905679700000093, 13.791416900000026 ], [ 74.886679700000087, 13.791416900000026 ] ] ] } },
{ "type": "Feature", "properties": { "zone_id": "D580", "is_urban": false, "ward_name": null, "center_lon": 74.8961797000001, "center_lat": 13.8184169, "area_sqkm": 4.2095591208013685, "population": 5613.0, "waste_kg_day": 1683.9, "waste_tons_day": 1.684, "buildings": 1583.0, "risk": "High" }, "geometry": { "type": "Polygon", "coordinates": [ [ [ 74.886679700000087, 13.809416900000027 ], [ 74.886679700000087, 13.827416900000028 ], [ 74.905679700000093, 13.827416900000028 ], [ 74.905679700000093, 13.809416900000027 ], [ 74.886679700000087, 13.809416900000027 ] ] ] } },
{ "type": "Feature", "properties": { "zone_id": "D581", "is_urban": false, "ward_name": null, "center_lon": 74.8961797000001, "center_lat": 13.8364169, "area_sqkm": 4.2095591208013685, "population": 5361.0, "waste_kg_day": 1608.3, "waste_tons_day": 1.608, "buildings": 1451.0, "risk": "High" }, "geometry": { "type": "Polygon", "coordinates": [ [ [ 74.886679700000087, 13.827416900000028 ], [ 74.886679700000087, 13.845416900000028 ], [ 74.905679700000093, 13.845416900000028 ], [ 74.905679700000093, 13.827416900000028 ], [ 74.886679700000087, 13.827416900000028 ] ] ] } },
{ "type": "Feature", "properties": { "zone_id": "D582", "is_urban": false, "ward_name": null, "center_lon": 74.895888647045012, "center_lat": 13.854036161805121, "area_sqkm": 4.0176780831365893, "population": 2553.0, "waste_kg_day": 765.9, "waste_tons_day": 0.766, "buildings": 553.0, "risk": "Medium" }, "geometry": { "type": "Polygon", "coordinates": [ [ [ 74.8994122, 13.8620498 ], [ 74.9010958, 13.861435 ], [ 74.9027378, 13.8611953 ], [ 74.9053558, 13.8607386 ], [ 74.905679700000093, 13.860635564453368 ], [ 74.905679700000093, 13.845416900000028 ], [ 74.886679700000087, 13.845416900000028 ], [ 74.886679700000087, 13.863416900000029 ], [ 74.896456016158496, 13.863416900000029 ], [ 74.8994122, 13.8620498 ] ] ] } },
{ "type": "Feature", "properties": { "zone_id": "D583", "is_urban": false, "ward_name": null, "center_lon": 74.890124874779985, "center_lat": 13.864545769679534, "area_sqkm": 0.21433704950174723, "population": 87.0, "waste_kg_day": 26.1, "waste_tons_day": 0.026, "buildings": 18.0, "risk": "Low" }, "geometry": { "type": "Polygon", "coordinates": [ [ [ 74.8898469, 13.8659008 ], [ 74.8916924, 13.8653674 ], [ 74.8934732, 13.864581 ], [ 74.8961282, 13.8635685 ], [ 74.896456016158496, 13.863416900000029 ], [ 74.886679700000087, 13.863416900000029 ], [ 74.886679700000087, 13.866475437630731 ], [ 74.8898469, 13.8659008 ] ] ] } },
{ "type": "Feature", "properties": { "zone_id": "D584", "is_urban": false, "ward_name": null, "center_lon": 74.905728081202085, "center_lat": 13.107399341791586, "area_sqkm": 4.7052193514334287e-05, "population": 0.0, "waste_kg_day": 0.0, "waste_tons_day": 0.0, "buildings": 0.0, "risk": "Low" }, "geometry": { "type": "Polygon", "coordinates": [ [ [ 74.905679700000093, 13.107364225374765 ], [ 74.905679700000093, 13.1074169 ], [ 74.905824843606041, 13.1074169 ], [ 74.905679700000093, 13.107364225374765 ] ] ] } },
{ "type": "Feature", "properties": { "zone_id": "D585", "is_urban": false, "ward_name": null, "center_lon": 74.909064742475451, "center_lat": 13.116275830600939, "area_sqkm": 1.3520990290794332, "population": 281.0, "waste_kg_day": 84.3, "waste_tons_day": 0.084, "buildings": 71.0, "risk": "Low" }, "geometry": { "type": "Polygon", "coordinates": [ [ [ 74.9082123, 13.1238743 ], [ 74.9092016, 13.1235216 ], [ 74.9132487, 13.1207883 ], [ 74.913698, 13.1184522 ], [ 74.9137426, 13.1155432 ], [ 74.912573, 13.112458 ], [ 74.9091103, 13.1118854 ], [ 74.9090203, 13.1109157 ], [ 74.9120331, 13.1102983 ], [ 74.9122578, 13.10902 ], [ 74.9118529, 13.1080504 ], [ 74.9070863, 13.1078747 ], [ 74.905824843606041, 13.1074169 ], [ 74.905679700000093, 13.1074169 ], [ 74.905679700000093, 13.1254169 ], [ 74.908666012861232, 13.1254169 ], [ 74.9082123, 13.1238743 ] ] ] } },
{ "type": "Feature", "properties": { "zone_id": "D586", "is_urban": false, "ward_name": null, "center_lon": 74.910628042764401, "center_lat": 13.136979508752603, "area_sqkm": 1.7382706007046058, "population": 1741.0, "waste_kg_day": 522.3, "waste_tons_day": 0.522, "buildings": 350.0, "risk": "Medium" }, "geometry": { "type": "Polygon", "coordinates": [ [ [ 74.9199979, 13.1429578 ], [ 74.9184233, 13.1402694 ], [ 74.9160841, 13.1365233 ], [ 74.9114516, 13.1345404 ], [ 74.910552, 13.1329097 ], [ 74.909742, 13.1290752 ], [ 74.908666012861232, 13.1254169 ], [ 74.905679700000093, 13.1254169 ], [ 74.905679700000093, 13.1434169 ], [ 74.920767135761082, 13.1434169 ], [ 74.9199979, 13.1429578 ] ] ] } },
{ "type": "Feature", "properties": { "zone_id": "D587", "is_urban": false, "ward_name": null, "center_lon": 74.915069203857925, "center_lat": 13.152527863885316, "area_sqkm": 4.1535350087043437, "population": 4242.0, "waste_kg_day": 1272.6, "waste_tons_day": 1.273, "buildings": 1090.0, "risk": "Medium" }, "geometry": { "type": "Polygon", "coordinates": [ [ [ 74.9239111, 13.1452933 ], [ 74.920767135761082, 13.1434169 ], [ 74.905679700000093, 13.1434169 ], [ 74.905679700000093, 13.1614169 ], [ 74.924679700000098, 13.1614169 ], [ 74.924679700000098, 13.145708953810757 ], [ 74.9239111, 13.1452933 ] ] ] } },
{ "type": "Feature", "properties": { "zone_id": "D588", "is_urban": false, "ward_name": null, "center_lon": 74.9151797000001, "center_lat": 13.1704169, "area_sqkm": 4.2095591208013685, "population": 4311.0, "waste_kg_day": 1293.3, "waste_tons_day": 1.293, "buildings": 1000.0, "risk": "Medium" }, "geometry": { "type": "Polygon", "coordinates": [ [ [ 74.905679700000093, 13.1614169 ], [ 74.905679700000093, 13.1794169 ], [ 74.924679700000098, 13.1794169 ], [ 74.924679700000098, 13.1614169 ], [ 74.905679700000093, 13.1614169 ] ] ] } },
{ "type": "Feature", "properties": { "zone_id": "D589", "is_urban": false, "ward_name": null, "center_lon": 74.9151797000001, "center_lat": 13.1884169, "area_sqkm": 4.2095591208013685, "population": 5109.0, "waste_kg_day": 1532.7, "waste_tons_day": 1.533, "buildings": 1395.0, "risk": "High" }, "geometry": { "type": "Polygon", "coordinates": [ [ [ 74.905679700000093, 13.1794169 ], [ 74.905679700000093, 13.1974169 ], [ 74.924679700000098, 13.1974169 ], [ 74.924679700000098, 13.1794169 ], [ 74.905679700000093, 13.1794169 ] ] ] } },
{ "type": "Feature", "properties": { "zone_id": "D590", "is_urban": false, "ward_name": null, "center_lon": 74.9151797000001, "center_lat": 13.2064169, "area_sqkm": 4.2095591208013685, "population": 5006.0, "waste_kg_day": 1501.8, "waste_tons_day": 1.502, "buildings": 1160.0, "risk": "High" }, "geometry": { "type": "Polygon", "coordinates": [ [ [ 74.905679700000093, 13.1974169 ], [ 74.905679700000093, 13.2154169 ], [ 74.924679700000098, 13.2154169 ], [ 74.924679700000098, 13.1974169 ], [ 74.905679700000093, 13.1974169 ] ] ] } },
{ "type": "Feature", "properties": { "zone_id": "D591", "is_urban": false, "ward_name": null, "center_lon": 74.9151797000001, "center_lat": 13.2244169, "area_sqkm": 4.2095591208013685, "population": 6111.0, "waste_kg_day": 1833.3, "waste_tons_day": 1.833, "buildings": 1522.0, "risk": "High" }, "geometry": { "type": "Polygon", "coordinates": [ [ [ 74.905679700000093, 13.2154169 ], [ 74.905679700000093, 13.2334169 ], [ 74.924679700000098, 13.2334169 ], [ 74.924679700000098, 13.2154169 ], [ 74.905679700000093, 13.2154169 ] ] ] } },
{ "type": "Feature", "properties": { "zone_id": "D592", "is_urban": false, "ward_name": null, "center_lon": 74.9151797000001, "center_lat": 13.2424169, "area_sqkm": 4.2095591208013685, "population": 4303.0, "waste_kg_day": 1290.9, "waste_tons_day": 1.291, "buildings": 878.0, "risk": "Medium" }, "geometry": { "type": "Polygon", "coordinates": [ [ [ 74.905679700000093, 13.2334169 ], [ 74.905679700000093, 13.2514169 ], [ 74.924679700000098, 13.2514169 ], [ 74.924679700000098, 13.2334169 ], [ 74.905679700000093, 13.2334169 ] ] ] } },
{ "type": "Feature", "properties": { "zone_id": "D593", "is_urban": false, "ward_name": null, "center_lon": 74.9151797000001, "center_lat": 13.2604169, "area_sqkm": 4.2095591208013685, "population": 1402.0, "waste_kg_day": 420.6, "waste_tons_day": 0.421, "buildings": 285.0, "risk": "Low" }, "geometry": { "type": "Polygon", "coordinates": [ [ [ 74.905679700000093, 13.2514169 ], [ 74.905679700000093, 13.2694169 ], [ 74.924679700000098, 13.2694169 ], [ 74.924679700000098, 13.2514169 ], [ 74.905679700000093, 13.2514169 ] ] ] } },
{ "type": "Feature", "properties": { "zone_id": "D594", "is_urban": false, "ward_name": null, "center_lon": 74.9151797000001, "center_lat": 13.2784169, "area_sqkm": 4.2095591208013685, "population": 4606.0, "waste_kg_day": 1381.8, "waste_tons_day": 1.382, "buildings": 1278.0, "risk": "Medium" }, "geometry": { "type": "Polygon", "coordinates": [ [ [ 74.905679700000093, 13.2694169 ], [ 74.905679700000093, 13.2874169 ], [ 74.924679700000098, 13.2874169 ], [ 74.924679700000098, 13.2694169 ], [ 74.905679700000093, 13.2694169 ] ] ] } },
{ "type": "Feature", "properties": { "zone_id": "D595", "is_urban": false, "ward_name": null, "center_lon": 74.9151797000001, "center_lat": 13.2964169, "area_sqkm": 4.2095591208013685, "population": 2488.0, "waste_kg_day": 746.4, "waste_tons_day": 0.746, "buildings": 545.0, "risk": "Medium" }, "geometry": { "type": "Polygon", "coordinates": [ [ [ 74.905679700000093, 13.2874169 ], [ 74.905679700000093, 13.3054169 ], [ 74.924679700000098, 13.3054169 ], [ 74.924679700000098, 13.2874169 ], [ 74.905679700000093, 13.2874169 ] ] ] } },
{ "type": "Feature", "properties": { "zone_id": "D596", "is_urban": false, "ward_name": null, "center_lon": 74.9151797000001, "center_lat": 13.3144169, "area_sqkm": 4.2095591208013685, "population": 1210.0, "waste_kg_day": 363.0, "waste_tons_day": 0.363, "buildings": 276.0, "risk": "Low" }, "geometry": { "type": "Polygon", "coordinates": [ [ [ 74.905679700000093, 13.3054169 ], [ 74.905679700000093, 13.3234169 ], [ 74.924679700000098, 13.3234169 ], [ 74.924679700000098, 13.3054169 ], [ 74.905679700000093, 13.3054169 ] ] ] } },
{ "type": "Feature", "properties": { "zone_id": "D597", "is_urban": false, "ward_name": null, "center_lon": 74.9151797000001, "center_lat": 13.3324169, "area_sqkm": 4.2095591208013685, "population": 2734.0, "waste_kg_day": 820.2, "waste_tons_day": 0.82, "buildings": 616.0, "risk": "Medium" }, "geometry": { "type": "Polygon", "coordinates": [ [ [ 74.905679700000093, 13.3234169 ], [ 74.905679700000093, 13.3414169 ], [ 74.924679700000098, 13.3414169 ], [ 74.924679700000098, 13.3234169 ], [ 74.905679700000093, 13.3234169 ] ] ] } },
{ "type": "Feature", "properties": { "zone_id": "D598", "is_urban": false, "ward_name": null, "center_lon": 74.9151797000001, "center_lat": 13.3504169, "area_sqkm": 4.2095591208013685, "population": 1092.0, "waste_kg_day": 327.6, "waste_tons_day": 0.328, "buildings": 227.0, "risk": "Low" }, "geometry": { "type": "Polygon", "coordinates": [ [ [ 74.905679700000093, 13.3414169 ], [ 74.905679700000093, 13.35941690000001 ], [ 74.924679700000098, 13.35941690000001 ], [ 74.924679700000098, 13.3414169 ], [ 74.905679700000093, 13.3414169 ] ] ] } },
{ "type": "Feature", "properties": { "zone_id": "D599", "is_urban": false, "ward_name": null, "center_lon": 74.9151797000001, "center_lat": 13.3684169, "area_sqkm": 4.2095591208013685, "population": 6169.0, "waste_kg_day": 1850.7, "waste_tons_day": 1.851, "buildings": 1245.0, "risk": "High" }, "geometry": { "type": "Polygon", "coordinates": [ [ [ 74.905679700000093, 13.35941690000001 ], [ 74.905679700000093, 13.377416900000011 ], [ 74.924679700000098, 13.377416900000011 ], [ 74.924679700000098, 13.35941690000001 ], [ 74.905679700000093, 13.35941690000001 ] ] ] } },
{ "type": "Feature", "properties": { "zone_id": "D600", "is_urban": false, "ward_name": null, "center_lon": 74.9151797000001, "center_lat": 13.3864169, "area_sqkm": 4.2095591208013685, "population": 4944.0, "waste_kg_day": 1483.2, "waste_tons_day": 1.483, "buildings": 1337.0, "risk": "Medium" }, "geometry": { "type": "Polygon", "coordinates": [ [ [ 74.905679700000093, 13.377416900000011 ], [ 74.905679700000093, 13.395416900000011 ], [ 74.924679700000098, 13.395416900000011 ], [ 74.924679700000098, 13.377416900000011 ], [ 74.905679700000093, 13.377416900000011 ] ] ] } },
{ "type": "Feature", "properties": { "zone_id": "D601", "is_urban": false, "ward_name": null, "center_lon": 74.9151797000001, "center_lat": 13.4044169, "area_sqkm": 4.2095591208013685, "population": 4991.0, "waste_kg_day": 1497.3, "waste_tons_day": 1.497, "buildings": 1411.0, "risk": "Medium" }, "geometry": { "type": "Polygon", "coordinates": [ [ [ 74.905679700000093, 13.395416900000011 ], [ 74.905679700000093, 13.413416900000012 ], [ 74.924679700000098, 13.413416900000012 ], [ 74.924679700000098, 13.395416900000011 ], [ 74.905679700000093, 13.395416900000011 ] ] ] } },
{ "type": "Feature", "properties": { "zone_id": "D602", "is_urban": false, "ward_name": null, "center_lon": 74.9151797000001, "center_lat": 13.4224169, "area_sqkm": 4.2095591208013685, "population": 962.0, "waste_kg_day": 288.6, "waste_tons_day": 0.289, "buildings": 241.0, "risk": "Low" }, "geometry": { "type": "Polygon", "coordinates": [ [ [ 74.905679700000093, 13.413416900000012 ], [ 74.905679700000093, 13.431416900000013 ], [ 74.924679700000098, 13.431416900000013 ], [ 74.924679700000098, 13.413416900000012 ], [ 74.905679700000093, 13.413416900000012 ] ] ] } },
{ "type": "Feature", "properties": { "zone_id": "D603", "is_urban": false, "ward_name": null, "center_lon": 74.9151797000001, "center_lat": 13.4404169, "area_sqkm": 4.2095591208013685, "population": 3515.0, "waste_kg_day": 1054.5, "waste_tons_day": 1.054, "buildings": 755.0, "risk": "Medium" }, "geometry": { "type": "Polygon", "coordinates": [ [ [ 74.905679700000093, 13.431416900000013 ], [ 74.905679700000093, 13.449416900000013 ], [ 74.924679700000098, 13.449416900000013 ], [ 74.924679700000098, 13.431416900000013 ], [ 74.905679700000093, 13.431416900000013 ] ] ] } },
{ "type": "Feature", "properties": { "zone_id": "D604", "is_urban": false, "ward_name": null, "center_lon": 74.9151797000001, "center_lat": 13.4584169, "area_sqkm": 4.2095591208013685, "population": 4581.0, "waste_kg_day": 1374.3, "waste_tons_day": 1.374, "buildings": 1098.0, "risk": "Medium" }, "geometry": { "type": "Polygon", "coordinates": [ [ [ 74.905679700000093, 13.449416900000013 ], [ 74.905679700000093, 13.467416900000014 ], [ 74.924679700000098, 13.467416900000014 ], [ 74.924679700000098, 13.449416900000013 ], [ 74.905679700000093, 13.449416900000013 ] ] ] } },
{ "type": "Feature", "properties": { "zone_id": "D605", "is_urban": false, "ward_name": null, "center_lon": 74.9151797000001, "center_lat": 13.4764169, "area_sqkm": 4.2095591208013685, "population": 2339.0, "waste_kg_day": 701.7, "waste_tons_day": 0.702, "buildings": 468.0, "risk": "Medium" }, "geometry": { "type": "Polygon", "coordinates": [ [ [ 74.905679700000093, 13.467416900000014 ], [ 74.905679700000093, 13.485416900000015 ], [ 74.924679700000098, 13.485416900000015 ], [ 74.924679700000098, 13.467416900000014 ], [ 74.905679700000093, 13.467416900000014 ] ] ] } },
{ "type": "Feature", "properties": { "zone_id": "D606", "is_urban": false, "ward_name": null, "center_lon": 74.9151797000001, "center_lat": 13.4944169, "area_sqkm": 4.2095591208013685, "population": 3174.0, "waste_kg_day": 952.2, "waste_tons_day": 0.952, "buildings": 759.0, "risk": "Medium" }, "geometry": { "type": "Polygon", "coordinates": [ [ [ 74.905679700000093, 13.485416900000015 ], [ 74.905679700000093, 13.503416900000015 ], [ 74.924679700000098, 13.503416900000015 ], [ 74.924679700000098, 13.485416900000015 ], [ 74.905679700000093, 13.485416900000015 ] ] ] } },
{ "type": "Feature", "properties": { "zone_id": "D607", "is_urban": false, "ward_name": null, "center_lon": 74.9151797000001, "center_lat": 13.5124169, "area_sqkm": 4.2095591208013685, "population": 1737.0, "waste_kg_day": 521.1, "waste_tons_day": 0.521, "buildings": 370.0, "risk": "Medium" }, "geometry": { "type": "Polygon", "coordinates": [ [ [ 74.905679700000093, 13.503416900000015 ], [ 74.905679700000093, 13.521416900000016 ], [ 74.924679700000098, 13.521416900000016 ], [ 74.924679700000098, 13.503416900000015 ], [ 74.905679700000093, 13.503416900000015 ] ] ] } },
{ "type": "Feature", "properties": { "zone_id": "D608", "is_urban": false, "ward_name": null, "center_lon": 74.9151797000001, "center_lat": 13.5304169, "area_sqkm": 4.2095591208013685, "population": 4638.0, "waste_kg_day": 1391.4, "waste_tons_day": 1.391, "buildings": 1210.0, "risk": "Medium" }, "geometry": { "type": "Polygon", "coordinates": [ [ [ 74.905679700000093, 13.521416900000016 ], [ 74.905679700000093, 13.539416900000017 ], [ 74.924679700000098, 13.539416900000017 ], [ 74.924679700000098, 13.521416900000016 ], [ 74.905679700000093, 13.521416900000016 ] ] ] } },
{ "type": "Feature", "properties": { "zone_id": "D609", "is_urban": false, "ward_name": null, "center_lon": 74.9151797000001, "center_lat": 13.5484169, "area_sqkm": 4.2095591208013685, "population": 1292.0, "waste_kg_day": 387.6, "waste_tons_day": 0.388, "buildings": 285.0, "risk": "Low" }, "geometry": { "type": "Polygon", "coordinates": [ [ [ 74.905679700000093, 13.539416900000017 ], [ 74.905679700000093, 13.557416900000018 ], [ 74.924679700000098, 13.557416900000018 ], [ 74.924679700000098, 13.539416900000017 ], [ 74.905679700000093, 13.539416900000017 ] ] ] } },
{ "type": "Feature", "properties": { "zone_id": "D610", "is_urban": false, "ward_name": null, "center_lon": 74.9151797000001, "center_lat": 13.5664169, "area_sqkm": 4.2095591208013685, "population": 4423.0, "waste_kg_day": 1326.9, "waste_tons_day": 1.327, "buildings": 1131.0, "risk": "Medium" }, "geometry": { "type": "Polygon", "coordinates": [ [ [ 74.905679700000093, 13.557416900000018 ], [ 74.905679700000093, 13.575416900000018 ], [ 74.924679700000098, 13.575416900000018 ], [ 74.924679700000098, 13.557416900000018 ], [ 74.905679700000093, 13.557416900000018 ] ] ] } },
{ "type": "Feature", "properties": { "zone_id": "D611", "is_urban": false, "ward_name": null, "center_lon": 74.9151797000001, "center_lat": 13.5844169, "area_sqkm": 4.2095591208013685, "population": 6045.0, "waste_kg_day": 1813.5, "waste_tons_day": 1.813, "buildings": 1622.0, "risk": "High" }, "geometry": { "type": "Polygon", "coordinates": [ [ [ 74.905679700000093, 13.575416900000018 ], [ 74.905679700000093, 13.593416900000019 ], [ 74.924679700000098, 13.593416900000019 ], [ 74.924679700000098, 13.575416900000018 ], [ 74.905679700000093, 13.575416900000018 ] ] ] } },
{ "type": "Feature", "properties": { "zone_id": "D612", "is_urban": false, "ward_name": null, "center_lon": 74.9151797000001, "center_lat": 13.6024169, "area_sqkm": 4.2095591208013685, "population": 3207.0, "waste_kg_day": 962.1, "waste_tons_day": 0.962, "buildings": 652.0, "risk": "Medium" }, "geometry": { "type": "Polygon", "coordinates": [ [ [ 74.905679700000093, 13.593416900000019 ], [ 74.905679700000093, 13.61141690000002 ], [ 74.924679700000098, 13.61141690000002 ], [ 74.924679700000098, 13.593416900000019 ], [ 74.905679700000093, 13.593416900000019 ] ] ] } },
{ "type": "Feature", "properties": { "zone_id": "D613", "is_urban": false, "ward_name": null, "center_lon": 74.9151797000001, "center_lat": 13.6204169, "area_sqkm": 4.2095591208013685, "population": 3138.0, "waste_kg_day": 941.4, "waste_tons_day": 0.941, "buildings": 703.0, "risk": "Medium" }, "geometry": { "type": "Polygon", "coordinates": [ [ [ 74.905679700000093, 13.61141690000002 ], [ 74.905679700000093, 13.62941690000002 ], [ 74.924679700000098, 13.62941690000002 ], [ 74.924679700000098, 13.61141690000002 ], [ 74.905679700000093, 13.61141690000002 ] ] ] } },
{ "type": "Feature", "properties": { "zone_id": "D614", "is_urban": false, "ward_name": null, "center_lon": 74.9151797000001, "center_lat": 13.6384169, "area_sqkm": 4.2095591208013685, "population": 3017.0, "waste_kg_day": 905.1, "waste_tons_day": 0.905, "buildings": 771.0, "risk": "Medium" }, "geometry": { "type": "Polygon", "coordinates": [ [ [ 74.905679700000093, 13.62941690000002 ], [ 74.905679700000093, 13.647416900000021 ], [ 74.924679700000098, 13.647416900000021 ], [ 74.924679700000098, 13.62941690000002 ], [ 74.905679700000093, 13.62941690000002 ] ] ] } },
{ "type": "Feature", "properties": { "zone_id": "D615", "is_urban": false, "ward_name": null, "center_lon": 74.9151797000001, "center_lat": 13.6564169, "area_sqkm": 4.2095591208013685, "population": 6226.0, "waste_kg_day": 1867.8, "waste_tons_day": 1.868, "buildings": 1513.0, "risk": "High" }, "geometry": { "type": "Polygon", "coordinates": [ [ [ 74.905679700000093, 13.647416900000021 ], [ 74.905679700000093, 13.665416900000022 ], [ 74.924679700000098, 13.665416900000022 ], [ 74.924679700000098, 13.647416900000021 ], [ 74.905679700000093, 13.647416900000021 ] ] ] } },
{ "type": "Feature", "properties": { "zone_id": "D616", "is_urban": false, "ward_name": null, "center_lon": 74.9151797000001, "center_lat": 13.6744169, "area_sqkm": 4.2095591208013685, "population": 5734.0, "waste_kg_day": 1720.2, "waste_tons_day": 1.72, "buildings": 1491.0, "risk": "High" }, "geometry": { "type": "Polygon", "coordinates": [ [ [ 74.905679700000093, 13.665416900000022 ], [ 74.905679700000093, 13.683416900000022 ], [ 74.924679700000098, 13.683416900000022 ], [ 74.924679700000098, 13.665416900000022 ], [ 74.905679700000093, 13.665416900000022 ] ] ] } },
{ "type": "Feature", "properties": { "zone_id": "D617", "is_urban": false, "ward_name": null, "center_lon": 74.9151797000001, "center_lat": 13.6924169, "area_sqkm": 4.2095591208013685, "population": 2008.0, "waste_kg_day": 602.4, "waste_tons_day": 0.602, "buildings": 566.0, "risk": "Medium" }, "geometry": { "type": "Polygon", "coordinates": [ [ [ 74.905679700000093, 13.683416900000022 ], [ 74.905679700000093, 13.701416900000023 ], [ 74.924679700000098, 13.701416900000023 ], [ 74.924679700000098, 13.683416900000022 ], [ 74.905679700000093, 13.683416900000022 ] ] ] } },
{ "type": "Feature", "properties": { "zone_id": "D618", "is_urban": false, "ward_name": null, "center_lon": 74.9151797000001, "center_lat": 13.7104169, "area_sqkm": 4.2095591208013685, "population": 4408.0, "waste_kg_day": 1322.4, "waste_tons_day": 1.322, "buildings": 1087.0, "risk": "Medium" }, "geometry": { "type": "Polygon", "coordinates": [ [ [ 74.905679700000093, 13.701416900000023 ], [ 74.905679700000093, 13.719416900000024 ], [ 74.924679700000098, 13.719416900000024 ], [ 74.924679700000098, 13.701416900000023 ], [ 74.905679700000093, 13.701416900000023 ] ] ] } },
{ "type": "Feature", "properties": { "zone_id": "D619", "is_urban": false, "ward_name": null, "center_lon": 74.9151797000001, "center_lat": 13.7284169, "area_sqkm": 4.2095591208013685, "population": 5572.0, "waste_kg_day": 1671.6, "waste_tons_day": 1.672, "buildings": 1323.0, "risk": "High" }, "geometry": { "type": "Polygon", "coordinates": [ [ [ 74.905679700000093, 13.719416900000024 ], [ 74.905679700000093, 13.737416900000024 ], [ 74.924679700000098, 13.737416900000024 ], [ 74.924679700000098, 13.719416900000024 ], [ 74.905679700000093, 13.719416900000024 ] ] ] } },
{ "type": "Feature", "properties": { "zone_id": "D620", "is_urban": false, "ward_name": null, "center_lon": 74.9151797000001, "center_lat": 13.7464169, "area_sqkm": 4.2095591208013685, "population": 6140.0, "waste_kg_day": 1842.0, "waste_tons_day": 1.842, "buildings": 1625.0, "risk": "High" }, "geometry": { "type": "Polygon", "coordinates": [ [ [ 74.905679700000093, 13.737416900000024 ], [ 74.905679700000093, 13.755416900000025 ], [ 74.924679700000098, 13.755416900000025 ], [ 74.924679700000098, 13.737416900000024 ], [ 74.905679700000093, 13.737416900000024 ] ] ] } },
{ "type": "Feature", "properties": { "zone_id": "D621", "is_urban": false, "ward_name": null, "center_lon": 74.9151797000001, "center_lat": 13.7644169, "area_sqkm": 4.2095591208013685, "population": 5595.0, "waste_kg_day": 1678.5, "waste_tons_day": 1.679, "buildings": 1199.0, "risk": "High" }, "geometry": { "type": "Polygon", "coordinates": [ [ [ 74.905679700000093, 13.755416900000025 ], [ 74.905679700000093, 13.773416900000026 ], [ 74.924679700000098, 13.773416900000026 ], [ 74.924679700000098, 13.755416900000025 ], [ 74.905679700000093, 13.755416900000025 ] ] ] } },
{ "type": "Feature", "properties": { "zone_id": "D622", "is_urban": false, "ward_name": null, "center_lon": 74.9151797000001, "center_lat": 13.7824169, "area_sqkm": 4.2095591208013685, "population": 5060.0, "waste_kg_day": 1518.0, "waste_tons_day": 1.518, "buildings": 1061.0, "risk": "High" }, "geometry": { "type": "Polygon", "coordinates": [ [ [ 74.905679700000093, 13.773416900000026 ], [ 74.905679700000093, 13.791416900000026 ], [ 74.924679700000098, 13.791416900000026 ], [ 74.924679700000098, 13.773416900000026 ], [ 74.905679700000093, 13.773416900000026 ] ] ] } },
{ "type": "Feature", "properties": { "zone_id": "D623", "is_urban": false, "ward_name": null, "center_lon": 74.915107457671539, "center_lat": 13.800375623797246, "area_sqkm": 4.1765794315507074, "population": 4967.0, "waste_kg_day": 1490.1, "waste_tons_day": 1.49, "buildings": 1118.0, "risk": "Medium" }, "geometry": { "type": "Polygon", "coordinates": [ [ [ 74.9239169, 13.8080408 ], [ 74.924679700000098, 13.806311589624148 ], [ 74.924679700000098, 13.799015392781971 ], [ 74.924507, 13.7983874 ], [ 74.9243634, 13.7968825 ], [ 74.9243725, 13.7962769 ], [ 74.9244141, 13.7961775 ], [ 74.924679700000098, 13.796060488862505 ], [ 74.924679700000098, 13.791416900000026 ], [ 74.905679700000093, 13.791416900000026 ], [ 74.905679700000093, 13.809416900000027 ], [ 74.923458790043725, 13.809416900000027 ], [ 74.9239169, 13.8080408 ] ] ] } },
{ "type": "Feature", "properties": { "zone_id": "D624", "is_urban": false, "ward_name": null, "center_lon": 74.912992686032112, "center_lat": 13.817354979614768, "area_sqkm": 3.1043461695058059, "population": 1150.0, "waste_kg_day": 345.0, "waste_tons_day": 0.345, "buildings": 324.0, "risk": "Low" }, "geometry": { "type": "Polygon", "coordinates": [ [ [ 74.916012, 13.8258347 ], [ 74.916437, 13.8231592 ], [ 74.9167838, 13.822662 ], [ 74.9173526, 13.8220654 ], [ 74.9177363, 13.8211569 ], [ 74.9182043, 13.8196394 ], [ 74.9182632, 13.8194485 ], [ 74.9186469, 13.8186757 ], [ 74.9193312, 13.8181242 ], [ 74.9209219, 13.8167681 ], [ 74.9219021, 13.8156924 ], [ 74.9226048, 13.8146302 ], [ 74.9233538, 13.8132833 ], [ 74.9236357, 13.8126732 ], [ 74.9236356, 13.8117331 ], [ 74.9233995, 13.8104407 ], [ 74.9233993, 13.8095956 ], [ 74.923458790043725, 13.809416900000027 ], [ 74.905679700000093, 13.809416900000027 ], [ 74.905679700000093, 13.827416900000028 ], [ 74.916024115090352, 13.827416900000028 ], [ 74.916012, 13.8258347 ] ] ] } },
{ "type": "Feature", "properties": { "zone_id": "D625", "is_urban": false, "ward_name": null, "center_lon": 74.910324998612651, "center_lat": 13.835780339986876, "area_sqkm": 2.0236595041406749, "population": 2827.0, "waste_kg_day": 848.1, "waste_tons_day": 0.848, "buildings": 638.0, "risk": "Medium" }, "geometry": { "type": "Polygon", "coordinates": [ [ [ 74.9122038, 13.84464 ], [ 74.9127726, 13.843709 ], [ 74.9137252, 13.8424796 ], [ 74.9141922, 13.8416661 ], [ 74.9144788, 13.840726 ], [ 74.9144972, 13.8398899 ], [ 74.914113, 13.8378699 ], [ 74.914173, 13.8372959 ], [ 74.9145568, 13.8365818 ], [ 74.9157128, 13.8347151 ], [ 74.9159762, 13.833861 ], [ 74.9160547, 13.8329435 ], [ 74.9159758, 13.8311177 ], [ 74.916008, 13.8300331 ], [ 74.9160356, 13.8289168 ], [ 74.916024115090352, 13.827416900000028 ], [ 74.905679700000093, 13.827416900000028 ], [ 74.905679700000093, 13.845416900000028 ], [ 74.912300112836576, 13.845416900000028 ], [ 74.9122038, 13.84464 ] ] ] } },
{ "type": "Feature", "properties": { "zone_id": "D626", "is_urban": false, "ward_name": null, "center_lon": 74.908844979654148, "center_lat": 13.851817343086363, "area_sqkm": 1.0721794324215599, "population": 1324.0, "waste_kg_day": 397.2, "waste_tons_day": 0.397, "buildings": 313.0, "risk": "Low" }, "geometry": { "type": "Polygon", "coordinates": [ [ [ 74.9069191, 13.8602413 ], [ 74.9079505, 13.8594368 ], [ 74.9098975, 13.8573938 ], [ 74.9106236, 13.8566028 ], [ 74.9113959, 13.8553735 ], [ 74.9124502, 13.8534029 ], [ 74.9127738, 13.852133 ], [ 74.9130372, 13.8509217 ], [ 74.9129352, 13.8491366 ], [ 74.9126066, 13.8472567 ], [ 74.9124492, 13.8466195 ], [ 74.912300112836576, 13.845416900000028 ], [ 74.905679700000093, 13.845416900000028 ], [ 74.905679700000093, 13.860635564453368 ], [ 74.9069191, 13.8602413 ] ] ] } },
{ "type": "Feature", "properties": { "zone_id": "D627", "is_urban": false, "ward_name": null, "center_lon": 74.94236027452051, "center_lat": 13.136661376819207, "area_sqkm": 0.35359397186637809, "population": 124.0, "waste_kg_day": 37.2, "waste_tons_day": 0.037, "buildings": 33.0, "risk": "Low" }, "geometry": { "type": "MultiPolygon", "coordinates": [ [ [ [ 74.9422349, 13.1313613 ], [ 74.9401666, 13.1332571 ], [ 74.9396722, 13.134315 ], [ 74.9416064, 13.1358572 ], [ 74.943679700000104, 13.136278435553994 ], [ 74.943679700000104, 13.129668244294557 ], [ 74.9422349, 13.1313613 ] ] ], [ [ [ 74.9427311, 13.1372233 ], [ 74.9411122, 13.1380171 ], [ 74.9412027, 13.1399564 ], [ 74.9408435, 13.1423807 ], [ 74.9424624, 13.1418955 ], [ 74.9427326, 13.1433059 ], [ 74.942543947948153, 13.1434169 ], [ 74.943679700000104, 13.1434169 ], [ 74.943679700000104, 13.136558903272363 ], [ 74.9427311, 13.1372233 ] ] ] ] } },
{ "type": "Feature", "properties": { "zone_id": "D628", "is_urban": false, "ward_name": null, "center_lon": 74.934651371225172, "center_lat": 13.153754421535689, "area_sqkm": 3.5234863288091458, "population": 3844.0, "waste_kg_day": 1153.2, "waste_tons_day": 1.153, "buildings": 927.0, "risk": "Medium" }, "geometry": { "type": "Polygon", "coordinates": [ [ [ 74.9411588, 13.1442319 ], [ 74.9399897, 13.1455544 ], [ 74.9392251, 13.1453783 ], [ 74.9375158, 13.1443209 ], [ 74.9356269, 13.1442772 ], [ 74.9356722, 13.1456876 ], [ 74.9338284, 13.1466136 ], [ 74.9345481, 13.1470983 ], [ 74.9345035, 13.1485969 ], [ 74.9333118, 13.1497101 ], [ 74.9282292, 13.1476285 ], [ 74.924679700000098, 13.145708953810757 ], [ 74.924679700000098, 13.1614169 ], [ 74.943679700000104, 13.1614169 ], [ 74.943679700000104, 13.1434169 ], [ 74.942543947948153, 13.1434169 ], [ 74.9411588, 13.1442319 ] ] ] } },
{ "type": "Feature", "properties": { "zone_id": "D629", "is_urban": false, "ward_name": null, "center_lon": 74.9341797000001, "center_lat": 13.1704169, "area_sqkm": 4.2095591208013685, "population": 1939.0, "waste_kg_day": 581.7, "waste_tons_day": 0.582, "buildings": 457.0, "risk": "Medium" }, "geometry": { "type": "Polygon", "coordinates": [ [ [ 74.924679700000098, 13.1614169 ], [ 74.924679700000098, 13.1794169 ], [ 74.943679700000104, 13.1794169 ], [ 74.943679700000104, 13.1614169 ], [ 74.924679700000098, 13.1614169 ] ] ] } },
{ "type": "Feature", "properties": { "zone_id": "D630", "is_urban": false, "ward_name": null, "center_lon": 74.9341797000001, "center_lat": 13.1884169, "area_sqkm": 4.2095591208013685, "population": 1193.0, "waste_kg_day": 357.9, "waste_tons_day": 0.358, "buildings": 272.0, "risk": "Low" }, "geometry": { "type": "Polygon", "coordinates": [ [ [ 74.924679700000098, 13.1794169 ], [ 74.924679700000098, 13.1974169 ], [ 74.943679700000104, 13.1974169 ], [ 74.943679700000104, 13.1794169 ], [ 74.924679700000098, 13.1794169 ] ] ] } },
{ "type": "Feature", "properties": { "zone_id": "D631", "is_urban": false, "ward_name": null, "center_lon": 74.9341797000001, "center_lat": 13.2064169, "area_sqkm": 4.2095591208013685, "population": 2313.0, "waste_kg_day": 693.9, "waste_tons_day": 0.694, "buildings": 492.0, "risk": "Medium" }, "geometry": { "type": "Polygon", "coordinates": [ [ [ 74.924679700000098, 13.1974169 ], [ 74.924679700000098, 13.2154169 ], [ 74.943679700000104, 13.2154169 ], [ 74.943679700000104, 13.1974169 ], [ 74.924679700000098, 13.1974169 ] ] ] } },
{ "type": "Feature", "properties": { "zone_id": "D632", "is_urban": false, "ward_name": null, "center_lon": 74.9341797000001, "center_lat": 13.2244169, "area_sqkm": 4.2095591208013685, "population": 2540.0, "waste_kg_day": 762.0, "waste_tons_day": 0.762, "buildings": 607.0, "risk": "Medium" }, "geometry": { "type": "Polygon", "coordinates": [ [ [ 74.924679700000098, 13.2154169 ], [ 74.924679700000098, 13.2334169 ], [ 74.943679700000104, 13.2334169 ], [ 74.943679700000104, 13.2154169 ], [ 74.924679700000098, 13.2154169 ] ] ] } },
{ "type": "Feature", "properties": { "zone_id": "D633", "is_urban": false, "ward_name": null, "center_lon": 74.9341797000001, "center_lat": 13.2424169, "area_sqkm": 4.2095591208013685, "population": 905.0, "waste_kg_day": 271.5, "waste_tons_day": 0.272, "buildings": 250.0, "risk": "Low" }, "geometry": { "type": "Polygon", "coordinates": [ [ [ 74.924679700000098, 13.2334169 ], [ 74.924679700000098, 13.2514169 ], [ 74.943679700000104, 13.2514169 ], [ 74.943679700000104, 13.2334169 ], [ 74.924679700000098, 13.2334169 ] ] ] } },
{ "type": "Feature", "properties": { "zone_id": "D634", "is_urban": false, "ward_name": null, "center_lon": 74.9341797000001, "center_lat": 13.2604169, "area_sqkm": 4.2095591208013685, "population": 2989.0, "waste_kg_day": 896.7, "waste_tons_day": 0.897, "buildings": 708.0, "risk": "Medium" }, "geometry": { "type": "Polygon", "coordinates": [ [ [ 74.924679700000098, 13.2514169 ], [ 74.924679700000098, 13.2694169 ], [ 74.943679700000104, 13.2694169 ], [ 74.943679700000104, 13.2514169 ], [ 74.924679700000098, 13.2514169 ] ] ] } },
{ "type": "Feature", "properties": { "zone_id": "D635", "is_urban": false, "ward_name": null, "center_lon": 74.9341797000001, "center_lat": 13.2784169, "area_sqkm": 4.2095591208013685, "population": 4125.0, "waste_kg_day": 1237.5, "waste_tons_day": 1.238, "buildings": 1047.0, "risk": "Medium" }, "geometry": { "type": "Polygon", "coordinates": [ [ [ 74.924679700000098, 13.2694169 ], [ 74.924679700000098, 13.2874169 ], [ 74.943679700000104, 13.2874169 ], [ 74.943679700000104, 13.2694169 ], [ 74.924679700000098, 13.2694169 ] ] ] } },
{ "type": "Feature", "properties": { "zone_id": "D636", "is_urban": false, "ward_name": null, "center_lon": 74.9341797000001, "center_lat": 13.2964169, "area_sqkm": 4.2095591208013685, "population": 4645.0, "waste_kg_day": 1393.5, "waste_tons_day": 1.393, "buildings": 969.0, "risk": "Medium" }, "geometry": { "type": "Polygon", "coordinates": [ [ [ 74.924679700000098, 13.2874169 ], [ 74.924679700000098, 13.3054169 ], [ 74.943679700000104, 13.3054169 ], [ 74.943679700000104, 13.2874169 ], [ 74.924679700000098, 13.2874169 ] ] ] } },
{ "type": "Feature", "properties": { "zone_id": "D637", "is_urban": false, "ward_name": null, "center_lon": 74.9341797000001, "center_lat": 13.3144169, "area_sqkm": 4.2095591208013685, "population": 5109.0, "waste_kg_day": 1532.7, "waste_tons_day": 1.533, "buildings": 1435.0, "risk": "High" }, "geometry": { "type": "Polygon", "coordinates": [ [ [ 74.924679700000098, 13.3054169 ], [ 74.924679700000098, 13.3234169 ], [ 74.943679700000104, 13.3234169 ], [ 74.943679700000104, 13.3054169 ], [ 74.924679700000098, 13.3054169 ] ] ] } },
{ "type": "Feature", "properties": { "zone_id": "D638", "is_urban": false, "ward_name": null, "center_lon": 74.9341797000001, "center_lat": 13.3324169, "area_sqkm": 4.2095591208013685, "population": 3471.0, "waste_kg_day": 1041.3, "waste_tons_day": 1.041, "buildings": 949.0, "risk": "Medium" }, "geometry": { "type": "Polygon", "coordinates": [ [ [ 74.924679700000098, 13.3234169 ], [ 74.924679700000098, 13.3414169 ], [ 74.943679700000104, 13.3414169 ], [ 74.943679700000104, 13.3234169 ], [ 74.924679700000098, 13.3234169 ] ] ] } },
{ "type": "Feature", "properties": { "zone_id": "D639", "is_urban": false, "ward_name": null, "center_lon": 74.9341797000001, "center_lat": 13.3504169, "area_sqkm": 4.2095591208013685, "population": 2166.0, "waste_kg_day": 649.8, "waste_tons_day": 0.65, "buildings": 434.0, "risk": "Medium" }, "geometry": { "type": "Polygon", "coordinates": [ [ [ 74.924679700000098, 13.3414169 ], [ 74.924679700000098, 13.35941690000001 ], [ 74.943679700000104, 13.35941690000001 ], [ 74.943679700000104, 13.3414169 ], [ 74.924679700000098, 13.3414169 ] ] ] } },
{ "type": "Feature", "properties": { "zone_id": "D640", "is_urban": false, "ward_name": null, "center_lon": 74.9341797000001, "center_lat": 13.3684169, "area_sqkm": 4.2095591208013685, "population": 1621.0, "waste_kg_day": 486.3, "waste_tons_day": 0.486, "buildings": 381.0, "risk": "Low" }, "geometry": { "type": "Polygon", "coordinates": [ [ [ 74.924679700000098, 13.35941690000001 ], [ 74.924679700000098, 13.377416900000011 ], [ 74.943679700000104, 13.377416900000011 ], [ 74.943679700000104, 13.35941690000001 ], [ 74.924679700000098, 13.35941690000001 ] ] ] } },
{ "type": "Feature", "properties": { "zone_id": "D641", "is_urban": false, "ward_name": null, "center_lon": 74.9341797000001, "center_lat": 13.3864169, "area_sqkm": 4.2095591208013685, "population": 4224.0, "waste_kg_day": 1267.2, "waste_tons_day": 1.267, "buildings": 927.0, "risk": "Medium" }, "geometry": { "type": "Polygon", "coordinates": [ [ [ 74.924679700000098, 13.377416900000011 ], [ 74.924679700000098, 13.395416900000011 ], [ 74.943679700000104, 13.395416900000011 ], [ 74.943679700000104, 13.377416900000011 ], [ 74.924679700000098, 13.377416900000011 ] ] ] } },
{ "type": "Feature", "properties": { "zone_id": "D642", "is_urban": false, "ward_name": null, "center_lon": 74.9341797000001, "center_lat": 13.4044169, "area_sqkm": 4.2095591208013685, "population": 3904.0, "waste_kg_day": 1171.2, "waste_tons_day": 1.171, "buildings": 1110.0, "risk": "Medium" }, "geometry": { "type": "Polygon", "coordinates": [ [ [ 74.924679700000098, 13.395416900000011 ], [ 74.924679700000098, 13.413416900000012 ], [ 74.943679700000104, 13.413416900000012 ], [ 74.943679700000104, 13.395416900000011 ], [ 74.924679700000098, 13.395416900000011 ] ] ] } },
{ "type": "Feature", "properties": { "zone_id": "D643", "is_urban": false, "ward_name": null, "center_lon": 74.9341797000001, "center_lat": 13.4224169, "area_sqkm": 4.2095591208013685, "population": 2628.0, "waste_kg_day": 788.4, "waste_tons_day": 0.788, "buildings": 614.0, "risk": "Medium" }, "geometry": { "type": "Polygon", "coordinates": [ [ [ 74.924679700000098, 13.413416900000012 ], [ 74.924679700000098, 13.431416900000013 ], [ 74.943679700000104, 13.431416900000013 ], [ 74.943679700000104, 13.413416900000012 ], [ 74.924679700000098, 13.413416900000012 ] ] ] } },
{ "type": "Feature", "properties": { "zone_id": "D644", "is_urban": false, "ward_name": null, "center_lon": 74.9341797000001, "center_lat": 13.4404169, "area_sqkm": 4.2095591208013685, "population": 1322.0, "waste_kg_day": 396.6, "waste_tons_day": 0.397, "buildings": 328.0, "risk": "Low" }, "geometry": { "type": "Polygon", "coordinates": [ [ [ 74.924679700000098, 13.431416900000013 ], [ 74.924679700000098, 13.449416900000013 ], [ 74.943679700000104, 13.449416900000013 ], [ 74.943679700000104, 13.431416900000013 ], [ 74.924679700000098, 13.431416900000013 ] ] ] } },
{ "type": "Feature", "properties": { "zone_id": "D645", "is_urban": false, "ward_name": null, "center_lon": 74.9341797000001, "center_lat": 13.4584169, "area_sqkm": 4.2095591208013685, "population": 1023.0, "waste_kg_day": 306.9, "waste_tons_day": 0.307, "buildings": 282.0, "risk": "Low" }, "geometry": { "type": "Polygon", "coordinates": [ [ [ 74.924679700000098, 13.449416900000013 ], [ 74.924679700000098, 13.467416900000014 ], [ 74.943679700000104, 13.467416900000014 ], [ 74.943679700000104, 13.449416900000013 ], [ 74.924679700000098, 13.449416900000013 ] ] ] } },
{ "type": "Feature", "properties": { "zone_id": "D646", "is_urban": false, "ward_name": null, "center_lon": 74.9341797000001, "center_lat": 13.4764169, "area_sqkm": 4.2095591208013685, "population": 3014.0, "waste_kg_day": 904.2, "waste_tons_day": 0.904, "buildings": 814.0, "risk": "Medium" }, "geometry": { "type": "Polygon", "coordinates": [ [ [ 74.924679700000098, 13.467416900000014 ], [ 74.924679700000098, 13.485416900000015 ], [ 74.943679700000104, 13.485416900000015 ], [ 74.943679700000104, 13.467416900000014 ], [ 74.924679700000098, 13.467416900000014 ] ] ] } },
{ "type": "Feature", "properties": { "zone_id": "D647", "is_urban": false, "ward_name": null, "center_lon": 74.9341797000001, "center_lat": 13.4944169, "area_sqkm": 4.2095591208013685, "population": 3947.0, "waste_kg_day": 1184.1, "waste_tons_day": 1.184, "buildings": 870.0, "risk": "Medium" }, "geometry": { "type": "Polygon", "coordinates": [ [ [ 74.924679700000098, 13.485416900000015 ], [ 74.924679700000098, 13.503416900000015 ], [ 74.943679700000104, 13.503416900000015 ], [ 74.943679700000104, 13.485416900000015 ], [ 74.924679700000098, 13.485416900000015 ] ] ] } },
{ "type": "Feature", "properties": { "zone_id": "D648", "is_urban": false, "ward_name": null, "center_lon": 74.9341797000001, "center_lat": 13.5124169, "area_sqkm": 4.2095591208013685, "population": 5223.0, "waste_kg_day": 1566.9, "waste_tons_day": 1.567, "buildings": 1374.0, "risk": "High" }, "geometry": { "type": "Polygon", "coordinates": [ [ [ 74.924679700000098, 13.503416900000015 ], [ 74.924679700000098, 13.521416900000016 ], [ 74.943679700000104, 13.521416900000016 ], [ 74.943679700000104, 13.503416900000015 ], [ 74.924679700000098, 13.503416900000015 ] ] ] } },
{ "type": "Feature", "properties": { "zone_id": "D649", "is_urban": false, "ward_name": null, "center_lon": 74.9341797000001, "center_lat": 13.5304169, "area_sqkm": 4.2095591208013685, "population": 1758.0, "waste_kg_day": 527.4, "waste_tons_day": 0.527, "buildings": 480.0, "risk": "Medium" }, "geometry": { "type": "Polygon", "coordinates": [ [ [ 74.924679700000098, 13.521416900000016 ], [ 74.924679700000098, 13.539416900000017 ], [ 74.943679700000104, 13.539416900000017 ], [ 74.943679700000104, 13.521416900000016 ], [ 74.924679700000098, 13.521416900000016 ] ] ] } },
{ "type": "Feature", "properties": { "zone_id": "D650", "is_urban": false, "ward_name": null, "center_lon": 74.9341797000001, "center_lat": 13.5484169, "area_sqkm": 4.2095591208013685, "population": 4324.0, "waste_kg_day": 1297.2, "waste_tons_day": 1.297, "buildings": 948.0, "risk": "Medium" }, "geometry": { "type": "Polygon", "coordinates": [ [ [ 74.924679700000098, 13.539416900000017 ], [ 74.924679700000098, 13.557416900000018 ], [ 74.943679700000104, 13.557416900000018 ], [ 74.943679700000104, 13.539416900000017 ], [ 74.924679700000098, 13.539416900000017 ] ] ] } },
{ "type": "Feature", "properties": { "zone_id": "D651", "is_urban": false, "ward_name": null, "center_lon": 74.9341797000001, "center_lat": 13.5664169, "area_sqkm": 4.2095591208013685, "population": 1014.0, "waste_kg_day": 304.2, "waste_tons_day": 0.304, "buildings": 206.0, "risk": "Low" }, "geometry": { "type": "Polygon", "coordinates": [ [ [ 74.924679700000098, 13.557416900000018 ], [ 74.924679700000098, 13.575416900000018 ], [ 74.943679700000104, 13.575416900000018 ], [ 74.943679700000104, 13.557416900000018 ], [ 74.924679700000098, 13.557416900000018 ] ] ] } },
{ "type": "Feature", "properties": { "zone_id": "D652", "is_urban": false, "ward_name": null, "center_lon": 74.9341797000001, "center_lat": 13.5844169, "area_sqkm": 4.2095591208013685, "population": 1126.0, "waste_kg_day": 337.8, "waste_tons_day": 0.338, "buildings": 261.0, "risk": "Low" }, "geometry": { "type": "Polygon", "coordinates": [ [ [ 74.924679700000098, 13.575416900000018 ], [ 74.924679700000098, 13.593416900000019 ], [ 74.943679700000104, 13.593416900000019 ], [ 74.943679700000104, 13.575416900000018 ], [ 74.924679700000098, 13.575416900000018 ] ] ] } },
{ "type": "Feature", "properties": { "zone_id": "D653", "is_urban": false, "ward_name": null, "center_lon": 74.9341797000001, "center_lat": 13.6024169, "area_sqkm": 4.2095591208013685, "population": 4722.0, "waste_kg_day": 1416.6, "waste_tons_day": 1.417, "buildings": 982.0, "risk": "Medium" }, "geometry": { "type": "Polygon", "coordinates": [ [ [ 74.924679700000098, 13.593416900000019 ], [ 74.924679700000098, 13.61141690000002 ], [ 74.943679700000104, 13.61141690000002 ], [ 74.943679700000104, 13.593416900000019 ], [ 74.924679700000098, 13.593416900000019 ] ] ] } },
{ "type": "Feature", "properties": { "zone_id": "D654", "is_urban": false, "ward_name": null, "center_lon": 74.9341797000001, "center_lat": 13.6204169, "area_sqkm": 4.2095591208013685, "population": 4749.0, "waste_kg_day": 1424.7, "waste_tons_day": 1.425, "buildings": 1009.0, "risk": "Medium" }, "geometry": { "type": "Polygon", "coordinates": [ [ [ 74.924679700000098, 13.61141690000002 ], [ 74.924679700000098, 13.62941690000002 ], [ 74.943679700000104, 13.62941690000002 ], [ 74.943679700000104, 13.61141690000002 ], [ 74.924679700000098, 13.61141690000002 ] ] ] } },
{ "type": "Feature", "properties": { "zone_id": "D655", "is_urban": false, "ward_name": null, "center_lon": 74.9341797000001, "center_lat": 13.6384169, "area_sqkm": 4.2095591208013685, "population": 2699.0, "waste_kg_day": 809.7, "waste_tons_day": 0.81, "buildings": 571.0, "risk": "Medium" }, "geometry": { "type": "Polygon", "coordinates": [ [ [ 74.924679700000098, 13.62941690000002 ], [ 74.924679700000098, 13.647416900000021 ], [ 74.943679700000104, 13.647416900000021 ], [ 74.943679700000104, 13.62941690000002 ], [ 74.924679700000098, 13.62941690000002 ] ] ] } },
{ "type": "Feature", "properties": { "zone_id": "D656", "is_urban": false, "ward_name": null, "center_lon": 74.9341797000001, "center_lat": 13.6564169, "area_sqkm": 4.2095591208013685, "population": 1280.0, "waste_kg_day": 384.0, "waste_tons_day": 0.384, "buildings": 264.0, "risk": "Low" }, "geometry": { "type": "Polygon", "coordinates": [ [ [ 74.924679700000098, 13.647416900000021 ], [ 74.924679700000098, 13.665416900000022 ], [ 74.943679700000104, 13.665416900000022 ], [ 74.943679700000104, 13.647416900000021 ], [ 74.924679700000098, 13.647416900000021 ] ] ] } },
{ "type": "Feature", "properties": { "zone_id": "D657", "is_urban": false, "ward_name": null, "center_lon": 74.9341797000001, "center_lat": 13.6744169, "area_sqkm": 4.2095591208013685, "population": 3838.0, "waste_kg_day": 1151.4, "waste_tons_day": 1.151, "buildings": 812.0, "risk": "Medium" }, "geometry": { "type": "Polygon", "coordinates": [ [ [ 74.924679700000098, 13.665416900000022 ], [ 74.924679700000098, 13.683416900000022 ], [ 74.943679700000104, 13.683416900000022 ], [ 74.943679700000104, 13.665416900000022 ], [ 74.924679700000098, 13.665416900000022 ] ] ] } },
{ "type": "Feature", "properties": { "zone_id": "D658", "is_urban": false, "ward_name": null, "center_lon": 74.9341797000001, "center_lat": 13.6924169, "area_sqkm": 4.2095591208013685, "population": 3317.0, "waste_kg_day": 995.1, "waste_tons_day": 0.995, "buildings": 742.0, "risk": "Medium" }, "geometry": { "type": "Polygon", "coordinates": [ [ [ 74.924679700000098, 13.683416900000022 ], [ 74.924679700000098, 13.701416900000023 ], [ 74.943679700000104, 13.701416900000023 ], [ 74.943679700000104, 13.683416900000022 ], [ 74.924679700000098, 13.683416900000022 ] ] ] } },
{ "type": "Feature", "properties": { "zone_id": "D659", "is_urban": false, "ward_name": null, "center_lon": 74.9341797000001, "center_lat": 13.7104169, "area_sqkm": 4.2095591208013685, "population": 3722.0, "waste_kg_day": 1116.6, "waste_tons_day": 1.117, "buildings": 809.0, "risk": "Medium" }, "geometry": { "type": "Polygon", "coordinates": [ [ [ 74.924679700000098, 13.701416900000023 ], [ 74.924679700000098, 13.719416900000024 ], [ 74.943679700000104, 13.719416900000024 ], [ 74.943679700000104, 13.701416900000023 ], [ 74.924679700000098, 13.701416900000023 ] ] ] } },
{ "type": "Feature", "properties": { "zone_id": "D660", "is_urban": false, "ward_name": null, "center_lon": 74.9341797000001, "center_lat": 13.7284169, "area_sqkm": 4.2095591208013685, "population": 1288.0, "waste_kg_day": 386.4, "waste_tons_day": 0.386, "buildings": 358.0, "risk": "Low" }, "geometry": { "type": "Polygon", "coordinates": [ [ [ 74.924679700000098, 13.719416900000024 ], [ 74.924679700000098, 13.737416900000024 ], [ 74.943679700000104, 13.737416900000024 ], [ 74.943679700000104, 13.719416900000024 ], [ 74.924679700000098, 13.719416900000024 ] ] ] } },
{ "type": "Feature", "properties": { "zone_id": "D661", "is_urban": false, "ward_name": null, "center_lon": 74.9341797000001, "center_lat": 13.7464169, "area_sqkm": 4.2095591208013685, "population": 2194.0, "waste_kg_day": 658.2, "waste_tons_day": 0.658, "buildings": 586.0, "risk": "Medium" }, "geometry": { "type": "Polygon", "coordinates": [ [ [ 74.924679700000098, 13.737416900000024 ], [ 74.924679700000098, 13.755416900000025 ], [ 74.943679700000104, 13.755416900000025 ], [ 74.943679700000104, 13.737416900000024 ], [ 74.924679700000098, 13.737416900000024 ] ] ] } },
{ "type": "Feature", "properties": { "zone_id": "D662", "is_urban": false, "ward_name": null, "center_lon": 74.93242541342866, "center_lat": 13.762570302181961, "area_sqkm": 2.9772867040925357, "population": 3969.0, "waste_kg_day": 1190.7, "waste_tons_day": 1.191, "buildings": 1036.0, "risk": "Medium" }, "geometry": { "type": "Polygon", "coordinates": [ [ [ 74.9293384, 13.7722603 ], [ 74.9293198, 13.7717632 ], [ 74.9290561, 13.7708729 ], [ 74.9284871, 13.7699195 ], [ 74.9281865, 13.7694721 ], [ 74.9279829, 13.7687988 ], [ 74.9282788, 13.7687445 ], [ 74.9288799, 13.7687941 ], [ 74.929555, 13.7690018 ], [ 74.9300961, 13.7694762 ], [ 74.9305399, 13.7694716 ], [ 74.9309561, 13.7696433 ], [ 74.9312799, 13.7700409 ], [ 74.9317516, 13.7705876 ], [ 74.9324962, 13.7713287 ], [ 74.9330048, 13.7715862 ], [ 74.9336198, 13.7717261 ], [ 74.9344845, 13.7718434 ], [ 74.9351318, 13.7717845 ], [ 74.9353167, 13.7717303 ], [ 74.9356171, 13.7712059 ], [ 74.9356726, 13.7709664 ], [ 74.935737, 13.7698818 ], [ 74.9355149, 13.7692265 ], [ 74.9352744, 13.7687204 ], [ 74.9353112, 13.7681464 ], [ 74.9360414, 13.7663792 ], [ 74.9373401, 13.7644582 ], [ 74.9377422, 13.7638887 ], [ 74.938431, 13.7634908 ], [ 74.9398457, 13.7630159 ], [ 74.9416256, 13.7623828 ], [ 74.9424161, 13.7618674 ], [ 74.9433082, 13.7609768 ], [ 74.943679700000104, 13.760408408183222 ], [ 74.943679700000104, 13.755416900000025 ], [ 74.924679700000098, 13.755416900000025 ], [ 74.924679700000098, 13.773416900000026 ], [ 74.929321764849064, 13.773416900000026 ], [ 74.9293384, 13.7722603 ] ] ] } },
{ "type": "Feature", "properties": { "zone_id": "D663", "is_urban": false, "ward_name": null, "center_lon": 74.928160646515195, "center_lat": 13.783069054816695, "area_sqkm": 1.4919978866911208, "population": 2191.0, "waste_kg_day": 657.3, "waste_tons_day": 0.657, "buildings": 547.0, "risk": "Medium" }, "geometry": { "type": "Polygon", "coordinates": [ [ [ 74.932348, 13.7906578 ], [ 74.9326854, 13.7902691 ], [ 74.9328471, 13.7896364 ], [ 74.9330319, 13.7889404 ], [ 74.9332722, 13.7882082 ], [ 74.9333969, 13.7876116 ], [ 74.9333968, 13.7870964 ], [ 74.9331331, 13.7865225 ], [ 74.9329111, 13.7861158 ], [ 74.9322821, 13.7856007 ], [ 74.9313063, 13.7849863 ], [ 74.9307605, 13.7844532 ], [ 74.9298864, 13.7835404 ], [ 74.9294424, 13.7827858 ], [ 74.9293591, 13.7825282 ], [ 74.9293821, 13.7822706 ], [ 74.9295624, 13.7820356 ], [ 74.9301912, 13.7817191 ], [ 74.9308015, 13.7814207 ], [ 74.9310835, 13.7811404 ], [ 74.9313469, 13.7806884 ], [ 74.9314901, 13.779893 ], [ 74.9315501, 13.7793281 ], [ 74.9314666, 13.7780988 ], [ 74.9313045, 13.7770865 ], [ 74.9310084, 13.7761737 ], [ 74.9306754, 13.7755998 ], [ 74.9300094, 13.7748452 ], [ 74.9296024, 13.7742804 ], [ 74.9293202, 13.7735257 ], [ 74.929321764849064, 13.773416900000026 ], [ 74.924679700000098, 13.773416900000026 ], [ 74.924679700000098, 13.791416900000026 ], [ 74.931761376813029, 13.791416900000026 ], [ 74.932348, 13.7906578 ] ] ] } },
{ "type": "Feature", "properties": { "zone_id": "D664", "is_urban": false, "ward_name": null, "center_lon": 74.926859565367209, "center_lat": 13.794588054503663, "area_sqkm": 0.27399198625211907, "population": 119.0, "waste_kg_day": 35.7, "waste_tons_day": 0.036, "buildings": 25.0, "risk": "Low" }, "geometry": { "type": "MultiPolygon", "coordinates": [ [ [ [ 74.924846, 13.8059346 ], [ 74.9253452, 13.8044477 ], [ 74.9254467, 13.8033495 ], [ 74.9251734, 13.8009769 ], [ 74.9247245, 13.7991783 ], [ 74.924679700000098, 13.799015392781971 ], [ 74.924679700000098, 13.806311589624148 ], [ 74.924846, 13.8059346 ] ] ], [ [ [ 74.9278727, 13.7946538 ], [ 74.9279882, 13.7944821 ], [ 74.9281454, 13.7942561 ], [ 74.928335, 13.7940256 ], [ 74.9286493, 13.7937589 ], [ 74.929329, 13.793361 ], [ 74.9298098, 13.7930355 ], [ 74.9303693, 13.7926829 ], [ 74.9307808, 13.7924297 ], [ 74.9309935, 13.7922625 ], [ 74.9314188, 13.7918602 ], [ 74.931761376813029, 13.791416900000026 ], [ 74.924679700000098, 13.791416900000026 ], [ 74.924679700000098, 13.796060488862505 ], [ 74.9278727, 13.7946538 ] ] ] ] } },
{ "type": "Feature", "properties": { "zone_id": "D665", "is_urban": false, "ward_name": null, "center_lon": 74.95361192251859, "center_lat": 13.123827664470079, "area_sqkm": 0.42570109414953755, "population": 449.0, "waste_kg_day": 134.7, "waste_tons_day": 0.135, "buildings": 105.0, "risk": "Low" }, "geometry": { "type": "Polygon", "coordinates": [ [ [ 74.9599295, 13.1248771 ], [ 74.9597714, 13.1228056 ], [ 74.9556118, 13.1234239 ], [ 74.9541277, 13.123248 ], [ 74.9544418, 13.1211764 ], [ 74.9533175, 13.1210444 ], [ 74.9504172, 13.1219268 ], [ 74.9483263, 13.122875 ], [ 74.9487539, 13.124065 ], [ 74.94740519976331, 13.1254169 ], [ 74.960113255187196, 13.1254169 ], [ 74.9599295, 13.1248771 ] ] ] } },
{ "type": "Feature", "properties": { "zone_id": "D666", "is_urban": false, "ward_name": null, "center_lon": 74.953316784103663, "center_lat": 13.1346535074866, "area_sqkm": 4.0849303884025918, "population": 3766.0, "waste_kg_day": 1129.8, "waste_tons_day": 1.13, "buildings": 822.0, "risk": "Medium" }, "geometry": { "type": "Polygon", "coordinates": [ [ [ 74.9610094, 13.1267721 ], [ 74.9604696, 13.1264637 ], [ 74.960113255187196, 13.1254169 ], [ 74.94740519976331, 13.1254169 ], [ 74.9467307, 13.126093 ], [ 74.943679700000104, 13.129668244294557 ], [ 74.943679700000104, 13.136278435553994 ], [ 74.9439901, 13.1363415 ], [ 74.943679700000104, 13.136558903272363 ], [ 74.943679700000104, 13.1434169 ], [ 74.962679700000109, 13.1434169 ], [ 74.962679700000109, 13.125860328363053 ], [ 74.9610094, 13.1267721 ] ] ] } },
{ "type": "Feature", "properties": { "zone_id": "D667", "is_urban": false, "ward_name": null, "center_lon": 74.9531797000001, "center_lat": 13.1524169, "area_sqkm": 4.2095591208013685, "population": 2092.0, "waste_kg_day": 627.6, "waste_tons_day": 0.628, "buildings": 418.0, "risk": "Medium" }, "geometry": { "type": "Polygon", "coordinates": [ [ [ 74.943679700000104, 13.1434169 ], [ 74.943679700000104, 13.1614169 ], [ 74.962679700000109, 13.1614169 ], [ 74.962679700000109, 13.1434169 ], [ 74.943679700000104, 13.1434169 ] ] ] } },
{ "type": "Feature", "properties": { "zone_id": "D668", "is_urban": false, "ward_name": null, "center_lon": 74.9531797000001, "center_lat": 13.1704169, "area_sqkm": 4.2095591208013685, "population": 6176.0, "waste_kg_day": 1852.8, "waste_tons_day": 1.853, "buildings": 1379.0, "risk": "High" }, "geometry": { "type": "Polygon", "coordinates": [ [ [ 74.943679700000104, 13.1614169 ], [ 74.943679700000104, 13.1794169 ], [ 74.962679700000109, 13.1794169 ], [ 74.962679700000109, 13.1614169 ], [ 74.943679700000104, 13.1614169 ] ] ] } },
{ "type": "Feature", "properties": { "zone_id": "D669", "is_urban": false, "ward_name": null, "center_lon": 74.9531797000001, "center_lat": 13.1884169, "area_sqkm": 4.2095591208013685, "population": 1933.0, "waste_kg_day": 579.9, "waste_tons_day": 0.58, "buildings": 427.0, "risk": "Medium" }, "geometry": { "type": "Polygon", "coordinates": [ [ [ 74.943679700000104, 13.1794169 ], [ 74.943679700000104, 13.1974169 ], [ 74.962679700000109, 13.1974169 ], [ 74.962679700000109, 13.1794169 ], [ 74.943679700000104, 13.1794169 ] ] ] } },
{ "type": "Feature", "properties": { "zone_id": "D670", "is_urban": false, "ward_name": null, "center_lon": 74.9531797000001, "center_lat": 13.2064169, "area_sqkm": 4.2095591208013685, "population": 1237.0, "waste_kg_day": 371.1, "waste_tons_day": 0.371, "buildings": 348.0, "risk": "Low" }, "geometry": { "type": "Polygon", "coordinates": [ [ [ 74.943679700000104, 13.1974169 ], [ 74.943679700000104, 13.2154169 ], [ 74.962679700000109, 13.2154169 ], [ 74.962679700000109, 13.1974169 ], [ 74.943679700000104, 13.1974169 ] ] ] } },
{ "type": "Feature", "properties": { "zone_id": "D671", "is_urban": false, "ward_name": null, "center_lon": 74.9531797000001, "center_lat": 13.2244169, "area_sqkm": 4.2095591208013685, "population": 2252.0, "waste_kg_day": 675.6, "waste_tons_day": 0.676, "buildings": 536.0, "risk": "Medium" }, "geometry": { "type": "Polygon", "coordinates": [ [ [ 74.943679700000104, 13.2154169 ], [ 74.943679700000104, 13.2334169 ], [ 74.962679700000109, 13.2334169 ], [ 74.962679700000109, 13.2154169 ], [ 74.943679700000104, 13.2154169 ] ] ] } },
{ "type": "Feature", "properties": { "zone_id": "D672", "is_urban": false, "ward_name": null, "center_lon": 74.9531797000001, "center_lat": 13.2424169, "area_sqkm": 4.2095591208013685, "population": 5593.0, "waste_kg_day": 1677.9, "waste_tons_day": 1.678, "buildings": 1218.0, "risk": "High" }, "geometry": { "type": "Polygon", "coordinates": [ [ [ 74.943679700000104, 13.2334169 ], [ 74.943679700000104, 13.2514169 ], [ 74.962679700000109, 13.2514169 ], [ 74.962679700000109, 13.2334169 ], [ 74.943679700000104, 13.2334169 ] ] ] } },
{ "type": "Feature", "properties": { "zone_id": "D673", "is_urban": false, "ward_name": null, "center_lon": 74.9531797000001, "center_lat": 13.2604169, "area_sqkm": 4.2095591208013685, "population": 4906.0, "waste_kg_day": 1471.8, "waste_tons_day": 1.472, "buildings": 1185.0, "risk": "Medium" }, "geometry": { "type": "Polygon", "coordinates": [ [ [ 74.943679700000104, 13.2514169 ], [ 74.943679700000104, 13.2694169 ], [ 74.962679700000109, 13.2694169 ], [ 74.962679700000109, 13.2514169 ], [ 74.943679700000104, 13.2514169 ] ] ] } },
{ "type": "Feature", "properties": { "zone_id": "D674", "is_urban": false, "ward_name": null, "center_lon": 74.9531797000001, "center_lat": 13.2784169, "area_sqkm": 4.2095591208013685, "population": 2735.0, "waste_kg_day": 820.5, "waste_tons_day": 0.821, "buildings": 674.0, "risk": "Medium" }, "geometry": { "type": "Polygon", "coordinates": [ [ [ 74.943679700000104, 13.2694169 ], [ 74.943679700000104, 13.2874169 ], [ 74.962679700000109, 13.2874169 ], [ 74.962679700000109, 13.2694169 ], [ 74.943679700000104, 13.2694169 ] ] ] } },
{ "type": "Feature", "properties": { "zone_id": "D675", "is_urban": false, "ward_name": null, "center_lon": 74.9531797000001, "center_lat": 13.2964169, "area_sqkm": 4.2095591208013685, "population": 6246.0, "waste_kg_day": 1873.8, "waste_tons_day": 1.874, "buildings": 1754.0, "risk": "High" }, "geometry": { "type": "Polygon", "coordinates": [ [ [ 74.943679700000104, 13.2874169 ], [ 74.943679700000104, 13.3054169 ], [ 74.962679700000109, 13.3054169 ], [ 74.962679700000109, 13.2874169 ], [ 74.943679700000104, 13.2874169 ] ] ] } },
{ "type": "Feature", "properties": { "zone_id": "D676", "is_urban": false, "ward_name": null, "center_lon": 74.9531797000001, "center_lat": 13.3144169, "area_sqkm": 4.2095591208013685, "population": 5586.0, "waste_kg_day": 1675.8, "waste_tons_day": 1.676, "buildings": 1278.0, "risk": "High" }, "geometry": { "type": "Polygon", "coordinates": [ [ [ 74.943679700000104, 13.3054169 ], [ 74.943679700000104, 13.3234169 ], [ 74.962679700000109, 13.3234169 ], [ 74.962679700000109, 13.3054169 ], [ 74.943679700000104, 13.3054169 ] ] ] } },
{ "type": "Feature", "properties": { "zone_id": "D677", "is_urban": false, "ward_name": null, "center_lon": 74.9531797000001, "center_lat": 13.3324169, "area_sqkm": 4.2095591208013685, "population": 3242.0, "waste_kg_day": 972.6, "waste_tons_day": 0.973, "buildings": 706.0, "risk": "Medium" }, "geometry": { "type": "Polygon", "coordinates": [ [ [ 74.943679700000104, 13.3234169 ], [ 74.943679700000104, 13.3414169 ], [ 74.962679700000109, 13.3414169 ], [ 74.962679700000109, 13.3234169 ], [ 74.943679700000104, 13.3234169 ] ] ] } },
{ "type": "Feature", "properties": { "zone_id": "D678", "is_urban": false, "ward_name": null, "center_lon": 74.9531797000001, "center_lat": 13.3504169, "area_sqkm": 4.2095591208013685, "population": 3505.0, "waste_kg_day": 1051.5, "waste_tons_day": 1.052, "buildings": 728.0, "risk": "Medium" }, "geometry": { "type": "Polygon", "coordinates": [ [ [ 74.943679700000104, 13.3414169 ], [ 74.943679700000104, 13.35941690000001 ], [ 74.962679700000109, 13.35941690000001 ], [ 74.962679700000109, 13.3414169 ], [ 74.943679700000104, 13.3414169 ] ] ] } },
{ "type": "Feature", "properties": { "zone_id": "D679", "is_urban": false, "ward_name": null, "center_lon": 74.9531797000001, "center_lat": 13.3684169, "area_sqkm": 4.2095591208013685, "population": 5770.0, "waste_kg_day": 1731.0, "waste_tons_day": 1.731, "buildings": 1396.0, "risk": "High" }, "geometry": { "type": "Polygon", "coordinates": [ [ [ 74.943679700000104, 13.35941690000001 ], [ 74.943679700000104, 13.377416900000011 ], [ 74.962679700000109, 13.377416900000011 ], [ 74.962679700000109, 13.35941690000001 ], [ 74.943679700000104, 13.35941690000001 ] ] ] } },
{ "type": "Feature", "properties": { "zone_id": "D680", "is_urban": false, "ward_name": null, "center_lon": 74.9531797000001, "center_lat": 13.3864169, "area_sqkm": 4.2095591208013685, "population": 2356.0, "waste_kg_day": 706.8, "waste_tons_day": 0.707, "buildings": 536.0, "risk": "Medium" }, "geometry": { "type": "Polygon", "coordinates": [ [ [ 74.943679700000104, 13.377416900000011 ], [ 74.943679700000104, 13.395416900000011 ], [ 74.962679700000109, 13.395416900000011 ], [ 74.962679700000109, 13.377416900000011 ], [ 74.943679700000104, 13.377416900000011 ] ] ] } },
{ "type": "Feature", "properties": { "zone_id": "D681", "is_urban": false, "ward_name": null, "center_lon": 74.9531797000001, "center_lat": 13.4044169, "area_sqkm": 4.2095591208013685, "population": 5834.0, "waste_kg_day": 1750.2, "waste_tons_day": 1.75, "buildings": 1528.0, "risk": "High" }, "geometry": { "type": "Polygon", "coordinates": [ [ [ 74.943679700000104, 13.395416900000011 ], [ 74.943679700000104, 13.413416900000012 ], [ 74.962679700000109, 13.413416900000012 ], [ 74.962679700000109, 13.395416900000011 ], [ 74.943679700000104, 13.395416900000011 ] ] ] } },
{ "type": "Feature", "properties": { "zone_id": "D682", "is_urban": false, "ward_name": null, "center_lon": 74.9531797000001, "center_lat": 13.4224169, "area_sqkm": 4.2095591208013685, "population": 4251.0, "waste_kg_day": 1275.3, "waste_tons_day": 1.275, "buildings": 955.0, "risk": "Medium" }, "geometry": { "type": "Polygon", "coordinates": [ [ [ 74.943679700000104, 13.413416900000012 ], [ 74.943679700000104, 13.431416900000013 ], [ 74.962679700000109, 13.431416900000013 ], [ 74.962679700000109, 13.413416900000012 ], [ 74.943679700000104, 13.413416900000012 ] ] ] } },
{ "type": "Feature", "properties": { "zone_id": "D683", "is_urban": false, "ward_name": null, "center_lon": 74.9531797000001, "center_lat": 13.4404169, "area_sqkm": 4.2095591208013685, "population": 4853.0, "waste_kg_day": 1455.9, "waste_tons_day": 1.456, "buildings": 1312.0, "risk": "Medium" }, "geometry": { "type": "Polygon", "coordinates": [ [ [ 74.943679700000104, 13.431416900000013 ], [ 74.943679700000104, 13.449416900000013 ], [ 74.962679700000109, 13.449416900000013 ], [ 74.962679700000109, 13.431416900000013 ], [ 74.943679700000104, 13.431416900000013 ] ] ] } },
{ "type": "Feature", "properties": { "zone_id": "D684", "is_urban": false, "ward_name": null, "center_lon": 74.9531797000001, "center_lat": 13.4584169, "area_sqkm": 4.2095591208013685, "population": 4759.0, "waste_kg_day": 1427.7, "waste_tons_day": 1.428, "buildings": 978.0, "risk": "Medium" }, "geometry": { "type": "Polygon", "coordinates": [ [ [ 74.943679700000104, 13.449416900000013 ], [ 74.943679700000104, 13.467416900000014 ], [ 74.962679700000109, 13.467416900000014 ], [ 74.962679700000109, 13.449416900000013 ], [ 74.943679700000104, 13.449416900000013 ] ] ] } },
{ "type": "Feature", "properties": { "zone_id": "D685", "is_urban": false, "ward_name": null, "center_lon": 74.9531797000001, "center_lat": 13.4764169, "area_sqkm": 4.2095591208013685, "population": 1825.0, "waste_kg_day": 547.5, "waste_tons_day": 0.547, "buildings": 473.0, "risk": "Medium" }, "geometry": { "type": "Polygon", "coordinates": [ [ [ 74.943679700000104, 13.467416900000014 ], [ 74.943679700000104, 13.485416900000015 ], [ 74.962679700000109, 13.485416900000015 ], [ 74.962679700000109, 13.467416900000014 ], [ 74.943679700000104, 13.467416900000014 ] ] ] } },
{ "type": "Feature", "properties": { "zone_id": "D686", "is_urban": false, "ward_name": null, "center_lon": 74.9531797000001, "center_lat": 13.4944169, "area_sqkm": 4.2095591208013685, "population": 6157.0, "waste_kg_day": 1847.1, "waste_tons_day": 1.847, "buildings": 1632.0, "risk": "High" }, "geometry": { "type": "Polygon", "coordinates": [ [ [ 74.943679700000104, 13.485416900000015 ], [ 74.943679700000104, 13.503416900000015 ], [ 74.962679700000109, 13.503416900000015 ], [ 74.962679700000109, 13.485416900000015 ], [ 74.943679700000104, 13.485416900000015 ] ] ] } },
{ "type": "Feature", "properties": { "zone_id": "D687", "is_urban": false, "ward_name": null, "center_lon": 74.9531797000001, "center_lat": 13.5124169, "area_sqkm": 4.2095591208013685, "population": 5517.0, "waste_kg_day": 1655.1, "waste_tons_day": 1.655, "buildings": 1301.0, "risk": "High" }, "geometry": { "type": "Polygon", "coordinates": [ [ [ 74.943679700000104, 13.503416900000015 ], [ 74.943679700000104, 13.521416900000016 ], [ 74.962679700000109, 13.521416900000016 ], [ 74.962679700000109, 13.503416900000015 ], [ 74.943679700000104, 13.503416900000015 ] ] ] } },
{ "type": "Feature", "properties": { "zone_id": "D688", "is_urban": false, "ward_name": null, "center_lon": 74.9531797000001, "center_lat": 13.5304169, "area_sqkm": 4.2095591208013685, "population": 2194.0, "waste_kg_day": 658.2, "waste_tons_day": 0.658, "buildings": 456.0, "risk": "Medium" }, "geometry": { "type": "Polygon", "coordinates": [ [ [ 74.943679700000104, 13.521416900000016 ], [ 74.943679700000104, 13.539416900000017 ], [ 74.962679700000109, 13.539416900000017 ], [ 74.962679700000109, 13.521416900000016 ], [ 74.943679700000104, 13.521416900000016 ] ] ] } },
{ "type": "Feature", "properties": { "zone_id": "D689", "is_urban": false, "ward_name": null, "center_lon": 74.9531797000001, "center_lat": 13.5484169, "area_sqkm": 4.2095591208013685, "population": 3278.0, "waste_kg_day": 983.4, "waste_tons_day": 0.983, "buildings": 767.0, "risk": "Medium" }, "geometry": { "type": "Polygon", "coordinates": [ [ [ 74.943679700000104, 13.539416900000017 ], [ 74.943679700000104, 13.557416900000018 ], [ 74.962679700000109, 13.557416900000018 ], [ 74.962679700000109, 13.539416900000017 ], [ 74.943679700000104, 13.539416900000017 ] ] ] } },
{ "type": "Feature", "properties": { "zone_id": "D690", "is_urban": false, "ward_name": null, "center_lon": 74.9531797000001, "center_lat": 13.5664169, "area_sqkm": 4.2095591208013685, "population": 2807.0, "waste_kg_day": 842.1, "waste_tons_day": 0.842, "buildings": 639.0, "risk": "Medium" }, "geometry": { "type": "Polygon", "coordinates": [ [ [ 74.943679700000104, 13.557416900000018 ], [ 74.943679700000104, 13.575416900000018 ], [ 74.962679700000109, 13.575416900000018 ], [ 74.962679700000109, 13.557416900000018 ], [ 74.943679700000104, 13.557416900000018 ] ] ] } },
{ "type": "Feature", "properties": { "zone_id": "D691", "is_urban": false, "ward_name": null, "center_lon": 74.9531797000001, "center_lat": 13.5844169, "area_sqkm": 4.2095591208013685, "population": 1736.0, "waste_kg_day": 520.8, "waste_tons_day": 0.521, "buildings": 424.0, "risk": "Medium" }, "geometry": { "type": "Polygon", "coordinates": [ [ [ 74.943679700000104, 13.575416900000018 ], [ 74.943679700000104, 13.593416900000019 ], [ 74.962679700000109, 13.593416900000019 ], [ 74.962679700000109, 13.575416900000018 ], [ 74.943679700000104, 13.575416900000018 ] ] ] } },
{ "type": "Feature", "properties": { "zone_id": "D692", "is_urban": false, "ward_name": null, "center_lon": 74.9531797000001, "center_lat": 13.6024169, "area_sqkm": 4.2095591208013685, "population": 6146.0, "waste_kg_day": 1843.8, "waste_tons_day": 1.844, "buildings": 1581.0, "risk": "High" }, "geometry": { "type": "Polygon", "coordinates": [ [ [ 74.943679700000104, 13.593416900000019 ], [ 74.943679700000104, 13.61141690000002 ], [ 74.962679700000109, 13.61141690000002 ], [ 74.962679700000109, 13.593416900000019 ], [ 74.943679700000104, 13.593416900000019 ] ] ] } },
{ "type": "Feature", "properties": { "zone_id": "D693", "is_urban": false, "ward_name": null, "center_lon": 74.9531797000001, "center_lat": 13.6204169, "area_sqkm": 4.2095591208013685, "population": 4435.0, "waste_kg_day": 1330.5, "waste_tons_day": 1.331, "buildings": 1112.0, "risk": "Medium" }, "geometry": { "type": "Polygon", "coordinates": [ [ [ 74.943679700000104, 13.61141690000002 ], [ 74.943679700000104, 13.62941690000002 ], [ 74.962679700000109, 13.62941690000002 ], [ 74.962679700000109, 13.61141690000002 ], [ 74.943679700000104, 13.61141690000002 ] ] ] } },
{ "type": "Feature", "properties": { "zone_id": "D694", "is_urban": false, "ward_name": null, "center_lon": 74.9531797000001, "center_lat": 13.6384169, "area_sqkm": 4.2095591208013685, "population": 5074.0, "waste_kg_day": 1522.2, "waste_tons_day": 1.522, "buildings": 1372.0, "risk": "High" }, "geometry": { "type": "Polygon", "coordinates": [ [ [ 74.943679700000104, 13.62941690000002 ], [ 74.943679700000104, 13.647416900000021 ], [ 74.962679700000109, 13.647416900000021 ], [ 74.962679700000109, 13.62941690000002 ], [ 74.943679700000104, 13.62941690000002 ] ] ] } },
{ "type": "Feature", "properties": { "zone_id": "D695", "is_urban": false, "ward_name": null, "center_lon": 74.9531797000001, "center_lat": 13.6564169, "area_sqkm": 4.2095591208013685, "population": 6149.0, "waste_kg_day": 1844.7, "waste_tons_day": 1.845, "buildings": 1470.0, "risk": "High" }, "geometry": { "type": "Polygon", "coordinates": [ [ [ 74.943679700000104, 13.647416900000021 ], [ 74.943679700000104, 13.665416900000022 ], [ 74.962679700000109, 13.665416900000022 ], [ 74.962679700000109, 13.647416900000021 ], [ 74.943679700000104, 13.647416900000021 ] ] ] } },
{ "type": "Feature", "properties": { "zone_id": "D696", "is_urban": false, "ward_name": null, "center_lon": 74.9531797000001, "center_lat": 13.6744169, "area_sqkm": 4.2095591208013685, "population": 2133.0, "waste_kg_day": 639.9, "waste_tons_day": 0.64, "buildings": 590.0, "risk": "Medium" }, "geometry": { "type": "Polygon", "coordinates": [ [ [ 74.943679700000104, 13.665416900000022 ], [ 74.943679700000104, 13.683416900000022 ], [ 74.962679700000109, 13.683416900000022 ], [ 74.962679700000109, 13.665416900000022 ], [ 74.943679700000104, 13.665416900000022 ] ] ] } },
{ "type": "Feature", "properties": { "zone_id": "D697", "is_urban": false, "ward_name": null, "center_lon": 74.9531797000001, "center_lat": 13.6924169, "area_sqkm": 4.2095591208013685, "population": 1770.0, "waste_kg_day": 531.0, "waste_tons_day": 0.531, "buildings": 413.0, "risk": "Medium" }, "geometry": { "type": "Polygon", "coordinates": [ [ [ 74.943679700000104, 13.683416900000022 ], [ 74.943679700000104, 13.701416900000023 ], [ 74.962679700000109, 13.701416900000023 ], [ 74.962679700000109, 13.683416900000022 ], [ 74.943679700000104, 13.683416900000022 ] ] ] } },
{ "type": "Feature", "properties": { "zone_id": "D698", "is_urban": false, "ward_name": null, "center_lon": 74.9531797000001, "center_lat": 13.7104169, "area_sqkm": 4.2095591208013685, "population": 2686.0, "waste_kg_day": 805.8, "waste_tons_day": 0.806, "buildings": 566.0, "risk": "Medium" }, "geometry": { "type": "Polygon", "coordinates": [ [ [ 74.943679700000104, 13.701416900000023 ], [ 74.943679700000104, 13.719416900000024 ], [ 74.962679700000109, 13.719416900000024 ], [ 74.962679700000109, 13.701416900000023 ], [ 74.943679700000104, 13.701416900000023 ] ] ] } },
{ "type": "Feature", "properties": { "zone_id": "D699", "is_urban": false, "ward_name": null, "center_lon": 74.9531797000001, "center_lat": 13.7284169, "area_sqkm": 4.2095591208013685, "population": 3199.0, "waste_kg_day": 959.7, "waste_tons_day": 0.96, "buildings": 825.0, "risk": "Medium" }, "geometry": { "type": "Polygon", "coordinates": [ [ [ 74.943679700000104, 13.719416900000024 ], [ 74.943679700000104, 13.737416900000024 ], [ 74.962679700000109, 13.737416900000024 ], [ 74.962679700000109, 13.719416900000024 ], [ 74.943679700000104, 13.719416900000024 ] ] ] } },
{ "type": "Feature", "properties": { "zone_id": "D700", "is_urban": false, "ward_name": null, "center_lon": 74.9531797000001, "center_lat": 13.7464169, "area_sqkm": 4.2095591208013685, "population": 4219.0, "waste_kg_day": 1265.7, "waste_tons_day": 1.266, "buildings": 925.0, "risk": "Medium" }, "geometry": { "type": "Polygon", "coordinates": [ [ [ 74.943679700000104, 13.737416900000024 ], [ 74.943679700000104, 13.755416900000025 ], [ 74.962679700000109, 13.755416900000025 ], [ 74.962679700000109, 13.737416900000024 ], [ 74.943679700000104, 13.737416900000024 ] ] ] } },
{ "type": "Feature", "properties": { "zone_id": "D701", "is_urban": false, "ward_name": null, "center_lon": 74.951183806256111, "center_lat": 13.756902036157124, "area_sqkm": 0.55670430562512752, "population": 232.0, "waste_kg_day": 69.6, "waste_tons_day": 0.07, "buildings": 61.0, "risk": "Low" }, "geometry": { "type": "Polygon", "coordinates": [ [ [ 74.943775, 13.7602626 ], [ 74.9441586, 13.7599462 ], [ 74.9445053, 13.7598241 ], [ 74.9452729, 13.7599233 ], [ 74.9461237, 13.7601626 ], [ 74.9464889, 13.7602032 ], [ 74.9467108, 13.7601037 ], [ 74.9472192, 13.7594302 ], [ 74.9479075, 13.7574912 ], [ 74.947986, 13.757098 ], [ 74.9480877, 13.7569172 ], [ 74.9483096, 13.756881 ], [ 74.9499926, 13.7570387 ], [ 74.9513195, 13.7569569 ], [ 74.954386, 13.7583026 ], [ 74.955997, 13.7578777 ], [ 74.9618503, 13.7563296 ], [ 74.962679700000109, 13.756094959236671 ], [ 74.962679700000109, 13.755416900000025 ], [ 74.943679700000104, 13.755416900000025 ], [ 74.943679700000104, 13.760408408183222 ], [ 74.943775, 13.7602626 ] ] ] } },
{ "type": "Feature", "properties": { "zone_id": "D702", "is_urban": false, "ward_name": null, "center_lon": 74.963603711285856, "center_lat": 13.1253982, "area_sqkm": 8.0195139725774259e-05, "population": 0.0, "waste_kg_day": 0.0, "waste_tons_day": 0.0, "buildings": 0.0, "risk": "Low" }, "geometry": { "type": "Polygon", "coordinates": [ [ [ 74.9635948, 13.1253608 ], [ 74.963492028838658, 13.1254169 ], [ 74.963724305018928, 13.1254169 ], [ 74.9635948, 13.1253608 ] ] ] } },
{ "type": "Feature", "properties": { "zone_id": "D703", "is_urban": false, "ward_name": null, "center_lon": 74.97032772578963, "center_lat": 13.136116622142811, "area_sqkm": 3.0178597072563025, "population": 3207.0, "waste_kg_day": 962.1, "waste_tons_day": 0.962, "buildings": 761.0, "risk": "Medium" }, "geometry": { "type": "Polygon", "coordinates": [ [ [ 74.9785523, 13.136595 ], [ 74.9762123, 13.133202 ], [ 74.9748617, 13.1293678 ], [ 74.9684749, 13.1274748 ], [ 74.963724305018928, 13.1254169 ], [ 74.963492028838658, 13.1254169 ], [ 74.962679700000109, 13.125860328363053 ], [ 74.962679700000109, 13.1434169 ], [ 74.981679700000115, 13.1434169 ], [ 74.981679700000115, 13.141385329748433 ], [ 74.9785523, 13.136595 ] ] ] } },
{ "type": "Feature", "properties": { "zone_id": "D704", "is_urban": false, "ward_name": null, "center_lon": 74.972179700000112, "center_lat": 13.1524169, "area_sqkm": 4.2095591208013685, "population": 5461.0, "waste_kg_day": 1638.3, "waste_tons_day": 1.638, "buildings": 1159.0, "risk": "High" }, "geometry": { "type": "Polygon", "coordinates": [ [ [ 74.962679700000109, 13.1434169 ], [ 74.962679700000109, 13.1614169 ], [ 74.981679700000115, 13.1614169 ], [ 74.981679700000115, 13.1434169 ], [ 74.962679700000109, 13.1434169 ] ] ] } },
{ "type": "Feature", "properties": { "zone_id": "D705", "is_urban": false, "ward_name": null, "center_lon": 74.972179700000112, "center_lat": 13.1704169, "area_sqkm": 4.2095591208013685, "population": 4045.0, "waste_kg_day": 1213.5, "waste_tons_day": 1.214, "buildings": 842.0, "risk": "Medium" }, "geometry": { "type": "Polygon", "coordinates": [ [ [ 74.962679700000109, 13.1614169 ], [ 74.962679700000109, 13.1794169 ], [ 74.981679700000115, 13.1794169 ], [ 74.981679700000115, 13.1614169 ], [ 74.962679700000109, 13.1614169 ] ] ] } },
{ "type": "Feature", "properties": { "zone_id": "D706", "is_urban": false, "ward_name": null, "center_lon": 74.972179700000112, "center_lat": 13.1884169, "area_sqkm": 4.2095591208013685, "population": 1968.0, "waste_kg_day": 590.4, "waste_tons_day": 0.59, "buildings": 536.0, "risk": "Medium" }, "geometry": { "type": "Polygon", "coordinates": [ [ [ 74.962679700000109, 13.1794169 ], [ 74.962679700000109, 13.1974169 ], [ 74.981679700000115, 13.1974169 ], [ 74.981679700000115, 13.1794169 ], [ 74.962679700000109, 13.1794169 ] ] ] } },
{ "type": "Feature", "properties": { "zone_id": "D707", "is_urban": false, "ward_name": null, "center_lon": 74.972179700000112, "center_lat": 13.2064169, "area_sqkm": 4.2095591208013685, "population": 2318.0, "waste_kg_day": 695.4, "waste_tons_day": 0.695, "buildings": 646.0, "risk": "Medium" }, "geometry": { "type": "Polygon", "coordinates": [ [ [ 74.962679700000109, 13.1974169 ], [ 74.962679700000109, 13.2154169 ], [ 74.981679700000115, 13.2154169 ], [ 74.981679700000115, 13.1974169 ], [ 74.962679700000109, 13.1974169 ] ] ] } },
{ "type": "Feature", "properties": { "zone_id": "D708", "is_urban": false, "ward_name": null, "center_lon": 74.972179700000112, "center_lat": 13.2244169, "area_sqkm": 4.2095591208013685, "population": 3748.0, "waste_kg_day": 1124.4, "waste_tons_day": 1.124, "buildings": 764.0, "risk": "Medium" }, "geometry": { "type": "Polygon", "coordinates": [ [ [ 74.962679700000109, 13.2154169 ], [ 74.962679700000109, 13.2334169 ], [ 74.981679700000115, 13.2334169 ], [ 74.981679700000115, 13.2154169 ], [ 74.962679700000109, 13.2154169 ] ] ] } },
{ "type": "Feature", "properties": { "zone_id": "D709", "is_urban": false, "ward_name": null, "center_lon": 74.972179700000112, "center_lat": 13.2424169, "area_sqkm": 4.2095591208013685, "population": 1057.0, "waste_kg_day": 317.1, "waste_tons_day": 0.317, "buildings": 286.0, "risk": "Low" }, "geometry": { "type": "Polygon", "coordinates": [ [ [ 74.962679700000109, 13.2334169 ], [ 74.962679700000109, 13.2514169 ], [ 74.981679700000115, 13.2514169 ], [ 74.981679700000115, 13.2334169 ], [ 74.962679700000109, 13.2334169 ] ] ] } },
{ "type": "Feature", "properties": { "zone_id": "D710", "is_urban": false, "ward_name": null, "center_lon": 74.972179700000112, "center_lat": 13.2604169, "area_sqkm": 4.2095591208013685, "population": 3316.0, "waste_kg_day": 994.8, "waste_tons_day": 0.995, "buildings": 676.0, "risk": "Medium" }, "geometry": { "type": "Polygon", "coordinates": [ [ [ 74.962679700000109, 13.2514169 ], [ 74.962679700000109, 13.2694169 ], [ 74.981679700000115, 13.2694169 ], [ 74.981679700000115, 13.2514169 ], [ 74.962679700000109, 13.2514169 ] ] ] } },
{ "type": "Feature", "properties": { "zone_id": "D711", "is_urban": false, "ward_name": null, "center_lon": 74.972179700000112, "center_lat": 13.2784169, "area_sqkm": 4.2095591208013685, "population": 2572.0, "waste_kg_day": 771.6, "waste_tons_day": 0.772, "buildings": 603.0, "risk": "Medium" }, "geometry": { "type": "Polygon", "coordinates": [ [ [ 74.962679700000109, 13.2694169 ], [ 74.962679700000109, 13.2874169 ], [ 74.981679700000115, 13.2874169 ], [ 74.981679700000115, 13.2694169 ], [ 74.962679700000109, 13.2694169 ] ] ] } },
{ "type": "Feature", "properties": { "zone_id": "D712", "is_urban": false, "ward_name": null, "center_lon": 74.972179700000112, "center_lat": 13.2964169, "area_sqkm": 4.2095591208013685, "population": 1069.0, "waste_kg_day": 320.7, "waste_tons_day": 0.321, "buildings": 287.0, "risk": "Low" }, "geometry": { "type": "Polygon", "coordinates": [ [ [ 74.962679700000109, 13.2874169 ], [ 74.962679700000109, 13.3054169 ], [ 74.981679700000115, 13.3054169 ], [ 74.981679700000115, 13.2874169 ], [ 74.962679700000109, 13.2874169 ] ] ] } },
{ "type": "Feature", "properties": { "zone_id": "D713", "is_urban": false, "ward_name": null, "center_lon": 74.972179700000112, "center_lat": 13.3144169, "area_sqkm": 4.2095591208013685, "population": 6241.0, "waste_kg_day": 1872.3, "waste_tons_day": 1.872, "buildings": 1261.0, "risk": "High" }, "geometry": { "type": "Polygon", "coordinates": [ [ [ 74.962679700000109, 13.3054169 ], [ 74.962679700000109, 13.3234169 ], [ 74.981679700000115, 13.3234169 ], [ 74.981679700000115, 13.3054169 ], [ 74.962679700000109, 13.3054169 ] ] ] } },
{ "type": "Feature", "properties": { "zone_id": "D714", "is_urban": false, "ward_name": null, "center_lon": 74.972179700000112, "center_lat": 13.3324169, "area_sqkm": 4.2095591208013685, "population": 868.0, "waste_kg_day": 260.4, "waste_tons_day": 0.26, "buildings": 176.0, "risk": "Low" }, "geometry": { "type": "Polygon", "coordinates": [ [ [ 74.962679700000109, 13.3234169 ], [ 74.962679700000109, 13.3414169 ], [ 74.981679700000115, 13.3414169 ], [ 74.981679700000115, 13.3234169 ], [ 74.962679700000109, 13.3234169 ] ] ] } },
{ "type": "Feature", "properties": { "zone_id": "D715", "is_urban": false, "ward_name": null, "center_lon": 74.972179700000112, "center_lat": 13.3504169, "area_sqkm": 4.2095591208013685, "population": 4339.0, "waste_kg_day": 1301.7, "waste_tons_day": 1.302, "buildings": 903.0, "risk": "Medium" }, "geometry": { "type": "Polygon", "coordinates": [ [ [ 74.962679700000109, 13.3414169 ], [ 74.962679700000109, 13.35941690000001 ], [ 74.981679700000115, 13.35941690000001 ], [ 74.981679700000115, 13.3414169 ], [ 74.962679700000109, 13.3414169 ] ] ] } },
{ "type": "Feature", "properties": { "zone_id": "D716", "is_urban": false, "ward_name": null, "center_lon": 74.972179700000112, "center_lat": 13.3684169, "area_sqkm": 4.2095591208013685, "population": 3330.0, "waste_kg_day": 999.0, "waste_tons_day": 0.999, "buildings": 779.0, "risk": "Medium" }, "geometry": { "type": "Polygon", "coordinates": [ [ [ 74.962679700000109, 13.35941690000001 ], [ 74.962679700000109, 13.377416900000011 ], [ 74.981679700000115, 13.377416900000011 ], [ 74.981679700000115, 13.35941690000001 ], [ 74.962679700000109, 13.35941690000001 ] ] ] } },
{ "type": "Feature", "properties": { "zone_id": "D717", "is_urban": false, "ward_name": null, "center_lon": 74.972179700000112, "center_lat": 13.3864169, "area_sqkm": 4.2095591208013685, "population": 3517.0, "waste_kg_day": 1055.1, "waste_tons_day": 1.055, "buildings": 781.0, "risk": "Medium" }, "geometry": { "type": "Polygon", "coordinates": [ [ [ 74.962679700000109, 13.377416900000011 ], [ 74.962679700000109, 13.395416900000011 ], [ 74.981679700000115, 13.395416900000011 ], [ 74.981679700000115, 13.377416900000011 ], [ 74.962679700000109, 13.377416900000011 ] ] ] } },
{ "type": "Feature", "properties": { "zone_id": "D718", "is_urban": false, "ward_name": null, "center_lon": 74.972179700000112, "center_lat": 13.4044169, "area_sqkm": 4.2095591208013685, "population": 1606.0, "waste_kg_day": 481.8, "waste_tons_day": 0.482, "buildings": 453.0, "risk": "Low" }, "geometry": { "type": "Polygon", "coordinates": [ [ [ 74.962679700000109, 13.395416900000011 ], [ 74.962679700000109, 13.413416900000012 ], [ 74.981679700000115, 13.413416900000012 ], [ 74.981679700000115, 13.395416900000011 ], [ 74.962679700000109, 13.395416900000011 ] ] ] } },
{ "type": "Feature", "properties": { "zone_id": "D719", "is_urban": false, "ward_name": null, "center_lon": 74.972179700000112, "center_lat": 13.4224169, "area_sqkm": 4.2095591208013685, "population": 2527.0, "waste_kg_day": 758.1, "waste_tons_day": 0.758, "buildings": 554.0, "risk": "Medium" }, "geometry": { "type": "Polygon", "coordinates": [ [ [ 74.962679700000109, 13.413416900000012 ], [ 74.962679700000109, 13.431416900000013 ], [ 74.981679700000115, 13.431416900000013 ], [ 74.981679700000115, 13.413416900000012 ], [ 74.962679700000109, 13.413416900000012 ] ] ] } },
{ "type": "Feature", "properties": { "zone_id": "D720", "is_urban": false, "ward_name": null, "center_lon": 74.972179700000112, "center_lat": 13.4404169, "area_sqkm": 4.2095591208013685, "population": 1946.0, "waste_kg_day": 583.8, "waste_tons_day": 0.584, "buildings": 431.0, "risk": "Medium" }, "geometry": { "type": "Polygon", "coordinates": [ [ [ 74.962679700000109, 13.431416900000013 ], [ 74.962679700000109, 13.449416900000013 ], [ 74.981679700000115, 13.449416900000013 ], [ 74.981679700000115, 13.431416900000013 ], [ 74.962679700000109, 13.431416900000013 ] ] ] } },
{ "type": "Feature", "properties": { "zone_id": "D721", "is_urban": false, "ward_name": null, "center_lon": 74.972179700000112, "center_lat": 13.4584169, "area_sqkm": 4.2095591208013685, "population": 6149.0, "waste_kg_day": 1844.7, "waste_tons_day": 1.845, "buildings": 1688.0, "risk": "High" }, "geometry": { "type": "Polygon", "coordinates": [ [ [ 74.962679700000109, 13.449416900000013 ], [ 74.962679700000109, 13.467416900000014 ], [ 74.981679700000115, 13.467416900000014 ], [ 74.981679700000115, 13.449416900000013 ], [ 74.962679700000109, 13.449416900000013 ] ] ] } },
{ "type": "Feature", "properties": { "zone_id": "D722", "is_urban": false, "ward_name": null, "center_lon": 74.972179700000112, "center_lat": 13.4764169, "area_sqkm": 4.2095591208013685, "population": 4522.0, "waste_kg_day": 1356.6, "waste_tons_day": 1.357, "buildings": 1085.0, "risk": "Medium" }, "geometry": { "type": "Polygon", "coordinates": [ [ [ 74.962679700000109, 13.467416900000014 ], [ 74.962679700000109, 13.485416900000015 ], [ 74.981679700000115, 13.485416900000015 ], [ 74.981679700000115, 13.467416900000014 ], [ 74.962679700000109, 13.467416900000014 ] ] ] } },
{ "type": "Feature", "properties": { "zone_id": "D723", "is_urban": false, "ward_name": null, "center_lon": 74.972179700000112, "center_lat": 13.4944169, "area_sqkm": 4.2095591208013685, "population": 5592.0, "waste_kg_day": 1677.6, "waste_tons_day": 1.678, "buildings": 1484.0, "risk": "High" }, "geometry": { "type": "Polygon", "coordinates": [ [ [ 74.962679700000109, 13.485416900000015 ], [ 74.962679700000109, 13.503416900000015 ], [ 74.981679700000115, 13.503416900000015 ], [ 74.981679700000115, 13.485416900000015 ], [ 74.962679700000109, 13.485416900000015 ] ] ] } },
{ "type": "Feature", "properties": { "zone_id": "D724", "is_urban": false, "ward_name": null, "center_lon": 74.972179700000112, "center_lat": 13.5124169, "area_sqkm": 4.2095591208013685, "population": 4632.0, "waste_kg_day": 1389.6, "waste_tons_day": 1.39, "buildings": 973.0, "risk": "Medium" }, "geometry": { "type": "Polygon", "coordinates": [ [ [ 74.962679700000109, 13.503416900000015 ], [ 74.962679700000109, 13.521416900000016 ], [ 74.981679700000115, 13.521416900000016 ], [ 74.981679700000115, 13.503416900000015 ], [ 74.962679700000109, 13.503416900000015 ] ] ] } },
{ "type": "Feature", "properties": { "zone_id": "D725", "is_urban": false, "ward_name": null, "center_lon": 74.972179700000112, "center_lat": 13.5304169, "area_sqkm": 4.2095591208013685, "population": 6011.0, "waste_kg_day": 1803.3, "waste_tons_day": 1.803, "buildings": 1328.0, "risk": "High" }, "geometry": { "type": "Polygon", "coordinates": [ [ [ 74.962679700000109, 13.521416900000016 ], [ 74.962679700000109, 13.539416900000017 ], [ 74.981679700000115, 13.539416900000017 ], [ 74.981679700000115, 13.521416900000016 ], [ 74.962679700000109, 13.521416900000016 ] ] ] } },
{ "type": "Feature", "properties": { "zone_id": "D726", "is_urban": false, "ward_name": null, "center_lon": 74.972179700000112, "center_lat": 13.5484169, "area_sqkm": 4.2095591208013685, "population": 3562.0, "waste_kg_day": 1068.6, "waste_tons_day": 1.069, "buildings": 804.0, "risk": "Medium" }, "geometry": { "type": "Polygon", "coordinates": [ [ [ 74.962679700000109, 13.539416900000017 ], [ 74.962679700000109, 13.557416900000018 ], [ 74.981679700000115, 13.557416900000018 ], [ 74.981679700000115, 13.539416900000017 ], [ 74.962679700000109, 13.539416900000017 ] ] ] } },
{ "type": "Feature", "properties": { "zone_id": "D727", "is_urban": false, "ward_name": null, "center_lon": 74.972179700000112, "center_lat": 13.5664169, "area_sqkm": 4.2095591208013685, "population": 5596.0, "waste_kg_day": 1678.8, "waste_tons_day": 1.679, "buildings": 1284.0, "risk": "High" }, "geometry": { "type": "Polygon", "coordinates": [ [ [ 74.962679700000109, 13.557416900000018 ], [ 74.962679700000109, 13.575416900000018 ], [ 74.981679700000115, 13.575416900000018 ], [ 74.981679700000115, 13.557416900000018 ], [ 74.962679700000109, 13.557416900000018 ] ] ] } },
{ "type": "Feature", "properties": { "zone_id": "D728", "is_urban": false, "ward_name": null, "center_lon": 74.972179700000112, "center_lat": 13.5844169, "area_sqkm": 4.2095591208013685, "population": 1008.0, "waste_kg_day": 302.4, "waste_tons_day": 0.302, "buildings": 205.0, "risk": "Low" }, "geometry": { "type": "Polygon", "coordinates": [ [ [ 74.962679700000109, 13.575416900000018 ], [ 74.962679700000109, 13.593416900000019 ], [ 74.981679700000115, 13.593416900000019 ], [ 74.981679700000115, 13.575416900000018 ], [ 74.962679700000109, 13.575416900000018 ] ] ] } },
{ "type": "Feature", "properties": { "zone_id": "D729", "is_urban": false, "ward_name": null, "center_lon": 74.972179700000112, "center_lat": 13.6024169, "area_sqkm": 4.2095591208013685, "population": 4615.0, "waste_kg_day": 1384.5, "waste_tons_day": 1.385, "buildings": 1022.0, "risk": "Medium" }, "geometry": { "type": "Polygon", "coordinates": [ [ [ 74.962679700000109, 13.593416900000019 ], [ 74.962679700000109, 13.61141690000002 ], [ 74.981679700000115, 13.61141690000002 ], [ 74.981679700000115, 13.593416900000019 ], [ 74.962679700000109, 13.593416900000019 ] ] ] } },
{ "type": "Feature", "properties": { "zone_id": "D730", "is_urban": false, "ward_name": null, "center_lon": 74.972179700000112, "center_lat": 13.6204169, "area_sqkm": 4.2095591208013685, "population": 2022.0, "waste_kg_day": 606.6, "waste_tons_day": 0.607, "buildings": 450.0, "risk": "Medium" }, "geometry": { "type": "Polygon", "coordinates": [ [ [ 74.962679700000109, 13.61141690000002 ], [ 74.962679700000109, 13.62941690000002 ], [ 74.981679700000115, 13.62941690000002 ], [ 74.981679700000115, 13.61141690000002 ], [ 74.962679700000109, 13.61141690000002 ] ] ] } },
{ "type": "Feature", "properties": { "zone_id": "D731", "is_urban": false, "ward_name": null, "center_lon": 74.972179700000112, "center_lat": 13.6384169, "area_sqkm": 4.2095591208013685, "population": 2997.0, "waste_kg_day": 899.1, "waste_tons_day": 0.899, "buildings": 669.0, "risk": "Medium" }, "geometry": { "type": "Polygon", "coordinates": [ [ [ 74.962679700000109, 13.62941690000002 ], [ 74.962679700000109, 13.647416900000021 ], [ 74.981679700000115, 13.647416900000021 ], [ 74.981679700000115, 13.62941690000002 ], [ 74.962679700000109, 13.62941690000002 ] ] ] } },
{ "type": "Feature", "properties": { "zone_id": "D732", "is_urban": false, "ward_name": null, "center_lon": 74.972179700000112, "center_lat": 13.6564169, "area_sqkm": 4.2095591208013685, "population": 1425.0, "waste_kg_day": 427.5, "waste_tons_day": 0.427, "buildings": 317.0, "risk": "Low" }, "geometry": { "type": "Polygon", "coordinates": [ [ [ 74.962679700000109, 13.647416900000021 ], [ 74.962679700000109, 13.665416900000022 ], [ 74.981679700000115, 13.665416900000022 ], [ 74.981679700000115, 13.647416900000021 ], [ 74.962679700000109, 13.647416900000021 ] ] ] } },
{ "type": "Feature", "properties": { "zone_id": "D733", "is_urban": false, "ward_name": null, "center_lon": 74.972179700000112, "center_lat": 13.6744169, "area_sqkm": 4.2095591208013685, "population": 6311.0, "waste_kg_day": 1893.3, "waste_tons_day": 1.893, "buildings": 1766.0, "risk": "High" }, "geometry": { "type": "Polygon", "coordinates": [ [ [ 74.962679700000109, 13.665416900000022 ], [ 74.962679700000109, 13.683416900000022 ], [ 74.981679700000115, 13.683416900000022 ], [ 74.981679700000115, 13.665416900000022 ], [ 74.962679700000109, 13.665416900000022 ] ] ] } },
{ "type": "Feature", "properties": { "zone_id": "D734", "is_urban": false, "ward_name": null, "center_lon": 74.972179700000112, "center_lat": 13.6924169, "area_sqkm": 4.2095591208013685, "population": 6189.0, "waste_kg_day": 1856.7, "waste_tons_day": 1.857, "buildings": 1505.0, "risk": "High" }, "geometry": { "type": "Polygon", "coordinates": [ [ [ 74.962679700000109, 13.683416900000022 ], [ 74.962679700000109, 13.701416900000023 ], [ 74.981679700000115, 13.701416900000023 ], [ 74.981679700000115, 13.683416900000022 ], [ 74.962679700000109, 13.683416900000022 ] ] ] } },
{ "type": "Feature", "properties": { "zone_id": "D735", "is_urban": false, "ward_name": null, "center_lon": 74.972179700000112, "center_lat": 13.7104169, "area_sqkm": 4.2095591208013685, "population": 5607.0, "waste_kg_day": 1682.1, "waste_tons_day": 1.682, "buildings": 1199.0, "risk": "High" }, "geometry": { "type": "Polygon", "coordinates": [ [ [ 74.962679700000109, 13.701416900000023 ], [ 74.962679700000109, 13.719416900000024 ], [ 74.981679700000115, 13.719416900000024 ], [ 74.981679700000115, 13.701416900000023 ], [ 74.962679700000109, 13.701416900000023 ] ] ] } },
{ "type": "Feature", "properties": { "zone_id": "D736", "is_urban": false, "ward_name": null, "center_lon": 74.972179700000112, "center_lat": 13.7284169, "area_sqkm": 4.2095591208013685, "population": 3944.0, "waste_kg_day": 1183.2, "waste_tons_day": 1.183, "buildings": 855.0, "risk": "Medium" }, "geometry": { "type": "Polygon", "coordinates": [ [ [ 74.962679700000109, 13.719416900000024 ], [ 74.962679700000109, 13.737416900000024 ], [ 74.981679700000115, 13.737416900000024 ], [ 74.981679700000115, 13.719416900000024 ], [ 74.962679700000109, 13.719416900000024 ] ] ] } },
{ "type": "Feature", "properties": { "zone_id": "D737", "is_urban": false, "ward_name": null, "center_lon": 74.971178400760351, "center_lat": 13.745114035453611, "area_sqkm": 3.4731959718736118, "population": 4661.0, "waste_kg_day": 1398.3, "waste_tons_day": 1.398, "buildings": 1135.0, "risk": "Medium" }, "geometry": { "type": "Polygon", "coordinates": [ [ [ 74.968993, 13.7543089 ], [ 74.9711145, 13.7527666 ], [ 74.9729166, 13.7528272 ], [ 74.9744562, 13.7528736 ], [ 74.9756497, 13.7516055 ], [ 74.9773874, 13.7497594 ], [ 74.9802703, 13.7467472 ], [ 74.981679700000115, 13.746597708943344 ], [ 74.981679700000115, 13.737416900000024 ], [ 74.962679700000109, 13.737416900000024 ], [ 74.962679700000109, 13.755416900000025 ], [ 74.965076480180045, 13.755416900000025 ], [ 74.968993, 13.7543089 ] ] ] } },
{ "type": "Feature", "properties": { "zone_id": "D738", "is_urban": false, "ward_name": null, "center_lon": 74.963478626726754, "center_lat": 13.755642919745572, "area_sqkm": 0.01000175823878487, "population": 6.0, "waste_kg_day": 1.8, "waste_tons_day": 0.002, "buildings": 1.0, "risk": "Low" }, "geometry": { "type": "Polygon", "coordinates": [ [ [ 74.965076480180045, 13.755416900000025 ], [ 74.962679700000109, 13.755416900000025 ], [ 74.962679700000109, 13.756094959236671 ], [ 74.965076480180045, 13.755416900000025 ] ] ] } },
{ "type": "Feature", "properties": { "zone_id": "D739", "is_urban": false, "ward_name": null, "center_lon": 74.982056285197061, "center_lat": 13.142737732932297, "area_sqkm": 0.014166507935201177, "population": 17.0, "waste_kg_day": 5.1, "waste_tons_day": 0.005, "buildings": 3.0, "risk": "Low" }, "geometry": { "type": "Polygon", "coordinates": [ [ [ 74.9817024, 13.1414201 ], [ 74.981679700000115, 13.141385329748433 ], [ 74.981679700000115, 13.1434169 ], [ 74.9828093881668, 13.1434169 ], [ 74.9817024, 13.1414201 ] ] ] } },
{ "type": "Feature", "properties": { "zone_id": "D740", "is_urban": false, "ward_name": null, "center_lon": 74.989242960175304, "center_lat": 13.155813437513123, "area_sqkm": 2.2311526095995107, "population": 2760.0, "waste_kg_day": 828.0, "waste_tons_day": 0.828, "buildings": 664.0, "risk": "Medium" }, "geometry": { "type": "Polygon", "coordinates": [ [ [ 74.9991901, 13.1536742 ], [ 74.9966405, 13.1553419 ], [ 74.9957807, 13.156129 ], [ 74.9942127, 13.1572823 ], [ 74.9915345, 13.1528318 ], [ 74.9900054, 13.1529647 ], [ 74.9887007, 13.1523041 ], [ 74.9854157, 13.1481182 ], [ 74.9828093881668, 13.1434169 ], [ 74.981679700000115, 13.1434169 ], [ 74.981679700000115, 13.1614169 ], [ 75.00067970000012, 13.1614169 ], [ 75.00067970000012, 13.153141411089576 ], [ 74.9991901, 13.1536742 ] ] ] } },
{ "type": "Feature", "properties": { "zone_id": "D741", "is_urban": false, "ward_name": null, "center_lon": 74.991179700000131, "center_lat": 13.1704169, "area_sqkm": 4.2095591208013685, "population": 5317.0, "waste_kg_day": 1595.1, "waste_tons_day": 1.595, "buildings": 1444.0, "risk": "High" }, "geometry": { "type": "Polygon", "coordinates": [ [ [ 74.981679700000115, 13.1614169 ], [ 74.981679700000115, 13.1794169 ], [ 75.00067970000012, 13.1794169 ], [ 75.00067970000012, 13.1614169 ], [ 74.981679700000115, 13.1614169 ] ] ] } },
{ "type": "Feature", "properties": { "zone_id": "D742", "is_urban": false, "ward_name": null, "center_lon": 74.991179700000131, "center_lat": 13.1884169, "area_sqkm": 4.2095591208013685, "population": 3821.0, "waste_kg_day": 1146.3, "waste_tons_day": 1.146, "buildings": 1089.0, "risk": "Medium" }, "geometry": { "type": "Polygon", "coordinates": [ [ [ 74.981679700000115, 13.1794169 ], [ 74.981679700000115, 13.1974169 ], [ 75.00067970000012, 13.1974169 ], [ 75.00067970000012, 13.1794169 ], [ 74.981679700000115, 13.1794169 ] ] ] } },
{ "type": "Feature", "properties": { "zone_id": "D743", "is_urban": false, "ward_name": null, "center_lon": 74.991179700000131, "center_lat": 13.2064169, "area_sqkm": 4.2095591208013685, "population": 2618.0, "waste_kg_day": 785.4, "waste_tons_day": 0.785, "buildings": 646.0, "risk": "Medium" }, "geometry": { "type": "Polygon", "coordinates": [ [ [ 74.981679700000115, 13.1974169 ], [ 74.981679700000115, 13.2154169 ], [ 75.00067970000012, 13.2154169 ], [ 75.00067970000012, 13.1974169 ], [ 74.981679700000115, 13.1974169 ] ] ] } },
{ "type": "Feature", "properties": { "zone_id": "D744", "is_urban": false, "ward_name": null, "center_lon": 74.991179700000131, "center_lat": 13.2244169, "area_sqkm": 4.2095591208013685, "population": 3009.0, "waste_kg_day": 902.7, "waste_tons_day": 0.903, "buildings": 662.0, "risk": "Medium" }, "geometry": { "type": "Polygon", "coordinates": [ [ [ 74.981679700000115, 13.2154169 ], [ 74.981679700000115, 13.2334169 ], [ 75.00067970000012, 13.2334169 ], [ 75.00067970000012, 13.2154169 ], [ 74.981679700000115, 13.2154169 ] ] ] } },
{ "type": "Feature", "properties": { "zone_id": "D745", "is_urban": false, "ward_name": null, "center_lon": 74.991179700000131, "center_lat": 13.2424169, "area_sqkm": 4.2095591208013685, "population": 2968.0, "waste_kg_day": 890.4, "waste_tons_day": 0.89, "buildings": 711.0, "risk": "Medium" }, "geometry": { "type": "Polygon", "coordinates": [ [ [ 74.981679700000115, 13.2334169 ], [ 74.981679700000115, 13.2514169 ], [ 75.00067970000012, 13.2514169 ], [ 75.00067970000012, 13.2334169 ], [ 74.981679700000115, 13.2334169 ] ] ] } },
{ "type": "Feature", "properties": { "zone_id": "D746", "is_urban": false, "ward_name": null, "center_lon": 74.991179700000131, "center_lat": 13.2604169, "area_sqkm": 4.2095591208013685, "population": 2141.0, "waste_kg_day": 642.3, "waste_tons_day": 0.642, "buildings": 527.0, "risk": "Medium" }, "geometry": { "type": "Polygon", "coordinates": [ [ [ 74.981679700000115, 13.2514169 ], [ 74.981679700000115, 13.2694169 ], [ 75.00067970000012, 13.2694169 ], [ 75.00067970000012, 13.2514169 ], [ 74.981679700000115, 13.2514169 ] ] ] } },
{ "type": "Feature", "properties": { "zone_id": "D747", "is_urban": false, "ward_name": null, "center_lon": 74.991179700000131, "center_lat": 13.2784169, "area_sqkm": 4.2095591208013685, "population": 2085.0, "waste_kg_day": 625.5, "waste_tons_day": 0.625, "buildings": 577.0, "risk": "Medium" }, "geometry": { "type": "Polygon", "coordinates": [ [ [ 74.981679700000115, 13.2694169 ], [ 74.981679700000115, 13.2874169 ], [ 75.00067970000012, 13.2874169 ], [ 75.00067970000012, 13.2694169 ], [ 74.981679700000115, 13.2694169 ] ] ] } },
{ "type": "Feature", "properties": { "zone_id": "D748", "is_urban": false, "ward_name": null, "center_lon": 74.991179700000131, "center_lat": 13.2964169, "area_sqkm": 4.2095591208013685, "population": 4144.0, "waste_kg_day": 1243.2, "waste_tons_day": 1.243, "buildings": 920.0, "risk": "Medium" }, "geometry": { "type": "Polygon", "coordinates": [ [ [ 74.981679700000115, 13.2874169 ], [ 74.981679700000115, 13.3054169 ], [ 75.00067970000012, 13.3054169 ], [ 75.00067970000012, 13.2874169 ], [ 74.981679700000115, 13.2874169 ] ] ] } },
{ "type": "Feature", "properties": { "zone_id": "D749", "is_urban": false, "ward_name": null, "center_lon": 74.991179700000131, "center_lat": 13.3144169, "area_sqkm": 4.2095591208013685, "population": 4232.0, "waste_kg_day": 1269.6, "waste_tons_day": 1.27, "buildings": 1008.0, "risk": "Medium" }, "geometry": { "type": "Polygon", "coordinates": [ [ [ 74.981679700000115, 13.3054169 ], [ 74.981679700000115, 13.3234169 ], [ 75.00067970000012, 13.3234169 ], [ 75.00067970000012, 13.3054169 ], [ 74.981679700000115, 13.3054169 ] ] ] } },
{ "type": "Feature", "properties": { "zone_id": "D750", "is_urban": false, "ward_name": null, "center_lon": 74.991179700000131, "center_lat": 13.3324169, "area_sqkm": 4.2095591208013685, "population": 2920.0, "waste_kg_day": 876.0, "waste_tons_day": 0.876, "buildings": 608.0, "risk": "Medium" }, "geometry": { "type": "Polygon", "coordinates": [ [ [ 74.981679700000115, 13.3234169 ], [ 74.981679700000115, 13.3414169 ], [ 75.00067970000012, 13.3414169 ], [ 75.00067970000012, 13.3234169 ], [ 74.981679700000115, 13.3234169 ] ] ] } },
{ "type": "Feature", "properties": { "zone_id": "D751", "is_urban": false, "ward_name": null, "center_lon": 74.991179700000131, "center_lat": 13.3504169, "area_sqkm": 4.2095591208013685, "population": 3682.0, "waste_kg_day": 1104.6, "waste_tons_day": 1.105, "buildings": 872.0, "risk": "Medium" }, "geometry": { "type": "Polygon", "coordinates": [ [ [ 74.981679700000115, 13.3414169 ], [ 74.981679700000115, 13.35941690000001 ], [ 75.00067970000012, 13.35941690000001 ], [ 75.00067970000012, 13.3414169 ], [ 74.981679700000115, 13.3414169 ] ] ] } },
{ "type": "Feature", "properties": { "zone_id": "D752", "is_urban": false, "ward_name": null, "center_lon": 74.991179700000131, "center_lat": 13.3684169, "area_sqkm": 4.2095591208013685, "population": 982.0, "waste_kg_day": 294.6, "waste_tons_day": 0.295, "buildings": 244.0, "risk": "Low" }, "geometry": { "type": "Polygon", "coordinates": [ [ [ 74.981679700000115, 13.35941690000001 ], [ 74.981679700000115, 13.377416900000011 ], [ 75.00067970000012, 13.377416900000011 ], [ 75.00067970000012, 13.35941690000001 ], [ 74.981679700000115, 13.35941690000001 ] ] ] } },
{ "type": "Feature", "properties": { "zone_id": "D753", "is_urban": false, "ward_name": null, "center_lon": 74.991179700000131, "center_lat": 13.3864169, "area_sqkm": 4.2095591208013685, "population": 2922.0, "waste_kg_day": 876.6, "waste_tons_day": 0.877, "buildings": 712.0, "risk": "Medium" }, "geometry": { "type": "Polygon", "coordinates": [ [ [ 74.981679700000115, 13.377416900000011 ], [ 74.981679700000115, 13.395416900000011 ], [ 75.00067970000012, 13.395416900000011 ], [ 75.00067970000012, 13.377416900000011 ], [ 74.981679700000115, 13.377416900000011 ] ] ] } },
{ "type": "Feature", "properties": { "zone_id": "D754", "is_urban": false, "ward_name": null, "center_lon": 74.991179700000131, "center_lat": 13.4044169, "area_sqkm": 4.2095591208013685, "population": 4016.0, "waste_kg_day": 1204.8, "waste_tons_day": 1.205, "buildings": 933.0, "risk": "Medium" }, "geometry": { "type": "Polygon", "coordinates": [ [ [ 74.981679700000115, 13.395416900000011 ], [ 74.981679700000115, 13.413416900000012 ], [ 75.00067970000012, 13.413416900000012 ], [ 75.00067970000012, 13.395416900000011 ], [ 74.981679700000115, 13.395416900000011 ] ] ] } },
{ "type": "Feature", "properties": { "zone_id": "D755", "is_urban": false, "ward_name": null, "center_lon": 74.991179700000131, "center_lat": 13.4224169, "area_sqkm": 4.2095591208013685, "population": 4168.0, "waste_kg_day": 1250.4, "waste_tons_day": 1.25, "buildings": 896.0, "risk": "Medium" }, "geometry": { "type": "Polygon", "coordinates": [ [ [ 74.981679700000115, 13.413416900000012 ], [ 74.981679700000115, 13.431416900000013 ], [ 75.00067970000012, 13.431416900000013 ], [ 75.00067970000012, 13.413416900000012 ], [ 74.981679700000115, 13.413416900000012 ] ] ] } },
{ "type": "Feature", "properties": { "zone_id": "D756", "is_urban": false, "ward_name": null, "center_lon": 74.991179700000131, "center_lat": 13.4404169, "area_sqkm": 4.2095591208013685, "population": 5290.0, "waste_kg_day": 1587.0, "waste_tons_day": 1.587, "buildings": 1155.0, "risk": "High" }, "geometry": { "type": "Polygon", "coordinates": [ [ [ 74.981679700000115, 13.431416900000013 ], [ 74.981679700000115, 13.449416900000013 ], [ 75.00067970000012, 13.449416900000013 ], [ 75.00067970000012, 13.431416900000013 ], [ 74.981679700000115, 13.431416900000013 ] ] ] } },
{ "type": "Feature", "properties": { "zone_id": "D757", "is_urban": false, "ward_name": null, "center_lon": 74.991179700000131, "center_lat": 13.4584169, "area_sqkm": 4.2095591208013685, "population": 6070.0, "waste_kg_day": 1821.0, "waste_tons_day": 1.821, "buildings": 1720.0, "risk": "High" }, "geometry": { "type": "Polygon", "coordinates": [ [ [ 74.981679700000115, 13.449416900000013 ], [ 74.981679700000115, 13.467416900000014 ], [ 75.00067970000012, 13.467416900000014 ], [ 75.00067970000012, 13.449416900000013 ], [ 74.981679700000115, 13.449416900000013 ] ] ] } },
{ "type": "Feature", "properties": { "zone_id": "D758", "is_urban": false, "ward_name": null, "center_lon": 74.991179700000131, "center_lat": 13.4764169, "area_sqkm": 4.2095591208013685, "population": 1913.0, "waste_kg_day": 573.9, "waste_tons_day": 0.574, "buildings": 544.0, "risk": "Medium" }, "geometry": { "type": "Polygon", "coordinates": [ [ [ 74.981679700000115, 13.467416900000014 ], [ 74.981679700000115, 13.485416900000015 ], [ 75.00067970000012, 13.485416900000015 ], [ 75.00067970000012, 13.467416900000014 ], [ 74.981679700000115, 13.467416900000014 ] ] ] } },
{ "type": "Feature", "properties": { "zone_id": "D759", "is_urban": false, "ward_name": null, "center_lon": 74.991179700000131, "center_lat": 13.4944169, "area_sqkm": 4.2095591208013685, "population": 4385.0, "waste_kg_day": 1315.5, "waste_tons_day": 1.315, "buildings": 904.0, "risk": "Medium" }, "geometry": { "type": "Polygon", "coordinates": [ [ [ 74.981679700000115, 13.485416900000015 ], [ 74.981679700000115, 13.503416900000015 ], [ 75.00067970000012, 13.503416900000015 ], [ 75.00067970000012, 13.485416900000015 ], [ 74.981679700000115, 13.485416900000015 ] ] ] } },
{ "type": "Feature", "properties": { "zone_id": "D760", "is_urban": false, "ward_name": null, "center_lon": 74.991179700000131, "center_lat": 13.5124169, "area_sqkm": 4.2095591208013685, "population": 2174.0, "waste_kg_day": 652.2, "waste_tons_day": 0.652, "buildings": 444.0, "risk": "Medium" }, "geometry": { "type": "Polygon", "coordinates": [ [ [ 74.981679700000115, 13.503416900000015 ], [ 74.981679700000115, 13.521416900000016 ], [ 75.00067970000012, 13.521416900000016 ], [ 75.00067970000012, 13.503416900000015 ], [ 74.981679700000115, 13.503416900000015 ] ] ] } },
{ "type": "Feature", "properties": { "zone_id": "D761", "is_urban": false, "ward_name": null, "center_lon": 74.991179700000131, "center_lat": 13.5304169, "area_sqkm": 4.2095591208013685, "population": 1171.0, "waste_kg_day": 351.3, "waste_tons_day": 0.351, "buildings": 238.0, "risk": "Low" }, "geometry": { "type": "Polygon", "coordinates": [ [ [ 74.981679700000115, 13.521416900000016 ], [ 74.981679700000115, 13.539416900000017 ], [ 75.00067970000012, 13.539416900000017 ], [ 75.00067970000012, 13.521416900000016 ], [ 74.981679700000115, 13.521416900000016 ] ] ] } },
{ "type": "Feature", "properties": { "zone_id": "D762", "is_urban": false, "ward_name": null, "center_lon": 74.991179700000131, "center_lat": 13.5484169, "area_sqkm": 4.2095591208013685, "population": 2766.0, "waste_kg_day": 829.8, "waste_tons_day": 0.83, "buildings": 757.0, "risk": "Medium" }, "geometry": { "type": "Polygon", "coordinates": [ [ [ 74.981679700000115, 13.539416900000017 ], [ 74.981679700000115, 13.557416900000018 ], [ 75.00067970000012, 13.557416900000018 ], [ 75.00067970000012, 13.539416900000017 ], [ 74.981679700000115, 13.539416900000017 ] ] ] } },
{ "type": "Feature", "properties": { "zone_id": "D763", "is_urban": false, "ward_name": null, "center_lon": 74.991179700000131, "center_lat": 13.5664169, "area_sqkm": 4.2095591208013685, "population": 3500.0, "waste_kg_day": 1050.0, "waste_tons_day": 1.05, "buildings": 900.0, "risk": "Medium" }, "geometry": { "type": "Polygon", "coordinates": [ [ [ 74.981679700000115, 13.557416900000018 ], [ 74.981679700000115, 13.575416900000018 ], [ 75.00067970000012, 13.575416900000018 ], [ 75.00067970000012, 13.557416900000018 ], [ 74.981679700000115, 13.557416900000018 ] ] ] } },
{ "type": "Feature", "properties": { "zone_id": "D764", "is_urban": false, "ward_name": null, "center_lon": 74.991179700000131, "center_lat": 13.5844169, "area_sqkm": 4.2095591208013685, "population": 2400.0, "waste_kg_day": 720.0, "waste_tons_day": 0.72, "buildings": 605.0, "risk": "Medium" }, "geometry": { "type": "Polygon", "coordinates": [ [ [ 74.981679700000115, 13.575416900000018 ], [ 74.981679700000115, 13.593416900000019 ], [ 75.00067970000012, 13.593416900000019 ], [ 75.00067970000012, 13.575416900000018 ], [ 74.981679700000115, 13.575416900000018 ] ] ] } },
{ "type": "Feature", "properties": { "zone_id": "D765", "is_urban": false, "ward_name": null, "center_lon": 74.991179700000131, "center_lat": 13.6024169, "area_sqkm": 4.2095591208013685, "population": 5236.0, "waste_kg_day": 1570.8, "waste_tons_day": 1.571, "buildings": 1215.0, "risk": "High" }, "geometry": { "type": "Polygon", "coordinates": [ [ [ 74.981679700000115, 13.593416900000019 ], [ 74.981679700000115, 13.61141690000002 ], [ 75.00067970000012, 13.61141690000002 ], [ 75.00067970000012, 13.593416900000019 ], [ 74.981679700000115, 13.593416900000019 ] ] ] } },
{ "type": "Feature", "properties": { "zone_id": "D766", "is_urban": false, "ward_name": null, "center_lon": 74.991179700000131, "center_lat": 13.6204169, "area_sqkm": 4.2095591208013685, "population": 2545.0, "waste_kg_day": 763.5, "waste_tons_day": 0.763, "buildings": 576.0, "risk": "Medium" }, "geometry": { "type": "Polygon", "coordinates": [ [ [ 74.981679700000115, 13.61141690000002 ], [ 74.981679700000115, 13.62941690000002 ], [ 75.00067970000012, 13.62941690000002 ], [ 75.00067970000012, 13.61141690000002 ], [ 74.981679700000115, 13.61141690000002 ] ] ] } },
{ "type": "Feature", "properties": { "zone_id": "D767", "is_urban": false, "ward_name": null, "center_lon": 74.991179700000131, "center_lat": 13.6384169, "area_sqkm": 4.2095591208013685, "population": 4760.0, "waste_kg_day": 1428.0, "waste_tons_day": 1.428, "buildings": 1217.0, "risk": "Medium" }, "geometry": { "type": "Polygon", "coordinates": [ [ [ 74.981679700000115, 13.62941690000002 ], [ 74.981679700000115, 13.647416900000021 ], [ 75.00067970000012, 13.647416900000021 ], [ 75.00067970000012, 13.62941690000002 ], [ 74.981679700000115, 13.62941690000002 ] ] ] } },
{ "type": "Feature", "properties": { "zone_id": "D768", "is_urban": false, "ward_name": null, "center_lon": 74.991179700000131, "center_lat": 13.6564169, "area_sqkm": 4.2095591208013685, "population": 3105.0, "waste_kg_day": 931.5, "waste_tons_day": 0.931, "buildings": 843.0, "risk": "Medium" }, "geometry": { "type": "Polygon", "coordinates": [ [ [ 74.981679700000115, 13.647416900000021 ], [ 74.981679700000115, 13.665416900000022 ], [ 75.00067970000012, 13.665416900000022 ], [ 75.00067970000012, 13.647416900000021 ], [ 74.981679700000115, 13.647416900000021 ] ] ] } },
{ "type": "Feature", "properties": { "zone_id": "D769", "is_urban": false, "ward_name": null, "center_lon": 74.991179700000131, "center_lat": 13.6744169, "area_sqkm": 4.2095591208013685, "population": 1833.0, "waste_kg_day": 549.9, "waste_tons_day": 0.55, "buildings": 405.0, "risk": "Medium" }, "geometry": { "type": "Polygon", "coordinates": [ [ [ 74.981679700000115, 13.665416900000022 ], [ 74.981679700000115, 13.683416900000022 ], [ 75.00067970000012, 13.683416900000022 ], [ 75.00067970000012, 13.665416900000022 ], [ 74.981679700000115, 13.665416900000022 ] ] ] } },
{ "type": "Feature", "properties": { "zone_id": "D770", "is_urban": false, "ward_name": null, "center_lon": 74.991179700000131, "center_lat": 13.6924169, "area_sqkm": 4.2095591208013685, "population": 1834.0, "waste_kg_day": 550.2, "waste_tons_day": 0.55, "buildings": 427.0, "risk": "Medium" }, "geometry": { "type": "Polygon", "coordinates": [ [ [ 74.981679700000115, 13.683416900000022 ], [ 74.981679700000115, 13.701416900000023 ], [ 75.00067970000012, 13.701416900000023 ], [ 75.00067970000012, 13.683416900000022 ], [ 74.981679700000115, 13.683416900000022 ] ] ] } },
{ "type": "Feature", "properties": { "zone_id": "D771", "is_urban": false, "ward_name": null, "center_lon": 74.989829988723812, "center_lat": 13.708364253305561, "area_sqkm": 3.0254180212202226, "population": 3393.0, "waste_kg_day": 1017.9, "waste_tons_day": 1.018, "buildings": 926.0, "risk": "Medium" }, "geometry": { "type": "Polygon", "coordinates": [ [ [ 74.9875086, 13.7193542 ], [ 74.9875965, 13.7189852 ], [ 74.9876567, 13.7187323 ], [ 74.9877752, 13.7164651 ], [ 74.9877267, 13.7151544 ], [ 74.9875276, 13.7142664 ], [ 74.9876668, 13.7136036 ], [ 74.9876937, 13.7134758 ], [ 74.9888612, 13.7133465 ], [ 74.9902174, 13.7128598 ], [ 74.9911024, 13.7126652 ], [ 74.9917104, 13.712621 ], [ 74.9924153, 13.7124759 ], [ 74.993047, 13.7122916 ], [ 74.9939736, 13.7121914 ], [ 74.9947998, 13.7120867 ], [ 74.9959793, 13.711593 ], [ 74.9969819, 13.7111865 ], [ 74.9974136, 13.7110014 ], [ 74.9985552, 13.710811 ], [ 74.998715, 13.710787 ], [ 74.9996696, 13.7106435 ], [ 74.9998911, 13.7107119 ], [ 75.0004889, 13.7108241 ], [ 75.0005123, 13.7114818 ], [ 75.00067970000012, 13.711529450917707 ], [ 75.00067970000012, 13.701416900000023 ], [ 74.981679700000115, 13.701416900000023 ], [ 74.981679700000115, 13.719416900000024 ], [ 74.987687636646029, 13.719416900000024 ], [ 74.9875086, 13.7193542 ] ] ] } },
{ "type": "Feature", "properties": { "zone_id": "D772", "is_urban": false, "ward_name": null, "center_lon": 74.987377281201049, "center_lat": 13.729043200540008, "area_sqkm": 2.4709427573556102, "population": 2316.0, "waste_kg_day": 694.8, "waste_tons_day": 0.695, "buildings": 596.0, "risk": "Medium" }, "geometry": { "type": "Polygon", "coordinates": [ [ [ 74.9936641, 13.7364653 ], [ 74.9937625, 13.7342806 ], [ 74.9937587, 13.7342593 ], [ 74.9936668, 13.7337531 ], [ 74.9942679, 13.732735 ], [ 74.9944143, 13.7324868 ], [ 74.9944055, 13.732251 ], [ 74.9943568, 13.7309505 ], [ 74.9942365, 13.7304748 ], [ 74.9936979, 13.7298899 ], [ 74.9940225, 13.727715 ], [ 74.9939532, 13.7273789 ], [ 74.9939485, 13.7273563 ], [ 74.9927674, 13.7267591 ], [ 74.9925757, 13.7266622 ], [ 74.9924148, 13.7265808 ], [ 74.9926152, 13.7256708 ], [ 74.9926198, 13.72565 ], [ 74.9925433, 13.7254242 ], [ 74.9924053, 13.725017 ], [ 74.99232, 13.7247653 ], [ 74.9922882, 13.7242108 ], [ 74.9924091, 13.7236186 ], [ 74.9925167, 13.7231711 ], [ 74.992643, 13.7226463 ], [ 74.9921359, 13.7224827 ], [ 74.990625, 13.7224267 ], [ 74.9902234, 13.7224924 ], [ 74.9900471, 13.7218382 ], [ 74.989737, 13.7210941 ], [ 74.9896355, 13.7208982 ], [ 74.9888007, 13.7195978 ], [ 74.9885395, 13.7196028 ], [ 74.9884248, 13.7196048 ], [ 74.9882671, 13.7196074 ], [ 74.9880143, 13.7195313 ], [ 74.987687636646029, 13.719416900000024 ], [ 74.981679700000115, 13.719416900000024 ], [ 74.981679700000115, 13.737416900000024 ], [ 74.994218259451458, 13.737416900000024 ], [ 74.9936641, 13.7364653 ] ] ] } },
{ "type": "Feature", "properties": { "zone_id": "D773", "is_urban": false, "ward_name": null, "center_lon": 74.988406324239747, "center_lat": 13.741635264249863, "area_sqkm": 1.4285583602110821, "population": 2073.0, "waste_kg_day": 621.9, "waste_tons_day": 0.622, "buildings": 490.0, "risk": "Medium" }, "geometry": { "type": "Polygon", "coordinates": [ [ [ 74.9869736, 13.7460362 ], [ 74.9877939, 13.7459498 ], [ 74.9904904, 13.7454653 ], [ 74.9954084, 13.7445814 ], [ 74.9960025, 13.7446297 ], [ 74.9962095, 13.7446465 ], [ 74.9962807, 13.7447466 ], [ 74.9958761, 13.7422196 ], [ 74.9962501, 13.7416284 ], [ 74.9957819, 13.7406456 ], [ 74.9957882, 13.7398816 ], [ 74.9957283, 13.7395489 ], [ 74.9956477, 13.7391017 ], [ 74.9956159, 13.7390707 ], [ 74.9946068, 13.7380841 ], [ 74.994218259451458, 13.737416900000024 ], [ 74.981679700000115, 13.737416900000024 ], [ 74.981679700000115, 13.746597708943344 ], [ 74.9869736, 13.7460362 ] ] ] } },
{ "type": "Feature", "properties": { "zone_id": "D774", "is_urban": false, "ward_name": null, "center_lon": 75.01556093849878, "center_lat": 13.138617674134071, "area_sqkm": 1.0123643413522756, "population": 1263.0, "waste_kg_day": 378.9, "waste_tons_day": 0.379, "buildings": 292.0, "risk": "Low" }, "geometry": { "type": "Polygon", "coordinates": [ [ [ 75.0176467, 13.1333721 ], [ 75.0151807, 13.1308265 ], [ 75.0133989, 13.1346944 ], [ 75.010952, 13.140641 ], [ 75.009195119571459, 13.1434169 ], [ 75.019679700000125, 13.1434169 ], [ 75.019679700000125, 13.134922454670457 ], [ 75.0176467, 13.1333721 ] ] ] } },
{ "type": "Feature", "properties": { "zone_id": "D775", "is_urban": false, "ward_name": null, "center_lon": 75.011287764466118, "center_lat": 13.153321178452771, "area_sqkm": 3.5957796572575349, "population": 922.0, "waste_kg_day": 276.6, "waste_tons_day": 0.277, "buildings": 207.0, "risk": "Low" }, "geometry": { "type": "Polygon", "coordinates": [ [ [ 75.0071859, 13.1465915 ], [ 75.0029125, 13.1523428 ], [ 75.00067970000012, 13.153141411089576 ], [ 75.00067970000012, 13.1614169 ], [ 75.019679700000125, 13.1614169 ], [ 75.019679700000125, 13.1434169 ], [ 75.009195119571459, 13.1434169 ], [ 75.0071859, 13.1465915 ] ] ] } },
{ "type": "Feature", "properties": { "zone_id": "D776", "is_urban": false, "ward_name": null, "center_lon": 75.010179700000123, "center_lat": 13.1704169, "area_sqkm": 4.2095591208013685, "population": 6048.0, "waste_kg_day": 1814.4, "waste_tons_day": 1.814, "buildings": 1373.0, "risk": "High" }, "geometry": { "type": "Polygon", "coordinates": [ [ [ 75.00067970000012, 13.1614169 ], [ 75.00067970000012, 13.1794169 ], [ 75.019679700000125, 13.1794169 ], [ 75.019679700000125, 13.1614169 ], [ 75.00067970000012, 13.1614169 ] ] ] } },
{ "type": "Feature", "properties": { "zone_id": "D777", "is_urban": false, "ward_name": null, "center_lon": 75.010179700000123, "center_lat": 13.1884169, "area_sqkm": 4.2095591208013685, "population": 5324.0, "waste_kg_day": 1597.2, "waste_tons_day": 1.597, "buildings": 1103.0, "risk": "High" }, "geometry": { "type": "Polygon", "coordinates": [ [ [ 75.00067970000012, 13.1794169 ], [ 75.00067970000012, 13.1974169 ], [ 75.019679700000125, 13.1974169 ], [ 75.019679700000125, 13.1794169 ], [ 75.00067970000012, 13.1794169 ] ] ] } },
{ "type": "Feature", "properties": { "zone_id": "D778", "is_urban": false, "ward_name": null, "center_lon": 75.010179700000123, "center_lat": 13.2064169, "area_sqkm": 4.2095591208013685, "population": 2090.0, "waste_kg_day": 627.0, "waste_tons_day": 0.627, "buildings": 547.0, "risk": "Medium" }, "geometry": { "type": "Polygon", "coordinates": [ [ [ 75.00067970000012, 13.1974169 ], [ 75.00067970000012, 13.2154169 ], [ 75.019679700000125, 13.2154169 ], [ 75.019679700000125, 13.1974169 ], [ 75.00067970000012, 13.1974169 ] ] ] } },
{ "type": "Feature", "properties": { "zone_id": "D779", "is_urban": false, "ward_name": null, "center_lon": 75.010179700000123, "center_lat": 13.2244169, "area_sqkm": 4.2095591208013685, "population": 4185.0, "waste_kg_day": 1255.5, "waste_tons_day": 1.256, "buildings": 1016.0, "risk": "Medium" }, "geometry": { "type": "Polygon", "coordinates": [ [ [ 75.00067970000012, 13.2154169 ], [ 75.00067970000012, 13.2334169 ], [ 75.019679700000125, 13.2334169 ], [ 75.019679700000125, 13.2154169 ], [ 75.00067970000012, 13.2154169 ] ] ] } },
{ "type": "Feature", "properties": { "zone_id": "D780", "is_urban": false, "ward_name": null, "center_lon": 75.010179700000123, "center_lat": 13.2424169, "area_sqkm": 4.2095591208013685, "population": 5437.0, "waste_kg_day": 1631.1, "waste_tons_day": 1.631, "buildings": 1121.0, "risk": "High" }, "geometry": { "type": "Polygon", "coordinates": [ [ [ 75.00067970000012, 13.2334169 ], [ 75.00067970000012, 13.2514169 ], [ 75.019679700000125, 13.2514169 ], [ 75.019679700000125, 13.2334169 ], [ 75.00067970000012, 13.2334169 ] ] ] } },
{ "type": "Feature", "properties": { "zone_id": "D781", "is_urban": false, "ward_name": null, "center_lon": 75.010179700000123, "center_lat": 13.2604169, "area_sqkm": 4.2095591208013685, "population": 2775.0, "waste_kg_day": 832.5, "waste_tons_day": 0.833, "buildings": 719.0, "risk": "Medium" }, "geometry": { "type": "Polygon", "coordinates": [ [ [ 75.00067970000012, 13.2514169 ], [ 75.00067970000012, 13.2694169 ], [ 75.019679700000125, 13.2694169 ], [ 75.019679700000125, 13.2514169 ], [ 75.00067970000012, 13.2514169 ] ] ] } },
{ "type": "Feature", "properties": { "zone_id": "D782", "is_urban": false, "ward_name": null, "center_lon": 75.010179700000123, "center_lat": 13.2784169, "area_sqkm": 4.2095591208013685, "population": 5113.0, "waste_kg_day": 1533.9, "waste_tons_day": 1.534, "buildings": 1306.0, "risk": "High" }, "geometry": { "type": "Polygon", "coordinates": [ [ [ 75.00067970000012, 13.2694169 ], [ 75.00067970000012, 13.2874169 ], [ 75.019679700000125, 13.2874169 ], [ 75.019679700000125, 13.2694169 ], [ 75.00067970000012, 13.2694169 ] ] ] } },
{ "type": "Feature", "properties": { "zone_id": "D783", "is_urban": false, "ward_name": null, "center_lon": 75.010179700000123, "center_lat": 13.2964169, "area_sqkm": 4.2095591208013685, "population": 5343.0, "waste_kg_day": 1602.9, "waste_tons_day": 1.603, "buildings": 1291.0, "risk": "High" }, "geometry": { "type": "Polygon", "coordinates": [ [ [ 75.00067970000012, 13.2874169 ], [ 75.00067970000012, 13.3054169 ], [ 75.019679700000125, 13.3054169 ], [ 75.019679700000125, 13.2874169 ], [ 75.00067970000012, 13.2874169 ] ] ] } },
{ "type": "Feature", "properties": { "zone_id": "D784", "is_urban": false, "ward_name": null, "center_lon": 75.010179700000123, "center_lat": 13.3144169, "area_sqkm": 4.2095591208013685, "population": 4495.0, "waste_kg_day": 1348.5, "waste_tons_day": 1.349, "buildings": 1233.0, "risk": "Medium" }, "geometry": { "type": "Polygon", "coordinates": [ [ [ 75.00067970000012, 13.3054169 ], [ 75.00067970000012, 13.3234169 ], [ 75.019679700000125, 13.3234169 ], [ 75.019679700000125, 13.3054169 ], [ 75.00067970000012, 13.3054169 ] ] ] } },
{ "type": "Feature", "properties": { "zone_id": "D785", "is_urban": false, "ward_name": null, "center_lon": 75.010179700000123, "center_lat": 13.3324169, "area_sqkm": 4.2095591208013685, "population": 4255.0, "waste_kg_day": 1276.5, "waste_tons_day": 1.276, "buildings": 1018.0, "risk": "Medium" }, "geometry": { "type": "Polygon", "coordinates": [ [ [ 75.00067970000012, 13.3234169 ], [ 75.00067970000012, 13.3414169 ], [ 75.019679700000125, 13.3414169 ], [ 75.019679700000125, 13.3234169 ], [ 75.00067970000012, 13.3234169 ] ] ] } },
{ "type": "Feature", "properties": { "zone_id": "D786", "is_urban": false, "ward_name": null, "center_lon": 75.010179700000123, "center_lat": 13.3504169, "area_sqkm": 4.2095591208013685, "population": 4052.0, "waste_kg_day": 1215.6, "waste_tons_day": 1.216, "buildings": 1079.0, "risk": "Medium" }, "geometry": { "type": "Polygon", "coordinates": [ [ [ 75.00067970000012, 13.3414169 ], [ 75.00067970000012, 13.35941690000001 ], [ 75.019679700000125, 13.35941690000001 ], [ 75.019679700000125, 13.3414169 ], [ 75.00067970000012, 13.3414169 ] ] ] } },
{ "type": "Feature", "properties": { "zone_id": "D787", "is_urban": false, "ward_name": null, "center_lon": 75.010179700000123, "center_lat": 13.3684169, "area_sqkm": 4.2095591208013685, "population": 4874.0, "waste_kg_day": 1462.2, "waste_tons_day": 1.462, "buildings": 1016.0, "risk": "Medium" }, "geometry": { "type": "Polygon", "coordinates": [ [ [ 75.00067970000012, 13.35941690000001 ], [ 75.00067970000012, 13.377416900000011 ], [ 75.019679700000125, 13.377416900000011 ], [ 75.019679700000125, 13.35941690000001 ], [ 75.00067970000012, 13.35941690000001 ] ] ] } },
{ "type": "Feature", "properties": { "zone_id": "D788", "is_urban": false, "ward_name": null, "center_lon": 75.010179700000123, "center_lat": 13.3864169, "area_sqkm": 4.2095591208013685, "population": 2028.0, "waste_kg_day": 608.4, "waste_tons_day": 0.608, "buildings": 556.0, "risk": "Medium" }, "geometry": { "type": "Polygon", "coordinates": [ [ [ 75.00067970000012, 13.377416900000011 ], [ 75.00067970000012, 13.395416900000011 ], [ 75.019679700000125, 13.395416900000011 ], [ 75.019679700000125, 13.377416900000011 ], [ 75.00067970000012, 13.377416900000011 ] ] ] } },
{ "type": "Feature", "properties": { "zone_id": "D789", "is_urban": false, "ward_name": null, "center_lon": 75.010179700000123, "center_lat": 13.4044169, "area_sqkm": 4.2095591208013685, "population": 971.0, "waste_kg_day": 291.3, "waste_tons_day": 0.291, "buildings": 217.0, "risk": "Low" }, "geometry": { "type": "Polygon", "coordinates": [ [ [ 75.00067970000012, 13.395416900000011 ], [ 75.00067970000012, 13.413416900000012 ], [ 75.019679700000125, 13.413416900000012 ], [ 75.019679700000125, 13.395416900000011 ], [ 75.00067970000012, 13.395416900000011 ] ] ] } },
{ "type": "Feature", "properties": { "zone_id": "D790", "is_urban": false, "ward_name": null, "center_lon": 75.010179700000123, "center_lat": 13.4224169, "area_sqkm": 4.2095591208013685, "population": 4164.0, "waste_kg_day": 1249.2, "waste_tons_day": 1.249, "buildings": 963.0, "risk": "Medium" }, "geometry": { "type": "Polygon", "coordinates": [ [ [ 75.00067970000012, 13.413416900000012 ], [ 75.00067970000012, 13.431416900000013 ], [ 75.019679700000125, 13.431416900000013 ], [ 75.019679700000125, 13.413416900000012 ], [ 75.00067970000012, 13.413416900000012 ] ] ] } },
{ "type": "Feature", "properties": { "zone_id": "D791", "is_urban": false, "ward_name": null, "center_lon": 75.010179700000123, "center_lat": 13.4404169, "area_sqkm": 4.2095591208013685, "population": 2111.0, "waste_kg_day": 633.3, "waste_tons_day": 0.633, "buildings": 516.0, "risk": "Medium" }, "geometry": { "type": "Polygon", "coordinates": [ [ [ 75.00067970000012, 13.431416900000013 ], [ 75.00067970000012, 13.449416900000013 ], [ 75.019679700000125, 13.449416900000013 ], [ 75.019679700000125, 13.431416900000013 ], [ 75.00067970000012, 13.431416900000013 ] ] ] } },
{ "type": "Feature", "properties": { "zone_id": "D792", "is_urban": false, "ward_name": null, "center_lon": 75.010179700000123, "center_lat": 13.4584169, "area_sqkm": 4.2095591208013685, "population": 4095.0, "waste_kg_day": 1228.5, "waste_tons_day": 1.228, "buildings": 964.0, "risk": "Medium" }, "geometry": { "type": "Polygon", "coordinates": [ [ [ 75.00067970000012, 13.449416900000013 ], [ 75.00067970000012, 13.467416900000014 ], [ 75.019679700000125, 13.467416900000014 ], [ 75.019679700000125, 13.449416900000013 ], [ 75.00067970000012, 13.449416900000013 ] ] ] } },
{ "type": "Feature", "properties": { "zone_id": "D793", "is_urban": false, "ward_name": null, "center_lon": 75.010179700000123, "center_lat": 13.4764169, "area_sqkm": 4.2095591208013685, "population": 6247.0, "waste_kg_day": 1874.1, "waste_tons_day": 1.874, "buildings": 1686.0, "risk": "High" }, "geometry": { "type": "Polygon", "coordinates": [ [ [ 75.00067970000012, 13.467416900000014 ], [ 75.00067970000012, 13.485416900000015 ], [ 75.019679700000125, 13.485416900000015 ], [ 75.019679700000125, 13.467416900000014 ], [ 75.00067970000012, 13.467416900000014 ] ] ] } },
{ "type": "Feature", "properties": { "zone_id": "D794", "is_urban": false, "ward_name": null, "center_lon": 75.010179700000123, "center_lat": 13.4944169, "area_sqkm": 4.2095591208013685, "population": 4646.0, "waste_kg_day": 1393.8, "waste_tons_day": 1.394, "buildings": 1131.0, "risk": "Medium" }, "geometry": { "type": "Polygon", "coordinates": [ [ [ 75.00067970000012, 13.485416900000015 ], [ 75.00067970000012, 13.503416900000015 ], [ 75.019679700000125, 13.503416900000015 ], [ 75.019679700000125, 13.485416900000015 ], [ 75.00067970000012, 13.485416900000015 ] ] ] } },
{ "type": "Feature", "properties": { "zone_id": "D795", "is_urban": false, "ward_name": null, "center_lon": 75.010179700000123, "center_lat": 13.5124169, "area_sqkm": 4.2095591208013685, "population": 3185.0, "waste_kg_day": 955.5, "waste_tons_day": 0.956, "buildings": 695.0, "risk": "Medium" }, "geometry": { "type": "Polygon", "coordinates": [ [ [ 75.00067970000012, 13.503416900000015 ], [ 75.00067970000012, 13.521416900000016 ], [ 75.019679700000125, 13.521416900000016 ], [ 75.019679700000125, 13.503416900000015 ], [ 75.00067970000012, 13.503416900000015 ] ] ] } },
{ "type": "Feature", "properties": { "zone_id": "D796", "is_urban": false, "ward_name": null, "center_lon": 75.010179700000123, "center_lat": 13.5304169, "area_sqkm": 4.2095591208013685, "population": 4631.0, "waste_kg_day": 1389.3, "waste_tons_day": 1.389, "buildings": 928.0, "risk": "Medium" }, "geometry": { "type": "Polygon", "coordinates": [ [ [ 75.00067970000012, 13.521416900000016 ], [ 75.00067970000012, 13.539416900000017 ], [ 75.019679700000125, 13.539416900000017 ], [ 75.019679700000125, 13.521416900000016 ], [ 75.00067970000012, 13.521416900000016 ] ] ] } },
{ "type": "Feature", "properties": { "zone_id": "D797", "is_urban": false, "ward_name": null, "center_lon": 75.010179700000123, "center_lat": 13.5484169, "area_sqkm": 4.2095591208013685, "population": 1544.0, "waste_kg_day": 463.2, "waste_tons_day": 0.463, "buildings": 422.0, "risk": "Low" }, "geometry": { "type": "Polygon", "coordinates": [ [ [ 75.00067970000012, 13.539416900000017 ], [ 75.00067970000012, 13.557416900000018 ], [ 75.019679700000125, 13.557416900000018 ], [ 75.019679700000125, 13.539416900000017 ], [ 75.00067970000012, 13.539416900000017 ] ] ] } },
{ "type": "Feature", "properties": { "zone_id": "D798", "is_urban": false, "ward_name": null, "center_lon": 75.010179700000123, "center_lat": 13.5664169, "area_sqkm": 4.2095591208013685, "population": 4805.0, "waste_kg_day": 1441.5, "waste_tons_day": 1.442, "buildings": 1100.0, "risk": "Medium" }, "geometry": { "type": "Polygon", "coordinates": [ [ [ 75.00067970000012, 13.557416900000018 ], [ 75.00067970000012, 13.575416900000018 ], [ 75.019679700000125, 13.575416900000018 ], [ 75.019679700000125, 13.557416900000018 ], [ 75.00067970000012, 13.557416900000018 ] ] ] } },
{ "type": "Feature", "properties": { "zone_id": "D799", "is_urban": false, "ward_name": null, "center_lon": 75.010179700000123, "center_lat": 13.5844169, "area_sqkm": 4.2095591208013685, "population": 2342.0, "waste_kg_day": 702.6, "waste_tons_day": 0.703, "buildings": 647.0, "risk": "Medium" }, "geometry": { "type": "Polygon", "coordinates": [ [ [ 75.00067970000012, 13.575416900000018 ], [ 75.00067970000012, 13.593416900000019 ], [ 75.019679700000125, 13.593416900000019 ], [ 75.019679700000125, 13.575416900000018 ], [ 75.00067970000012, 13.575416900000018 ] ] ] } },
{ "type": "Feature", "properties": { "zone_id": "D800", "is_urban": false, "ward_name": null, "center_lon": 75.010179700000123, "center_lat": 13.6024169, "area_sqkm": 4.2095591208013685, "population": 1310.0, "waste_kg_day": 393.0, "waste_tons_day": 0.393, "buildings": 270.0, "risk": "Low" }, "geometry": { "type": "Polygon", "coordinates": [ [ [ 75.00067970000012, 13.593416900000019 ], [ 75.00067970000012, 13.61141690000002 ], [ 75.019679700000125, 13.61141690000002 ], [ 75.019679700000125, 13.593416900000019 ], [ 75.00067970000012, 13.593416900000019 ] ] ] } },
{ "type": "Feature", "properties": { "zone_id": "D801", "is_urban": false, "ward_name": null, "center_lon": 75.010142589310632, "center_lat": 13.620380018135524, "area_sqkm": 4.1915894994791456, "population": 1883.0, "waste_kg_day": 564.9, "waste_tons_day": 0.565, "buildings": 472.0, "risk": "Medium" }, "geometry": { "type": "Polygon", "coordinates": [ [ [ 75.0185375, 13.6285613 ], [ 75.0195539, 13.6284989 ], [ 75.019679700000125, 13.628491136809808 ], [ 75.019679700000125, 13.61141690000002 ], [ 75.00067970000012, 13.61141690000002 ], [ 75.00067970000012, 13.62941690000002 ], [ 75.017502900600576, 13.62941690000002 ], [ 75.0185375, 13.6285613 ] ] ] } },
{ "type": "Feature", "properties": { "zone_id": "D802", "is_urban": false, "ward_name": null, "center_lon": 75.006726436665403, "center_lat": 13.637689192793868, "area_sqkm": 2.5928191991911511, "population": 1282.0, "waste_kg_day": 384.6, "waste_tons_day": 0.385, "buildings": 317.0, "risk": "Low" }, "geometry": { "type": "Polygon", "coordinates": [ [ [ 75.0085763, 13.6464547 ], [ 75.0087407, 13.6453498 ], [ 75.012885, 13.6428131 ], [ 75.0137762, 13.6422698 ], [ 75.0136519, 13.6418775 ], [ 75.0133367, 13.6408826 ], [ 75.0131377, 13.6402546 ], [ 75.0128617, 13.6394843 ], [ 75.0127305, 13.6391314 ], [ 75.0126668, 13.6389598 ], [ 75.0126228, 13.6388415 ], [ 75.0120531, 13.6371485 ], [ 75.0120272, 13.6370712 ], [ 75.0119964, 13.6369797 ], [ 75.0117947, 13.6364071 ], [ 75.0117438, 13.6362626 ], [ 75.0116368, 13.6359587 ], [ 75.011651, 13.6359606 ], [ 75.0113026, 13.6349754 ], [ 75.0112047, 13.6346987 ], [ 75.014056, 13.6322839 ], [ 75.0141573, 13.6322053 ], [ 75.0143306, 13.632071 ], [ 75.0167522, 13.6300377 ], [ 75.0172554, 13.6296216 ], [ 75.0173295, 13.6295603 ], [ 75.017502900600576, 13.62941690000002 ], [ 75.00067970000012, 13.62941690000002 ], [ 75.00067970000012, 13.647416900000021 ], [ 75.008442268735692, 13.647416900000021 ], [ 75.0085763, 13.6464547 ] ] ] } },
{ "type": "Feature", "properties": { "zone_id": "D803", "is_urban": false, "ward_name": null, "center_lon": 75.005617268837, "center_lat": 13.65729380738232, "area_sqkm": 1.9648109492750874, "population": 570.0, "waste_kg_day": 171.0, "waste_tons_day": 0.171, "buildings": 133.0, "risk": "Low" }, "geometry": { "type": "MultiPolygon", "coordinates": [ [ [ [ 75.0193632, 13.6631456 ], [ 75.0188319, 13.6631303 ], [ 75.0188057, 13.6635183 ], [ 75.0184302, 13.6636621 ], [ 75.0177817, 13.6635514 ], [ 75.0159872, 13.6640811 ], [ 75.0154557, 13.6644708 ], [ 75.013871560362233, 13.665416900000022 ], [ 75.019679700000125, 13.665416900000022 ], [ 75.019679700000125, 13.663335144121316 ], [ 75.0193632, 13.6631456 ] ] ], [ [ [ 75.0098701, 13.6625611 ], [ 75.0098394, 13.6624663 ], [ 75.0095799, 13.6623415 ], [ 75.0086322, 13.6613763 ], [ 75.0081318, 13.6605666 ], [ 75.0081073, 13.6602616 ], [ 75.0080812, 13.6599356 ], [ 75.0082853, 13.6596336 ], [ 75.0084335, 13.6591706 ], [ 75.0082751, 13.6584366 ], [ 75.0085091, 13.6581536 ], [ 75.0094239, 13.6576171 ], [ 75.0095546, 13.6572954 ], [ 75.0100086, 13.6572596 ], [ 75.0106978, 13.6554928 ], [ 75.0106224, 13.6550272 ], [ 75.0105774, 13.6549969 ], [ 75.0095294, 13.654292 ], [ 75.008973, 13.6543663 ], [ 75.0085289, 13.6542716 ], [ 75.008125, 13.653727 ], [ 75.0076694, 13.653477 ], [ 75.0077038, 13.653187 ], [ 75.0080772, 13.6500377 ], [ 75.008442268735692, 13.647416900000021 ], [ 75.00067970000012, 13.647416900000021 ], [ 75.00067970000012, 13.665416900000022 ], [ 75.012457566464917, 13.665416900000022 ], [ 75.0098701, 13.6625611 ] ] ] ] } },
{ "type": "Feature", "properties": { "zone_id": "D804", "is_urban": false, "ward_name": null, "center_lon": 75.009123139695461, "center_lat": 13.673005765510151, "area_sqkm": 3.3689042019860751, "population": 969.0, "waste_kg_day": 290.7, "waste_tons_day": 0.291, "buildings": 206.0, "risk": "Low" }, "geometry": { "type": "Polygon", "coordinates": [ [ [ 75.0089348, 13.6832536 ], [ 75.008921, 13.682976 ], [ 75.0093559, 13.6828482 ], [ 75.0094367, 13.6828245 ], [ 75.0093217, 13.6818326 ], [ 75.0091006, 13.6812645 ], [ 75.0089999, 13.680723 ], [ 75.0087889, 13.6799689 ], [ 75.0087374, 13.6797486 ], [ 75.0086342, 13.6793073 ], [ 75.0085862, 13.679102 ], [ 75.0087634, 13.6787168 ], [ 75.0087673, 13.6787082 ], [ 75.0088263, 13.6785801 ], [ 75.0087819, 13.6783441 ], [ 75.0089432, 13.6782961 ], [ 75.0093471, 13.6773909 ], [ 75.0093982, 13.6770157 ], [ 75.0094247, 13.6768699 ], [ 75.0103768, 13.6770872 ], [ 75.0109759, 13.6769257 ], [ 75.0114728, 13.6768781 ], [ 75.0116025, 13.6767889 ], [ 75.0120606, 13.676474 ], [ 75.0126474, 13.6771218 ], [ 75.0128859, 13.677378 ], [ 75.0136131, 13.6777385 ], [ 75.0141513, 13.6777704 ], [ 75.0144515, 13.6776411 ], [ 75.014786, 13.6776023 ], [ 75.0151479, 13.6776014 ], [ 75.0156885, 13.6778921 ], [ 75.0161304, 13.6778298 ], [ 75.0165745, 13.6772794 ], [ 75.0167702, 13.6770056 ], [ 75.0175455, 13.6767677 ], [ 75.0179372, 13.6764607 ], [ 75.018415, 13.6764183 ], [ 75.0185983, 13.676402 ], [ 75.0187869, 13.6763084 ], [ 75.0192812, 13.6760631 ], [ 75.019679700000125, 13.675769279062678 ], [ 75.019679700000125, 13.665416900000022 ], [ 75.013871560362233, 13.665416900000022 ], [ 75.0134682, 13.6656578 ], [ 75.0124156, 13.6664631 ], [ 75.0125378, 13.6658509 ], [ 75.0125943, 13.6655678 ], [ 75.0124746, 13.6654357 ], [ 75.012457566464917, 13.665416900000022 ], [ 75.00067970000012, 13.665416900000022 ], [ 75.00067970000012, 13.683416900000022 ], [ 75.008942965, 13.683416900000022 ], [ 75.0089348, 13.6832536 ] ] ] } },
{ "type": "Feature", "properties": { "zone_id": "D805", "is_urban": false, "ward_name": null, "center_lon": 75.007828217369934, "center_lat": 13.693754998820303, "area_sqkm": 2.8630727330890062, "population": 1442.0, "waste_kg_day": 432.6, "waste_tons_day": 0.433, "buildings": 334.0, "risk": "Low" }, "geometry": { "type": "Polygon", "coordinates": [ [ [ 75.0137803, 13.7009979 ], [ 75.0146457, 13.6998118 ], [ 75.0154631, 13.6999614 ], [ 75.0162913, 13.6998499 ], [ 75.0172072, 13.6998484 ], [ 75.0179976, 13.6989086 ], [ 75.0182926, 13.6988427 ], [ 75.0186922, 13.698764 ], [ 75.018937, 13.6989846 ], [ 75.0192554, 13.699097 ], [ 75.0193921, 13.6991639 ], [ 75.019679700000125, 13.698798393164402 ], [ 75.019679700000125, 13.69688018470023 ], [ 75.0196343, 13.6968486 ], [ 75.0196269, 13.6967939 ], [ 75.0196011, 13.6966044 ], [ 75.0195717, 13.6963886 ], [ 75.0196054, 13.6962778 ], [ 75.019679700000125, 13.696033718161402 ], [ 75.019679700000125, 13.695215873721548 ], [ 75.019532, 13.6946343 ], [ 75.0194194, 13.6945674 ], [ 75.0193983, 13.694555 ], [ 75.0187064, 13.6945626 ], [ 75.0180174, 13.6943231 ], [ 75.0179151, 13.6942207 ], [ 75.0178031, 13.6941087 ], [ 75.017767, 13.6940961 ], [ 75.0176173, 13.6940439 ], [ 75.0170696, 13.693966 ], [ 75.0164652, 13.6944314 ], [ 75.0160797, 13.6945587 ], [ 75.0157165, 13.6944599 ], [ 75.0156963, 13.6944136 ], [ 75.0155286, 13.6940298 ], [ 75.0154105, 13.6940135 ], [ 75.0150649, 13.6939657 ], [ 75.0145335, 13.6941126 ], [ 75.0145161, 13.694024 ], [ 75.0144379, 13.6936254 ], [ 75.0145434, 13.6933623 ], [ 75.0143999, 13.6931105 ], [ 75.0142078, 13.6926049 ], [ 75.014066, 13.6925878 ], [ 75.0138115, 13.6925569 ], [ 75.013775, 13.6925536 ], [ 75.0133126, 13.6927322 ], [ 75.0132498, 13.6926998 ], [ 75.0129441, 13.6925419 ], [ 75.0124392, 13.6924806 ], [ 75.0120173, 13.6916725 ], [ 75.0113408, 13.6918483 ], [ 75.0107414, 13.6919029 ], [ 75.0105253, 13.6919226 ], [ 75.010342, 13.6917665 ], [ 75.0099014, 13.6916697 ], [ 75.0093148, 13.6919015 ], [ 75.0087084, 13.6916667 ], [ 75.0083476, 13.6910974 ], [ 75.0079169, 13.6909178 ], [ 75.0078102, 13.6908734 ], [ 75.0083694, 13.6905449 ], [ 75.0088571, 13.6908444 ], [ 75.0094235, 13.6911902 ], [ 75.0101697, 13.6911087 ], [ 75.0105999, 13.6910617 ], [ 75.0106792, 13.691053 ], [ 75.0107703, 13.6908201 ], [ 75.0104867, 13.6904488 ], [ 75.0100634, 13.6902268 ], [ 75.0098163, 13.6899804 ], [ 75.0096394, 13.6893002 ], [ 75.0099136, 13.688775 ], [ 75.0099219, 13.6886876 ], [ 75.0098091, 13.6882567 ], [ 75.0098616, 13.6879588 ], [ 75.009885, 13.6878257 ], [ 75.0104336, 13.6875913 ], [ 75.0104781, 13.6875722 ], [ 75.0105641, 13.6873075 ], [ 75.010148, 13.686519 ], [ 75.0100143, 13.6859553 ], [ 75.0099438, 13.6856582 ], [ 75.0099206, 13.6855604 ], [ 75.0095344, 13.6850197 ], [ 75.0091243, 13.6852233 ], [ 75.0089494, 13.6850806 ], [ 75.0089538, 13.6838 ], [ 75.0089543, 13.6836436 ], [ 75.008942965, 13.683416900000022 ], [ 75.00067970000012, 13.683416900000022 ], [ 75.00067970000012, 13.701416900000023 ], [ 75.013485914940219, 13.701416900000023 ], [ 75.0137803, 13.7009979 ] ] ] } },
{ "type": "Feature", "properties": { "zone_id": "D806", "is_urban": false, "ward_name": null, "center_lon": 75.00526181085236, "center_lat": 13.705172441564008, "area_sqkm": 0.93994797477016234, "population": 1263.0, "waste_kg_day": 378.9, "waste_tons_day": 0.379, "buildings": 282.0, "risk": "Low" }, "geometry": { "type": "Polygon", "coordinates": [ [ [ 75.0016565, 13.7118075 ], [ 75.0019611, 13.7118886 ], [ 75.0023872, 13.712002 ], [ 75.0024593, 13.7120212 ], [ 75.0031678, 13.7107313 ], [ 75.0033144, 13.7104501 ], [ 75.003086, 13.7096915 ], [ 75.0030989, 13.7096125 ], [ 75.0033096, 13.7093776 ], [ 75.0035179, 13.7087853 ], [ 75.0034636, 13.7083045 ], [ 75.003522, 13.7082314 ], [ 75.0036006, 13.7081328 ], [ 75.0039658, 13.7085391 ], [ 75.0044004, 13.7086175 ], [ 75.0050502, 13.7088705 ], [ 75.0051296, 13.7089014 ], [ 75.0054174, 13.7088378 ], [ 75.0058112, 13.7086153 ], [ 75.0064648, 13.7086206 ], [ 75.0070438, 13.7086251 ], [ 75.0071765, 13.7083736 ], [ 75.0070722, 13.7074485 ], [ 75.0080348, 13.7075553 ], [ 75.009023, 13.7074389 ], [ 75.0093295, 13.7067545 ], [ 75.009359, 13.7064403 ], [ 75.0091648, 13.7050365 ], [ 75.0094371, 13.7047947 ], [ 75.009878, 13.7045995 ], [ 75.0101256, 13.7044875 ], [ 75.0102144, 13.7044473 ], [ 75.0105124, 13.7043115 ], [ 75.0105843, 13.7042787 ], [ 75.0111948, 13.7038467 ], [ 75.0121869, 13.7032642 ], [ 75.0127222, 13.7025039 ], [ 75.013485914940219, 13.701416900000023 ], [ 75.00067970000012, 13.701416900000023 ], [ 75.00067970000012, 13.711529450917707 ], [ 75.0016565, 13.7118075 ] ] ] } },
{ "type": "Feature", "properties": { "zone_id": "D807", "is_urban": false, "ward_name": null, "center_lon": 75.027057558926288, "center_lat": 13.140830295477816, "area_sqkm": 1.0346417028834893, "population": 923.0, "waste_kg_day": 276.9, "waste_tons_day": 0.277, "buildings": 231.0, "risk": "Low" }, "geometry": { "type": "Polygon", "coordinates": [ [ [ 75.0366383, 13.1416459 ], [ 75.0343002, 13.1414462 ], [ 75.0318571, 13.1388646 ], [ 75.0305613, 13.138611 ], [ 75.0293163, 13.138371 ], [ 75.0243311, 13.1386628 ], [ 75.0218925, 13.1365828 ], [ 75.0204634, 13.1355201 ], [ 75.019679700000125, 13.134922454670457 ], [ 75.019679700000125, 13.1434169 ], [ 75.038679700000131, 13.1434169 ], [ 75.038679700000131, 13.141255396280139 ], [ 75.0366383, 13.1416459 ] ] ] } },
{ "type": "Feature", "properties": { "zone_id": "D808", "is_urban": false, "ward_name": null, "center_lon": 75.029179700000128, "center_lat": 13.1524169, "area_sqkm": 4.2095591208013685, "population": 2664.0, "waste_kg_day": 799.2, "waste_tons_day": 0.799, "buildings": 591.0, "risk": "Medium" }, "geometry": { "type": "Polygon", "coordinates": [ [ [ 75.019679700000125, 13.1434169 ], [ 75.019679700000125, 13.1614169 ], [ 75.038679700000131, 13.1614169 ], [ 75.038679700000131, 13.1434169 ], [ 75.019679700000125, 13.1434169 ] ] ] } },
{ "type": "Feature", "properties": { "zone_id": "D809", "is_urban": false, "ward_name": null, "center_lon": 75.029179700000128, "center_lat": 13.1704169, "area_sqkm": 4.2095591208013685, "population": 6282.0, "waste_kg_day": 1884.6, "waste_tons_day": 1.885, "buildings": 1398.0, "risk": "High" }, "geometry": { "type": "Polygon", "coordinates": [ [ [ 75.019679700000125, 13.1614169 ], [ 75.019679700000125, 13.1794169 ], [ 75.038679700000131, 13.1794169 ], [ 75.038679700000131, 13.1614169 ], [ 75.019679700000125, 13.1614169 ] ] ] } },
{ "type": "Feature", "properties": { "zone_id": "D810", "is_urban": false, "ward_name": null, "center_lon": 75.029179700000128, "center_lat": 13.1884169, "area_sqkm": 4.2095591208013685, "population": 3894.0, "waste_kg_day": 1168.2, "waste_tons_day": 1.168, "buildings": 847.0, "risk": "Medium" }, "geometry": { "type": "Polygon", "coordinates": [ [ [ 75.019679700000125, 13.1794169 ], [ 75.019679700000125, 13.1974169 ], [ 75.038679700000131, 13.1974169 ], [ 75.038679700000131, 13.1794169 ], [ 75.019679700000125, 13.1794169 ] ] ] } },
{ "type": "Feature", "properties": { "zone_id": "D811", "is_urban": false, "ward_name": null, "center_lon": 75.029179700000128, "center_lat": 13.2064169, "area_sqkm": 4.2095591208013685, "population": 3387.0, "waste_kg_day": 1016.1, "waste_tons_day": 1.016, "buildings": 943.0, "risk": "Medium" }, "geometry": { "type": "Polygon", "coordinates": [ [ [ 75.019679700000125, 13.1974169 ], [ 75.019679700000125, 13.2154169 ], [ 75.038679700000131, 13.2154169 ], [ 75.038679700000131, 13.1974169 ], [ 75.019679700000125, 13.1974169 ] ] ] } },
{ "type": "Feature", "properties": { "zone_id": "D812", "is_urban": false, "ward_name": null, "center_lon": 75.029179700000128, "center_lat": 13.2244169, "area_sqkm": 4.2095591208013685, "population": 3919.0, "waste_kg_day": 1175.7, "waste_tons_day": 1.176, "buildings": 793.0, "risk": "Medium" }, "geometry": { "type": "Polygon", "coordinates": [ [ [ 75.019679700000125, 13.2154169 ], [ 75.019679700000125, 13.2334169 ], [ 75.038679700000131, 13.2334169 ], [ 75.038679700000131, 13.2154169 ], [ 75.019679700000125, 13.2154169 ] ] ] } },
{ "type": "Feature", "properties": { "zone_id": "D813", "is_urban": false, "ward_name": null, "center_lon": 75.029179700000128, "center_lat": 13.2424169, "area_sqkm": 4.2095591208013685, "population": 1801.0, "waste_kg_day": 540.3, "waste_tons_day": 0.54, "buildings": 397.0, "risk": "Medium" }, "geometry": { "type": "Polygon", "coordinates": [ [ [ 75.019679700000125, 13.2334169 ], [ 75.019679700000125, 13.2514169 ], [ 75.038679700000131, 13.2514169 ], [ 75.038679700000131, 13.2334169 ], [ 75.019679700000125, 13.2334169 ] ] ] } },
{ "type": "Feature", "properties": { "zone_id": "D814", "is_urban": false, "ward_name": null, "center_lon": 75.029179700000128, "center_lat": 13.2604169, "area_sqkm": 4.2095591208013685, "population": 1941.0, "waste_kg_day": 582.3, "waste_tons_day": 0.582, "buildings": 451.0, "risk": "Medium" }, "geometry": { "type": "Polygon", "coordinates": [ [ [ 75.019679700000125, 13.2514169 ], [ 75.019679700000125, 13.2694169 ], [ 75.038679700000131, 13.2694169 ], [ 75.038679700000131, 13.2514169 ], [ 75.019679700000125, 13.2514169 ] ] ] } },
{ "type": "Feature", "properties": { "zone_id": "D815", "is_urban": false, "ward_name": null, "center_lon": 75.029179700000128, "center_lat": 13.2784169, "area_sqkm": 4.2095591208013685, "population": 1370.0, "waste_kg_day": 411.0, "waste_tons_day": 0.411, "buildings": 328.0, "risk": "Low" }, "geometry": { "type": "Polygon", "coordinates": [ [ [ 75.019679700000125, 13.2694169 ], [ 75.019679700000125, 13.2874169 ], [ 75.038679700000131, 13.2874169 ], [ 75.038679700000131, 13.2694169 ], [ 75.019679700000125, 13.2694169 ] ] ] } },
{ "type": "Feature", "properties": { "zone_id": "D816", "is_urban": false, "ward_name": null, "center_lon": 75.029179700000128, "center_lat": 13.2964169, "area_sqkm": 4.2095591208013685, "population": 4979.0, "waste_kg_day": 1493.7, "waste_tons_day": 1.494, "buildings": 1238.0, "risk": "Medium" }, "geometry": { "type": "Polygon", "coordinates": [ [ [ 75.019679700000125, 13.2874169 ], [ 75.019679700000125, 13.3054169 ], [ 75.038679700000131, 13.3054169 ], [ 75.038679700000131, 13.2874169 ], [ 75.019679700000125, 13.2874169 ] ] ] } },
{ "type": "Feature", "properties": { "zone_id": "D817", "is_urban": false, "ward_name": null, "center_lon": 75.029179700000128, "center_lat": 13.3144169, "area_sqkm": 4.2095591208013685, "population": 4480.0, "waste_kg_day": 1344.0, "waste_tons_day": 1.344, "buildings": 954.0, "risk": "Medium" }, "geometry": { "type": "Polygon", "coordinates": [ [ [ 75.019679700000125, 13.3054169 ], [ 75.019679700000125, 13.3234169 ], [ 75.038679700000131, 13.3234169 ], [ 75.038679700000131, 13.3054169 ], [ 75.019679700000125, 13.3054169 ] ] ] } },
{ "type": "Feature", "properties": { "zone_id": "D818", "is_urban": false, "ward_name": null, "center_lon": 75.029179700000128, "center_lat": 13.3324169, "area_sqkm": 4.2095591208013685, "population": 5915.0, "waste_kg_day": 1774.5, "waste_tons_day": 1.774, "buildings": 1535.0, "risk": "High" }, "geometry": { "type": "Polygon", "coordinates": [ [ [ 75.019679700000125, 13.3234169 ], [ 75.019679700000125, 13.3414169 ], [ 75.038679700000131, 13.3414169 ], [ 75.038679700000131, 13.3234169 ], [ 75.019679700000125, 13.3234169 ] ] ] } },
{ "type": "Feature", "properties": { "zone_id": "D819", "is_urban": false, "ward_name": null, "center_lon": 75.029179700000128, "center_lat": 13.3504169, "area_sqkm": 4.2095591208013685, "population": 3027.0, "waste_kg_day": 908.1, "waste_tons_day": 0.908, "buildings": 811.0, "risk": "Medium" }, "geometry": { "type": "Polygon", "coordinates": [ [ [ 75.019679700000125, 13.3414169 ], [ 75.019679700000125, 13.35941690000001 ], [ 75.038679700000131, 13.35941690000001 ], [ 75.038679700000131, 13.3414169 ], [ 75.019679700000125, 13.3414169 ] ] ] } },
{ "type": "Feature", "properties": { "zone_id": "D820", "is_urban": false, "ward_name": null, "center_lon": 75.029179700000128, "center_lat": 13.3684169, "area_sqkm": 4.2095591208013685, "population": 6273.0, "waste_kg_day": 1881.9, "waste_tons_day": 1.882, "buildings": 1282.0, "risk": "High" }, "geometry": { "type": "Polygon", "coordinates": [ [ [ 75.019679700000125, 13.35941690000001 ], [ 75.019679700000125, 13.377416900000011 ], [ 75.038679700000131, 13.377416900000011 ], [ 75.038679700000131, 13.35941690000001 ], [ 75.019679700000125, 13.35941690000001 ] ] ] } },
{ "type": "Feature", "properties": { "zone_id": "D821", "is_urban": false, "ward_name": null, "center_lon": 75.029179700000128, "center_lat": 13.3864169, "area_sqkm": 4.2095591208013685, "population": 3796.0, "waste_kg_day": 1138.8, "waste_tons_day": 1.139, "buildings": 796.0, "risk": "Medium" }, "geometry": { "type": "Polygon", "coordinates": [ [ [ 75.019679700000125, 13.377416900000011 ], [ 75.019679700000125, 13.395416900000011 ], [ 75.038679700000131, 13.395416900000011 ], [ 75.038679700000131, 13.377416900000011 ], [ 75.019679700000125, 13.377416900000011 ] ] ] } },
{ "type": "Feature", "properties": { "zone_id": "D822", "is_urban": false, "ward_name": null, "center_lon": 75.029179700000128, "center_lat": 13.4044169, "area_sqkm": 4.2095591208013685, "population": 3692.0, "waste_kg_day": 1107.6, "waste_tons_day": 1.108, "buildings": 832.0, "risk": "Medium" }, "geometry": { "type": "Polygon", "coordinates": [ [ [ 75.019679700000125, 13.395416900000011 ], [ 75.019679700000125, 13.413416900000012 ], [ 75.038679700000131, 13.413416900000012 ], [ 75.038679700000131, 13.395416900000011 ], [ 75.019679700000125, 13.395416900000011 ] ] ] } },
{ "type": "Feature", "properties": { "zone_id": "D823", "is_urban": false, "ward_name": null, "center_lon": 75.029179700000128, "center_lat": 13.4224169, "area_sqkm": 4.2095591208013685, "population": 1329.0, "waste_kg_day": 398.7, "waste_tons_day": 0.399, "buildings": 286.0, "risk": "Low" }, "geometry": { "type": "Polygon", "coordinates": [ [ [ 75.019679700000125, 13.413416900000012 ], [ 75.019679700000125, 13.431416900000013 ], [ 75.038679700000131, 13.431416900000013 ], [ 75.038679700000131, 13.413416900000012 ], [ 75.019679700000125, 13.413416900000012 ] ] ] } },
{ "type": "Feature", "properties": { "zone_id": "D824", "is_urban": false, "ward_name": null, "center_lon": 75.029179700000128, "center_lat": 13.4404169, "area_sqkm": 4.2095591208013685, "population": 1540.0, "waste_kg_day": 462.0, "waste_tons_day": 0.462, "buildings": 324.0, "risk": "Low" }, "geometry": { "type": "Polygon", "coordinates": [ [ [ 75.019679700000125, 13.431416900000013 ], [ 75.019679700000125, 13.449416900000013 ], [ 75.038679700000131, 13.449416900000013 ], [ 75.038679700000131, 13.431416900000013 ], [ 75.019679700000125, 13.431416900000013 ] ] ] } },
{ "type": "Feature", "properties": { "zone_id": "D825", "is_urban": false, "ward_name": null, "center_lon": 75.029179700000128, "center_lat": 13.4584169, "area_sqkm": 4.2095591208013685, "population": 5121.0, "waste_kg_day": 1536.3, "waste_tons_day": 1.536, "buildings": 1122.0, "risk": "High" }, "geometry": { "type": "Polygon", "coordinates": [ [ [ 75.019679700000125, 13.449416900000013 ], [ 75.019679700000125, 13.467416900000014 ], [ 75.038679700000131, 13.467416900000014 ], [ 75.038679700000131, 13.449416900000013 ], [ 75.019679700000125, 13.449416900000013 ] ] ] } },
{ "type": "Feature", "properties": { "zone_id": "D826", "is_urban": false, "ward_name": null, "center_lon": 75.029179700000128, "center_lat": 13.4764169, "area_sqkm": 4.2095591208013685, "population": 1039.0, "waste_kg_day": 311.7, "waste_tons_day": 0.312, "buildings": 262.0, "risk": "Low" }, "geometry": { "type": "Polygon", "coordinates": [ [ [ 75.019679700000125, 13.467416900000014 ], [ 75.019679700000125, 13.485416900000015 ], [ 75.038679700000131, 13.485416900000015 ], [ 75.038679700000131, 13.467416900000014 ], [ 75.019679700000125, 13.467416900000014 ] ] ] } },
{ "type": "Feature", "properties": { "zone_id": "D827", "is_urban": false, "ward_name": null, "center_lon": 75.029179700000128, "center_lat": 13.4944169, "area_sqkm": 4.2095591208013685, "population": 2281.0, "waste_kg_day": 684.3, "waste_tons_day": 0.684, "buildings": 564.0, "risk": "Medium" }, "geometry": { "type": "Polygon", "coordinates": [ [ [ 75.019679700000125, 13.485416900000015 ], [ 75.019679700000125, 13.503416900000015 ], [ 75.038679700000131, 13.503416900000015 ], [ 75.038679700000131, 13.485416900000015 ], [ 75.019679700000125, 13.485416900000015 ] ] ] } },
{ "type": "Feature", "properties": { "zone_id": "D828", "is_urban": false, "ward_name": null, "center_lon": 75.029179700000128, "center_lat": 13.5124169, "area_sqkm": 4.2095591208013685, "population": 1321.0, "waste_kg_day": 396.3, "waste_tons_day": 0.396, "buildings": 269.0, "risk": "Low" }, "geometry": { "type": "Polygon", "coordinates": [ [ [ 75.019679700000125, 13.503416900000015 ], [ 75.019679700000125, 13.521416900000016 ], [ 75.038679700000131, 13.521416900000016 ], [ 75.038679700000131, 13.503416900000015 ], [ 75.019679700000125, 13.503416900000015 ] ] ] } },
{ "type": "Feature", "properties": { "zone_id": "D829", "is_urban": false, "ward_name": null, "center_lon": 75.029179700000128, "center_lat": 13.5304169, "area_sqkm": 4.2095591208013685, "population": 3872.0, "waste_kg_day": 1161.6, "waste_tons_day": 1.162, "buildings": 978.0, "risk": "Medium" }, "geometry": { "type": "Polygon", "coordinates": [ [ [ 75.019679700000125, 13.521416900000016 ], [ 75.019679700000125, 13.539416900000017 ], [ 75.038679700000131, 13.539416900000017 ], [ 75.038679700000131, 13.521416900000016 ], [ 75.019679700000125, 13.521416900000016 ] ] ] } },
{ "type": "Feature", "properties": { "zone_id": "D830", "is_urban": false, "ward_name": null, "center_lon": 75.029179700000128, "center_lat": 13.5484169, "area_sqkm": 4.2095591208013685, "population": 3014.0, "waste_kg_day": 904.2, "waste_tons_day": 0.904, "buildings": 722.0, "risk": "Medium" }, "geometry": { "type": "Polygon", "coordinates": [ [ [ 75.019679700000125, 13.539416900000017 ], [ 75.019679700000125, 13.557416900000018 ], [ 75.038679700000131, 13.557416900000018 ], [ 75.038679700000131, 13.539416900000017 ], [ 75.019679700000125, 13.539416900000017 ] ] ] } },
{ "type": "Feature", "properties": { "zone_id": "D831", "is_urban": false, "ward_name": null, "center_lon": 75.028707184142519, "center_lat": 13.566320523455621, "area_sqkm": 3.9781212404766313, "population": 3901.0, "waste_kg_day": 1170.3, "waste_tons_day": 1.17, "buildings": 912.0, "risk": "Medium" }, "geometry": { "type": "Polygon", "coordinates": [ [ [ 75.0378505, 13.5732968 ], [ 75.0373089, 13.5725855 ], [ 75.037196, 13.5724372 ], [ 75.0376639, 13.5709609 ], [ 75.0376558, 13.5709232 ], [ 75.0376691, 13.5708979 ], [ 75.037606, 13.5706054 ], [ 75.0377912, 13.5702563 ], [ 75.0382531, 13.5693852 ], [ 75.0383109, 13.569276 ], [ 75.0382346, 13.5691361 ], [ 75.0361159, 13.569091 ], [ 75.0354981, 13.569069 ], [ 75.0346784, 13.5690856 ], [ 75.0346886, 13.5688614 ], [ 75.0348676, 13.5678455 ], [ 75.0349371, 13.5672897 ], [ 75.034988, 13.567118 ], [ 75.0355611, 13.5664764 ], [ 75.0361111, 13.5657942 ], [ 75.0374697, 13.5646649 ], [ 75.038679700000131, 13.563594228699937 ], [ 75.038679700000131, 13.557416900000018 ], [ 75.019679700000125, 13.557416900000018 ], [ 75.019679700000125, 13.575416900000018 ], [ 75.038679700000131, 13.575416900000018 ], [ 75.038679700000131, 13.573307420428018 ], [ 75.0378505, 13.5732968 ] ] ] } },
{ "type": "Feature", "properties": { "zone_id": "D832", "is_urban": false, "ward_name": null, "center_lon": 75.029179700000128, "center_lat": 13.5844169, "area_sqkm": 4.2095591208013685, "population": 5873.0, "waste_kg_day": 1761.9, "waste_tons_day": 1.762, "buildings": 1383.0, "risk": "High" }, "geometry": { "type": "Polygon", "coordinates": [ [ [ 75.019679700000125, 13.575416900000018 ], [ 75.019679700000125, 13.593416900000019 ], [ 75.038679700000131, 13.593416900000019 ], [ 75.038679700000131, 13.575416900000018 ], [ 75.019679700000125, 13.575416900000018 ] ] ] } },
{ "type": "Feature", "properties": { "zone_id": "D833", "is_urban": false, "ward_name": null, "center_lon": 75.029179700000128, "center_lat": 13.6024169, "area_sqkm": 4.2095591208013685, "population": 6271.0, "waste_kg_day": 1881.3, "waste_tons_day": 1.881, "buildings": 1312.0, "risk": "High" }, "geometry": { "type": "Polygon", "coordinates": [ [ [ 75.019679700000125, 13.593416900000019 ], [ 75.019679700000125, 13.61141690000002 ], [ 75.038679700000131, 13.61141690000002 ], [ 75.038679700000131, 13.593416900000019 ], [ 75.019679700000125, 13.593416900000019 ] ] ] } },
{ "type": "Feature", "properties": { "zone_id": "D834", "is_urban": false, "ward_name": null, "center_lon": 75.027202341881804, "center_lat": 13.618259785061001, "area_sqkm": 2.8124776966899425, "population": 1324.0, "waste_kg_day": 397.2, "waste_tons_day": 0.397, "buildings": 270.0, "risk": "Low" }, "geometry": { "type": "Polygon", "coordinates": [ [ [ 75.0203852, 13.6284476 ], [ 75.0215959, 13.6283724 ], [ 75.0223801, 13.6283237 ], [ 75.0225422, 13.6283135 ], [ 75.0241958, 13.6282099 ], [ 75.0257558, 13.628119 ], [ 75.0262324, 13.6280912 ], [ 75.026586, 13.6274853 ], [ 75.026678, 13.6273277 ], [ 75.0267692, 13.6271714 ], [ 75.0296609, 13.6220678 ], [ 75.0335659, 13.6212852 ], [ 75.0343738, 13.6193688 ], [ 75.0348662, 13.6182007 ], [ 75.0351916, 13.6174285 ], [ 75.0373604, 13.6163889 ], [ 75.0383082, 13.6159339 ], [ 75.038679700000131, 13.615938271722767 ], [ 75.038679700000131, 13.61141690000002 ], [ 75.019679700000125, 13.61141690000002 ], [ 75.019679700000125, 13.628491136809808 ], [ 75.0203852, 13.6284476 ] ] ] } },
{ "type": "Feature", "properties": { "zone_id": "D835", "is_urban": false, "ward_name": null, "center_lon": 75.021417544858494, "center_lat": 13.663967895254912, "area_sqkm": 0.12745267426440413, "population": 44.0, "waste_kg_day": 13.2, "waste_tons_day": 0.013, "buildings": 9.0, "risk": "Low" }, "geometry": { "type": "Polygon", "coordinates": [ [ [ 75.0235755, 13.6649178 ], [ 75.0230486, 13.6638571 ], [ 75.0225961, 13.6630022 ], [ 75.0223938, 13.6627595 ], [ 75.0220553, 13.6626351 ], [ 75.0216353, 13.6618159 ], [ 75.0208598, 13.6620741 ], [ 75.0201917, 13.6622954 ], [ 75.0200113, 13.6626557 ], [ 75.019996, 13.6630574 ], [ 75.0197723, 13.6633906 ], [ 75.019679700000125, 13.663335144121316 ], [ 75.019679700000125, 13.665416900000022 ], [ 75.023722377242976, 13.665416900000022 ], [ 75.0235755, 13.6649178 ] ] ] } },
{ "type": "Feature", "properties": { "zone_id": "D836", "is_urban": false, "ward_name": null, "center_lon": 75.022594360273288, "center_lat": 13.669851818643844, "area_sqkm": 0.65459543819387678, "population": 454.0, "waste_kg_day": 136.2, "waste_tons_day": 0.136, "buildings": 94.0, "risk": "Low" }, "geometry": { "type": "Polygon", "coordinates": [ [ [ 75.0197464, 13.6757201 ], [ 75.0213469, 13.6751027 ], [ 75.0214403, 13.6750667 ], [ 75.0217115, 13.6748198 ], [ 75.0217336, 13.6747997 ], [ 75.0220012, 13.6747424 ], [ 75.0221172, 13.6747175 ], [ 75.0220682, 13.6741905 ], [ 75.0223802, 13.6739507 ], [ 75.022994, 13.6734836 ], [ 75.0230448, 13.6732915 ], [ 75.0230806, 13.6731563 ], [ 75.0231135, 13.6730315 ], [ 75.0238883, 13.6739932 ], [ 75.0241532, 13.6736053 ], [ 75.0243011, 13.6733863 ], [ 75.0253915, 13.6717708 ], [ 75.026739, 13.6705339 ], [ 75.0261524, 13.6700511 ], [ 75.0262542, 13.669506 ], [ 75.0262049, 13.6690747 ], [ 75.0261794, 13.6689619 ], [ 75.026221, 13.6684842 ], [ 75.0265919, 13.6678368 ], [ 75.0263144, 13.6665343 ], [ 75.0256954, 13.666379 ], [ 75.0249007, 13.666454 ], [ 75.0242264, 13.6662043 ], [ 75.0237418, 13.6654829 ], [ 75.023722377242976, 13.665416900000022 ], [ 75.019679700000125, 13.665416900000022 ], [ 75.019679700000125, 13.675769279062678 ], [ 75.0197464, 13.6757201 ] ] ] } },
{ "type": "Feature", "properties": { "zone_id": "D837", "is_urban": false, "ward_name": null, "center_lon": 75.019902238684821, "center_lat": 13.697632012739284, "area_sqkm": 0.0096414585075366328, "population": 12.0, "waste_kg_day": 3.6, "waste_tons_day": 0.004, "buildings": 2.0, "risk": "Low" }, "geometry": { "type": "MultiPolygon", "coordinates": [ [ [ [ 75.0199846, 13.6984109 ], [ 75.0202605, 13.6977944 ], [ 75.0202464, 13.6975536 ], [ 75.0202294, 13.6972626 ], [ 75.0201062, 13.6971769 ], [ 75.019679700000125, 13.69688018470023 ], [ 75.019679700000125, 13.698798393164402 ], [ 75.0199846, 13.6984109 ] ] ], [ [ [ 75.0197871, 13.6956809 ], [ 75.0197559, 13.6955161 ], [ 75.0197177, 13.6953655 ], [ 75.019679700000125, 13.695215873721548 ], [ 75.019679700000125, 13.696033718161402 ], [ 75.0197871, 13.6956809 ] ] ] ] } },
{ "type": "Feature", "properties": { "zone_id": "D838", "is_urban": false, "ward_name": null, "center_lon": 75.050591387209579, "center_lat": 13.13936243625043, "area_sqkm": 1.5850415030533085, "population": 1944.0, "waste_kg_day": 583.2, "waste_tons_day": 0.583, "buildings": 491.0, "risk": "Medium" }, "geometry": { "type": "Polygon", "coordinates": [ [ [ 75.0537314, 13.1337152 ], [ 75.0499356, 13.1352823 ], [ 75.047731, 13.1361946 ], [ 75.0428737, 13.1402335 ], [ 75.0418267, 13.1406534 ], [ 75.038679700000131, 13.141255396280139 ], [ 75.038679700000131, 13.1434169 ], [ 75.057679700000136, 13.1434169 ], [ 75.057679700000136, 13.131914206569446 ], [ 75.0537314, 13.1337152 ] ] ] } },
{ "type": "Feature", "properties": { "zone_id": "D839", "is_urban": false, "ward_name": null, "center_lon": 75.048179700000134, "center_lat": 13.1524169, "area_sqkm": 4.2095591208013685, "population": 1284.0, "waste_kg_day": 385.2, "waste_tons_day": 0.385, "buildings": 312.0, "risk": "Low" }, "geometry": { "type": "Polygon", "coordinates": [ [ [ 75.038679700000131, 13.1434169 ], [ 75.038679700000131, 13.1614169 ], [ 75.057679700000136, 13.1614169 ], [ 75.057679700000136, 13.1434169 ], [ 75.038679700000131, 13.1434169 ] ] ] } },
{ "type": "Feature", "properties": { "zone_id": "D840", "is_urban": false, "ward_name": null, "center_lon": 75.048179700000134, "center_lat": 13.1704169, "area_sqkm": 4.2095591208013685, "population": 1791.0, "waste_kg_day": 537.3, "waste_tons_day": 0.537, "buildings": 394.0, "risk": "Medium" }, "geometry": { "type": "Polygon", "coordinates": [ [ [ 75.038679700000131, 13.1614169 ], [ 75.038679700000131, 13.1794169 ], [ 75.057679700000136, 13.1794169 ], [ 75.057679700000136, 13.1614169 ], [ 75.038679700000131, 13.1614169 ] ] ] } },
{ "type": "Feature", "properties": { "zone_id": "D841", "is_urban": false, "ward_name": null, "center_lon": 75.048179700000134, "center_lat": 13.1884169, "area_sqkm": 4.2095591208013685, "population": 2735.0, "waste_kg_day": 820.5, "waste_tons_day": 0.821, "buildings": 551.0, "risk": "Medium" }, "geometry": { "type": "Polygon", "coordinates": [ [ [ 75.038679700000131, 13.1794169 ], [ 75.038679700000131, 13.1974169 ], [ 75.057679700000136, 13.1974169 ], [ 75.057679700000136, 13.1794169 ], [ 75.038679700000131, 13.1794169 ] ] ] } },
{ "type": "Feature", "properties": { "zone_id": "D842", "is_urban": false, "ward_name": null, "center_lon": 75.048179700000134, "center_lat": 13.2064169, "area_sqkm": 4.2095591208013685, "population": 4349.0, "waste_kg_day": 1304.7, "waste_tons_day": 1.305, "buildings": 918.0, "risk": "Medium" }, "geometry": { "type": "Polygon", "coordinates": [ [ [ 75.038679700000131, 13.1974169 ], [ 75.038679700000131, 13.2154169 ], [ 75.057679700000136, 13.2154169 ], [ 75.057679700000136, 13.1974169 ], [ 75.038679700000131, 13.1974169 ] ] ] } },
{ "type": "Feature", "properties": { "zone_id": "D843", "is_urban": false, "ward_name": null, "center_lon": 75.048179700000134, "center_lat": 13.2244169, "area_sqkm": 4.2095591208013685, "population": 1567.0, "waste_kg_day": 470.1, "waste_tons_day": 0.47, "buildings": 326.0, "risk": "Low" }, "geometry": { "type": "Polygon", "coordinates": [ [ [ 75.038679700000131, 13.2154169 ], [ 75.038679700000131, 13.2334169 ], [ 75.057679700000136, 13.2334169 ], [ 75.057679700000136, 13.2154169 ], [ 75.038679700000131, 13.2154169 ] ] ] } },
{ "type": "Feature", "properties": { "zone_id": "D844", "is_urban": false, "ward_name": null, "center_lon": 75.048179700000134, "center_lat": 13.2424169, "area_sqkm": 4.2095591208013685, "population": 5891.0, "waste_kg_day": 1767.3, "waste_tons_day": 1.767, "buildings": 1392.0, "risk": "High" }, "geometry": { "type": "Polygon", "coordinates": [ [ [ 75.038679700000131, 13.2334169 ], [ 75.038679700000131, 13.2514169 ], [ 75.057679700000136, 13.2514169 ], [ 75.057679700000136, 13.2334169 ], [ 75.038679700000131, 13.2334169 ] ] ] } },
{ "type": "Feature", "properties": { "zone_id": "D845", "is_urban": false, "ward_name": null, "center_lon": 75.048179700000134, "center_lat": 13.2604169, "area_sqkm": 4.2095591208013685, "population": 4159.0, "waste_kg_day": 1247.7, "waste_tons_day": 1.248, "buildings": 894.0, "risk": "Medium" }, "geometry": { "type": "Polygon", "coordinates": [ [ [ 75.038679700000131, 13.2514169 ], [ 75.038679700000131, 13.2694169 ], [ 75.057679700000136, 13.2694169 ], [ 75.057679700000136, 13.2514169 ], [ 75.038679700000131, 13.2514169 ] ] ] } },
{ "type": "Feature", "properties": { "zone_id": "D846", "is_urban": false, "ward_name": null, "center_lon": 75.048179700000134, "center_lat": 13.2784169, "area_sqkm": 4.2095591208013685, "population": 1798.0, "waste_kg_day": 539.4, "waste_tons_day": 0.539, "buildings": 422.0, "risk": "Medium" }, "geometry": { "type": "Polygon", "coordinates": [ [ [ 75.038679700000131, 13.2694169 ], [ 75.038679700000131, 13.2874169 ], [ 75.057679700000136, 13.2874169 ], [ 75.057679700000136, 13.2694169 ], [ 75.038679700000131, 13.2694169 ] ] ] } },
{ "type": "Feature", "properties": { "zone_id": "D847", "is_urban": false, "ward_name": null, "center_lon": 75.048179700000134, "center_lat": 13.2964169, "area_sqkm": 4.2095591208013685, "population": 3023.0, "waste_kg_day": 906.9, "waste_tons_day": 0.907, "buildings": 812.0, "risk": "Medium" }, "geometry": { "type": "Polygon", "coordinates": [ [ [ 75.038679700000131, 13.2874169 ], [ 75.038679700000131, 13.3054169 ], [ 75.057679700000136, 13.3054169 ], [ 75.057679700000136, 13.2874169 ], [ 75.038679700000131, 13.2874169 ] ] ] } },
{ "type": "Feature", "properties": { "zone_id": "D848", "is_urban": false, "ward_name": null, "center_lon": 75.048179700000134, "center_lat": 13.3144169, "area_sqkm": 4.2095591208013685, "population": 2853.0, "waste_kg_day": 855.9, "waste_tons_day": 0.856, "buildings": 792.0, "risk": "Medium" }, "geometry": { "type": "Polygon", "coordinates": [ [ [ 75.038679700000131, 13.3054169 ], [ 75.038679700000131, 13.3234169 ], [ 75.057679700000136, 13.3234169 ], [ 75.057679700000136, 13.3054169 ], [ 75.038679700000131, 13.3054169 ] ] ] } },
{ "type": "Feature", "properties": { "zone_id": "D849", "is_urban": false, "ward_name": null, "center_lon": 75.048179700000134, "center_lat": 13.3324169, "area_sqkm": 4.2095591208013685, "population": 983.0, "waste_kg_day": 294.9, "waste_tons_day": 0.295, "buildings": 265.0, "risk": "Low" }, "geometry": { "type": "Polygon", "coordinates": [ [ [ 75.038679700000131, 13.3234169 ], [ 75.038679700000131, 13.3414169 ], [ 75.057679700000136, 13.3414169 ], [ 75.057679700000136, 13.3234169 ], [ 75.038679700000131, 13.3234169 ] ] ] } },
{ "type": "Feature", "properties": { "zone_id": "D850", "is_urban": false, "ward_name": null, "center_lon": 75.048179700000134, "center_lat": 13.3504169, "area_sqkm": 4.2095591208013685, "population": 6112.0, "waste_kg_day": 1833.6, "waste_tons_day": 1.834, "buildings": 1413.0, "risk": "High" }, "geometry": { "type": "Polygon", "coordinates": [ [ [ 75.038679700000131, 13.3414169 ], [ 75.038679700000131, 13.35941690000001 ], [ 75.057679700000136, 13.35941690000001 ], [ 75.057679700000136, 13.3414169 ], [ 75.038679700000131, 13.3414169 ] ] ] } },
{ "type": "Feature", "properties": { "zone_id": "D851", "is_urban": false, "ward_name": null, "center_lon": 75.048179700000134, "center_lat": 13.3684169, "area_sqkm": 4.2095591208013685, "population": 6127.0, "waste_kg_day": 1838.1, "waste_tons_day": 1.838, "buildings": 1476.0, "risk": "High" }, "geometry": { "type": "Polygon", "coordinates": [ [ [ 75.038679700000131, 13.35941690000001 ], [ 75.038679700000131, 13.377416900000011 ], [ 75.057679700000136, 13.377416900000011 ], [ 75.057679700000136, 13.35941690000001 ], [ 75.038679700000131, 13.35941690000001 ] ] ] } },
{ "type": "Feature", "properties": { "zone_id": "D852", "is_urban": false, "ward_name": null, "center_lon": 75.048179700000134, "center_lat": 13.3864169, "area_sqkm": 4.2095591208013685, "population": 2548.0, "waste_kg_day": 764.4, "waste_tons_day": 0.764, "buildings": 598.0, "risk": "Medium" }, "geometry": { "type": "Polygon", "coordinates": [ [ [ 75.038679700000131, 13.377416900000011 ], [ 75.038679700000131, 13.395416900000011 ], [ 75.057679700000136, 13.395416900000011 ], [ 75.057679700000136, 13.377416900000011 ], [ 75.038679700000131, 13.377416900000011 ] ] ] } },
{ "type": "Feature", "properties": { "zone_id": "D853", "is_urban": false, "ward_name": null, "center_lon": 75.048179700000134, "center_lat": 13.4044169, "area_sqkm": 4.2095591208013685, "population": 3247.0, "waste_kg_day": 974.1, "waste_tons_day": 0.974, "buildings": 887.0, "risk": "Medium" }, "geometry": { "type": "Polygon", "coordinates": [ [ [ 75.038679700000131, 13.395416900000011 ], [ 75.038679700000131, 13.413416900000012 ], [ 75.057679700000136, 13.413416900000012 ], [ 75.057679700000136, 13.395416900000011 ], [ 75.038679700000131, 13.395416900000011 ] ] ] } },
{ "type": "Feature", "properties": { "zone_id": "D854", "is_urban": false, "ward_name": null, "center_lon": 75.048179700000134, "center_lat": 13.4224169, "area_sqkm": 4.2095591208013685, "population": 4348.0, "waste_kg_day": 1304.4, "waste_tons_day": 1.304, "buildings": 1137.0, "risk": "Medium" }, "geometry": { "type": "Polygon", "coordinates": [ [ [ 75.038679700000131, 13.413416900000012 ], [ 75.038679700000131, 13.431416900000013 ], [ 75.057679700000136, 13.431416900000013 ], [ 75.057679700000136, 13.413416900000012 ], [ 75.038679700000131, 13.413416900000012 ] ] ] } },
{ "type": "Feature", "properties": { "zone_id": "D855", "is_urban": false, "ward_name": null, "center_lon": 75.048179700000134, "center_lat": 13.4404169, "area_sqkm": 4.2095591208013685, "population": 4232.0, "waste_kg_day": 1269.6, "waste_tons_day": 1.27, "buildings": 945.0, "risk": "Medium" }, "geometry": { "type": "Polygon", "coordinates": [ [ [ 75.038679700000131, 13.431416900000013 ], [ 75.038679700000131, 13.449416900000013 ], [ 75.057679700000136, 13.449416900000013 ], [ 75.057679700000136, 13.431416900000013 ], [ 75.038679700000131, 13.431416900000013 ] ] ] } },
{ "type": "Feature", "properties": { "zone_id": "D856", "is_urban": false, "ward_name": null, "center_lon": 75.048179700000134, "center_lat": 13.4584169, "area_sqkm": 4.2095591208013685, "population": 1673.0, "waste_kg_day": 501.9, "waste_tons_day": 0.502, "buildings": 465.0, "risk": "Medium" }, "geometry": { "type": "Polygon", "coordinates": [ [ [ 75.038679700000131, 13.449416900000013 ], [ 75.038679700000131, 13.467416900000014 ], [ 75.057679700000136, 13.467416900000014 ], [ 75.057679700000136, 13.449416900000013 ], [ 75.038679700000131, 13.449416900000013 ] ] ] } },
{ "type": "Feature", "properties": { "zone_id": "D857", "is_urban": false, "ward_name": null, "center_lon": 75.048179700000134, "center_lat": 13.4764169, "area_sqkm": 4.2095591208013685, "population": 5114.0, "waste_kg_day": 1534.2, "waste_tons_day": 1.534, "buildings": 1220.0, "risk": "High" }, "geometry": { "type": "Polygon", "coordinates": [ [ [ 75.038679700000131, 13.467416900000014 ], [ 75.038679700000131, 13.485416900000015 ], [ 75.057679700000136, 13.485416900000015 ], [ 75.057679700000136, 13.467416900000014 ], [ 75.038679700000131, 13.467416900000014 ] ] ] } },
{ "type": "Feature", "properties": { "zone_id": "D858", "is_urban": false, "ward_name": null, "center_lon": 75.048179700000134, "center_lat": 13.4944169, "area_sqkm": 4.2095591208013685, "population": 1160.0, "waste_kg_day": 348.0, "waste_tons_day": 0.348, "buildings": 232.0, "risk": "Low" }, "geometry": { "type": "Polygon", "coordinates": [ [ [ 75.038679700000131, 13.485416900000015 ], [ 75.038679700000131, 13.503416900000015 ], [ 75.057679700000136, 13.503416900000015 ], [ 75.057679700000136, 13.485416900000015 ], [ 75.038679700000131, 13.485416900000015 ] ] ] } },
{ "type": "Feature", "properties": { "zone_id": "D859", "is_urban": false, "ward_name": null, "center_lon": 75.048179700000134, "center_lat": 13.5124169, "area_sqkm": 4.2095591208013685, "population": 1158.0, "waste_kg_day": 347.4, "waste_tons_day": 0.347, "buildings": 254.0, "risk": "Low" }, "geometry": { "type": "Polygon", "coordinates": [ [ [ 75.038679700000131, 13.503416900000015 ], [ 75.038679700000131, 13.521416900000016 ], [ 75.057679700000136, 13.521416900000016 ], [ 75.057679700000136, 13.503416900000015 ], [ 75.038679700000131, 13.503416900000015 ] ] ] } },
{ "type": "Feature", "properties": { "zone_id": "D860", "is_urban": false, "ward_name": null, "center_lon": 75.047371789486959, "center_lat": 13.529506300042767, "area_sqkm": 3.6892767124317389, "population": 5455.0, "waste_kg_day": 1636.5, "waste_tons_day": 1.637, "buildings": 1413.0, "risk": "High" }, "geometry": { "type": "Polygon", "coordinates": [ [ [ 75.0487572, 13.5391077 ], [ 75.0487134, 13.5389669 ], [ 75.048672, 13.5386053 ], [ 75.0486721, 13.5382844 ], [ 75.0488108, 13.5377918 ], [ 75.0490142, 13.5373265 ], [ 75.0490142, 13.5373264 ], [ 75.0495179, 13.5367526 ], [ 75.0502526, 13.5361021 ], [ 75.0513983, 13.5353386 ], [ 75.0526642, 13.5346476 ], [ 75.0545767, 13.5340064 ], [ 75.0557916, 13.533609 ], [ 75.0568126, 13.5330354 ], [ 75.057679700000136, 13.532519313457838 ], [ 75.057679700000136, 13.521416900000016 ], [ 75.038679700000131, 13.521416900000016 ], [ 75.038679700000131, 13.539416900000017 ], [ 75.048853223324542, 13.539416900000017 ], [ 75.0487572, 13.5391077 ] ] ] } },
{ "type": "Feature", "properties": { "zone_id": "D861", "is_urban": false, "ward_name": null, "center_lon": 75.043912094970352, "center_lat": 13.547941841670418, "area_sqkm": 2.2573294906735906, "population": 868.0, "waste_kg_day": 260.4, "waste_tons_day": 0.26, "buildings": 235.0, "risk": "Low" }, "geometry": { "type": "Polygon", "coordinates": [ [ [ 75.0425865, 13.5568572 ], [ 75.0425452, 13.5560572 ], [ 75.0426099, 13.556003 ], [ 75.043118, 13.5561207 ], [ 75.0446146, 13.5566545 ], [ 75.0452797, 13.5568716 ], [ 75.045446, 13.5568988 ], [ 75.0456077, 13.5568311 ], [ 75.0466843, 13.5560993 ], [ 75.0478764, 13.5552455 ], [ 75.048283, 13.5549654 ], [ 75.0488283, 13.5545905 ], [ 75.0494844, 13.5541523 ], [ 75.0495537, 13.5540439 ], [ 75.0492953, 13.5531128 ], [ 75.0491294, 13.5518925 ], [ 75.0490882, 13.5509028 ], [ 75.0490099, 13.5501028 ], [ 75.0488994, 13.5490091 ], [ 75.0488719, 13.5484622 ], [ 75.0489551, 13.5482634 ], [ 75.0496482, 13.5476128 ], [ 75.0500872, 13.5470887 ], [ 75.0501566, 13.5469577 ], [ 75.0501938, 13.546212 ], [ 75.0501433, 13.5452764 ], [ 75.0499496, 13.544264 ], [ 75.0496405, 13.5431024 ], [ 75.0494191, 13.5420629 ], [ 75.04923, 13.5412177 ], [ 75.0490686, 13.5403273 ], [ 75.0488749, 13.5394867 ], [ 75.048853223324542, 13.539416900000017 ], [ 75.038679700000131, 13.539416900000017 ], [ 75.038679700000131, 13.557416900000018 ], [ 75.042644405004324, 13.557416900000018 ], [ 75.0425865, 13.5568572 ] ] ] } },
{ "type": "Feature", "properties": { "zone_id": "D862", "is_urban": false, "ward_name": null, "center_lon": 75.040319280714471, "center_lat": 13.562592252212935, "area_sqkm": 0.27865596848608848, "population": 165.0, "waste_kg_day": 49.5, "waste_tons_day": 0.05, "buildings": 45.0, "risk": "Low" }, "geometry": { "type": "MultiPolygon", "coordinates": [ [ [ [ 75.0411118, 13.5751567 ], [ 75.0411483, 13.5748728 ], [ 75.0410626, 13.5747372 ], [ 75.0407252, 13.5742031 ], [ 75.0405574, 13.5739375 ], [ 75.0401039, 13.5732795 ], [ 75.0395855, 13.5735871 ], [ 75.0390841, 13.5733126 ], [ 75.038679700000131, 13.573307420428018 ], [ 75.038679700000131, 13.575416900000018 ], [ 75.041078431290529, 13.575416900000018 ], [ 75.0411118, 13.5751567 ] ] ], [ [ [ 75.0387359, 13.5635445 ], [ 75.0395493, 13.5627901 ], [ 75.0400114, 13.5623247 ], [ 75.0403533, 13.5621486 ], [ 75.0410233, 13.5619093 ], [ 75.0411988, 13.5618958 ], [ 75.0417024, 13.5617378 ], [ 75.0419473, 13.561643 ], [ 75.042072, 13.5615798 ], [ 75.0421645, 13.5614849 ], [ 75.0423172, 13.5607121 ], [ 75.0424377, 13.5597495 ], [ 75.0425904, 13.5588186 ], [ 75.0427062, 13.5580142 ], [ 75.042644405004324, 13.557416900000018 ], [ 75.038679700000131, 13.557416900000018 ], [ 75.038679700000131, 13.563594228699937 ], [ 75.0387359, 13.5635445 ] ] ] ] } },
{ "type": "Feature", "properties": { "zone_id": "D863", "is_urban": false, "ward_name": null, "center_lon": 75.045577000126713, "center_lat": 13.587607218697219, "area_sqkm": 2.1432749483734859, "population": 2357.0, "waste_kg_day": 707.1, "waste_tons_day": 0.707, "buildings": 655.0, "risk": "Medium" }, "geometry": { "type": "Polygon", "coordinates": [ [ [ 75.0574539, 13.5913287 ], [ 75.0569891, 13.5907487 ], [ 75.056574, 13.59079 ], [ 75.0565061, 13.5907966 ], [ 75.0567505, 13.5901387 ], [ 75.0567584, 13.5901147 ], [ 75.0567075, 13.5894568 ], [ 75.0560242, 13.5890333 ], [ 75.0559737, 13.5890024 ], [ 75.056006, 13.5885208 ], [ 75.0560224, 13.5882847 ], [ 75.0558446, 13.5881349 ], [ 75.055576, 13.587908 ], [ 75.0544546, 13.5876642 ], [ 75.0531791, 13.5876453 ], [ 75.0528088, 13.5873908 ], [ 75.052404, 13.5873956 ], [ 75.0518182, 13.587512 ], [ 75.0516378, 13.5875476 ], [ 75.0507112, 13.5865136 ], [ 75.0504952, 13.5862726 ], [ 75.0504509, 13.5862232 ], [ 75.0489887, 13.5862256 ], [ 75.0488028, 13.5862259 ], [ 75.0487019, 13.5862084 ], [ 75.04783, 13.5860572 ], [ 75.0467374, 13.5860448 ], [ 75.0462483, 13.5861646 ], [ 75.0457898, 13.586374 ], [ 75.0450254, 13.5861648 ], [ 75.0449031, 13.5858657 ], [ 75.044992, 13.5853415 ], [ 75.0451304, 13.5848509 ], [ 75.045117, 13.58485 ], [ 75.0449452, 13.58418 ], [ 75.0450168, 13.5839803 ], [ 75.0451161, 13.5837034 ], [ 75.04488, 13.5832403 ], [ 75.0445158, 13.5825259 ], [ 75.044381, 13.5823964 ], [ 75.0437075, 13.5817497 ], [ 75.0432945, 13.580568 ], [ 75.0428351, 13.5792535 ], [ 75.0426843, 13.579017 ], [ 75.0426442, 13.5789541 ], [ 75.0424783, 13.5786936 ], [ 75.0420999, 13.5780996 ], [ 75.0417456, 13.5768247 ], [ 75.041155, 13.5759538 ], [ 75.0410327, 13.5757735 ], [ 75.041078431290529, 13.575416900000018 ], [ 75.038679700000131, 13.575416900000018 ], [ 75.038679700000131, 13.593416900000019 ], [ 75.057679700000136, 13.593416900000019 ], [ 75.057679700000136, 13.591134362475248 ], [ 75.0574539, 13.5913287 ] ] ] } },
{ "type": "Feature", "properties": { "zone_id": "D864", "is_urban": false, "ward_name": null, "center_lon": 75.04813544325836, "center_lat": 13.60236974069629, "area_sqkm": 4.1865205311046827, "population": 3609.0, "waste_kg_day": 1082.7, "waste_tons_day": 1.083, "buildings": 722.0, "risk": "Medium" }, "geometry": { "type": "Polygon", "coordinates": [ [ [ 75.053841, 13.6113924 ], [ 75.0539792, 13.611194 ], [ 75.0540242, 13.611186 ], [ 75.0544437, 13.6111117 ], [ 75.0549001, 13.6111189 ], [ 75.0562572, 13.6106881 ], [ 75.0566005, 13.6111413 ], [ 75.0569109, 13.6111611 ], [ 75.0571521, 13.6111765 ], [ 75.0575446, 13.6105278 ], [ 75.0574799, 13.6098466 ], [ 75.0575706, 13.6091037 ], [ 75.057679700000136, 13.60888221030576 ], [ 75.057679700000136, 13.593416900000019 ], [ 75.038679700000131, 13.593416900000019 ], [ 75.038679700000131, 13.61141690000002 ], [ 75.053823934292154, 13.61141690000002 ], [ 75.053841, 13.6113924 ] ] ] } },
{ "type": "Feature", "properties": { "zone_id": "D865", "is_urban": false, "ward_name": null, "center_lon": 75.04551713882438, "center_lat": 13.61362870638404, "area_sqkm": 0.76746284246854146, "population": 965.0, "waste_kg_day": 289.5, "waste_tons_day": 0.289, "buildings": 218.0, "risk": "Low" }, "geometry": { "type": "Polygon", "coordinates": [ [ [ 75.0394639, 13.6159475 ], [ 75.0395561, 13.6159485 ], [ 75.0406157, 13.6159611 ], [ 75.0409296, 13.6159649 ], [ 75.0413574, 13.6159705 ], [ 75.043868, 13.6160031 ], [ 75.0446439, 13.6160131 ], [ 75.0474268, 13.6160645 ], [ 75.0505438, 13.6161256 ], [ 75.0506249, 13.6160092 ], [ 75.0512738, 13.6150777 ], [ 75.0537175, 13.6115697 ], [ 75.053823934292154, 13.61141690000002 ], [ 75.038679700000131, 13.61141690000002 ], [ 75.038679700000131, 13.615938271722767 ], [ 75.0394639, 13.6159475 ] ] ] } },
{ "type": "Feature", "properties": { "zone_id": "D866", "is_urban": false, "ward_name": null, "center_lon": 75.0638407592173, "center_lat": 13.138381839252057, "area_sqkm": 1.6262538324749201, "population": 972.0, "waste_kg_day": 291.6, "waste_tons_day": 0.292, "buildings": 219.0, "risk": "Low" }, "geometry": { "type": "Polygon", "coordinates": [ [ [ 75.0705149, 13.1432423 ], [ 75.0719367, 13.1373943 ], [ 75.0713189, 13.1365987 ], [ 75.0712267, 13.1364993 ], [ 75.0679713, 13.1350071 ], [ 75.0652277, 13.1342155 ], [ 75.0609535, 13.1318325 ], [ 75.0585141, 13.1315336 ], [ 75.057679700000136, 13.131914206569446 ], [ 75.057679700000136, 13.1434169 ], [ 75.070740407792385, 13.1434169 ], [ 75.0705149, 13.1432423 ] ] ] } },
{ "type": "Feature", "properties": { "zone_id": "D867", "is_urban": false, "ward_name": null, "center_lon": 75.066868026991784, "center_lat": 13.152726912604239, "area_sqkm": 4.0419285105223661, "population": 3577.0, "waste_kg_day": 1073.1, "waste_tons_day": 1.073, "buildings": 864.0, "risk": "Medium" }, "geometry": { "type": "Polygon", "coordinates": [ [ [ 75.0764122, 13.1478083 ], [ 75.070740407792385, 13.1434169 ], [ 75.057679700000136, 13.1434169 ], [ 75.057679700000136, 13.1614169 ], [ 75.076679700000142, 13.1614169 ], [ 75.076679700000142, 13.147738550886093 ], [ 75.0764122, 13.1478083 ] ] ] } },
{ "type": "Feature", "properties": { "zone_id": "D868", "is_urban": false, "ward_name": null, "center_lon": 75.067179700000139, "center_lat": 13.1704169, "area_sqkm": 4.2095591208013685, "population": 1557.0, "waste_kg_day": 467.1, "waste_tons_day": 0.467, "buildings": 322.0, "risk": "Low" }, "geometry": { "type": "Polygon", "coordinates": [ [ [ 75.057679700000136, 13.1614169 ], [ 75.057679700000136, 13.1794169 ], [ 75.076679700000142, 13.1794169 ], [ 75.076679700000142, 13.1614169 ], [ 75.057679700000136, 13.1614169 ] ] ] } },
{ "type": "Feature", "properties": { "zone_id": "D869", "is_urban": false, "ward_name": null, "center_lon": 75.067179700000139, "center_lat": 13.1884169, "area_sqkm": 4.2095591208013685, "population": 3303.0, "waste_kg_day": 990.9, "waste_tons_day": 0.991, "buildings": 871.0, "risk": "Medium" }, "geometry": { "type": "Polygon", "coordinates": [ [ [ 75.057679700000136, 13.1794169 ], [ 75.057679700000136, 13.1974169 ], [ 75.076679700000142, 13.1974169 ], [ 75.076679700000142, 13.1794169 ], [ 75.057679700000136, 13.1794169 ] ] ] } },
{ "type": "Feature", "properties": { "zone_id": "D870", "is_urban": false, "ward_name": null, "center_lon": 75.067179700000139, "center_lat": 13.2064169, "area_sqkm": 4.2095591208013685, "population": 2854.0, "waste_kg_day": 856.2, "waste_tons_day": 0.856, "buildings": 692.0, "risk": "Medium" }, "geometry": { "type": "Polygon", "coordinates": [ [ [ 75.057679700000136, 13.1974169 ], [ 75.057679700000136, 13.2154169 ], [ 75.076679700000142, 13.2154169 ], [ 75.076679700000142, 13.1974169 ], [ 75.057679700000136, 13.1974169 ] ] ] } },
{ "type": "Feature", "properties": { "zone_id": "D871", "is_urban": false, "ward_name": null, "center_lon": 75.067179700000139, "center_lat": 13.2244169, "area_sqkm": 4.2095591208013685, "population": 5370.0, "waste_kg_day": 1611.0, "waste_tons_day": 1.611, "buildings": 1167.0, "risk": "High" }, "geometry": { "type": "Polygon", "coordinates": [ [ [ 75.057679700000136, 13.2154169 ], [ 75.057679700000136, 13.2334169 ], [ 75.076679700000142, 13.2334169 ], [ 75.076679700000142, 13.2154169 ], [ 75.057679700000136, 13.2154169 ] ] ] } },
{ "type": "Feature", "properties": { "zone_id": "D872", "is_urban": false, "ward_name": null, "center_lon": 75.067179700000139, "center_lat": 13.2424169, "area_sqkm": 4.2095591208013685, "population": 5051.0, "waste_kg_day": 1515.3, "waste_tons_day": 1.515, "buildings": 1436.0, "risk": "High" }, "geometry": { "type": "Polygon", "coordinates": [ [ [ 75.057679700000136, 13.2334169 ], [ 75.057679700000136, 13.2514169 ], [ 75.076679700000142, 13.2514169 ], [ 75.076679700000142, 13.2334169 ], [ 75.057679700000136, 13.2334169 ] ] ] } },
{ "type": "Feature", "properties": { "zone_id": "D873", "is_urban": false, "ward_name": null, "center_lon": 75.067179700000139, "center_lat": 13.2604169, "area_sqkm": 4.2095591208013685, "population": 3119.0, "waste_kg_day": 935.7, "waste_tons_day": 0.936, "buildings": 738.0, "risk": "Medium" }, "geometry": { "type": "Polygon", "coordinates": [ [ [ 75.057679700000136, 13.2514169 ], [ 75.057679700000136, 13.2694169 ], [ 75.076679700000142, 13.2694169 ], [ 75.076679700000142, 13.2514169 ], [ 75.057679700000136, 13.2514169 ] ] ] } },
{ "type": "Feature", "properties": { "zone_id": "D874", "is_urban": false, "ward_name": null, "center_lon": 75.067179700000139, "center_lat": 13.2784169, "area_sqkm": 4.2095591208013685, "population": 946.0, "waste_kg_day": 283.8, "waste_tons_day": 0.284, "buildings": 243.0, "risk": "Low" }, "geometry": { "type": "Polygon", "coordinates": [ [ [ 75.057679700000136, 13.2694169 ], [ 75.057679700000136, 13.2874169 ], [ 75.076679700000142, 13.2874169 ], [ 75.076679700000142, 13.2694169 ], [ 75.057679700000136, 13.2694169 ] ] ] } },
{ "type": "Feature", "properties": { "zone_id": "D875", "is_urban": false, "ward_name": null, "center_lon": 75.067179700000139, "center_lat": 13.2964169, "area_sqkm": 4.2095591208013685, "population": 5002.0, "waste_kg_day": 1500.6, "waste_tons_day": 1.501, "buildings": 1349.0, "risk": "High" }, "geometry": { "type": "Polygon", "coordinates": [ [ [ 75.057679700000136, 13.2874169 ], [ 75.057679700000136, 13.3054169 ], [ 75.076679700000142, 13.3054169 ], [ 75.076679700000142, 13.2874169 ], [ 75.057679700000136, 13.2874169 ] ] ] } },
{ "type": "Feature", "properties": { "zone_id": "D876", "is_urban": false, "ward_name": null, "center_lon": 75.067179700000139, "center_lat": 13.3144169, "area_sqkm": 4.2095591208013685, "population": 3771.0, "waste_kg_day": 1131.3, "waste_tons_day": 1.131, "buildings": 986.0, "risk": "Medium" }, "geometry": { "type": "Polygon", "coordinates": [ [ [ 75.057679700000136, 13.3054169 ], [ 75.057679700000136, 13.3234169 ], [ 75.076679700000142, 13.3234169 ], [ 75.076679700000142, 13.3054169 ], [ 75.057679700000136, 13.3054169 ] ] ] } },
{ "type": "Feature", "properties": { "zone_id": "D877", "is_urban": false, "ward_name": null, "center_lon": 75.067179700000139, "center_lat": 13.3324169, "area_sqkm": 4.2095591208013685, "population": 908.0, "waste_kg_day": 272.4, "waste_tons_day": 0.272, "buildings": 235.0, "risk": "Low" }, "geometry": { "type": "Polygon", "coordinates": [ [ [ 75.057679700000136, 13.3234169 ], [ 75.057679700000136, 13.3414169 ], [ 75.076679700000142, 13.3414169 ], [ 75.076679700000142, 13.3234169 ], [ 75.057679700000136, 13.3234169 ] ] ] } },
{ "type": "Feature", "properties": { "zone_id": "D878", "is_urban": false, "ward_name": null, "center_lon": 75.067179700000139, "center_lat": 13.3504169, "area_sqkm": 4.2095591208013685, "population": 6182.0, "waste_kg_day": 1854.6, "waste_tons_day": 1.855, "buildings": 1314.0, "risk": "High" }, "geometry": { "type": "Polygon", "coordinates": [ [ [ 75.057679700000136, 13.3414169 ], [ 75.057679700000136, 13.35941690000001 ], [ 75.076679700000142, 13.35941690000001 ], [ 75.076679700000142, 13.3414169 ], [ 75.057679700000136, 13.3414169 ] ] ] } },
{ "type": "Feature", "properties": { "zone_id": "D879", "is_urban": false, "ward_name": null, "center_lon": 75.067179700000139, "center_lat": 13.3684169, "area_sqkm": 4.2095591208013685, "population": 6093.0, "waste_kg_day": 1827.9, "waste_tons_day": 1.828, "buildings": 1439.0, "risk": "High" }, "geometry": { "type": "Polygon", "coordinates": [ [ [ 75.057679700000136, 13.35941690000001 ], [ 75.057679700000136, 13.377416900000011 ], [ 75.076679700000142, 13.377416900000011 ], [ 75.076679700000142, 13.35941690000001 ], [ 75.057679700000136, 13.35941690000001 ] ] ] } },
{ "type": "Feature", "properties": { "zone_id": "D880", "is_urban": false, "ward_name": null, "center_lon": 75.067179700000139, "center_lat": 13.3864169, "area_sqkm": 4.2095591208013685, "population": 1442.0, "waste_kg_day": 432.6, "waste_tons_day": 0.433, "buildings": 333.0, "risk": "Low" }, "geometry": { "type": "Polygon", "coordinates": [ [ [ 75.057679700000136, 13.377416900000011 ], [ 75.057679700000136, 13.395416900000011 ], [ 75.076679700000142, 13.395416900000011 ], [ 75.076679700000142, 13.377416900000011 ], [ 75.057679700000136, 13.377416900000011 ] ] ] } },
{ "type": "Feature", "properties": { "zone_id": "D881", "is_urban": false, "ward_name": null, "center_lon": 75.067179700000139, "center_lat": 13.4044169, "area_sqkm": 4.2095591208013685, "population": 3328.0, "waste_kg_day": 998.4, "waste_tons_day": 0.998, "buildings": 698.0, "risk": "Medium" }, "geometry": { "type": "Polygon", "coordinates": [ [ [ 75.057679700000136, 13.395416900000011 ], [ 75.057679700000136, 13.413416900000012 ], [ 75.076679700000142, 13.413416900000012 ], [ 75.076679700000142, 13.395416900000011 ], [ 75.057679700000136, 13.395416900000011 ] ] ] } },
{ "type": "Feature", "properties": { "zone_id": "D882", "is_urban": false, "ward_name": null, "center_lon": 75.067179700000139, "center_lat": 13.4224169, "area_sqkm": 4.2095591208013685, "population": 1378.0, "waste_kg_day": 413.4, "waste_tons_day": 0.413, "buildings": 325.0, "risk": "Low" }, "geometry": { "type": "Polygon", "coordinates": [ [ [ 75.057679700000136, 13.413416900000012 ], [ 75.057679700000136, 13.431416900000013 ], [ 75.076679700000142, 13.431416900000013 ], [ 75.076679700000142, 13.413416900000012 ], [ 75.057679700000136, 13.413416900000012 ] ] ] } },
{ "type": "Feature", "properties": { "zone_id": "D883", "is_urban": false, "ward_name": null, "center_lon": 75.067179700000139, "center_lat": 13.4404169, "area_sqkm": 4.2095591208013685, "population": 1663.0, "waste_kg_day": 498.9, "waste_tons_day": 0.499, "buildings": 417.0, "risk": "Low" }, "geometry": { "type": "Polygon", "coordinates": [ [ [ 75.057679700000136, 13.431416900000013 ], [ 75.057679700000136, 13.449416900000013 ], [ 75.076679700000142, 13.449416900000013 ], [ 75.076679700000142, 13.431416900000013 ], [ 75.057679700000136, 13.431416900000013 ] ] ] } },
{ "type": "Feature", "properties": { "zone_id": "D884", "is_urban": false, "ward_name": null, "center_lon": 75.067179700000139, "center_lat": 13.4584169, "area_sqkm": 4.2095591208013685, "population": 4877.0, "waste_kg_day": 1463.1, "waste_tons_day": 1.463, "buildings": 1157.0, "risk": "Medium" }, "geometry": { "type": "Polygon", "coordinates": [ [ [ 75.057679700000136, 13.449416900000013 ], [ 75.057679700000136, 13.467416900000014 ], [ 75.076679700000142, 13.467416900000014 ], [ 75.076679700000142, 13.449416900000013 ], [ 75.057679700000136, 13.449416900000013 ] ] ] } },
{ "type": "Feature", "properties": { "zone_id": "D885", "is_urban": false, "ward_name": null, "center_lon": 75.067179700000139, "center_lat": 13.4764169, "area_sqkm": 4.2095591208013685, "population": 2898.0, "waste_kg_day": 869.4, "waste_tons_day": 0.869, "buildings": 708.0, "risk": "Medium" }, "geometry": { "type": "Polygon", "coordinates": [ [ [ 75.057679700000136, 13.467416900000014 ], [ 75.057679700000136, 13.485416900000015 ], [ 75.076679700000142, 13.485416900000015 ], [ 75.076679700000142, 13.467416900000014 ], [ 75.057679700000136, 13.467416900000014 ] ] ] } },
{ "type": "Feature", "properties": { "zone_id": "D886", "is_urban": false, "ward_name": null, "center_lon": 75.067179700000139, "center_lat": 13.4944169, "area_sqkm": 4.2095591208013685, "population": 3356.0, "waste_kg_day": 1006.8, "waste_tons_day": 1.007, "buildings": 717.0, "risk": "Medium" }, "geometry": { "type": "Polygon", "coordinates": [ [ [ 75.057679700000136, 13.485416900000015 ], [ 75.057679700000136, 13.503416900000015 ], [ 75.076679700000142, 13.503416900000015 ], [ 75.076679700000142, 13.485416900000015 ], [ 75.057679700000136, 13.485416900000015 ] ] ] } },
{ "type": "Feature", "properties": { "zone_id": "D887", "is_urban": false, "ward_name": null, "center_lon": 75.066775626618821, "center_lat": 13.511657867373781, "area_sqkm": 3.7881216116113725, "population": 5150.0, "waste_kg_day": 1545.0, "waste_tons_day": 1.545, "buildings": 1043.0, "risk": "High" }, "geometry": { "type": "Polygon", "coordinates": [ [ [ 75.0595069, 13.5213823 ], [ 75.0593889, 13.5210461 ], [ 75.0593721, 13.5208286 ], [ 75.0593613, 13.520689 ], [ 75.0592645, 13.5201783 ], [ 75.0593477, 13.5198891 ], [ 75.0594795, 13.519602 ], [ 75.0595511, 13.5194463 ], [ 75.0600685, 13.518886 ], [ 75.0608216, 13.5183032 ], [ 75.0613528, 13.5179147 ], [ 75.0615145, 13.517874 ], [ 75.0616761, 13.5178876 ], [ 75.0618008, 13.5179826 ], [ 75.0619486, 13.5182357 ], [ 75.0621655, 13.5189137 ], [ 75.062308, 13.5192696 ], [ 75.0625347, 13.5198357 ], [ 75.0629962, 13.5210742 ], [ 75.063128299327559, 13.521416900000016 ], [ 75.070150200548397, 13.521416900000016 ], [ 75.070524, 13.5209457 ], [ 75.0717863, 13.5193545 ], [ 75.0732693, 13.5175787 ], [ 75.074452, 13.5162321 ], [ 75.0751727, 13.5156583 ], [ 75.0761012, 13.5148993 ], [ 75.076679700000142, 13.514404601769792 ], [ 75.076679700000142, 13.503416900000015 ], [ 75.057679700000136, 13.503416900000015 ], [ 75.057679700000136, 13.521416900000016 ], [ 75.059519052125466, 13.521416900000016 ], [ 75.0595069, 13.5213823 ] ] ] } },
{ "type": "Feature", "properties": { "zone_id": "D888", "is_urban": false, "ward_name": null, "center_lon": 75.06132293521992, "center_lat": 13.525737039056162, "area_sqkm": 0.63123985738634592, "population": 771.0, "waste_kg_day": 231.3, "waste_tons_day": 0.231, "buildings": 194.0, "risk": "Low" }, "geometry": { "type": "MultiPolygon", "coordinates": [ [ [ [ 75.059044, 13.5317073 ], [ 75.0599541, 13.5311607 ], [ 75.060131, 13.5309965 ], [ 75.0604993, 13.5306547 ], [ 75.0614279, 13.5299047 ], [ 75.0620424, 13.5294394 ], [ 75.0622734, 13.5291728 ], [ 75.0624074, 13.528974 ], [ 75.0625064, 13.5288772 ], [ 75.0625599, 13.5288249 ], [ 75.0625945, 13.5287707 ], [ 75.0626523, 13.5286803 ], [ 75.0626373, 13.5283541 ], [ 75.062611, 13.5277854 ], [ 75.0625075, 13.5273224 ], [ 75.0623665, 13.5266917 ], [ 75.0622851, 13.5262512 ], [ 75.0622604, 13.5261177 ], [ 75.0616742, 13.5247165 ], [ 75.0610463, 13.523826 ], [ 75.060423, 13.5229852 ], [ 75.0599567, 13.5222755 ], [ 75.0598233, 13.5220374 ], [ 75.059592, 13.5216246 ], [ 75.059519052125466, 13.521416900000016 ], [ 75.057679700000136, 13.521416900000016 ], [ 75.057679700000136, 13.532519313457838 ], [ 75.059044, 13.5317073 ] ] ], [ [ [ 75.0633516, 13.5219962 ], [ 75.0636545, 13.5227872 ], [ 75.063684, 13.5228641 ], [ 75.0637532, 13.523081 ], [ 75.0638916, 13.5235059 ], [ 75.0640119, 13.5237145 ], [ 75.0640532, 13.5237861 ], [ 75.064164, 13.5238946 ], [ 75.0650047, 13.5238135 ], [ 75.0660809, 13.5236917 ], [ 75.0669816, 13.5236016 ], [ 75.0682611, 13.5234527 ], [ 75.0684782, 13.5233624 ], [ 75.0690649, 13.522775 ], [ 75.069065, 13.522775 ], [ 75.069101, 13.52273 ], [ 75.0697718, 13.5218939 ], [ 75.070150200548397, 13.521416900000016 ], [ 75.063128299327559, 13.521416900000016 ], [ 75.0633516, 13.5219962 ] ] ] ] } },
{ "type": "Feature", "properties": { "zone_id": "D889", "is_urban": false, "ward_name": null, "center_lon": 75.058599325071938, "center_lat": 13.592296938190483, "area_sqkm": 0.054664287714647881, "population": 59.0, "waste_kg_day": 17.7, "waste_tons_day": 0.018, "buildings": 14.0, "risk": "Low" }, "geometry": { "type": "Polygon", "coordinates": [ [ [ 75.0600347, 13.5931285 ], [ 75.0592212, 13.592064 ], [ 75.0591293, 13.5911489 ], [ 75.0584749, 13.5907723 ], [ 75.0579613, 13.590892 ], [ 75.057679700000136, 13.591134362475248 ], [ 75.057679700000136, 13.593416900000019 ], [ 75.060002316382878, 13.593416900000019 ], [ 75.0600347, 13.5931285 ] ] ] } },
{ "type": "Feature", "properties": { "zone_id": "D890", "is_urban": false, "ward_name": null, "center_lon": 75.05938065910442, "center_lat": 13.600767480148034, "area_sqkm": 0.58764932656509672, "population": 312.0, "waste_kg_day": 93.6, "waste_tons_day": 0.094, "buildings": 65.0, "risk": "Low" }, "geometry": { "type": "Polygon", "coordinates": [ [ [ 75.0577928, 13.6086526 ], [ 75.0579369, 13.6083601 ], [ 75.0586709, 13.6078598 ], [ 75.0591928, 13.6073542 ], [ 75.0601081, 13.6071929 ], [ 75.0601801, 13.6071796 ], [ 75.0603768, 13.6071431 ], [ 75.0608135, 13.6070621 ], [ 75.0608658, 13.606584 ], [ 75.0614401, 13.6053725 ], [ 75.0616211, 13.6049626 ], [ 75.0621079, 13.6042204 ], [ 75.062143, 13.6034007 ], [ 75.0610704, 13.6027428 ], [ 75.0607488, 13.6018656 ], [ 75.0607241, 13.6009806 ], [ 75.0606541, 13.600198 ], [ 75.0604045, 13.5998966 ], [ 75.0605164, 13.5994963 ], [ 75.0605677, 13.599313 ], [ 75.0606462, 13.5982673 ], [ 75.061234, 13.5976871 ], [ 75.0613745, 13.59762 ], [ 75.0619888, 13.5973267 ], [ 75.0619119, 13.5970572 ], [ 75.0618526, 13.5968501 ], [ 75.0616682, 13.5966341 ], [ 75.0616451, 13.5966073 ], [ 75.0614077, 13.5963308 ], [ 75.0613917, 13.5962894 ], [ 75.0612769, 13.5959917 ], [ 75.06114, 13.5958921 ], [ 75.0608449, 13.5956812 ], [ 75.0607685, 13.595548 ], [ 75.0606478, 13.5953379 ], [ 75.0607275, 13.5946922 ], [ 75.0607137, 13.5943724 ], [ 75.0605434, 13.5943326 ], [ 75.060304, 13.5942768 ], [ 75.0602162, 13.5941482 ], [ 75.0599615, 13.5937804 ], [ 75.060002316382878, 13.593416900000019 ], [ 75.057679700000136, 13.593416900000019 ], [ 75.057679700000136, 13.60888221030576 ], [ 75.0577928, 13.6086526 ] ] ] } },
{ "type": "Feature", "properties": { "zone_id": "D891", "is_urban": false, "ward_name": null, "center_lon": 75.079269516280746, "center_lat": 13.153372779108784, "area_sqkm": 0.85900499277341558, "population": 214.0, "waste_kg_day": 64.2, "waste_tons_day": 0.064, "buildings": 44.0, "risk": "Low" }, "geometry": { "type": "MultiPolygon", "coordinates": [ [ [ [ 75.0868878, 13.1613011 ], [ 75.084881556037089, 13.1614169 ], [ 75.086915145412206, 13.1614169 ], [ 75.0868878, 13.1613011 ] ] ], [ [ [ 75.0805788, 13.1604051 ], [ 75.0805796, 13.1560392 ], [ 75.0821425, 13.150865 ], [ 75.0836346, 13.1459251 ], [ 75.076679700000142, 13.147738550886093 ], [ 75.076679700000142, 13.1614169 ], [ 75.080803895603921, 13.1614169 ], [ 75.0805788, 13.1604051 ] ] ] ] } },
{ "type": "Feature", "properties": { "zone_id": "D892", "is_urban": false, "ward_name": null, "center_lon": 75.085861852900138, "center_lat": 13.170904996003838, "area_sqkm": 3.9618424540135608, "population": 3169.0, "waste_kg_day": 950.7, "waste_tons_day": 0.951, "buildings": 711.0, "risk": "Medium" }, "geometry": { "type": "Polygon", "coordinates": [ [ [ 75.0939068, 13.1641766 ], [ 75.0919746, 13.1624906 ], [ 75.0912644, 13.1624905 ], [ 75.0908537, 13.1637785 ], [ 75.089327, 13.1645737 ], [ 75.0890226, 13.1643748 ], [ 75.087192, 13.1625893 ], [ 75.086915145412206, 13.1614169 ], [ 75.084881556037089, 13.1614169 ], [ 75.0835302, 13.1614949 ], [ 75.0808875, 13.1617927 ], [ 75.080803895603921, 13.1614169 ], [ 75.076679700000142, 13.1614169 ], [ 75.076679700000142, 13.1794169 ], [ 75.095679700000147, 13.1794169 ], [ 75.095679700000147, 13.164523421944192 ], [ 75.0939068, 13.1641766 ] ] ] } },
{ "type": "Feature", "properties": { "zone_id": "D893", "is_urban": false, "ward_name": null, "center_lon": 75.086179700000145, "center_lat": 13.1884169, "area_sqkm": 4.2095591208013685, "population": 4450.0, "waste_kg_day": 1335.0, "waste_tons_day": 1.335, "buildings": 918.0, "risk": "Medium" }, "geometry": { "type": "Polygon", "coordinates": [ [ [ 75.076679700000142, 13.1794169 ], [ 75.076679700000142, 13.1974169 ], [ 75.095679700000147, 13.1974169 ], [ 75.095679700000147, 13.1794169 ], [ 75.076679700000142, 13.1794169 ] ] ] } },
{ "type": "Feature", "properties": { "zone_id": "D894", "is_urban": false, "ward_name": null, "center_lon": 75.086179700000145, "center_lat": 13.2064169, "area_sqkm": 4.2095591208013685, "population": 4326.0, "waste_kg_day": 1297.8, "waste_tons_day": 1.298, "buildings": 978.0, "risk": "Medium" }, "geometry": { "type": "Polygon", "coordinates": [ [ [ 75.076679700000142, 13.1974169 ], [ 75.076679700000142, 13.2154169 ], [ 75.095679700000147, 13.2154169 ], [ 75.095679700000147, 13.1974169 ], [ 75.076679700000142, 13.1974169 ] ] ] } },
{ "type": "Feature", "properties": { "zone_id": "D895", "is_urban": false, "ward_name": null, "center_lon": 75.086179700000145, "center_lat": 13.2244169, "area_sqkm": 4.2095591208013685, "population": 1206.0, "waste_kg_day": 361.8, "waste_tons_day": 0.362, "buildings": 281.0, "risk": "Low" }, "geometry": { "type": "Polygon", "coordinates": [ [ [ 75.076679700000142, 13.2154169 ], [ 75.076679700000142, 13.2334169 ], [ 75.095679700000147, 13.2334169 ], [ 75.095679700000147, 13.2154169 ], [ 75.076679700000142, 13.2154169 ] ] ] } },
{ "type": "Feature", "properties": { "zone_id": "D896", "is_urban": false, "ward_name": null, "center_lon": 75.086179700000145, "center_lat": 13.2424169, "area_sqkm": 4.2095591208013685, "population": 1663.0, "waste_kg_day": 498.9, "waste_tons_day": 0.499, "buildings": 361.0, "risk": "Low" }, "geometry": { "type": "Polygon", "coordinates": [ [ [ 75.076679700000142, 13.2334169 ], [ 75.076679700000142, 13.2514169 ], [ 75.095679700000147, 13.2514169 ], [ 75.095679700000147, 13.2334169 ], [ 75.076679700000142, 13.2334169 ] ] ] } },
{ "type": "Feature", "properties": { "zone_id": "D897", "is_urban": false, "ward_name": null, "center_lon": 75.086179700000145, "center_lat": 13.2604169, "area_sqkm": 4.2095591208013685, "population": 3645.0, "waste_kg_day": 1093.5, "waste_tons_day": 1.093, "buildings": 806.0, "risk": "Medium" }, "geometry": { "type": "Polygon", "coordinates": [ [ [ 75.076679700000142, 13.2514169 ], [ 75.076679700000142, 13.2694169 ], [ 75.095679700000147, 13.2694169 ], [ 75.095679700000147, 13.2514169 ], [ 75.076679700000142, 13.2514169 ] ] ] } },
{ "type": "Feature", "properties": { "zone_id": "D898", "is_urban": false, "ward_name": null, "center_lon": 75.086179700000145, "center_lat": 13.2784169, "area_sqkm": 4.2095591208013685, "population": 1069.0, "waste_kg_day": 320.7, "waste_tons_day": 0.321, "buildings": 294.0, "risk": "Low" }, "geometry": { "type": "Polygon", "coordinates": [ [ [ 75.076679700000142, 13.2694169 ], [ 75.076679700000142, 13.2874169 ], [ 75.095679700000147, 13.2874169 ], [ 75.095679700000147, 13.2694169 ], [ 75.076679700000142, 13.2694169 ] ] ] } },
{ "type": "Feature", "properties": { "zone_id": "D899", "is_urban": false, "ward_name": null, "center_lon": 75.086179700000145, "center_lat": 13.2964169, "area_sqkm": 4.2095591208013685, "population": 4761.0, "waste_kg_day": 1428.3, "waste_tons_day": 1.428, "buildings": 1319.0, "risk": "Medium" }, "geometry": { "type": "Polygon", "coordinates": [ [ [ 75.076679700000142, 13.2874169 ], [ 75.076679700000142, 13.3054169 ], [ 75.095679700000147, 13.3054169 ], [ 75.095679700000147, 13.2874169 ], [ 75.076679700000142, 13.2874169 ] ] ] } },
{ "type": "Feature", "properties": { "zone_id": "D900", "is_urban": false, "ward_name": null, "center_lon": 75.085834142405815, "center_lat": 13.314113362763997, "area_sqkm": 4.0339195407853188, "population": 1180.0, "waste_kg_day": 354.0, "waste_tons_day": 0.354, "buildings": 335.0, "risk": "Low" }, "geometry": { "type": "Polygon", "coordinates": [ [ [ 75.0927718, 13.3209992 ], [ 75.0938021, 13.3197408 ], [ 75.0938704, 13.3196571 ], [ 75.0951028, 13.3181116 ], [ 75.095679700000147, 13.31743103046993 ], [ 75.095679700000147, 13.3054169 ], [ 75.076679700000142, 13.3054169 ], [ 75.076679700000142, 13.3234169 ], [ 75.091089545614878, 13.3234169 ], [ 75.0927718, 13.3209992 ] ] ] } },
{ "type": "Feature", "properties": { "zone_id": "D901", "is_urban": false, "ward_name": null, "center_lon": 75.081573286896173, "center_lat": 13.330355439161025, "area_sqkm": 1.8719862859511551, "population": 2702.0, "waste_kg_day": 810.6, "waste_tons_day": 0.811, "buildings": 586.0, "risk": "Medium" }, "geometry": { "type": "Polygon", "coordinates": [ [ [ 75.0796196, 13.3412216 ], [ 75.0811523, 13.3390888 ], [ 75.0815955, 13.3382573 ], [ 75.0815955, 13.3382572 ], [ 75.0817971, 13.3376208 ], [ 75.0821035, 13.3366529 ], [ 75.0822098, 13.3357626 ], [ 75.0827738, 13.3351236 ], [ 75.0829715, 13.3348995 ], [ 75.0829716, 13.3348995 ], [ 75.0841256, 13.3339326 ], [ 75.0850626, 13.3331192 ], [ 75.0856351, 13.3319036 ], [ 75.0857415, 13.3316113 ], [ 75.0860456, 13.3307762 ], [ 75.0861107, 13.3305975 ], [ 75.0865778, 13.3299243 ], [ 75.0871956, 13.329034 ], [ 75.0881234, 13.327841 ], [ 75.0888885, 13.3266936 ], [ 75.0892867, 13.3260967 ], [ 75.0900299, 13.3249398 ], [ 75.091089545614878, 13.3234169 ], [ 75.076679700000142, 13.3234169 ], [ 75.076679700000142, 13.3414169 ], [ 75.079487756317022, 13.3414169 ], [ 75.0796196, 13.3412216 ] ] ] } },
{ "type": "Feature", "properties": { "zone_id": "D902", "is_urban": false, "ward_name": null, "center_lon": 75.082545040869192, "center_lat": 13.351968659951298, "area_sqkm": 2.315996683404145, "population": 1526.0, "waste_kg_day": 457.8, "waste_tons_day": 0.458, "buildings": 386.0, "risk": "Low" }, "geometry": { "type": "MultiPolygon", "coordinates": [ [ [ [ 75.0941466, 13.3586586 ], [ 75.0930015, 13.3591391 ], [ 75.092523695745513, 13.35941690000001 ], [ 75.095679700000147, 13.35941690000001 ], [ 75.095679700000147, 13.358015165049245 ], [ 75.0941466, 13.3586586 ] ] ], [ [ [ 75.0895584, 13.3575885 ], [ 75.0893696, 13.3549852 ], [ 75.0891715, 13.3529288 ], [ 75.0891163, 13.3512928 ], [ 75.0888396, 13.3499052 ], [ 75.0882483, 13.3489902 ], [ 75.0879722, 13.3485628 ], [ 75.0873203, 13.3478168 ], [ 75.0865462, 13.346931 ], [ 75.0853049, 13.3457106 ], [ 75.0845644, 13.3451289 ], [ 75.0833483, 13.3441736 ], [ 75.0826683, 13.3438105 ], [ 75.0821206, 13.343518 ], [ 75.0812151, 13.3433721 ], [ 75.0800992, 13.3431922 ], [ 75.0788991, 13.3430971 ], [ 75.0785253, 13.3429569 ], [ 75.0787156, 13.3426209 ], [ 75.0789271, 13.3422474 ], [ 75.079487756317022, 13.3414169 ], [ 75.076679700000142, 13.3414169 ], [ 75.076679700000142, 13.35941690000001 ], [ 75.089677274836404, 13.35941690000001 ], [ 75.0895584, 13.3575885 ] ] ] ] } },
{ "type": "Feature", "properties": { "zone_id": "D903", "is_urban": false, "ward_name": null, "center_lon": 75.086148811532965, "center_lat": 13.368475446089219, "area_sqkm": 4.1805486822371574, "population": 2736.0, "waste_kg_day": 820.8, "waste_tons_day": 0.821, "buildings": 586.0, "risk": "Medium" }, "geometry": { "type": "Polygon", "coordinates": [ [ [ 75.090398, 13.3606528 ], [ 75.0897286, 13.3611905 ], [ 75.0897116, 13.3604082 ], [ 75.0896965, 13.3597126 ], [ 75.089677274836404, 13.35941690000001 ], [ 75.076679700000142, 13.35941690000001 ], [ 75.076679700000142, 13.377416900000011 ], [ 75.095679700000147, 13.377416900000011 ], [ 75.095679700000147, 13.35941690000001 ], [ 75.092523695745513, 13.35941690000001 ], [ 75.090398, 13.3606528 ] ] ] } },
{ "type": "Feature", "properties": { "zone_id": "D904", "is_urban": false, "ward_name": null, "center_lon": 75.086179700000145, "center_lat": 13.3864169, "area_sqkm": 4.2095591208013685, "population": 4461.0, "waste_kg_day": 1338.3, "waste_tons_day": 1.338, "buildings": 1180.0, "risk": "Medium" }, "geometry": { "type": "Polygon", "coordinates": [ [ [ 75.076679700000142, 13.377416900000011 ], [ 75.076679700000142, 13.395416900000011 ], [ 75.095679700000147, 13.395416900000011 ], [ 75.095679700000147, 13.377416900000011 ], [ 75.076679700000142, 13.377416900000011 ] ] ] } },
{ "type": "Feature", "properties": { "zone_id": "D905", "is_urban": false, "ward_name": null, "center_lon": 75.086179700000145, "center_lat": 13.4044169, "area_sqkm": 4.2095591208013685, "population": 1794.0, "waste_kg_day": 538.2, "waste_tons_day": 0.538, "buildings": 491.0, "risk": "Medium" }, "geometry": { "type": "Polygon", "coordinates": [ [ [ 75.076679700000142, 13.395416900000011 ], [ 75.076679700000142, 13.413416900000012 ], [ 75.095679700000147, 13.413416900000012 ], [ 75.095679700000147, 13.395416900000011 ], [ 75.076679700000142, 13.395416900000011 ] ] ] } },
{ "type": "Feature", "properties": { "zone_id": "D906", "is_urban": false, "ward_name": null, "center_lon": 75.086179700000145, "center_lat": 13.4224169, "area_sqkm": 4.2095591208013685, "population": 4455.0, "waste_kg_day": 1336.5, "waste_tons_day": 1.337, "buildings": 958.0, "risk": "Medium" }, "geometry": { "type": "Polygon", "coordinates": [ [ [ 75.076679700000142, 13.413416900000012 ], [ 75.076679700000142, 13.431416900000013 ], [ 75.095679700000147, 13.431416900000013 ], [ 75.095679700000147, 13.413416900000012 ], [ 75.076679700000142, 13.413416900000012 ] ] ] } },
{ "type": "Feature", "properties": { "zone_id": "D907", "is_urban": false, "ward_name": null, "center_lon": 75.086179700000145, "center_lat": 13.4404169, "area_sqkm": 4.2095591208013685, "population": 2292.0, "waste_kg_day": 687.6, "waste_tons_day": 0.688, "buildings": 649.0, "risk": "Medium" }, "geometry": { "type": "Polygon", "coordinates": [ [ [ 75.076679700000142, 13.431416900000013 ], [ 75.076679700000142, 13.449416900000013 ], [ 75.095679700000147, 13.449416900000013 ], [ 75.095679700000147, 13.431416900000013 ], [ 75.076679700000142, 13.431416900000013 ] ] ] } },
{ "type": "Feature", "properties": { "zone_id": "D908", "is_urban": false, "ward_name": null, "center_lon": 75.086179700000145, "center_lat": 13.4584169, "area_sqkm": 4.2095591208013685, "population": 1291.0, "waste_kg_day": 387.3, "waste_tons_day": 0.387, "buildings": 260.0, "risk": "Low" }, "geometry": { "type": "Polygon", "coordinates": [ [ [ 75.076679700000142, 13.449416900000013 ], [ 75.076679700000142, 13.467416900000014 ], [ 75.095679700000147, 13.467416900000014 ], [ 75.095679700000147, 13.449416900000013 ], [ 75.076679700000142, 13.449416900000013 ] ] ] } },
{ "type": "Feature", "properties": { "zone_id": "D909", "is_urban": false, "ward_name": null, "center_lon": 75.086179700000145, "center_lat": 13.4764169, "area_sqkm": 4.2095591208013685, "population": 2458.0, "waste_kg_day": 737.4, "waste_tons_day": 0.737, "buildings": 528.0, "risk": "Medium" }, "geometry": { "type": "Polygon", "coordinates": [ [ [ 75.076679700000142, 13.467416900000014 ], [ 75.076679700000142, 13.485416900000015 ], [ 75.095679700000147, 13.485416900000015 ], [ 75.095679700000147, 13.467416900000014 ], [ 75.076679700000142, 13.467416900000014 ] ] ] } },
{ "type": "Feature", "properties": { "zone_id": "D910", "is_urban": false, "ward_name": null, "center_lon": 75.084122647614208, "center_lat": 13.490449505489787, "area_sqkm": 1.8175788938292547, "population": 1839.0, "waste_kg_day": 551.7, "waste_tons_day": 0.552, "buildings": 451.0, "risk": "Medium" }, "geometry": { "type": "Polygon", "coordinates": [ [ [ 75.0795436, 13.5029467 ], [ 75.079554, 13.5024942 ], [ 75.0795588, 13.502161 ], [ 75.079568, 13.5015225 ], [ 75.0791957, 13.5011493 ], [ 75.0789081, 13.4992262 ], [ 75.0783864, 13.4983358 ], [ 75.0778462, 13.4975584 ], [ 75.0775, 13.4966318 ], [ 75.077722, 13.4952805 ], [ 75.0784566, 13.4940695 ], [ 75.0791125, 13.4931612 ], [ 75.0798701, 13.4924609 ], [ 75.0803135, 13.492235 ], [ 75.0817036, 13.492407 ], [ 75.08356, 13.4929542 ], [ 75.0844374, 13.4932481 ], [ 75.0865247, 13.4943467 ], [ 75.0876054, 13.4944237 ], [ 75.0890187, 13.4937234 ], [ 75.0900024, 13.4933078 ], [ 75.0906998, 13.4933079 ], [ 75.0907369, 13.4926661 ], [ 75.0911342, 13.4916719 ], [ 75.0916192, 13.4910845 ], [ 75.0916378, 13.4900676 ], [ 75.0920258, 13.4896293 ], [ 75.0930882, 13.4887436 ], [ 75.0943445, 13.4875687 ], [ 75.0953005, 13.4873519 ], [ 75.095679700000147, 13.487120315412454 ], [ 75.095679700000147, 13.485416900000015 ], [ 75.076679700000142, 13.485416900000015 ], [ 75.076679700000142, 13.503416900000015 ], [ 75.079532851143014, 13.503416900000015 ], [ 75.0795436, 13.5029467 ] ] ] } },
{ "type": "Feature", "properties": { "zone_id": "D911", "is_urban": false, "ward_name": null, "center_lon": 75.077697066894331, "center_lat": 13.506916974435981, "area_sqkm": 0.19509868656139442, "population": 91.0, "waste_kg_day": 27.3, "waste_tons_day": 0.027, "buildings": 24.0, "risk": "Low" }, "geometry": { "type": "Polygon", "coordinates": [ [ [ 75.0768357, 13.5142712 ], [ 75.0770807, 13.5132182 ], [ 75.0770808, 13.5132182 ], [ 75.077312, 13.5116591 ], [ 75.0776496, 13.5096525 ], [ 75.0778669, 13.5088933 ], [ 75.077911, 13.508757 ], [ 75.0781257, 13.5080934 ], [ 75.0788881, 13.5064802 ], [ 75.0793501, 13.5055267 ], [ 75.0793501, 13.5055266 ], [ 75.0793677, 13.5054804 ], [ 75.0795026, 13.5051245 ], [ 75.0795253, 13.5049177 ], [ 75.0795581, 13.5046183 ], [ 75.0795406, 13.5039095 ], [ 75.0795307, 13.503511 ], [ 75.079532851143014, 13.503416900000015 ], [ 75.076679700000142, 13.503416900000015 ], [ 75.076679700000142, 13.514404601769792 ], [ 75.0768357, 13.5142712 ] ] ] } },
{ "type": "Feature", "properties": { "zone_id": "D912", "is_urban": false, "ward_name": null, "center_lon": 75.108078273041301, "center_lat": 13.155581675619306, "area_sqkm": 2.005474180240959, "population": 2004.0, "waste_kg_day": 601.2, "waste_tons_day": 0.601, "buildings": 429.0, "risk": "Medium" }, "geometry": { "type": "Polygon", "coordinates": [ [ [ 75.1135462, 13.14474 ], [ 75.1111618, 13.1470041 ], [ 75.110696, 13.1475148 ], [ 75.1128311, 13.1491013 ], [ 75.1131815, 13.1503171 ], [ 75.1130155, 13.1505883 ], [ 75.1128771, 13.1508097 ], [ 75.1103914, 13.1504932 ], [ 75.1060148, 13.1503934 ], [ 75.1036765, 13.1510847 ], [ 75.1026572, 13.1525715 ], [ 75.1009275, 13.1540628 ], [ 75.1027584, 13.1547544 ], [ 75.1040819, 13.1559477 ], [ 75.1042847, 13.1569375 ], [ 75.1041832, 13.1574347 ], [ 75.1036758, 13.1577329 ], [ 75.1025551, 13.1579271 ], [ 75.1011301, 13.1576332 ], [ 75.0983862, 13.1558477 ], [ 75.0970626, 13.1559469 ], [ 75.0970624, 13.1569367 ], [ 75.097671, 13.1584237 ], [ 75.0992987, 13.1613029 ], [ 75.099342765052953, 13.1614169 ], [ 75.114679700000153, 13.1614169 ], [ 75.114679700000153, 13.143722026719523 ], [ 75.1135462, 13.14474 ] ] ] } },
{ "type": "Feature", "properties": { "zone_id": "D913", "is_urban": false, "ward_name": null, "center_lon": 75.105472993354212, "center_lat": 13.170703714277757, "area_sqkm": 4.0519924455887235, "population": 4202.0, "waste_kg_day": 1260.6, "waste_tons_day": 1.261, "buildings": 978.0, "risk": "Medium" }, "geometry": { "type": "Polygon", "coordinates": [ [ [ 75.0999119, 13.1628893 ], [ 75.0992983, 13.1644756 ], [ 75.0974672, 13.1648731 ], [ 75.095679700000147, 13.164523421944192 ], [ 75.095679700000147, 13.1794169 ], [ 75.114679700000153, 13.1794169 ], [ 75.114679700000153, 13.1614169 ], [ 75.099342765052953, 13.1614169 ], [ 75.0999119, 13.1628893 ] ] ] } },
{ "type": "Feature", "properties": { "zone_id": "D914", "is_urban": false, "ward_name": null, "center_lon": 75.10517970000015, "center_lat": 13.1884169, "area_sqkm": 4.2095591208013685, "population": 1071.0, "waste_kg_day": 321.3, "waste_tons_day": 0.321, "buildings": 216.0, "risk": "Low" }, "geometry": { "type": "Polygon", "coordinates": [ [ [ 75.095679700000147, 13.1794169 ], [ 75.095679700000147, 13.1974169 ], [ 75.114679700000153, 13.1974169 ], [ 75.114679700000153, 13.1794169 ], [ 75.095679700000147, 13.1794169 ] ] ] } },
{ "type": "Feature", "properties": { "zone_id": "D915", "is_urban": false, "ward_name": null, "center_lon": 75.10517970000015, "center_lat": 13.2064169, "area_sqkm": 4.2095591208013685, "population": 5212.0, "waste_kg_day": 1563.6, "waste_tons_day": 1.564, "buildings": 1323.0, "risk": "High" }, "geometry": { "type": "Polygon", "coordinates": [ [ [ 75.095679700000147, 13.1974169 ], [ 75.095679700000147, 13.2154169 ], [ 75.114679700000153, 13.2154169 ], [ 75.114679700000153, 13.1974169 ], [ 75.095679700000147, 13.1974169 ] ] ] } },
{ "type": "Feature", "properties": { "zone_id": "D916", "is_urban": false, "ward_name": null, "center_lon": 75.10517970000015, "center_lat": 13.2244169, "area_sqkm": 4.2095591208013685, "population": 6204.0, "waste_kg_day": 1861.2, "waste_tons_day": 1.861, "buildings": 1409.0, "risk": "High" }, "geometry": { "type": "Polygon", "coordinates": [ [ [ 75.095679700000147, 13.2154169 ], [ 75.095679700000147, 13.2334169 ], [ 75.114679700000153, 13.2334169 ], [ 75.114679700000153, 13.2154169 ], [ 75.095679700000147, 13.2154169 ] ] ] } },
{ "type": "Feature", "properties": { "zone_id": "D917", "is_urban": false, "ward_name": null, "center_lon": 75.10517970000015, "center_lat": 13.2424169, "area_sqkm": 4.2095591208013685, "population": 4029.0, "waste_kg_day": 1208.7, "waste_tons_day": 1.209, "buildings": 871.0, "risk": "Medium" }, "geometry": { "type": "Polygon", "coordinates": [ [ [ 75.095679700000147, 13.2334169 ], [ 75.095679700000147, 13.2514169 ], [ 75.114679700000153, 13.2514169 ], [ 75.114679700000153, 13.2334169 ], [ 75.095679700000147, 13.2334169 ] ] ] } },
{ "type": "Feature", "properties": { "zone_id": "D918", "is_urban": false, "ward_name": null, "center_lon": 75.10517970000015, "center_lat": 13.2604169, "area_sqkm": 4.2095591208013685, "population": 5284.0, "waste_kg_day": 1585.2, "waste_tons_day": 1.585, "buildings": 1178.0, "risk": "High" }, "geometry": { "type": "Polygon", "coordinates": [ [ [ 75.095679700000147, 13.2514169 ], [ 75.095679700000147, 13.2694169 ], [ 75.114679700000153, 13.2694169 ], [ 75.114679700000153, 13.2514169 ], [ 75.095679700000147, 13.2514169 ] ] ] } },
{ "type": "Feature", "properties": { "zone_id": "D919", "is_urban": false, "ward_name": null, "center_lon": 75.104872655405146, "center_lat": 13.278163622597956, "area_sqkm": 4.0576474079857023, "population": 1487.0, "waste_kg_day": 446.1, "waste_tons_day": 0.446, "buildings": 371.0, "risk": "Low" }, "geometry": { "type": "Polygon", "coordinates": [ [ [ 75.1115008, 13.2866231 ], [ 75.1122035, 13.285835 ], [ 75.1123641, 13.285494 ], [ 75.1127053, 13.28477 ], [ 75.1125926, 13.2839658 ], [ 75.1124575, 13.2830013 ], [ 75.1124667, 13.282468 ], [ 75.1133809, 13.2824511 ], [ 75.1146631, 13.2824275 ], [ 75.114679700000153, 13.282426141019023 ], [ 75.114679700000153, 13.2694169 ], [ 75.095679700000147, 13.2694169 ], [ 75.095679700000147, 13.2874169 ], [ 75.110792973927943, 13.2874169 ], [ 75.1115008, 13.2866231 ] ] ] } },
{ "type": "Feature", "properties": { "zone_id": "D920", "is_urban": false, "ward_name": null, "center_lon": 75.100469367796194, "center_lat": 13.294452889071456, "area_sqkm": 1.8488607919172739, "population": 2600.0, "waste_kg_day": 780.0, "waste_tons_day": 0.78, "buildings": 677.0, "risk": "Medium" }, "geometry": { "type": "Polygon", "coordinates": [ [ [ 75.1000886, 13.3049288 ], [ 75.1001072, 13.3035594 ], [ 75.1002273, 13.3022216 ], [ 75.1006935, 13.3010692 ], [ 75.101552, 13.2996412 ], [ 75.1015521, 13.2996411 ], [ 75.1020781, 13.2992571 ], [ 75.1024381, 13.2986967 ], [ 75.102886, 13.2981294 ], [ 75.1035227, 13.2973229 ], [ 75.1041135, 13.2964055 ], [ 75.1046674, 13.2948011 ], [ 75.1047465, 13.2944913 ], [ 75.1049397, 13.2937345 ], [ 75.1050843, 13.2930919 ], [ 75.1051315, 13.2928817 ], [ 75.1051613, 13.2927493 ], [ 75.1054246, 13.292557 ], [ 75.1059966, 13.2921392 ], [ 75.1067857, 13.2913891 ], [ 75.1087332, 13.2895227 ], [ 75.1089833, 13.2892672 ], [ 75.1093465, 13.2888963 ], [ 75.1102019, 13.2880227 ], [ 75.110773, 13.2874393 ], [ 75.110792973927943, 13.2874169 ], [ 75.095679700000147, 13.2874169 ], [ 75.095679700000147, 13.3054169 ], [ 75.099939683835757, 13.3054169 ], [ 75.1000886, 13.3049288 ] ] ] } },
{ "type": "Feature", "properties": { "zone_id": "D921", "is_urban": false, "ward_name": null, "center_lon": 75.097155338554188, "center_lat": 13.30925485798701, "area_sqkm": 0.31030707570163246, "population": 212.0, "waste_kg_day": 63.6, "waste_tons_day": 0.064, "buildings": 51.0, "risk": "Low" }, "geometry": { "type": "Polygon", "coordinates": [ [ [ 75.096026, 13.3170225 ], [ 75.096191, 13.3163784 ], [ 75.0964, 13.3155627 ], [ 75.0965433, 13.3138634 ], [ 75.0967142, 13.3126748 ], [ 75.097005, 13.3121054 ], [ 75.0980296, 13.3111429 ], [ 75.0982742, 13.3106729 ], [ 75.098662, 13.3096018 ], [ 75.0993129, 13.3077534 ], [ 75.0995101, 13.3069547 ], [ 75.0996777, 13.3062756 ], [ 75.099939683835757, 13.3054169 ], [ 75.095679700000147, 13.3054169 ], [ 75.095679700000147, 13.31743103046993 ], [ 75.096026, 13.3170225 ] ] ] } },
{ "type": "Feature", "properties": { "zone_id": "D922", "is_urban": false, "ward_name": null, "center_lon": 75.106618649360044, "center_lat": 13.358266487300599, "area_sqkm": 0.29400974251544271, "population": 226.0, "waste_kg_day": 67.8, "waste_tons_day": 0.068, "buildings": 51.0, "risk": "Low" }, "geometry": { "type": "MultiPolygon", "coordinates": [ [ [ [ 75.1145617, 13.3571166 ], [ 75.1140946, 13.356849 ], [ 75.1138832, 13.3567279 ], [ 75.1120462, 13.3564024 ], [ 75.1106661, 13.3567051 ], [ 75.1101537, 13.3571028 ], [ 75.1091058, 13.3584675 ], [ 75.1091058, 13.3584676 ], [ 75.1081872, 13.359272 ], [ 75.107379090017133, 13.35941690000001 ], [ 75.114679700000153, 13.35941690000001 ], [ 75.114679700000153, 13.3573368248572 ], [ 75.1145617, 13.3571166 ] ] ], [ [ [ 75.1005114, 13.3586294 ], [ 75.0991499, 13.3574361 ], [ 75.0985499, 13.3569073 ], [ 75.0963065, 13.3577521 ], [ 75.095679700000147, 13.358015165049245 ], [ 75.095679700000147, 13.35941690000001 ], [ 75.101302482738632, 13.35941690000001 ], [ 75.1005114, 13.3586294 ] ] ] ] } },
{ "type": "Feature", "properties": { "zone_id": "D923", "is_urban": false, "ward_name": null, "center_lon": 75.10519046604378, "center_lat": 13.368481502205224, "area_sqkm": 4.1786678117090013, "population": 5958.0, "waste_kg_day": 1787.4, "waste_tons_day": 1.787, "buildings": 1543.0, "risk": "High" }, "geometry": { "type": "Polygon", "coordinates": [ [ [ 75.1052654, 13.3597959 ], [ 75.1034422, 13.3600534 ], [ 75.1034421, 13.3600534 ], [ 75.102099, 13.3601075 ], [ 75.1019336, 13.3599795 ], [ 75.1016375, 13.3597504 ], [ 75.101302482738632, 13.35941690000001 ], [ 75.095679700000147, 13.35941690000001 ], [ 75.095679700000147, 13.377416900000011 ], [ 75.114679700000153, 13.377416900000011 ], [ 75.114679700000153, 13.35941690000001 ], [ 75.107379090017133, 13.35941690000001 ], [ 75.1052654, 13.3597959 ] ] ] } },
{ "type": "Feature", "properties": { "zone_id": "D924", "is_urban": false, "ward_name": null, "center_lon": 75.10517970000015, "center_lat": 13.3864169, "area_sqkm": 4.2095591208013685, "population": 1506.0, "waste_kg_day": 451.8, "waste_tons_day": 0.452, "buildings": 396.0, "risk": "Low" }, "geometry": { "type": "Polygon", "coordinates": [ [ [ 75.095679700000147, 13.377416900000011 ], [ 75.095679700000147, 13.395416900000011 ], [ 75.114679700000153, 13.395416900000011 ], [ 75.114679700000153, 13.377416900000011 ], [ 75.095679700000147, 13.377416900000011 ] ] ] } },
{ "type": "Feature", "properties": { "zone_id": "D925", "is_urban": false, "ward_name": null, "center_lon": 75.10517970000015, "center_lat": 13.4044169, "area_sqkm": 4.2095591208013685, "population": 5695.0, "waste_kg_day": 1708.5, "waste_tons_day": 1.708, "buildings": 1274.0, "risk": "High" }, "geometry": { "type": "Polygon", "coordinates": [ [ [ 75.095679700000147, 13.395416900000011 ], [ 75.095679700000147, 13.413416900000012 ], [ 75.114679700000153, 13.413416900000012 ], [ 75.114679700000153, 13.395416900000011 ], [ 75.095679700000147, 13.395416900000011 ] ] ] } },
{ "type": "Feature", "properties": { "zone_id": "D926", "is_urban": false, "ward_name": null, "center_lon": 75.10517970000015, "center_lat": 13.4224169, "area_sqkm": 4.2095591208013685, "population": 2406.0, "waste_kg_day": 721.8, "waste_tons_day": 0.722, "buildings": 509.0, "risk": "Medium" }, "geometry": { "type": "Polygon", "coordinates": [ [ [ 75.095679700000147, 13.413416900000012 ], [ 75.095679700000147, 13.431416900000013 ], [ 75.114679700000153, 13.431416900000013 ], [ 75.114679700000153, 13.413416900000012 ], [ 75.095679700000147, 13.413416900000012 ] ] ] } },
{ "type": "Feature", "properties": { "zone_id": "D927", "is_urban": false, "ward_name": null, "center_lon": 75.10517970000015, "center_lat": 13.4404169, "area_sqkm": 4.2095591208013685, "population": 5555.0, "waste_kg_day": 1666.5, "waste_tons_day": 1.667, "buildings": 1164.0, "risk": "High" }, "geometry": { "type": "Polygon", "coordinates": [ [ [ 75.095679700000147, 13.431416900000013 ], [ 75.095679700000147, 13.449416900000013 ], [ 75.114679700000153, 13.449416900000013 ], [ 75.114679700000153, 13.431416900000013 ], [ 75.095679700000147, 13.431416900000013 ] ] ] } },
{ "type": "Feature", "properties": { "zone_id": "D928", "is_urban": false, "ward_name": null, "center_lon": 75.104624765139292, "center_lat": 13.458099757378612, "area_sqkm": 3.9410881905759174, "population": 5496.0, "waste_kg_day": 1648.8, "waste_tons_day": 1.649, "buildings": 1417.0, "risk": "High" }, "geometry": { "type": "Polygon", "coordinates": [ [ [ 75.1124492, 13.4673552 ], [ 75.113105, 13.4665598 ], [ 75.1124677, 13.4659542 ], [ 75.1119644, 13.4657462 ], [ 75.1123108, 13.4648559 ], [ 75.1117613, 13.4642232 ], [ 75.1118584, 13.4634142 ], [ 75.1116461, 13.4620493 ], [ 75.1112213, 13.4606528 ], [ 75.1120618, 13.4599794 ], [ 75.1137427, 13.4591886 ], [ 75.114679700000153, 13.458754971280777 ], [ 75.114679700000153, 13.458487610940198 ], [ 75.1144954, 13.4580136 ], [ 75.114679700000153, 13.457839111467955 ], [ 75.114679700000153, 13.449416900000013 ], [ 75.095679700000147, 13.449416900000013 ], [ 75.095679700000147, 13.467416900000014 ], [ 75.112421495859252, 13.467416900000014 ], [ 75.1124492, 13.4673552 ] ] ] } },
{ "type": "Feature", "properties": { "zone_id": "D929", "is_urban": false, "ward_name": null, "center_lon": 75.101869817563085, "center_lat": 13.475230117347795, "area_sqkm": 2.605671068031866, "population": 3078.0, "waste_kg_day": 923.4, "waste_tons_day": 0.923, "buildings": 734.0, "risk": "Medium" }, "geometry": { "type": "Polygon", "coordinates": [ [ [ 75.1033871, 13.4853372 ], [ 75.1040615, 13.4838052 ], [ 75.1039555, 13.4824539 ], [ 75.1046483, 13.4813196 ], [ 75.1063018, 13.4786262 ], [ 75.1072487, 13.4767733 ], [ 75.1083618, 13.4740798 ], [ 75.1095396, 13.4721094 ], [ 75.1107958, 13.4696735 ], [ 75.1113453, 13.4698137 ], [ 75.112421495859252, 13.467416900000014 ], [ 75.095679700000147, 13.467416900000014 ], [ 75.095679700000147, 13.485416900000015 ], [ 75.103365815749186, 13.485416900000015 ], [ 75.1033871, 13.4853372 ] ] ] } },
{ "type": "Feature", "properties": { "zone_id": "D930", "is_urban": false, "ward_name": null, "center_lon": 75.100035372592771, "center_lat": 13.486800822761589, "area_sqkm": 0.22381508459883748, "population": 289.0, "waste_kg_day": 86.7, "waste_tons_day": 0.087, "buildings": 62.0, "risk": "Low" }, "geometry": { "type": "Polygon", "coordinates": [ [ [ 75.0967876, 13.4864437 ], [ 75.0991243, 13.4879038 ], [ 75.0999652, 13.4883762 ], [ 75.1018119, 13.4894136 ], [ 75.1022737, 13.4889436 ], [ 75.1026895, 13.4879494 ], [ 75.103365815749186, 13.485416900000015 ], [ 75.095679700000147, 13.485416900000015 ], [ 75.095679700000147, 13.487120315412454 ], [ 75.0967876, 13.4864437 ] ] ] } },
{ "type": "Feature", "properties": { "zone_id": "D931", "is_urban": false, "ward_name": null, "center_lon": 75.125423101757121, "center_lat": 13.137857564470192, "area_sqkm": 2.1349828177135275, "population": 2582.0, "waste_kg_day": 774.6, "waste_tons_day": 0.775, "buildings": 575.0, "risk": "Medium" }, "geometry": { "type": "Polygon", "coordinates": [ [ [ 75.1327952, 13.1329896 ], [ 75.1321035, 13.1328043 ], [ 75.1306232, 13.1330077 ], [ 75.12989, 13.1331704 ], [ 75.1296179, 13.1338303 ], [ 75.1293874, 13.1343817 ], [ 75.1291752, 13.1344856 ], [ 75.1287371, 13.1345263 ], [ 75.128608, 13.1345082 ], [ 75.1287141, 13.1331524 ], [ 75.128608, 13.1320812 ], [ 75.128525, 13.1319411 ], [ 75.128193, 13.1319411 ], [ 75.1275197, 13.1317558 ], [ 75.1273998, 13.1317377 ], [ 75.1222719, 13.1330845 ], [ 75.121202, 13.1326912 ], [ 75.1200354, 13.130906 ], [ 75.1200123, 13.130906 ], [ 75.1165307, 13.1311544 ], [ 75.1151242, 13.1312492 ], [ 75.1148751, 13.1319814 ], [ 75.1149996, 13.1324921 ], [ 75.1158619, 13.1334819 ], [ 75.116881, 13.1336808 ], [ 75.1201551, 13.1347205 ], [ 75.120667, 13.1362074 ], [ 75.1186331, 13.1395789 ], [ 75.1160874, 13.1424578 ], [ 75.115019454631494, 13.1434169 ], [ 75.133679700000158, 13.1434169 ], [ 75.133679700000158, 13.133086573766034 ], [ 75.1327952, 13.1329896 ] ] ] } },
{ "type": "Feature", "properties": { "zone_id": "D932", "is_urban": false, "ward_name": null, "center_lon": 75.124181122887535, "center_lat": 13.152418248844732, "area_sqkm": 4.2089211127828978, "population": 1812.0, "waste_kg_day": 543.6, "waste_tons_day": 0.544, "buildings": 419.0, "risk": "Medium" }, "geometry": { "type": "Polygon", "coordinates": [ [ [ 75.114679700000153, 13.143722026719523 ], [ 75.114679700000153, 13.1614169 ], [ 75.133679700000158, 13.1614169 ], [ 75.133679700000158, 13.1434169 ], [ 75.115019454631494, 13.1434169 ], [ 75.114679700000153, 13.143722026719523 ] ] ] } },
{ "type": "Feature", "properties": { "zone_id": "D933", "is_urban": false, "ward_name": null, "center_lon": 75.124179700000155, "center_lat": 13.1704169, "area_sqkm": 4.2095591208013685, "population": 6230.0, "waste_kg_day": 1869.0, "waste_tons_day": 1.869, "buildings": 1269.0, "risk": "High" }, "geometry": { "type": "Polygon", "coordinates": [ [ [ 75.114679700000153, 13.1614169 ], [ 75.114679700000153, 13.1794169 ], [ 75.133679700000158, 13.1794169 ], [ 75.133679700000158, 13.1614169 ], [ 75.114679700000153, 13.1614169 ] ] ] } },
{ "type": "Feature", "properties": { "zone_id": "D934", "is_urban": false, "ward_name": null, "center_lon": 75.124179700000155, "center_lat": 13.1884169, "area_sqkm": 4.2095591208013685, "population": 1078.0, "waste_kg_day": 323.4, "waste_tons_day": 0.323, "buildings": 287.0, "risk": "Low" }, "geometry": { "type": "Polygon", "coordinates": [ [ [ 75.114679700000153, 13.1794169 ], [ 75.114679700000153, 13.1974169 ], [ 75.133679700000158, 13.1974169 ], [ 75.133679700000158, 13.1794169 ], [ 75.114679700000153, 13.1794169 ] ] ] } },
{ "type": "Feature", "properties": { "zone_id": "D935", "is_urban": false, "ward_name": null, "center_lon": 75.124179700000155, "center_lat": 13.2064169, "area_sqkm": 4.2095591208013685, "population": 1562.0, "waste_kg_day": 468.6, "waste_tons_day": 0.469, "buildings": 340.0, "risk": "Low" }, "geometry": { "type": "Polygon", "coordinates": [ [ [ 75.114679700000153, 13.1974169 ], [ 75.114679700000153, 13.2154169 ], [ 75.133679700000158, 13.2154169 ], [ 75.133679700000158, 13.1974169 ], [ 75.114679700000153, 13.1974169 ] ] ] } },
{ "type": "Feature", "properties": { "zone_id": "D936", "is_urban": false, "ward_name": null, "center_lon": 75.124179700000155, "center_lat": 13.2244169, "area_sqkm": 4.2095591208013685, "population": 5317.0, "waste_kg_day": 1595.1, "waste_tons_day": 1.595, "buildings": 1391.0, "risk": "High" }, "geometry": { "type": "Polygon", "coordinates": [ [ [ 75.114679700000153, 13.2154169 ], [ 75.114679700000153, 13.2334169 ], [ 75.133679700000158, 13.2334169 ], [ 75.133679700000158, 13.2154169 ], [ 75.114679700000153, 13.2154169 ] ] ] } },
{ "type": "Feature", "properties": { "zone_id": "D937", "is_urban": false, "ward_name": null, "center_lon": 75.124179700000155, "center_lat": 13.2424169, "area_sqkm": 4.2095591208013685, "population": 3610.0, "waste_kg_day": 1083.0, "waste_tons_day": 1.083, "buildings": 758.0, "risk": "Medium" }, "geometry": { "type": "Polygon", "coordinates": [ [ [ 75.114679700000153, 13.2334169 ], [ 75.114679700000153, 13.2514169 ], [ 75.133679700000158, 13.2514169 ], [ 75.133679700000158, 13.2334169 ], [ 75.114679700000153, 13.2334169 ] ] ] } },
{ "type": "Feature", "properties": { "zone_id": "D938", "is_urban": false, "ward_name": null, "center_lon": 75.124179700000155, "center_lat": 13.2604169, "area_sqkm": 4.2095591208013685, "population": 4852.0, "waste_kg_day": 1455.6, "waste_tons_day": 1.456, "buildings": 1124.0, "risk": "Medium" }, "geometry": { "type": "Polygon", "coordinates": [ [ [ 75.114679700000153, 13.2514169 ], [ 75.114679700000153, 13.2694169 ], [ 75.133679700000158, 13.2694169 ], [ 75.133679700000158, 13.2514169 ], [ 75.114679700000153, 13.2514169 ] ] ] } },
{ "type": "Feature", "properties": { "zone_id": "D939", "is_urban": false, "ward_name": null, "center_lon": 75.124757727258611, "center_lat": 13.2772957982523, "area_sqkm": 3.6350760686950734, "population": 3516.0, "waste_kg_day": 1054.8, "waste_tons_day": 1.055, "buildings": 824.0, "risk": "Medium" }, "geometry": { "type": "Polygon", "coordinates": [ [ [ 75.1160605, 13.2823131 ], [ 75.1174225, 13.2822017 ], [ 75.1181, 13.2821706 ], [ 75.1192959, 13.2821159 ], [ 75.1194942, 13.282491 ], [ 75.1204309, 13.2840231 ], [ 75.1209154, 13.2848773 ], [ 75.1209154, 13.2848774 ], [ 75.1215649, 13.2851069 ], [ 75.1224243, 13.2854107 ], [ 75.1240742, 13.285959 ], [ 75.1247498, 13.2861836 ], [ 75.1260511, 13.286622 ], [ 75.126531, 13.2864638 ], [ 75.1285613, 13.2853565 ], [ 75.1296318, 13.2855192 ], [ 75.13091, 13.2858356 ], [ 75.1309977, 13.2864729 ], [ 75.1310623, 13.2874084 ], [ 75.131066586215539, 13.2874169 ], [ 75.133679700000158, 13.2874169 ], [ 75.133679700000158, 13.2694169 ], [ 75.114679700000153, 13.2694169 ], [ 75.114679700000153, 13.282426141019023 ], [ 75.1160605, 13.2823131 ] ] ] } },
{ "type": "Feature", "properties": { "zone_id": "D940", "is_urban": false, "ward_name": null, "center_lon": 75.13267108205909, "center_lat": 13.287860897551768, "area_sqkm": 0.024655656990427127, "population": 14.0, "waste_kg_day": 4.2, "waste_tons_day": 0.004, "buildings": 3.0, "risk": "Low" }, "geometry": { "type": "Polygon", "coordinates": [ [ [ 75.1311629, 13.2876079 ], [ 75.1312469, 13.2877745 ], [ 75.1322851, 13.2881496 ], [ 75.1331274, 13.2884814 ], [ 75.133679700000158, 13.288698991330184 ], [ 75.133679700000158, 13.2874169 ], [ 75.131066586215539, 13.2874169 ], [ 75.1311629, 13.2876079 ] ] ] } },
{ "type": "Feature", "properties": { "zone_id": "D941", "is_urban": false, "ward_name": null, "center_lon": 75.115039270163152, "center_lat": 13.3587153635753, "area_sqkm": 0.013969495041709667, "population": 15.0, "waste_kg_day": 4.5, "waste_tons_day": 0.004, "buildings": 3.0, "risk": "Low" }, "geometry": { "type": "Polygon", "coordinates": [ [ [ 75.1152955, 13.3584861 ], [ 75.114679700000153, 13.3573368248572 ], [ 75.114679700000153, 13.35941690000001 ], [ 75.11574217916332, 13.35941690000001 ], [ 75.1152955, 13.3584861 ] ] ] } },
{ "type": "Feature", "properties": { "zone_id": "D942", "is_urban": false, "ward_name": null, "center_lon": 75.120818471677453, "center_lat": 13.370371690349193, "area_sqkm": 2.3014426971858204, "population": 2363.0, "waste_kg_day": 708.9, "waste_tons_day": 0.709, "buildings": 509.0, "risk": "Medium" }, "geometry": { "type": "Polygon", "coordinates": [ [ [ 75.1290959, 13.3766833 ], [ 75.1287364, 13.375439 ], [ 75.1285056, 13.3744809 ], [ 75.1283502, 13.3739242 ], [ 75.1279794, 13.3725963 ], [ 75.1273009, 13.370558 ], [ 75.1274347, 13.3697174 ], [ 75.1280487, 13.3682259 ], [ 75.1280486, 13.3673717 ], [ 75.1277344, 13.3663257 ], [ 75.1276794, 13.3661425 ], [ 75.1269316, 13.365817 ], [ 75.125833, 13.3657221 ], [ 75.1248633, 13.3656011 ], [ 75.1243052, 13.3655323 ], [ 75.1237051, 13.3653985 ], [ 75.122805, 13.3651978 ], [ 75.1217112, 13.3641945 ], [ 75.1214295, 13.3638414 ], [ 75.1209865, 13.363286 ], [ 75.1202111, 13.3626668 ], [ 75.1191689, 13.3622392 ], [ 75.1184155, 13.3619301 ], [ 75.1179717, 13.3618196 ], [ 75.117017, 13.361582 ], [ 75.1168427, 13.3613392 ], [ 75.1163062, 13.3605922 ], [ 75.115892, 13.3597291 ], [ 75.11574217916332, 13.35941690000001 ], [ 75.114679700000153, 13.35941690000001 ], [ 75.114679700000153, 13.377416900000011 ], [ 75.129307849656058, 13.377416900000011 ], [ 75.1290959, 13.3766833 ] ] ] } },
{ "type": "Feature", "properties": { "zone_id": "D943", "is_urban": false, "ward_name": null, "center_lon": 75.122453261108674, "center_lat": 13.387116961746983, "area_sqkm": 3.3513077662747794, "population": 1367.0, "waste_kg_day": 410.1, "waste_tons_day": 0.41, "buildings": 326.0, "risk": "Low" }, "geometry": { "type": "Polygon", "coordinates": [ [ [ 75.1335142, 13.390073 ], [ 75.1323647, 13.3909905 ], [ 75.1319032, 13.3911803 ], [ 75.1306521, 13.3897838 ], [ 75.1296181, 13.3886043 ], [ 75.1296181, 13.3886042 ], [ 75.1286487, 13.3874156 ], [ 75.1286486, 13.3874156 ], [ 75.1279747, 13.3864168 ], [ 75.127093, 13.3852056 ], [ 75.12707, 13.3845186 ], [ 75.1273323, 13.3831255 ], [ 75.1275177, 13.3821414 ], [ 75.1281224, 13.3799811 ], [ 75.1285006, 13.3792544 ], [ 75.1289903, 13.3783134 ], [ 75.1293227, 13.3774683 ], [ 75.129307849656058, 13.377416900000011 ], [ 75.114679700000153, 13.377416900000011 ], [ 75.114679700000153, 13.395416900000011 ], [ 75.133679700000158, 13.395416900000011 ], [ 75.133679700000158, 13.389975788554162 ], [ 75.1335142, 13.390073 ] ] ] } },
{ "type": "Feature", "properties": { "zone_id": "D944", "is_urban": false, "ward_name": null, "center_lon": 75.124179700000155, "center_lat": 13.4044169, "area_sqkm": 4.2095591208013685, "population": 892.0, "waste_kg_day": 267.6, "waste_tons_day": 0.268, "buildings": 230.0, "risk": "Low" }, "geometry": { "type": "Polygon", "coordinates": [ [ [ 75.114679700000153, 13.395416900000011 ], [ 75.114679700000153, 13.413416900000012 ], [ 75.133679700000158, 13.413416900000012 ], [ 75.133679700000158, 13.395416900000011 ], [ 75.114679700000153, 13.395416900000011 ] ] ] } },
{ "type": "Feature", "properties": { "zone_id": "D945", "is_urban": false, "ward_name": null, "center_lon": 75.124179700000155, "center_lat": 13.4224169, "area_sqkm": 4.2095591208013685, "population": 4817.0, "waste_kg_day": 1445.1, "waste_tons_day": 1.445, "buildings": 965.0, "risk": "Medium" }, "geometry": { "type": "Polygon", "coordinates": [ [ [ 75.114679700000153, 13.413416900000012 ], [ 75.114679700000153, 13.431416900000013 ], [ 75.133679700000158, 13.431416900000013 ], [ 75.133679700000158, 13.413416900000012 ], [ 75.114679700000153, 13.413416900000012 ] ] ] } },
{ "type": "Feature", "properties": { "zone_id": "D946", "is_urban": false, "ward_name": null, "center_lon": 75.124179700000155, "center_lat": 13.4404169, "area_sqkm": 4.2095591208013685, "population": 1384.0, "waste_kg_day": 415.2, "waste_tons_day": 0.415, "buildings": 337.0, "risk": "Low" }, "geometry": { "type": "Polygon", "coordinates": [ [ [ 75.114679700000153, 13.431416900000013 ], [ 75.114679700000153, 13.449416900000013 ], [ 75.133679700000158, 13.449416900000013 ], [ 75.133679700000158, 13.431416900000013 ], [ 75.114679700000153, 13.431416900000013 ] ] ] } },
{ "type": "Feature", "properties": { "zone_id": "D947", "is_urban": false, "ward_name": null, "center_lon": 75.124946897715475, "center_lat": 13.454930643678637, "area_sqkm": 2.5128558620087111, "population": 3116.0, "waste_kg_day": 934.8, "waste_tons_day": 0.935, "buildings": 818.0, "risk": "Medium" }, "geometry": { "type": "MultiPolygon", "coordinates": [ [ [ [ 75.1147678, 13.4587142 ], [ 75.114679700000153, 13.458487610940198 ], [ 75.114679700000153, 13.458754971280777 ], [ 75.1147678, 13.4587142 ] ] ], [ [ [ 75.1157746, 13.4568025 ], [ 75.1164118, 13.4570511 ], [ 75.1187575, 13.4583076 ], [ 75.1221929, 13.460007 ], [ 75.1266674, 13.4621358 ], [ 75.1282513, 13.4623075 ], [ 75.1298121, 13.4619686 ], [ 75.1315529, 13.46125 ], [ 75.132615, 13.4606986 ], [ 75.133679700000158, 13.460817313466301 ], [ 75.133679700000158, 13.449416900000013 ], [ 75.114679700000153, 13.449416900000013 ], [ 75.114679700000153, 13.457839111467955 ], [ 75.1157746, 13.4568025 ] ] ] ] } },
{ "type": "Feature", "properties": { "zone_id": "D948", "is_urban": false, "ward_name": null, "center_lon": 75.148915980857907, "center_lat": 13.125102757845799, "area_sqkm": 0.037529724189876566, "population": 34.0, "waste_kg_day": 10.2, "waste_tons_day": 0.01, "buildings": 7.0, "risk": "Low" }, "geometry": { "type": "Polygon", "coordinates": [ [ [ 75.1512081, 13.1251292 ], [ 75.1507885, 13.1248626 ], [ 75.1500368, 13.1247 ], [ 75.1494696, 13.1247407 ], [ 75.1487595, 13.1246549 ], [ 75.1479479, 13.1247001 ], [ 75.1473807, 13.1247996 ], [ 75.145965569575779, 13.1254169 ], [ 75.151720274112208, 13.1254169 ], [ 75.1512081, 13.1251292 ] ] ] } },
{ "type": "Feature", "properties": { "zone_id": "D949", "is_urban": false, "ward_name": null, "center_lon": 75.144392872758544, "center_lat": 13.135926584112191, "area_sqkm": 3.3111773050819702, "population": 3313.0, "waste_kg_day": 993.9, "waste_tons_day": 0.994, "buildings": 875.0, "risk": "Medium" }, "geometry": { "type": "Polygon", "coordinates": [ [ [ 75.152504, 13.1259246 ], [ 75.1518999, 13.1255178 ], [ 75.151720274112208, 13.1254169 ], [ 75.145965569575779, 13.1254169 ], [ 75.1454947, 13.1256223 ], [ 75.1448492, 13.1261963 ], [ 75.1440515, 13.1272675 ], [ 75.143678, 13.1280901 ], [ 75.143595, 13.1285601 ], [ 75.1439271, 13.1293194 ], [ 75.1446189, 13.1299385 ], [ 75.1447664, 13.1302865 ], [ 75.1446835, 13.1308831 ], [ 75.1446835, 13.1313351 ], [ 75.1439503, 13.1310594 ], [ 75.1434476, 13.1310413 ], [ 75.1434476, 13.1305894 ], [ 75.1431294, 13.1306482 ], [ 75.1423778, 13.1310414 ], [ 75.1413494, 13.131638 ], [ 75.1408883, 13.1321307 ], [ 75.1403257, 13.1323748 ], [ 75.1395694, 13.1322528 ], [ 75.1391498, 13.1320901 ], [ 75.1385918, 13.1320042 ], [ 75.1377756, 13.1318416 ], [ 75.1375035, 13.1317602 ], [ 75.1370654, 13.1327681 ], [ 75.1366873, 13.1334008 ], [ 75.1364153, 13.1337714 ], [ 75.1355391, 13.1336042 ], [ 75.1348289, 13.1333376 ], [ 75.1341141, 13.1331342 ], [ 75.133679700000158, 13.133086573766034 ], [ 75.133679700000158, 13.1434169 ], [ 75.152679700000164, 13.1434169 ], [ 75.152679700000164, 13.126064024038978 ], [ 75.152504, 13.1259246 ] ] ] } },
{ "type": "Feature", "properties": { "zone_id": "D950", "is_urban": false, "ward_name": null, "center_lon": 75.143179700000175, "center_lat": 13.1524169, "area_sqkm": 4.2095591208013685, "population": 2786.0, "waste_kg_day": 835.8, "waste_tons_day": 0.836, "buildings": 595.0, "risk": "Medium" }, "geometry": { "type": "Polygon", "coordinates": [ [ [ 75.133679700000158, 13.1434169 ], [ 75.133679700000158, 13.1614169 ], [ 75.152679700000164, 13.1614169 ], [ 75.152679700000164, 13.1434169 ], [ 75.133679700000158, 13.1434169 ] ] ] } },
{ "type": "Feature", "properties": { "zone_id": "D951", "is_urban": false, "ward_name": null, "center_lon": 75.143179700000175, "center_lat": 13.1704169, "area_sqkm": 4.2095591208013685, "population": 3874.0, "waste_kg_day": 1162.2, "waste_tons_day": 1.162, "buildings": 1104.0, "risk": "Medium" }, "geometry": { "type": "Polygon", "coordinates": [ [ [ 75.133679700000158, 13.1614169 ], [ 75.133679700000158, 13.1794169 ], [ 75.152679700000164, 13.1794169 ], [ 75.152679700000164, 13.1614169 ], [ 75.133679700000158, 13.1614169 ] ] ] } },
{ "type": "Feature", "properties": { "zone_id": "D952", "is_urban": false, "ward_name": null, "center_lon": 75.143179700000175, "center_lat": 13.1884169, "area_sqkm": 4.2095591208013685, "population": 5006.0, "waste_kg_day": 1501.8, "waste_tons_day": 1.502, "buildings": 1408.0, "risk": "High" }, "geometry": { "type": "Polygon", "coordinates": [ [ [ 75.133679700000158, 13.1794169 ], [ 75.133679700000158, 13.1974169 ], [ 75.152679700000164, 13.1974169 ], [ 75.152679700000164, 13.1794169 ], [ 75.133679700000158, 13.1794169 ] ] ] } },
{ "type": "Feature", "properties": { "zone_id": "D953", "is_urban": false, "ward_name": null, "center_lon": 75.143179700000175, "center_lat": 13.2064169, "area_sqkm": 4.2095591208013685, "population": 4922.0, "waste_kg_day": 1476.6, "waste_tons_day": 1.477, "buildings": 1293.0, "risk": "Medium" }, "geometry": { "type": "Polygon", "coordinates": [ [ [ 75.133679700000158, 13.1974169 ], [ 75.133679700000158, 13.2154169 ], [ 75.152679700000164, 13.2154169 ], [ 75.152679700000164, 13.1974169 ], [ 75.133679700000158, 13.1974169 ] ] ] } },
{ "type": "Feature", "properties": { "zone_id": "D954", "is_urban": false, "ward_name": null, "center_lon": 75.143179700000175, "center_lat": 13.2244169, "area_sqkm": 4.2095591208013685, "population": 6084.0, "waste_kg_day": 1825.2, "waste_tons_day": 1.825, "buildings": 1501.0, "risk": "High" }, "geometry": { "type": "Polygon", "coordinates": [ [ [ 75.133679700000158, 13.2154169 ], [ 75.133679700000158, 13.2334169 ], [ 75.152679700000164, 13.2334169 ], [ 75.152679700000164, 13.2154169 ], [ 75.133679700000158, 13.2154169 ] ] ] } },
{ "type": "Feature", "properties": { "zone_id": "D955", "is_urban": false, "ward_name": null, "center_lon": 75.143179700000175, "center_lat": 13.2424169, "area_sqkm": 4.2095591208013685, "population": 2631.0, "waste_kg_day": 789.3, "waste_tons_day": 0.789, "buildings": 706.0, "risk": "Medium" }, "geometry": { "type": "Polygon", "coordinates": [ [ [ 75.133679700000158, 13.2334169 ], [ 75.133679700000158, 13.2514169 ], [ 75.152679700000164, 13.2514169 ], [ 75.152679700000164, 13.2334169 ], [ 75.133679700000158, 13.2334169 ] ] ] } },
{ "type": "Feature", "properties": { "zone_id": "D956", "is_urban": false, "ward_name": null, "center_lon": 75.143041592453301, "center_lat": 13.260292755920078, "area_sqkm": 4.1426707130335974, "population": 2474.0, "waste_kg_day": 742.2, "waste_tons_day": 0.742, "buildings": 513.0, "risk": "Medium" }, "geometry": { "type": "Polygon", "coordinates": [ [ [ 75.1493337, 13.2692438 ], [ 75.1503856, 13.2688279 ], [ 75.1503857, 13.2688278 ], [ 75.1504932, 13.2687389 ], [ 75.1508886, 13.268412 ], [ 75.1516083, 13.2673092 ], [ 75.1525678, 13.2652346 ], [ 75.152679700000164, 13.264926683902138 ], [ 75.152679700000164, 13.2514169 ], [ 75.133679700000158, 13.2514169 ], [ 75.133679700000158, 13.2694169 ], [ 75.149222388887807, 13.2694169 ], [ 75.1493337, 13.2692438 ] ] ] } },
{ "type": "Feature", "properties": { "zone_id": "D957", "is_urban": false, "ward_name": null, "center_lon": 75.139177998329885, "center_lat": 13.277042550417601, "area_sqkm": 2.2747053069623573, "population": 3401.0, "waste_kg_day": 1020.3, "waste_tons_day": 1.02, "buildings": 839.0, "risk": "Medium" }, "geometry": { "type": "Polygon", "coordinates": [ [ [ 75.1402817, 13.2861292 ], [ 75.1403487, 13.2856844 ], [ 75.1404524, 13.2849948 ], [ 75.1408446, 13.2840547 ], [ 75.1410619, 13.2836914 ], [ 75.1412691, 13.2833451 ], [ 75.1417489, 13.2825225 ], [ 75.1423626, 13.2815146 ], [ 75.1428747, 13.2805429 ], [ 75.1435529, 13.2789475 ], [ 75.1436424, 13.2784893 ], [ 75.1437374, 13.2780029 ], [ 75.1438435, 13.2773385 ], [ 75.1444571, 13.2763894 ], [ 75.1461688, 13.2739442 ], [ 75.1477098, 13.271838 ], [ 75.1482403, 13.2710742 ], [ 75.148674, 13.2702697 ], [ 75.149222388887807, 13.2694169 ], [ 75.133679700000158, 13.2694169 ], [ 75.133679700000158, 13.2874169 ], [ 75.14009928794033, 13.2874169 ], [ 75.1402817, 13.2861292 ] ] ] } },
{ "type": "Feature", "properties": { "zone_id": "D958", "is_urban": false, "ward_name": null, "center_lon": 75.136688313755016, "center_lat": 13.288367460439307, "area_sqkm": 0.14015428833817481, "population": 109.0, "waste_kg_day": 32.7, "waste_tons_day": 0.033, "buildings": 23.0, "risk": "Low" }, "geometry": { "type": "Polygon", "coordinates": [ [ [ 75.1339371, 13.2888004 ], [ 75.1353045, 13.2894384 ], [ 75.1360874, 13.2898037 ], [ 75.1364638, 13.2897586 ], [ 75.1366919, 13.2897313 ], [ 75.1380624, 13.2893336 ], [ 75.1382673, 13.2892338 ], [ 75.1388145, 13.2889675 ], [ 75.1390484, 13.2888134 ], [ 75.1396174, 13.2884387 ], [ 75.1399404, 13.2880725 ], [ 75.1400557, 13.2877246 ], [ 75.14009928794033, 13.2874169 ], [ 75.133679700000158, 13.2874169 ], [ 75.133679700000158, 13.288698991330184 ], [ 75.1339371, 13.2888004 ] ] ] } },
{ "type": "Feature", "properties": { "zone_id": "D959", "is_urban": false, "ward_name": null, "center_lon": 75.13923507904434, "center_lat": 13.392028189601719, "area_sqkm": 0.95509511944745451, "population": 1291.0, "waste_kg_day": 387.3, "waste_tons_day": 0.387, "buildings": 294.0, "risk": "Low" }, "geometry": { "type": "Polygon", "coordinates": [ [ [ 75.1466434, 13.3949942 ], [ 75.1463478, 13.3928158 ], [ 75.1459887, 13.3927102 ], [ 75.145226, 13.392486 ], [ 75.144495, 13.3923706 ], [ 75.1436518, 13.3922375 ], [ 75.1433761, 13.392022 ], [ 75.1430793, 13.3917901 ], [ 75.1426638, 13.3908636 ], [ 75.1424273, 13.389872 ], [ 75.1422252, 13.3890242 ], [ 75.140217, 13.3871984 ], [ 75.139721, 13.386877 ], [ 75.1395615, 13.3867737 ], [ 75.1385182, 13.3870358 ], [ 75.1375073, 13.387298 ], [ 75.1365292, 13.3879725 ], [ 75.1362424, 13.3881703 ], [ 75.1349453, 13.3892324 ], [ 75.133679700000158, 13.389975788554162 ], [ 75.133679700000158, 13.395416900000011 ], [ 75.146570162942041, 13.395416900000011 ], [ 75.1466434, 13.3949942 ] ] ] } },
{ "type": "Feature", "properties": { "zone_id": "D960", "is_urban": false, "ward_name": null, "center_lon": 75.138535690630874, "center_lat": 13.404068471278734, "area_sqkm": 2.087237915507655, "population": 1479.0, "waste_kg_day": 443.7, "waste_tons_day": 0.444, "buildings": 359.0, "risk": "Low" }, "geometry": { "type": "Polygon", "coordinates": [ [ [ 75.1440639, 13.4132575 ], [ 75.1436344, 13.4110611 ], [ 75.1435381, 13.4106462 ], [ 75.1434036, 13.4100668 ], [ 75.1430987, 13.4081822 ], [ 75.1416491, 13.4075586 ], [ 75.1398855, 13.4067678 ], [ 75.1399997, 13.4065961 ], [ 75.1402132, 13.4062751 ], [ 75.1411919, 13.4047565 ], [ 75.1414092, 13.4043102 ], [ 75.1416628, 13.4037894 ], [ 75.1420551, 13.4023205 ], [ 75.1422082, 13.4017987 ], [ 75.142392, 13.4011725 ], [ 75.1434491, 13.4002144 ], [ 75.1438733, 13.3995802 ], [ 75.14422, 13.3990619 ], [ 75.1454802, 13.3973444 ], [ 75.1465361, 13.3956135 ], [ 75.146570162942041, 13.395416900000011 ], [ 75.133679700000158, 13.395416900000011 ], [ 75.133679700000158, 13.413416900000012 ], [ 75.144113778172695, 13.413416900000012 ], [ 75.1440639, 13.4132575 ] ] ] } },
{ "type": "Feature", "properties": { "zone_id": "D961", "is_urban": false, "ward_name": null, "center_lon": 75.141672154635273, "center_lat": 13.423320302953323, "area_sqkm": 3.4250855723361942, "population": 3782.0, "waste_kg_day": 1134.6, "waste_tons_day": 1.135, "buildings": 1079.0, "risk": "Medium" }, "geometry": { "type": "Polygon", "coordinates": [ [ [ 75.1518445, 13.4279722 ], [ 75.1508887, 13.4270549 ], [ 75.1507328, 13.4266161 ], [ 75.1503299, 13.4254822 ], [ 75.150189, 13.4240311 ], [ 75.1501035, 13.4231501 ], [ 75.1498863, 13.4208182 ], [ 75.1496402, 13.4197072 ], [ 75.1494798, 13.4189833 ], [ 75.1493257, 13.4189078 ], [ 75.1491844, 13.4188386 ], [ 75.1471068, 13.4186038 ], [ 75.1456293, 13.4186536 ], [ 75.1454861, 13.4184825 ], [ 75.1453154, 13.4182785 ], [ 75.145657, 13.4171531 ], [ 75.1451842, 13.4162605 ], [ 75.1447427, 13.4154268 ], [ 75.144113778172695, 13.413416900000012 ], [ 75.133679700000158, 13.413416900000012 ], [ 75.133679700000158, 13.431416900000013 ], [ 75.152679700000164, 13.431416900000013 ], [ 75.152679700000164, 13.428544119417589 ], [ 75.1518445, 13.4279722 ] ] ] } },
{ "type": "Feature", "properties": { "zone_id": "D962", "is_urban": false, "ward_name": null, "center_lon": 75.142886726862812, "center_lat": 13.440565079699027, "area_sqkm": 4.0635356725053979, "population": 4085.0, "waste_kg_day": 1225.5, "waste_tons_day": 1.226, "buildings": 1012.0, "risk": "Medium" }, "geometry": { "type": "Polygon", "coordinates": [ [ [ 75.1526539, 13.4428909 ], [ 75.152679700000164, 13.442452346651899 ], [ 75.152679700000164, 13.439241656432401 ], [ 75.1526259, 13.4391307 ], [ 75.1526258, 13.4391307 ], [ 75.1519194, 13.4383896 ], [ 75.151648, 13.4382569 ], [ 75.1510698, 13.4379739 ], [ 75.1499062, 13.4377345 ], [ 75.1491489, 13.4372555 ], [ 75.148738, 13.4368307 ], [ 75.1501507, 13.435538 ], [ 75.1515034, 13.4341278 ], [ 75.152679700000164, 13.433034562307759 ], [ 75.152679700000164, 13.431416900000013 ], [ 75.133679700000158, 13.431416900000013 ], [ 75.133679700000158, 13.449416900000013 ], [ 75.152679700000164, 13.449416900000013 ], [ 75.152679700000164, 13.442951884710615 ], [ 75.1526539, 13.4428909 ] ] ] } },
{ "type": "Feature", "properties": { "zone_id": "D963", "is_urban": false, "ward_name": null, "center_lon": 75.141335483524827, "center_lat": 13.454078354604482, "area_sqkm": 1.9337712129211924, "population": 2383.0, "waste_kg_day": 714.9, "waste_tons_day": 0.715, "buildings": 654.0, "risk": "Medium" }, "geometry": { "type": "Polygon", "coordinates": [ [ [ 75.1340742, 13.4608613 ], [ 75.1358935, 13.4612409 ], [ 75.1368402, 13.4610691 ], [ 75.1381516, 13.4605764 ], [ 75.1393291, 13.4607301 ], [ 75.1407329, 13.4613265 ], [ 75.1410468, 13.4606486 ], [ 75.1414901, 13.4595594 ], [ 75.1423166, 13.4577787 ], [ 75.1428891, 13.4575301 ], [ 75.144085, 13.4572589 ], [ 75.1440851, 13.4572589 ], [ 75.1443458, 13.4572477 ], [ 75.1455581, 13.4571956 ], [ 75.1455581, 13.4571955 ], [ 75.1452331, 13.4566427 ], [ 75.1449577, 13.4561742 ], [ 75.1444663, 13.4553059 ], [ 75.1441264, 13.4547054 ], [ 75.1458026, 13.4547686 ], [ 75.1465276, 13.4547716 ], [ 75.1479175, 13.4547775 ], [ 75.1490859, 13.4545705 ], [ 75.1502908, 13.454357 ], [ 75.152679700000164, 13.453650094690017 ], [ 75.152679700000164, 13.449416900000013 ], [ 75.133679700000158, 13.449416900000013 ], [ 75.133679700000158, 13.460817313466301 ], [ 75.1340742, 13.4608613 ] ] ] } },
{ "type": "Feature", "properties": { "zone_id": "D964", "is_urban": false, "ward_name": null, "center_lon": 75.159647509916852, "center_lat": 13.137343079272481, "area_sqkm": 2.2932756620956432, "population": 2212.0, "waste_kg_day": 663.6, "waste_tons_day": 0.664, "buildings": 523.0, "risk": "Medium" }, "geometry": { "type": "Polygon", "coordinates": [ [ [ 75.1696563, 13.1426403 ], [ 75.1688858, 13.14034 ], [ 75.1681705, 13.1375108 ], [ 75.1679629, 13.1366296 ], [ 75.1676677, 13.1362364 ], [ 75.1659981, 13.1347633 ], [ 75.1642593, 13.1334709 ], [ 75.1633001, 13.132775 ], [ 75.1623131, 13.1321379 ], [ 75.161852, 13.1319526 ], [ 75.1612663, 13.131912 ], [ 75.1609942, 13.1320341 ], [ 75.1606392, 13.1323234 ], [ 75.1600306, 13.1331234 ], [ 75.1599245, 13.1333268 ], [ 75.159634, 13.1332862 ], [ 75.1588362, 13.132875 ], [ 75.1588177, 13.1326083 ], [ 75.1591496, 13.1313971 ], [ 75.1583195, 13.1309904 ], [ 75.1576047, 13.1306199 ], [ 75.157397, 13.1297386 ], [ 75.1569958, 13.1295126 ], [ 75.1562211, 13.1293274 ], [ 75.155557, 13.1288981 ], [ 75.1550359, 13.1284688 ], [ 75.1544041, 13.127809 ], [ 75.1538598, 13.1270091 ], [ 75.1532557, 13.1265211 ], [ 75.152679700000164, 13.126064024038978 ], [ 75.152679700000164, 13.1434169 ], [ 75.170039016065033, 13.1434169 ], [ 75.1696563, 13.1426403 ] ] ] } },
{ "type": "Feature", "properties": { "zone_id": "D965", "is_urban": false, "ward_name": null, "center_lon": 75.162128190186365, "center_lat": 13.152464959683682, "area_sqkm": 4.1852780084685852, "population": 4331.0, "waste_kg_day": 1299.3, "waste_tons_day": 1.299, "buildings": 1203.0, "risk": "Medium" }, "geometry": { "type": "Polygon", "coordinates": [ [ [ 75.1708741, 13.1448366 ], [ 75.1704959, 13.144344 ], [ 75.170039016065033, 13.1434169 ], [ 75.152679700000164, 13.1434169 ], [ 75.152679700000164, 13.1614169 ], [ 75.171679700000169, 13.1614169 ], [ 75.171679700000169, 13.145267105820199 ], [ 75.1708741, 13.1448366 ] ] ] } },
{ "type": "Feature", "properties": { "zone_id": "D966", "is_urban": false, "ward_name": null, "center_lon": 75.162179700000166, "center_lat": 13.1704169, "area_sqkm": 4.2095591208013685, "population": 4015.0, "waste_kg_day": 1204.5, "waste_tons_day": 1.204, "buildings": 924.0, "risk": "Medium" }, "geometry": { "type": "Polygon", "coordinates": [ [ [ 75.152679700000164, 13.1614169 ], [ 75.152679700000164, 13.1794169 ], [ 75.171679700000169, 13.1794169 ], [ 75.171679700000169, 13.1614169 ], [ 75.152679700000164, 13.1614169 ] ] ] } },
{ "type": "Feature", "properties": { "zone_id": "D967", "is_urban": false, "ward_name": null, "center_lon": 75.162179700000166, "center_lat": 13.1884169, "area_sqkm": 4.2095591208013685, "population": 3910.0, "waste_kg_day": 1173.0, "waste_tons_day": 1.173, "buildings": 887.0, "risk": "Medium" }, "geometry": { "type": "Polygon", "coordinates": [ [ [ 75.152679700000164, 13.1794169 ], [ 75.152679700000164, 13.1974169 ], [ 75.171679700000169, 13.1974169 ], [ 75.171679700000169, 13.1794169 ], [ 75.152679700000164, 13.1794169 ] ] ] } },
{ "type": "Feature", "properties": { "zone_id": "D968", "is_urban": false, "ward_name": null, "center_lon": 75.160895419707501, "center_lat": 13.205940460736754, "area_sqkm": 3.5608683919932314, "population": 3843.0, "waste_kg_day": 1152.9, "waste_tons_day": 1.153, "buildings": 816.0, "risk": "Medium" }, "geometry": { "type": "Polygon", "coordinates": [ [ [ 75.1670433, 13.215202 ], [ 75.1674722, 13.2143929 ], [ 75.1683852, 13.2125533 ], [ 75.1683853, 13.2125533 ], [ 75.168625, 13.212029 ], [ 75.1687772, 13.2117578 ], [ 75.1688279, 13.2115861 ], [ 75.1687982, 13.2115107 ], [ 75.1687726, 13.211446 ], [ 75.1677575, 13.2100631 ], [ 75.1666548, 13.2086578 ], [ 75.1666548, 13.2086577 ], [ 75.1660873, 13.2079257 ], [ 75.1660273, 13.2078217 ], [ 75.1659858, 13.2076726 ], [ 75.1660004, 13.207526 ], [ 75.1660088, 13.2074421 ], [ 75.1660457, 13.2070986 ], [ 75.1661609, 13.2063076 ], [ 75.1664512, 13.2044004 ], [ 75.1665341, 13.2034196 ], [ 75.1666906, 13.2029628 ], [ 75.1667462, 13.2028004 ], [ 75.1668477, 13.2027642 ], [ 75.1670136, 13.2027709 ], [ 75.1670691, 13.2027732 ], [ 75.1673391, 13.2027786 ], [ 75.1675211, 13.2027822 ], [ 75.167699, 13.2027953 ], [ 75.1678901, 13.2028093 ], [ 75.1684668, 13.2028815 ], [ 75.1691218, 13.2029176 ], [ 75.1691495, 13.203017 ], [ 75.1690711, 13.2034554 ], [ 75.169062, 13.2038712 ], [ 75.1690067, 13.2043096 ], [ 75.169205, 13.2043819 ], [ 75.1699108, 13.2045038 ], [ 75.1700349, 13.2045637 ], [ 75.1702384, 13.2046619 ], [ 75.1703632, 13.2047027 ], [ 75.1705013, 13.2047478 ], [ 75.1709072, 13.204698 ], [ 75.1714192, 13.2044629 ], [ 75.171679700000169, 13.204158706441129 ], [ 75.171679700000169, 13.1974169 ], [ 75.152679700000164, 13.1974169 ], [ 75.152679700000164, 13.2154169 ], [ 75.166950537081163, 13.2154169 ], [ 75.1670433, 13.215202 ] ] ] } },
{ "type": "Feature", "properties": { "zone_id": "D969", "is_urban": false, "ward_name": null, "center_lon": 75.158321832384871, "center_lat": 13.223688784026312, "area_sqkm": 2.4505556401624276, "population": 1349.0, "waste_kg_day": 404.7, "waste_tons_day": 0.405, "buildings": 284.0, "risk": "Low" }, "geometry": { "type": "Polygon", "coordinates": [ [ [ 75.1615885, 13.2334074 ], [ 75.1616099, 13.2333821 ], [ 75.1617038, 13.2332718 ], [ 75.1618022, 13.2331593 ], [ 75.1618422, 13.2331136 ], [ 75.1619483, 13.2330051 ], [ 75.1620046, 13.232945 ], [ 75.1620544, 13.2328921 ], [ 75.1620866, 13.2328288 ], [ 75.1620598, 13.2327606 ], [ 75.1620405, 13.2327113 ], [ 75.1619482, 13.2325396 ], [ 75.1619482, 13.2325395 ], [ 75.1618282, 13.2323498 ], [ 75.1618163, 13.2322869 ], [ 75.1618052, 13.2322277 ], [ 75.1618034, 13.2321577 ], [ 75.1618005, 13.232047 ], [ 75.1618051, 13.2318029 ], [ 75.1618204, 13.2311425 ], [ 75.161828, 13.2308131 ], [ 75.1618233, 13.2302663 ], [ 75.1618279, 13.2301171 ], [ 75.1618535, 13.230022 ], [ 75.1618741, 13.2299454 ], [ 75.1618973, 13.2298089 ], [ 75.1619155, 13.2297013 ], [ 75.1619561, 13.2295421 ], [ 75.1619985, 13.2293759 ], [ 75.1620908, 13.2290324 ], [ 75.1622614, 13.2285578 ], [ 75.1627087, 13.2271748 ], [ 75.1628839, 13.226759 ], [ 75.162884, 13.2267589 ], [ 75.1629322, 13.2266744 ], [ 75.1630592, 13.2264516 ], [ 75.1631457, 13.2262538 ], [ 75.1632114, 13.2261036 ], [ 75.1633174, 13.2256245 ], [ 75.1634985, 13.2248237 ], [ 75.1637323, 13.2237895 ], [ 75.1640966, 13.2225918 ], [ 75.1642765, 13.2222483 ], [ 75.1643687, 13.2218958 ], [ 75.1645255, 13.2214121 ], [ 75.164554, 13.2211915 ], [ 75.1645669, 13.2210913 ], [ 75.1647882, 13.2202506 ], [ 75.1647883, 13.2202506 ], [ 75.1654938, 13.2185014 ], [ 75.1656539, 13.2181974 ], [ 75.1658627, 13.2178009 ], [ 75.1666375, 13.2161421 ], [ 75.166950537081163, 13.2154169 ], [ 75.152679700000164, 13.2154169 ], [ 75.152679700000164, 13.2334169 ], [ 75.161579725763957, 13.2334169 ], [ 75.1615885, 13.2334074 ] ] ] } },
{ "type": "Feature", "properties": { "zone_id": "D970", "is_urban": false, "ward_name": null, "center_lon": 75.156061515677834, "center_lat": 13.241306518941576, "area_sqkm": 1.4318448519388414, "population": 1213.0, "waste_kg_day": 363.9, "waste_tons_day": 0.364, "buildings": 335.0, "risk": "Low" }, "geometry": { "type": "Polygon", "coordinates": [ [ [ 75.1562651, 13.251169 ], [ 75.156917, 13.2500985 ], [ 75.157429, 13.2492488 ], [ 75.1577704, 13.2484714 ], [ 75.157798, 13.2484038 ], [ 75.1578672, 13.2482363 ], [ 75.1580517, 13.2477753 ], [ 75.1581255, 13.2473324 ], [ 75.1581166, 13.2471411 ], [ 75.158107, 13.2469347 ], [ 75.1581715, 13.2466409 ], [ 75.1585404, 13.2451404 ], [ 75.1585727, 13.2450093 ], [ 75.158748, 13.2444896 ], [ 75.1588033, 13.2442591 ], [ 75.1587987, 13.2441054 ], [ 75.1588142, 13.2437424 ], [ 75.1588217, 13.2435676 ], [ 75.1588217, 13.2435126 ], [ 75.1588217, 13.2433958 ], [ 75.1588263, 13.243197 ], [ 75.1588724, 13.2429077 ], [ 75.1589277, 13.2424558 ], [ 75.1590199, 13.2418275 ], [ 75.1590614, 13.2416468 ], [ 75.159104, 13.2415292 ], [ 75.1591859, 13.2413033 ], [ 75.1592615, 13.2411082 ], [ 75.1594119, 13.2407202 ], [ 75.1596702, 13.240205 ], [ 75.1599699, 13.2394185 ], [ 75.1602836, 13.2386954 ], [ 75.160468, 13.2381756 ], [ 75.160634, 13.2375654 ], [ 75.16074, 13.2366706 ], [ 75.1607546, 13.2365975 ], [ 75.1607815, 13.2364627 ], [ 75.1609337, 13.2358299 ], [ 75.1610812, 13.2349169 ], [ 75.161118, 13.2340266 ], [ 75.1611641, 13.233882 ], [ 75.1612517, 13.2337373 ], [ 75.1614132, 13.2335972 ], [ 75.161579725763957, 13.2334169 ], [ 75.152679700000164, 13.2334169 ], [ 75.152679700000164, 13.2514169 ], [ 75.156258032625914, 13.2514169 ], [ 75.1562651, 13.251169 ] ] ] } },
{ "type": "Feature", "properties": { "zone_id": "D971", "is_urban": false, "ward_name": null, "center_lon": 75.153908086010318, "center_lat": 13.255371211776373, "area_sqkm": 0.25543341517635682, "population": 70.0, "waste_kg_day": 21.0, "waste_tons_day": 0.021, "buildings": 17.0, "risk": "Low" }, "geometry": { "type": "Polygon", "coordinates": [ [ [ 75.1529045, 13.2643081 ], [ 75.1532873, 13.2630652 ], [ 75.1534579, 13.261985 ], [ 75.1532318, 13.2605162 ], [ 75.1533793, 13.2595716 ], [ 75.1534023, 13.2584779 ], [ 75.1534905, 13.2581005 ], [ 75.1536052, 13.2576101 ], [ 75.1545185, 13.2559875 ], [ 75.1556164, 13.2545773 ], [ 75.1560085, 13.2536734 ], [ 75.1562207, 13.2527288 ], [ 75.1562338, 13.2522669 ], [ 75.156258032625914, 13.2514169 ], [ 75.152679700000164, 13.2514169 ], [ 75.152679700000164, 13.264926683902138 ], [ 75.1529045, 13.2643081 ] ] ] } },
{ "type": "Feature", "properties": { "zone_id": "D972", "is_urban": false, "ward_name": null, "center_lon": 75.153551799192698, "center_lat": 13.430298366263379, "area_sqkm": 0.051171211514436578, "population": 62.0, "waste_kg_day": 18.6, "waste_tons_day": 0.019, "buildings": 13.0, "risk": "Low" }, "geometry": { "type": "Polygon", "coordinates": [ [ [ 75.154375, 13.4313345 ], [ 75.1549566, 13.4302679 ], [ 75.154598, 13.4300271 ], [ 75.1539131, 13.4295675 ], [ 75.1531512, 13.428867 ], [ 75.1528333, 13.4286493 ], [ 75.152679700000164, 13.428544119417589 ], [ 75.152679700000164, 13.431416900000013 ], [ 75.154293584558815, 13.431416900000013 ], [ 75.154375, 13.4313345 ] ] ] } },
{ "type": "Feature", "properties": { "zone_id": "D973", "is_urban": false, "ward_name": null, "center_lon": 75.153307454973785, "center_lat": 13.444467395364232, "area_sqkm": 0.11097210868332005, "population": 135.0, "waste_kg_day": 40.5, "waste_tons_day": 0.041, "buildings": 31.0, "risk": "Low" }, "geometry": { "type": "MultiPolygon", "coordinates": [ [ [ [ 75.1543137, 13.4484539 ], [ 75.1542705, 13.4475413 ], [ 75.154058, 13.4464928 ], [ 75.1534853, 13.4447936 ], [ 75.1534852, 13.4447935 ], [ 75.1530419, 13.4438083 ], [ 75.1528161, 13.4432743 ], [ 75.152679700000164, 13.442951884710615 ], [ 75.152679700000164, 13.449416900000013 ], [ 75.154359451298319, 13.449416900000013 ], [ 75.1543137, 13.4484539 ] ] ], [ [ [ 75.1527092, 13.4419509 ], [ 75.1530138, 13.4399307 ], [ 75.152679700000164, 13.439241656432401 ], [ 75.152679700000164, 13.442452346651899 ], [ 75.1527092, 13.4419509 ] ] ], [ [ [ 75.15287, 13.4328577 ], [ 75.154293584558815, 13.431416900000013 ], [ 75.152679700000164, 13.431416900000013 ], [ 75.152679700000164, 13.433034562307759 ], [ 75.15287, 13.4328577 ] ] ] ] } },
{ "type": "Feature", "properties": { "zone_id": "D974", "is_urban": false, "ward_name": null, "center_lon": 75.153542334191798, "center_lat": 13.451436004597053, "area_sqkm": 0.086246483551761927, "population": 66.0, "waste_kg_day": 19.8, "waste_tons_day": 0.02, "buildings": 17.0, "risk": "Low" }, "geometry": { "type": "Polygon", "coordinates": [ [ [ 75.1534076, 13.4534347 ], [ 75.1545204, 13.4531318 ], [ 75.1544371, 13.4512063 ], [ 75.1543631, 13.4494937 ], [ 75.154359451298319, 13.449416900000013 ], [ 75.152679700000164, 13.449416900000013 ], [ 75.152679700000164, 13.453650094690017 ], [ 75.1534076, 13.4534347 ] ] ] } },
{ "type": "Feature", "properties": { "zone_id": "D975", "is_urban": false, "ward_name": null, "center_lon": 75.176307194599744, "center_lat": 13.155173357398008, "area_sqkm": 1.5558513622915322, "population": 974.0, "waste_kg_day": 292.2, "waste_tons_day": 0.292, "buildings": 234.0, "risk": "Low" }, "geometry": { "type": "Polygon", "coordinates": [ [ [ 75.1873646, 13.1608281 ], [ 75.1866959, 13.160643 ], [ 75.1858149, 13.1603132 ], [ 75.1841821, 13.1597803 ], [ 75.1818621, 13.158904 ], [ 75.1808981, 13.1584748 ], [ 75.1802893, 13.1580411 ], [ 75.1801416, 13.1573858 ], [ 75.1802657, 13.1557632 ], [ 75.1804362, 13.1547418 ], [ 75.1803531, 13.1544118 ], [ 75.1797626, 13.1535939 ], [ 75.1790521, 13.152071 ], [ 75.1777971, 13.149364 ], [ 75.1765884, 13.1471768 ], [ 75.1762933, 13.1470729 ], [ 75.1751633, 13.1467838 ], [ 75.1741994, 13.1464541 ], [ 75.1724653, 13.1457222 ], [ 75.171838, 13.1453517 ], [ 75.171679700000169, 13.145267105820199 ], [ 75.171679700000169, 13.1614169 ], [ 75.188425699465256, 13.1614169 ], [ 75.1873646, 13.1608281 ] ] ] } },
{ "type": "Feature", "properties": { "zone_id": "D976", "is_urban": false, "ward_name": null, "center_lon": 75.181143956564668, "center_lat": 13.170451992642118, "area_sqkm": 4.1924293111216704, "population": 1321.0, "waste_kg_day": 396.3, "waste_tons_day": 0.396, "buildings": 344.0, "risk": "Low" }, "geometry": { "type": "Polygon", "coordinates": [ [ [ 75.1885778, 13.1615013 ], [ 75.188425699465256, 13.1614169 ], [ 75.171679700000169, 13.1614169 ], [ 75.171679700000169, 13.1794169 ], [ 75.190679700000175, 13.1794169 ], [ 75.190679700000175, 13.16265061202404 ], [ 75.1885778, 13.1615013 ] ] ] } },
{ "type": "Feature", "properties": { "zone_id": "D977", "is_urban": false, "ward_name": null, "center_lon": 75.17905144688784, "center_lat": 13.186874618446605, "area_sqkm": 2.993684904860404, "population": 2926.0, "waste_kg_day": 877.8, "waste_tons_day": 0.878, "buildings": 635.0, "risk": "Medium" }, "geometry": { "type": "Polygon", "coordinates": [ [ [ 75.1765242, 13.1974115 ], [ 75.1768101, 13.1970499 ], [ 75.1770315, 13.1967425 ], [ 75.1772432, 13.1965738 ], [ 75.1773774, 13.1964668 ], [ 75.1786365, 13.1959423 ], [ 75.1792592, 13.1957117 ], [ 75.1806152, 13.19516 ], [ 75.1807443, 13.1950289 ], [ 75.1808826, 13.194699 ], [ 75.1811824, 13.1942741 ], [ 75.1814683, 13.1939079 ], [ 75.1836633, 13.1915166 ], [ 75.1842951, 13.1906894 ], [ 75.1847651, 13.1887956 ], [ 75.1848353, 13.1885939 ], [ 75.1851155, 13.1877877 ], [ 75.1855765, 13.1870509 ], [ 75.1860423, 13.1864949 ], [ 75.1867478, 13.1858213 ], [ 75.1879975, 13.1847318 ], [ 75.1894271, 13.1834344 ], [ 75.1898375, 13.1830773 ], [ 75.1898744, 13.1830592 ], [ 75.1899297, 13.1830592 ], [ 75.190368, 13.1832534 ], [ 75.190679700000175, 13.183361327661032 ], [ 75.190679700000175, 13.1794169 ], [ 75.171679700000169, 13.1794169 ], [ 75.171679700000169, 13.1974169 ], [ 75.176520905179359, 13.1974169 ], [ 75.1765242, 13.1974115 ] ] ] } },
{ "type": "Feature", "properties": { "zone_id": "D978", "is_urban": false, "ward_name": null, "center_lon": 75.173752810331123, "center_lat": 13.200426776420379, "area_sqkm": 0.31416350305472285, "population": 470.0, "waste_kg_day": 141.0, "waste_tons_day": 0.141, "buildings": 95.0, "risk": "Low" }, "geometry": { "type": "Polygon", "coordinates": [ [ [ 75.1717328, 13.2040967 ], [ 75.1719964, 13.203701 ], [ 75.1721663, 13.2034459 ], [ 75.1721663, 13.2034458 ], [ 75.1724338, 13.2032922 ], [ 75.1724338, 13.2032921 ], [ 75.1725445, 13.2033464 ], [ 75.1726599, 13.2034864 ], [ 75.1727293, 13.2035563 ], [ 75.1728352, 13.2036627 ], [ 75.1730935, 13.2038479 ], [ 75.1732328, 13.2039187 ], [ 75.1733334, 13.2039699 ], [ 75.1735641, 13.2039744 ], [ 75.1737901, 13.2037845 ], [ 75.1745925, 13.2032014 ], [ 75.1745926, 13.2032014 ], [ 75.1761007, 13.2022114 ], [ 75.1761008, 13.2022113 ], [ 75.1765343, 13.2019401 ], [ 75.1766102, 13.2018626 ], [ 75.176645, 13.2018271 ], [ 75.1766047, 13.2017917 ], [ 75.1765112, 13.2017096 ], [ 75.176299, 13.2015966 ], [ 75.1761944, 13.2014591 ], [ 75.1761237, 13.2013662 ], [ 75.1759604, 13.2008737 ], [ 75.1756621, 13.1999742 ], [ 75.1756087, 13.1996736 ], [ 75.1755883, 13.1995585 ], [ 75.1755882, 13.1991607 ], [ 75.1756782, 13.1988881 ], [ 75.1757449, 13.1986862 ], [ 75.175934, 13.1983788 ], [ 75.176520905179359, 13.1974169 ], [ 75.171679700000169, 13.1974169 ], [ 75.171679700000169, 13.204158706441129 ], [ 75.1717328, 13.2040967 ] ] ] } },
{ "type": "Feature", "properties": { "zone_id": "D979", "is_urban": false, "ward_name": null, "center_lon": 75.196446978389716, "center_lat": 13.173290231510002, "area_sqkm": 1.9294569635046386, "population": 1997.0, "waste_kg_day": 599.1, "waste_tons_day": 0.599, "buildings": 483.0, "risk": "Medium" }, "geometry": { "type": "Polygon", "coordinates": [ [ [ 75.2028898, 13.1794 ], [ 75.2034383, 13.1790875 ], [ 75.2040976, 13.1786701 ], [ 75.2047525, 13.1782555 ], [ 75.2050477, 13.1781017 ], [ 75.2051397, 13.1780135 ], [ 75.2057992, 13.1772835 ], [ 75.2049223, 13.1754262 ], [ 75.2040641, 13.1742378 ], [ 75.2022417, 13.1723899 ], [ 75.1998796, 13.1700132 ], [ 75.1981357, 13.1683731 ], [ 75.1959399, 13.1665885 ], [ 75.1921157, 13.1635523 ], [ 75.1908333, 13.1627346 ], [ 75.190679700000175, 13.16265061202404 ], [ 75.190679700000175, 13.1794169 ], [ 75.202860139134955, 13.1794169 ], [ 75.2028898, 13.1794 ] ] ] } },
{ "type": "Feature", "properties": { "zone_id": "D980", "is_urban": false, "ward_name": null, "center_lon": 75.194545181084052, "center_lat": 13.180922801458154, "area_sqkm": 0.30951463590417982, "population": 317.0, "waste_kg_day": 95.1, "waste_tons_day": 0.095, "buildings": 67.0, "risk": "Low" }, "geometry": { "type": "Polygon", "coordinates": [ [ [ 75.1908246, 13.1834115 ], [ 75.1909591, 13.1834238 ], [ 75.1911198, 13.1834385 ], [ 75.1914269, 13.1834777 ], [ 75.1915442, 13.1834927 ], [ 75.1917425, 13.1834971 ], [ 75.1920053, 13.183018 ], [ 75.1920699, 13.1829411 ], [ 75.192176, 13.182905 ], [ 75.1922018, 13.1829116 ], [ 75.192282, 13.1829321 ], [ 75.1929462, 13.1829274 ], [ 75.1941916, 13.1828954 ], [ 75.1952846, 13.1825562 ], [ 75.1961839, 13.1820995 ], [ 75.1968203, 13.1815163 ], [ 75.1974888, 13.1806303 ], [ 75.1982727, 13.1797488 ], [ 75.198388, 13.1796357 ], [ 75.1984479, 13.179577 ], [ 75.1985447, 13.1795815 ], [ 75.1986079, 13.1796075 ], [ 75.19872, 13.1796537 ], [ 75.1997533, 13.1800783 ], [ 75.2005883, 13.1804396 ], [ 75.2008742, 13.1805254 ], [ 75.2009027, 13.1805239 ], [ 75.2009573, 13.1805209 ], [ 75.2010063, 13.1805153 ], [ 75.2010772, 13.1805072 ], [ 75.2012175, 13.1804034 ], [ 75.2013031, 13.18034 ], [ 75.2017024, 13.1800968 ], [ 75.2022162, 13.1797838 ], [ 75.202860139134955, 13.1794169 ], [ 75.190679700000175, 13.1794169 ], [ 75.190679700000175, 13.183361327661032 ], [ 75.1908246, 13.1834115 ] ] ] } }
]
}
