{"type":"FeatureCollection","features":[{"type":"Feature","geometry":{"type":"Polygon","coordinates":[[[74.7320807,13.324299],[74.7320421,13.3243035],[74.7320375,13.3242585],[74.7320767,13.324254],[74.7320793,13.3242826],[74.7320807,13.324299]]]},"properties":{"class":"Built-up","color":"#ef4444","category":"commercial"}},{"type":"Feature","geometry":{"type":"Polygon","coordinates":[[[74.7320793,13.3242826],[74.7320767,13.324254],[74.7321122,13.3242501],[74.7321143,13.3242792],[74.7320793,13.3242826]]]},"properties":{"class":"Built-up","color":"#ef4444","category":"commercial"}},{"type":"Feature","geometry":{"type":"Polygon","coordinates":[[[74.7839472,13.3468005],[74.784101,13.346997],[74.7839953,13.3470746],[74.7838414,13.346881],[74.7839039,13.3468332],[74.7839472,13.3468005]]]},"properties":{"class":"Built-up","color":"#ef4444","category":"commercial"}},{"type":"Feature","geometry":{"type":"Polygon","coordinates":[[[74.7827129,13.3493309],[74.7828477,13.3489883],[74.7830868,13.3490729],[74.7829477,13.3494155],[74.7827129,13.3493309]]]},"properties":{"class":"Built-up","color":"#ef4444","category":"commercial"}},{"type":"Feature","geometry":{"type":"Polygon","coordinates":[[[74.7884884,13.3524281],[74.7886073,13.3521407],[74.7897955,13.3526062],[74.7896766,13.3528935],[74.7884884,13.3524281]]]},"properties":{"class":"Built-up","color":"#ef4444","category":"commercial"}},{"type":"Feature","geometry":{"type":"Polygon","coordinates":[[[74.7931034,13.3473297],[74.7930941,13.347316],[74.7930949,13.347294],[74.7931157,13.3472366],[74.7931445,13.3471769],[74.7931813,13.3471404],[74.7932342,13.3471008],[74.7932455,13.3471071],[74.7932827,13.3470889],[74.7933111,13.3471737],[74.793242,13.3471949],[74.7932064,13.3472341],[74.7931837,13.3472776],[74.793172,13.3473437],[74.7931049,13.3473565],[74.7931034,13.3473297]]]},"properties":{"class":"Built-up","color":"#ef4444","category":"commercial"}},{"type":"Feature","geometry":{"type":"Polygon","coordinates":[[[74.77089,13.3399979],[74.7709261,13.3399985],[74.7709623,13.3399992],[74.7709569,13.3402901],[74.7708845,13.3402888],[74.77089,13.3399979]]]},"properties":{"class":"Built-up","color":"#a8a29e","category":"industrial"}},{"type":"Feature","geometry":{"type":"Polygon","coordinates":[[[74.7368736,13.3859865],[74.7368663,13.3858098],[74.7377251,13.385776],[74.7377324,13.3859527],[74.7368736,13.3859865]]]},"properties":{"class":"Built-up","color":"#ef4444","category":"commercial"}},{"type":"Feature","geometry":{"type":"Polygon","coordinates":[[[74.7187691,13.3241687],[74.7186619,13.3247951],[74.7186189,13.3253798],[74.7184258,13.3256095],[74.7184044,13.3260479],[74.718576,13.3265073],[74.7189623,13.3271754],[74.7191768,13.3276139],[74.7193914,13.3282403],[74.7194129,13.3286997],[74.719327,13.328992],[74.7192412,13.3294931],[74.7189623,13.3295975],[74.7186833,13.3294722],[74.7186189,13.3292008],[74.7182112,13.3291173],[74.7179752,13.3288041],[74.7179538,13.3283447],[74.7180825,13.3278018],[74.7179538,13.3274678],[74.7175246,13.3275095],[74.7174959,13.3275766],[74.7174173,13.3277601],[74.7169023,13.3289502],[74.7170311,13.3292634],[74.7177939,13.3296779],[74.7183733,13.3302207],[74.7188335,13.3304536],[74.719091,13.3304536],[74.7191125,13.3308294],[74.7189193,13.3313931],[74.7186189,13.3315393],[74.7180299,13.3315362],[74.7176533,13.3314558],[74.7175675,13.3312052],[74.7173529,13.3311217],[74.7171169,13.3309755],[74.7168809,13.3306832],[74.7168165,13.3304118],[74.7169882,13.330036],[74.7166663,13.329848],[74.7161942,13.3298689],[74.7144607,13.3294175],[74.7131472,13.3290755],[74.7134906,13.3272172],[74.7138983,13.3261732],[74.7146278,13.3245863],[74.7153359,13.3235423],[74.7158724,13.3221225],[74.7162157,13.3211202],[74.7163659,13.3201806],[74.7164517,13.3188025],[74.7165161,13.317842],[74.7172027,13.3133735],[74.7176748,13.3112227],[74.7181254,13.3087588],[74.7186833,13.3068794],[74.7188335,13.306065],[74.7190266,13.3049374],[74.7193485,13.304478],[74.7194987,13.3034339],[74.7196704,13.3011369],[74.7196918,13.3003434],[74.7197777,13.2988817],[74.719842,13.2982552],[74.7200781,13.2967308],[74.7202712,13.2958537],[74.7203999,13.294204],[74.7206789,13.2918442],[74.7207433,13.2904033],[74.7212797,13.2869367],[74.7217088,13.2854749],[74.721902,13.2841592],[74.7221809,13.2835536],[74.7225242,13.283115],[74.7227603,13.2824885],[74.7231036,13.2822379],[74.7233396,13.2821335],[74.7237259,13.2808387],[74.72364,13.2801287],[74.7240477,13.2791262],[74.72467,13.278458],[74.7251635,13.2779985],[74.7255927,13.2776644],[74.7260336,13.277703],[74.726451,13.2777061],[74.7267943,13.2773302],[74.7276097,13.2765157],[74.7278028,13.2755551],[74.7281891,13.2748659],[74.7284853,13.2744987],[74.7288578,13.2744031],[74.7291332,13.2742393],[74.7295725,13.2746473],[74.7301632,13.2750121],[74.7295838,13.2755342],[74.7291761,13.2764322],[74.7289186,13.2776644],[74.7288972,13.2782491],[74.7290688,13.2787086],[74.7292834,13.2792307],[74.7293478,13.2798154],[74.7291219,13.2801503],[74.7290736,13.280474],[74.7290897,13.2807141],[74.7292131,13.2812049],[74.7291863,13.2816435],[74.7294009,13.2817531],[74.7296476,13.2817635],[74.7298408,13.2818784],[74.7301894,13.2821186],[74.73064,13.2824892],[74.7307795,13.2827764],[74.7309083,13.2833664],[74.7309029,13.2838154],[74.7306186,13.2840137],[74.7303235,13.2841286],[74.7302705,13.2842845],[74.7301573,13.2845202],[74.7298628,13.2848693],[74.7296053,13.285099],[74.7298842,13.2853287],[74.7303348,13.2855375],[74.7310333,13.2857432],[74.7316008,13.2858717],[74.7312136,13.2869025],[74.7308713,13.2878138],[74.7301203,13.2876885],[74.7294765,13.2876885],[74.7285109,13.2880435],[74.7275453,13.288503],[74.7267729,13.2889833],[74.7261506,13.2894218],[74.7255069,13.2896306],[74.72467,13.2898812],[74.7238117,13.2909671],[74.7237352,13.2911857],[74.7235853,13.291614],[74.7231373,13.2928492],[74.7226744,13.2938072],[74.7226744,13.2948305],[74.7227603,13.2959999],[74.7230607,13.2977122],[74.7235113,13.2989234],[74.7236218,13.2996045],[74.72364,13.2997169],[74.72364,13.3003225],[74.7238975,13.3009072],[74.7240906,13.301471],[74.7240692,13.3020557],[74.7232425,13.3055124],[74.7226632,13.3072038],[74.7220736,13.3084664],[74.7215372,13.3095522],[74.7214943,13.3108469],[74.7215157,13.311703],[74.7214084,13.3123086],[74.7204214,13.3140835],[74.7201854,13.3146681],[74.7201854,13.315566],[74.719842,13.3190948],[74.7196435,13.3198062],[74.7194461,13.3205135],[74.71937,13.3207861],[74.719091,13.3223939],[74.7189434,13.323227],[74.7189258,13.323326],[74.7188764,13.323605],[74.7188543,13.3237211],[74.7187691,13.3241687]],[[74.7224502,13.289899],[74.7229223,13.2898885],[74.7238879,13.2894396],[74.7243814,13.2892098],[74.724832,13.2889175],[74.7253255,13.2883119],[74.7257761,13.2881239],[74.7266345,13.2878107],[74.7282207,13.286619],[74.728394,13.2865159],[74.728328,13.2863736],[74.7280936,13.2862444],[74.7269563,13.2857223],[74.7254757,13.2855553],[74.7244029,13.2857223],[74.7235446,13.286328],[74.7227077,13.2873095],[74.7224073,13.2882388],[74.7222984,13.2894956],[74.7224502,13.289899]],[[74.7284455,13.2828655],[74.7284728,13.2826668],[74.7280163,13.2818631],[74.7276945,13.2812992],[74.7276409,13.2808763],[74.7277803,13.2803386],[74.7278876,13.2797538],[74.7278452,13.2794663],[74.727673,13.2792526],[74.7271854,13.2790695],[74.7267557,13.2791638],[74.726171,13.279545],[74.7257257,13.2799313],[74.7257633,13.2804952],[74.7261173,13.2811374],[74.7270507,13.2819362],[74.7278018,13.2826149],[74.7281724,13.2828234],[74.7284455,13.2828655]]]},"properties":{"class":"Water","color":"#3b82f6","category":"water"}},{"type":"Feature","geometry":{"type":"Polygon","coordinates":[[[74.7186189,13.3253798],[74.7186619,13.3247951],[74.7187691,13.3241687],[74.7195308,13.3243659],[74.7201844,13.324553],[74.7205304,13.3245405],[74.720673,13.3244383],[74.7207266,13.3241955],[74.7207239,13.3239554],[74.7206542,13.3235848],[74.7204792,13.3231811],[74.7204557,13.3229427],[74.7205254,13.3228592],[74.720633,13.322757],[74.7206842,13.32257],[74.7208252,13.3224951],[74.7210687,13.3226074],[74.7213507,13.3226199],[74.7214276,13.3225326],[74.7214276,13.3223829],[74.7215686,13.3223455],[74.7217865,13.3224078],[74.7218121,13.32257],[74.7217865,13.322757],[74.7217608,13.322994],[74.7217512,13.323329],[74.7218639,13.323637],[74.7218746,13.323958],[74.7218665,13.3240624],[74.7216922,13.3241877],[74.7214186,13.3244644],[74.7211048,13.3244383],[74.7209331,13.3245061],[74.7209519,13.3248768],[74.7209149,13.3251266],[74.7209358,13.3253126],[74.7209761,13.3254927],[74.7209711,13.3256917],[74.720945,13.3258277],[74.7208893,13.3260869],[74.7208235,13.3264521],[74.7207883,13.3267951],[74.7208071,13.3269987],[74.7207347,13.3271579],[74.720681,13.3272727],[74.7205433,13.3274713],[74.7205013,13.3272806],[74.7205281,13.3270065],[74.7206458,13.326698],[74.7207373,13.3264036],[74.720774,13.326274],[74.7207868,13.3261119],[74.7208339,13.3257798],[74.7208232,13.3256832],[74.7205308,13.3256023],[74.7204395,13.325484],[74.7206198,13.3253338],[74.7205695,13.3252041],[74.7203323,13.3251717],[74.7199568,13.3251821],[74.7197637,13.3252161],[74.719305,13.3252917],[74.718954,13.3252264],[74.7186189,13.3253798]]]},"properties":{"class":"Water","color":"#3b82f6","category":"water"}},{"type":"Feature","geometry":{"type":"Polygon","coordinates":[[[74.698377,13.347861],[74.6990799,13.3493638],[74.6978933,13.3496391],[74.6963534,13.3473793],[74.6978498,13.3466671],[74.6981087,13.3473673],[74.698377,13.347861]]]},"properties":{"class":"Water","color":"#3b82f6","category":"water"}},{"type":"Feature","geometry":{"type":"Polygon","coordinates":[[[74.7522421,13.3411037],[74.7522891,13.3410814],[74.7524717,13.3411243],[74.752515,13.341133],[74.7525583,13.3411815],[74.7525724,13.3412227],[74.752575,13.3412645],[74.7525509,13.3413454],[74.7525129,13.3414604],[74.7524203,13.3414393],[74.752188,13.341382],[74.7522147,13.3412884],[74.7521861,13.3412742],[74.7522421,13.3411037]]]},"properties":{"class":"Water","color":"#3b82f6","category":"water"}},{"type":"Feature","geometry":{"type":"Polygon","coordinates":[[[74.711729,13.3385603],[74.7116273,13.3386196],[74.7115921,13.3386501],[74.7114441,13.33869],[74.7112818,13.3387184],[74.7111913,13.3386977],[74.7111031,13.3387344],[74.7088742,13.3407044],[74.708786,13.3407779],[74.7085912,13.3409496],[74.7083426,13.3406655],[74.7081582,13.3407804],[74.7081807,13.3410554],[74.7081419,13.341273],[74.7078854,13.3416281],[74.7073916,13.3422817],[74.7072617,13.3420887],[74.7066489,13.3425702],[74.706697,13.342627],[74.7069781,13.3429583],[74.7059602,13.3440661],[74.7059007,13.3441309],[74.7055049,13.3445615],[74.7054606,13.3446098],[74.7050584,13.3450475],[74.7049512,13.3449118],[74.7048891,13.3449507],[74.7047061,13.3450653],[74.7045686,13.3449617],[74.7041734,13.3444906],[74.7040844,13.3445461],[74.7039067,13.3446569],[74.7038454,13.3446952],[74.7036171,13.344833],[74.7033422,13.344977],[74.703015,13.345298],[74.7028806,13.3453755],[74.7027274,13.3452002],[74.7025196,13.345072],[74.7024409,13.3450657],[74.7021298,13.3450552],[74.701296,13.3453547],[74.7013504,13.3455123],[74.7007243,13.3456189],[74.7007088,13.3457185],[74.7017388,13.3483616],[74.6999449,13.3489799],[74.6989557,13.3463446],[74.6989461,13.3463192],[74.6989322,13.3462821],[74.6989281,13.3462712],[74.6978498,13.3466671],[74.6983401,13.3479614],[74.6978542,13.3481278],[74.6975694,13.3474239],[74.6973654,13.3469197],[74.6967316,13.347178],[74.6953797,13.3477887],[74.6949396,13.3474538],[74.6945949,13.34719],[74.6974617,13.3457578],[74.6987921,13.3447974],[74.7008305,13.3430853],[74.7011739,13.3428766],[74.7014957,13.3428557],[74.7022897,13.3423546],[74.703899,13.3412063],[74.7051864,13.3398074],[74.7073751,13.3375734],[74.7083407,13.3370096],[74.7091132,13.336258],[74.709199,13.3357778],[74.7093921,13.335214],[74.7098428,13.3342954],[74.7117096,13.3318107],[74.712482,13.330892],[74.7128254,13.3298898],[74.7131472,13.3290755],[74.7144607,13.3294175],[74.7161942,13.3298689],[74.7158724,13.3301612],[74.7152715,13.3306832],[74.7148853,13.3312261],[74.7146922,13.3319778],[74.7144991,13.3324371],[74.7143059,13.3330008],[74.7143918,13.3333767],[74.7146707,13.3336899],[74.715057,13.3338569],[74.7156052,13.3339373],[74.71597,13.3340208],[74.7163015,13.3340866],[74.7159367,13.3343789],[74.7159367,13.3347756],[74.7161513,13.335047],[74.7162801,13.3352767],[74.7160226,13.335402],[74.7156149,13.3352976],[74.7151857,13.335214],[74.7148638,13.335402],[74.7144991,13.3355899],[74.7139626,13.3357778],[74.7135978,13.3357569],[74.7131043,13.3363624],[74.7125679,13.3368008],[74.7121602,13.3370932],[74.7120314,13.3373646],[74.7119869,13.3375802],[74.7118088,13.3377994],[74.7115159,13.3379393],[74.7115175,13.3381235],[74.7116125,13.3383151],[74.7116892,13.3384471],[74.711729,13.3385603]]]},"properties":{"class":"Water","color":"#3b82f6","category":"water"}},{"type":"Feature","geometry":{"type":"Polygon","coordinates":[[[74.7088037,13.3407648],[74.7088742,13.3407044],[74.7111031,13.3387344],[74.7112193,13.3387192],[74.7112751,13.3387297],[74.7114494,13.3386992],[74.7116103,13.3386558],[74.7116505,13.338621],[74.7117483,13.3385639],[74.711874,13.3384905],[74.7119812,13.3383905],[74.7120751,13.3383079],[74.7122002,13.3382296],[74.7123387,13.3381644],[74.7125667,13.3381209],[74.7128679,13.3381317],[74.7131789,13.338147],[74.713389,13.3382166],[74.7135186,13.3382253],[74.7135767,13.33806],[74.7135811,13.3379296],[74.7136661,13.3377643],[74.7137599,13.3377121],[74.7139119,13.3376686],[74.714113,13.3376121],[74.7142202,13.3374817],[74.7142649,13.337399],[74.7142604,13.3372686],[74.7142426,13.3371425],[74.7142783,13.3370512],[74.7143588,13.3369772],[74.7144705,13.3368598],[74.7144884,13.3367033],[74.7144794,13.3365554],[74.7144705,13.3364206],[74.714475,13.3361901],[74.7145643,13.3362728],[74.7147029,13.336425],[74.7147833,13.3365946],[74.7148235,13.336812],[74.7148191,13.3368816],[74.7147699,13.3369511],[74.7146314,13.3370599],[74.7145286,13.3371773],[74.7144526,13.3372773],[74.7144213,13.3374034],[74.7143141,13.3376121],[74.7142292,13.3377078],[74.7141219,13.337773],[74.7139744,13.3378121],[74.7138761,13.3378861],[74.7137912,13.337973],[74.7137286,13.3380557],[74.7136616,13.3381731],[74.7136258,13.3383035],[74.713608,13.3384818],[74.7137957,13.3384818],[74.7139253,13.3385514],[74.7140772,13.3386471],[74.7142247,13.3387384],[74.7143275,13.338808],[74.7143677,13.3388993],[74.714399,13.3391732],[74.7144481,13.3393298],[74.7144794,13.3394863],[74.7145062,13.3395776],[74.7145901,13.3397169],[74.7146135,13.339782],[74.7145912,13.3398951],[74.7145465,13.3400342],[74.7144928,13.3402299],[74.7145643,13.340443],[74.7146358,13.3405778],[74.7146895,13.3406691],[74.7147565,13.340743],[74.7148146,13.3408213],[74.7150828,13.3408996],[74.7152079,13.34093],[74.7153062,13.3409735],[74.7154626,13.3409257],[74.7155252,13.3408822],[74.7155922,13.3407996],[74.7157307,13.3406832],[74.7158112,13.3406213],[74.715914,13.3406387],[74.716057,13.3406952],[74.7161687,13.3407691],[74.7162581,13.3408343],[74.7163609,13.3409474],[74.7164369,13.3410692],[74.716486,13.341204],[74.7165665,13.341304],[74.7166201,13.3414214],[74.7166201,13.3415171],[74.7166156,13.341691],[74.7165665,13.3418997],[74.7165263,13.3421084],[74.7165039,13.3422432],[74.7164503,13.342365],[74.716343,13.342452],[74.7163162,13.3425042],[74.7162894,13.3426085],[74.7163207,13.3426998],[74.7163252,13.3428129],[74.7164682,13.3429086],[74.7167006,13.3429607],[74.7169821,13.3430042],[74.7172905,13.3430303],[74.7174826,13.3429955],[74.7175854,13.3429738],[74.717678,13.3429631],[74.7177731,13.342952],[74.717867,13.3429868],[74.7179608,13.3430216],[74.7182603,13.3429607],[74.7183318,13.3428607],[74.7183854,13.342739],[74.7184167,13.3426216],[74.7183943,13.3424868],[74.7184658,13.3422693],[74.7185865,13.3421302],[74.7186848,13.3420345],[74.7188993,13.3420041],[74.7190915,13.3419823],[74.7193105,13.3419736],[74.7195742,13.3419954],[74.7197529,13.3420432],[74.7199004,13.3421345],[74.7199451,13.3422737],[74.7199943,13.3424259],[74.7200479,13.3425737],[74.7201149,13.3426911],[74.7202222,13.342739],[74.7203518,13.3427607],[74.7204993,13.3427433],[74.7206065,13.3426737],[74.7207138,13.3425563],[74.7207406,13.3424346],[74.72083,13.3422563],[74.7208568,13.3421432],[74.7208434,13.3420432],[74.7208925,13.3419649],[74.7209953,13.3418693],[74.7210624,13.3418041],[74.7211383,13.3417388],[74.7212858,13.3417127],[74.7213439,13.3417736],[74.7213797,13.3418388],[74.7213886,13.3419041],[74.721335,13.3419389],[74.7212009,13.3419867],[74.7210758,13.3420476],[74.7210132,13.3421215],[74.7209328,13.3422128],[74.7208642,13.3423312],[74.7208642,13.3425605],[74.7207856,13.3426455],[74.7206634,13.3427729],[74.7205063,13.3428408],[74.7203928,13.3428493],[74.7202095,13.3428323],[74.7200961,13.3428408],[74.7200262,13.3427304],[74.7199739,13.342603],[74.7199128,13.3424671],[74.7198167,13.3423312],[74.7197906,13.3421953],[74.7196596,13.3421189],[74.719389,13.3420934],[74.7191359,13.3420934],[74.7189788,13.3421104],[74.7188479,13.3421104],[74.7187606,13.3421359],[74.7186733,13.3422293],[74.718586,13.3424162],[74.7185075,13.342603],[74.7185249,13.3428153],[74.7184725,13.3429937],[74.718263,13.3431381],[74.7178964,13.3431975],[74.7176961,13.3432219],[74.7176171,13.3432315],[74.7175363,13.343228],[74.7173989,13.343223],[74.7171545,13.3432909],[74.7169625,13.343274],[74.7167006,13.3431975],[74.71643,13.3431466],[74.7162729,13.3430956],[74.7161769,13.3430531],[74.7160547,13.3428578],[74.7160634,13.3427134],[74.7161769,13.3425436],[74.7162205,13.3423737],[74.7162205,13.3422038],[74.7161944,13.341983],[74.7162031,13.3417112],[74.7161944,13.3415414],[74.7161769,13.3413375],[74.7160983,13.3411592],[74.7159412,13.3409893],[74.7157667,13.3409554],[74.7155572,13.3410743],[74.7153215,13.3411507],[74.7149811,13.3411847],[74.7147803,13.3411252],[74.7144574,13.3410403],[74.7142915,13.3408534],[74.7141344,13.3406836],[74.7140646,13.3405307],[74.7139947,13.3400806],[74.7141257,13.3397748],[74.7140908,13.3395115],[74.7140122,13.3391888],[74.7138725,13.3389425],[74.7136805,13.338866],[74.713375,13.3388066],[74.712991,13.3388321],[74.7127204,13.3388406],[74.7124149,13.3388406],[74.7124061,13.338951],[74.7122577,13.3390699],[74.7119784,13.3392652],[74.711734,13.339537],[74.711645,13.3396328],[74.7115682,13.3397154],[74.7114896,13.3399192],[74.7114896,13.3402759],[74.7115071,13.3405562],[74.7115507,13.3409469],[74.7115944,13.3415074],[74.7116991,13.3415074],[74.711865,13.3414734],[74.7122665,13.3414649],[74.7126243,13.3415159],[74.7129298,13.3415754],[74.7131481,13.3416263],[74.7132004,13.3417707],[74.7128076,13.3417367],[74.7126942,13.3417027],[74.712441,13.3416518],[74.7121792,13.3417452],[74.7119086,13.3418386],[74.711542,13.3419236],[74.7111579,13.342051],[74.7109484,13.3421614],[74.710704,13.3424586],[74.710608,13.3426794],[74.7106429,13.3429767],[74.710739,13.3432145],[74.7109659,13.3434268],[74.7112016,13.3435372],[74.7113587,13.3436731],[74.7116031,13.343775],[74.7116642,13.3439024],[74.7117253,13.3441233],[74.7116904,13.3443186],[74.7115856,13.3444545],[74.7114373,13.3446413],[74.7113587,13.3448537],[74.7112452,13.345032],[74.7112365,13.3448621],[74.7112613,13.3447272],[74.7112976,13.3445989],[74.7113674,13.3444545],[74.7114809,13.3442422],[74.7114547,13.3440468],[74.7113063,13.3439619],[74.7109397,13.343792],[74.7106168,13.3436816],[74.7104422,13.3437156],[74.7103811,13.3440723],[74.7103025,13.3443441],[74.7101716,13.3447093],[74.7101018,13.345083],[74.7102065,13.3455671],[74.7103724,13.3458134],[74.7105382,13.3460936],[74.7107826,13.3462465],[74.7110619,13.3462975],[74.7112976,13.3461531],[74.7114111,13.3459832],[74.7114896,13.3457709],[74.7116206,13.3457369],[74.7117253,13.3457624],[74.711865,13.3458558],[74.7120578,13.3459633],[74.7122403,13.3461106],[74.7125545,13.346187],[74.7127553,13.3463739],[74.7127553,13.3464758],[74.7128513,13.3466542],[74.7128862,13.3469684],[74.7128775,13.3472232],[74.7128251,13.347427],[74.7126593,13.3476478],[74.7125458,13.3478262],[74.7123363,13.3480894],[74.7122228,13.3482423],[74.712057,13.3484037],[74.7119435,13.3485056],[74.7118213,13.3485311],[74.7117515,13.3484377],[74.71183,13.3482848],[74.7119959,13.348081],[74.7122228,13.3479875],[74.7123712,13.3477243],[74.7124672,13.3475714],[74.7126156,13.3471722],[74.7126243,13.3469429],[74.7126331,13.3467731],[74.712572,13.3465777],[74.7124323,13.3464079],[74.7123014,13.3463059],[74.7119522,13.346221],[74.711638,13.3462465],[74.7114198,13.3463399],[74.7112452,13.3465013],[74.711123,13.3466796],[74.7109048,13.3468835],[74.7107739,13.3471977],[74.7108262,13.3475374],[74.7108524,13.3478516],[74.710931,13.3481574],[74.7110445,13.3483442],[74.7110968,13.3487859],[74.7111579,13.3490322],[74.7111929,13.3493464],[74.7113762,13.3497286],[74.7114111,13.3498729],[74.7114023,13.3499833],[74.7113587,13.3501277],[74.71135,13.3502551],[74.7113412,13.3503825],[74.7115245,13.3504589],[74.7116817,13.3505184],[74.7119522,13.3505269],[74.7122577,13.3505184],[74.7124236,13.3504929],[74.7125632,13.350408],[74.7127029,13.3503061],[74.7126593,13.3501107],[74.712764,13.349788],[74.7128426,13.3495332],[74.7129124,13.3493973],[74.7131306,13.349236],[74.7133139,13.3490746],[74.7135496,13.3491086],[74.7138202,13.3490406],[74.71389,13.3489472],[74.7140995,13.3488708],[74.7142391,13.3487349],[74.714597,13.34865],[74.7148065,13.3486245],[74.7150335,13.3485311],[74.7152255,13.3485481],[74.7154786,13.3485056],[74.7156619,13.3484716],[74.7158889,13.3483867],[74.716046,13.3484037],[74.7162642,13.3484037],[74.7165086,13.3484292],[74.7166832,13.3484546],[74.7168403,13.348565],[74.7170498,13.348616],[74.7172243,13.3487094],[74.7174076,13.3488368],[74.7176695,13.3489302],[74.7178964,13.3490067],[74.7181583,13.3493039],[74.7183591,13.3494058],[74.7185249,13.3494823],[74.7187693,13.3496097],[74.7189788,13.3497795],[74.7192843,13.3500173],[74.7195287,13.3501787],[74.7196945,13.3503825],[74.7197207,13.3506033],[74.7197818,13.3508751],[74.7197382,13.3510874],[74.7196422,13.3513337],[74.7195549,13.3514526],[74.7194327,13.3516394],[74.719293,13.3518348],[74.7191621,13.3519452],[74.7190661,13.3520726],[74.7190661,13.3522679],[74.7190486,13.3524377],[74.7189875,13.3525991],[74.7188479,13.3527775],[74.7186558,13.3528539],[74.7184202,13.3527944],[74.7181845,13.3527265],[74.7180797,13.3526161],[74.7179052,13.3523953],[74.7177655,13.3522849],[74.7176957,13.3520811],[74.7176957,13.3518857],[74.7177393,13.3516479],[74.7178004,13.3515205],[74.7178528,13.3513507],[74.7177568,13.3511553],[74.7176433,13.3510704],[74.7174775,13.351011],[74.7172505,13.3510195],[74.7170498,13.3510364],[74.7169014,13.3511384],[74.7167966,13.3512997],[74.7167617,13.3514356],[74.7168403,13.3516734],[74.7169014,13.3518602],[74.7170061,13.3520811],[74.7171371,13.3522169],[74.7173029,13.3523358],[74.7175386,13.3523273],[74.7177378,13.3524193],[74.7177711,13.3525487],[74.7177655,13.3527555],[74.717764,13.3529393],[74.7177254,13.3531057],[74.7177044,13.3532106],[74.7175909,13.3533889],[74.7173815,13.3536352],[74.7172156,13.353839],[74.7170585,13.3539919],[74.7169363,13.3540683],[74.7166919,13.3541278],[74.7165784,13.3540683],[74.7164824,13.3539155],[74.7164126,13.3538305],[74.7162467,13.353873],[74.7161682,13.3540513],[74.716142,13.3542552],[74.7161507,13.354459],[74.7161333,13.3546543],[74.7161682,13.3548072],[74.7161682,13.354994],[74.7161594,13.3551384],[74.716142,13.3552658],[74.7161507,13.3554696],[74.7161594,13.3556565],[74.7161856,13.3557923],[74.7162816,13.3559282],[74.7163689,13.3559962],[74.7165086,13.356166],[74.7166395,13.3563359],[74.7166657,13.3565312],[74.716657,13.3566161],[74.716657,13.3567265],[74.7166483,13.3568284],[74.7166133,13.3569813],[74.7166308,13.3570832],[74.7167094,13.3572446],[74.7167094,13.3573719],[74.7167879,13.3575418],[74.7168403,13.3576692],[74.7169799,13.3577116],[74.7171,13.3576777],[74.7172527,13.3575715],[74.7174164,13.3576352],[74.7173291,13.3577414],[74.7171763,13.3578263],[74.7170345,13.3578794],[74.7168054,13.3577732],[74.7166963,13.3576777],[74.7166199,13.3574654],[74.7165435,13.3572955],[74.7164999,13.3570514],[74.7164671,13.3568072],[74.7165108,13.3565524],[74.7164671,13.3563083],[74.7162707,13.3560853],[74.7161289,13.3559579],[74.7160525,13.3558199],[74.7160198,13.3555652],[74.7160416,13.3553847],[74.7160307,13.3551936],[74.715998,13.3548857],[74.7160198,13.354684],[74.7160089,13.3542276],[74.7160198,13.3540153],[74.7161725,13.3537923],[74.7162598,13.3536755],[74.7163908,13.3536225],[74.7164999,13.3536649],[74.7165762,13.3537923],[74.7167508,13.3538666],[74.7169036,13.3538242],[74.7170781,13.3536755],[74.71722,13.3534951],[74.7173836,13.3533889],[74.7174927,13.3532509],[74.7175473,13.3530917],[74.7175037,13.3529006],[74.7174818,13.3526989],[74.7172964,13.3525184],[74.717089,13.3524653],[74.7169145,13.3522849],[74.7167617,13.3520726],[74.7166744,13.3518496],[74.7165435,13.3515736],[74.7165544,13.3512764],[74.7166526,13.3510853],[74.7168163,13.3509473],[74.7170345,13.3508305],[74.7172854,13.3507668],[74.7175364,13.350788],[74.7177437,13.3507668],[74.7178419,13.3509473],[74.7180165,13.3511171],[74.7181038,13.3512127],[74.7181801,13.3513825],[74.7182347,13.3514887],[74.7180966,13.3515766],[74.7178835,13.3517425],[74.7179687,13.352012],[74.7180966,13.3523438],[74.7183097,13.3525096],[74.718608,13.3526548],[74.7187785,13.3523023],[74.7188851,13.3520535],[74.7189916,13.3517425],[74.7192686,13.35139],[74.7194178,13.3511204],[74.7195244,13.350685],[74.7194178,13.350374],[74.7188211,13.3500008],[74.7184802,13.3497935],[74.7178409,13.3493788],[74.7169143,13.3489998],[74.716477,13.3490263],[74.7160721,13.3489641],[74.7158377,13.3489019],[74.7153263,13.3489226],[74.7149001,13.3490677],[74.7144526,13.3491922],[74.714069,13.3492751],[74.7137067,13.3494824],[74.713387,13.3496898],[74.71311,13.3499801],[74.7129608,13.3502496],[74.712833,13.3505399],[74.7126838,13.3508302],[74.7121297,13.3510997],[74.7117462,13.3510168],[74.7113413,13.350768],[74.7108511,13.3505399],[74.7105741,13.3502703],[74.7105528,13.3500215],[74.7106167,13.3497727],[74.7106167,13.3493995],[74.7105528,13.3490055],[74.7105741,13.3485079],[74.7104462,13.3481347],[74.7102696,13.3477652],[74.7102331,13.3474712],[74.7101053,13.347098],[74.7100414,13.3466625],[74.7099561,13.3463515],[74.709402,13.3461649],[74.7091889,13.3463515],[74.7087201,13.346082],[74.7087201,13.345771],[74.708507,13.3455843],[74.7085923,13.3452941],[74.7088906,13.3453148],[74.7092049,13.3449416],[74.7092049,13.3446305],[74.7092316,13.3440085],[74.7093914,13.3434901],[74.7097643,13.3430754],[74.7098709,13.3426867],[74.7100577,13.3420877],[74.7100766,13.3415074],[74.7098616,13.3409898],[74.7097599,13.3409047],[74.7093381,13.3407168],[74.709054,13.3407517],[74.7088797,13.3407604],[74.7088037,13.3407648]]]},"properties":{"class":"Water","color":"#3b82f6","category":"water"}},{"type":"Feature","geometry":{"type":"Polygon","coordinates":[[[74.7396579,13.3352418],[74.7397181,13.3349457],[74.7400224,13.335006],[74.7399571,13.3353035],[74.7396579,13.3352418]]]},"properties":{"class":"Water","color":"#3b82f6","category":"water"}},{"type":"Feature","geometry":{"type":"Polygon","coordinates":[[[74.7527628,13.3375324],[74.7527585,13.337343],[74.7530016,13.3373366],[74.7530203,13.3375245],[74.7527628,13.3375324]]]},"properties":{"class":"Water","color":"#3b82f6","category":"water"}},{"type":"Feature","geometry":{"type":"Polygon","coordinates":[[[74.7256123,13.3267489],[74.725682,13.3263247],[74.7260342,13.3263795],[74.7259646,13.3268037],[74.7256123,13.3267489]]]},"properties":{"class":"Water","color":"#3b82f6","category":"water"}},{"type":"Feature","geometry":{"type":"Polygon","coordinates":[[[74.7371607,13.3247906],[74.7370367,13.3247728],[74.7370438,13.3247461],[74.736998,13.3247392],[74.7370143,13.3246601],[74.737056,13.324668],[74.7370631,13.3246353],[74.7371891,13.324661],[74.7371607,13.3247906]]]},"properties":{"class":"Water","color":"#3b82f6","category":"water"}},{"type":"Feature","geometry":{"type":"Polygon","coordinates":[[[74.708485,13.4087267],[74.7085248,13.4089857],[74.7087126,13.4094882],[74.7090538,13.4096944],[74.7090378,13.4098582],[74.7088655,13.409924],[74.7084835,13.40983],[74.7082083,13.4111643],[74.7093166,13.4114659],[74.7106373,13.4118249],[74.7110611,13.4120097],[74.7114704,13.4126979],[74.7115047,13.4132887],[74.7119789,13.413156],[74.7138836,13.4114929],[74.7139956,13.4112419],[74.7141069,13.4111219],[74.7141324,13.4110175],[74.7140788,13.4108349],[74.7142437,13.4104905],[74.7143483,13.4103392],[74.714508,13.4102128],[74.7146407,13.4101487],[74.7146702,13.4100626],[74.714986,13.4100586],[74.7153798,13.4098141],[74.7156009,13.409713],[74.7155848,13.4095982],[74.7155017,13.4093868],[74.7155553,13.4093712],[74.7156814,13.4095486],[74.7157511,13.4095225],[74.7158986,13.4095538],[74.7160757,13.4096999],[74.7164467,13.4097637],[74.7174423,13.4096575],[74.7185834,13.4098848],[74.7196003,13.409713],[74.7204281,13.4091301],[74.7208142,13.408383],[74.7211879,13.4074425],[74.7213695,13.4069175],[74.7217877,13.4059431],[74.7221892,13.4051554],[74.7227636,13.404326],[74.7245732,13.4030431],[74.7265461,13.4019032],[74.7278383,13.4007895],[74.7296613,13.4011095],[74.7302695,13.4016146],[74.730692,13.4021574],[74.7311892,13.4032452],[74.7316342,13.4039378],[74.732527,13.4040298],[74.7343782,13.4039991],[74.7356959,13.4032914],[74.7368333,13.4022808],[74.7375142,13.4014196],[74.738207,13.4007543],[74.7385916,13.4004072],[74.7391281,13.3999376],[74.739407,13.3996141],[74.7397819,13.3990728],[74.7400587,13.3988719],[74.7401231,13.3984962],[74.740402,13.39811],[74.7405651,13.3974134],[74.7409813,13.3966762],[74.7410864,13.3964231],[74.7414405,13.3960578],[74.7417948,13.3957762],[74.7423603,13.3955048],[74.7424029,13.3950329],[74.7428569,13.3943542],[74.7434236,13.39358],[74.7436867,13.3929467],[74.7434881,13.3926067],[74.7435068,13.3924671],[74.7435444,13.3919817],[74.7437107,13.3917469],[74.7436302,13.391559],[74.7437268,13.3912824],[74.7438126,13.3910998],[74.7438287,13.3909015],[74.7439097,13.3907436],[74.7440063,13.3906288],[74.7444541,13.39003],[74.7447816,13.3896541],[74.7451181,13.3892723],[74.7454201,13.389033],[74.7454655,13.3886882],[74.7454947,13.3885011],[74.7455871,13.3883468],[74.7457786,13.3882621],[74.7457057,13.3879072],[74.7460596,13.3870578],[74.746412,13.3863054],[74.7465132,13.3859043],[74.7465396,13.3855234],[74.7466093,13.3850754],[74.7467005,13.3843844],[74.7467023,13.3839006],[74.7470211,13.3833305],[74.7472155,13.3833578],[74.7472697,13.3834556],[74.7474038,13.3834661],[74.7474998,13.3833578],[74.7476179,13.3831125],[74.7476447,13.382909],[74.7476661,13.3827994],[74.7477573,13.3826898],[74.747811,13.382622],[74.7477681,13.3824863],[74.7477037,13.3823349],[74.7477198,13.3822045],[74.7477842,13.3820792],[74.7479719,13.3818965],[74.7482938,13.3816669],[74.7486215,13.3814882],[74.7489643,13.3812079],[74.7493296,13.3810811],[74.7495115,13.3809679],[74.7495603,13.3810602],[74.7494155,13.3812951],[74.7490716,13.3815002],[74.7489643,13.3817661],[74.7481495,13.3820988],[74.7482031,13.3824954],[74.7481334,13.3828294],[74.7479075,13.383076],[74.7477305,13.3832325],[74.7478598,13.3832834],[74.7480738,13.3832273],[74.7485939,13.383031],[74.7493242,13.3828494],[74.7505299,13.3824827],[74.7514505,13.3823286],[74.7524084,13.3824617],[74.7537382,13.382567],[74.754881,13.3827674],[74.7555218,13.3827319],[74.7563002,13.3823653],[74.7571043,13.3821735],[74.7574964,13.3819791],[74.7583438,13.3814459],[74.7593527,13.3811752],[74.7608369,13.3807128],[74.7613144,13.3805876],[74.761706,13.3805041],[74.7620922,13.3804049],[74.7622429,13.3805964],[74.7621619,13.3806711],[74.7620547,13.380645],[74.7619527,13.3806032],[74.7616148,13.3807128],[74.7612393,13.3808642],[74.7607296,13.380932],[74.7602045,13.3810714],[74.7601127,13.3810781],[74.760043,13.3811616],[74.7595665,13.3814437],[74.7591418,13.3815831],[74.7585512,13.3818297],[74.7579095,13.3820052],[74.7575442,13.3823353],[74.757056,13.3825023],[74.7565523,13.3826367],[74.7560421,13.3827841],[74.7562031,13.382878],[74.756418,13.3829137],[74.7568005,13.3829627],[74.7573693,13.3828558],[74.7580154,13.3826494],[74.7586585,13.3825916],[74.7593762,13.3823102],[74.7602683,13.3819964],[74.7604078,13.3820225],[74.7610086,13.3817981],[74.7618354,13.3816672],[74.7623897,13.3813655],[74.7629115,13.3812027],[74.7633856,13.3810796],[74.7647913,13.3807411],[74.7654007,13.3803208],[74.7658887,13.3802472],[74.7664501,13.3801763],[74.7670306,13.3800673],[74.7679668,13.3798295],[74.7685465,13.3796856],[74.7690676,13.3796076],[74.7696212,13.3795552],[74.7702803,13.3794567],[74.7713064,13.3796262],[74.7723812,13.3798947],[74.7726958,13.379949],[74.7736969,13.3794962],[74.774346,13.3791726],[74.7750182,13.3790637],[74.7756916,13.3790664],[74.7763518,13.3792019],[74.7768309,13.3796512],[74.7771477,13.3797376],[74.777456,13.3796978],[74.7778823,13.3796033],[74.7785931,13.3797541],[74.7790398,13.3791397],[74.7795607,13.3784143],[74.779805,13.3779977],[74.7797739,13.3775865],[74.7798861,13.3773843],[74.7802579,13.3766346],[74.7810957,13.3754768],[74.7820039,13.374883],[74.7823382,13.3746644],[74.7834765,13.3744225],[74.7845031,13.3743075],[74.7856997,13.3736863],[74.7868248,13.3730998],[74.7876649,13.3730496],[74.7881877,13.3731115],[74.7889168,13.3732344],[74.7896184,13.3734576],[74.790038,13.3736677],[74.7905289,13.3742027],[74.7912855,13.3744887],[74.792025,13.3748116],[74.7929475,13.3752166],[74.7945492,13.3758301],[74.7957714,13.3762815],[74.7964806,13.3764572],[74.7968762,13.3763309],[74.7978063,13.3764053],[74.7983137,13.3765027],[74.7987985,13.3767506],[74.7990579,13.3771094],[74.7996067,13.3776224],[74.8001476,13.3780081],[74.8004505,13.3789594],[74.80077,13.3807644],[74.8008705,13.382245],[74.8011334,13.3827395],[74.8016109,13.3831897],[74.8020582,13.3833112],[74.8030454,13.3828823],[74.8037964,13.3824439],[74.804483,13.3819847],[74.8054057,13.3815045],[74.8061782,13.3811079],[74.8063928,13.380753],[74.8069721,13.3802729],[74.8074871,13.3797719],[74.8077875,13.3794588],[74.8086673,13.3789995],[74.8096212,13.3788735],[74.8107713,13.3788959],[74.8118791,13.379054],[74.8128602,13.3790718],[74.8138988,13.3788322],[74.8149405,13.3784351],[74.8159414,13.3777052],[74.8165799,13.3770646],[74.8167918,13.3763507],[74.8167832,13.3753565],[74.8167505,13.3747829],[74.8165815,13.3732167],[74.8164839,13.3724918],[74.8164533,13.3722423],[74.8158916,13.3718989],[74.8155945,13.3715957],[74.8155301,13.3712606],[74.815646,13.3708134],[74.8159914,13.3702429],[74.8163079,13.3697837],[74.8168884,13.3691589],[74.8176641,13.36897],[74.8183448,13.3687284],[74.8189215,13.3686553],[74.8205018,13.368195],[74.8223225,13.3675692],[74.8243159,13.3670478],[74.8256903,13.3665463],[74.8263372,13.3662451],[74.827526,13.3654184],[74.8283924,13.3648668],[74.8290173,13.3643855],[74.8297973,13.3636585],[74.8306105,13.3631178],[74.8319918,13.3627162],[74.8319959,13.3644955],[74.8305952,13.3646803],[74.8288804,13.3657016],[74.827314,13.3667245],[74.8256812,13.3675165],[74.8234067,13.368149],[74.8213564,13.3691271],[74.8201092,13.3695243],[74.8195722,13.3696584],[74.8188136,13.3696052],[74.8180052,13.3697758],[74.8174945,13.3707215],[74.8173658,13.3712752],[74.817406,13.372341],[74.8175348,13.3732282],[74.8182402,13.3753189],[74.8183239,13.3761623],[74.8179924,13.3768913],[74.8173576,13.3774965],[74.8162848,13.3787281],[74.8153406,13.379417],[74.8149196,13.3797466],[74.8143918,13.379887],[74.8136418,13.3798718],[74.8128361,13.3798348],[74.8111801,13.3800868],[74.8103245,13.3802528],[74.8099661,13.3801171],[74.8095563,13.3801138],[74.8090949,13.3801568],[74.8085397,13.3804991],[74.8073798,13.3811497],[74.8061212,13.3822562],[74.8046594,13.3838323],[74.8040159,13.3841483],[74.8038941,13.3844557],[74.802943,13.3849933],[74.8024139,13.3851013],[74.80201,13.3850415],[74.801454,13.3847025],[74.8009076,13.3838734],[74.8004371,13.3833958],[74.8003225,13.3828256],[74.8000102,13.3816996],[74.7993925,13.3800222],[74.7988114,13.378564],[74.7982811,13.3777442],[74.7974849,13.3772986],[74.7964188,13.3772419],[74.7945722,13.3771856],[74.7930369,13.3770256],[74.7924251,13.3766861],[74.7919646,13.3761072],[74.790953,13.375633],[74.7888843,13.3748744],[74.7871667,13.374553],[74.7859222,13.3746992],[74.7846776,13.3751167],[74.7833108,13.3759256],[74.7827705,13.3764264],[74.7819307,13.3772047],[74.7808672,13.3791152],[74.7802834,13.380244],[74.7796944,13.3808408],[74.7792795,13.3811776],[74.7788385,13.3814972],[74.7777003,13.382365],[74.7771457,13.3826492],[74.7762545,13.3829786],[74.7754694,13.3830404],[74.7746413,13.3828246],[74.7741235,13.3826125],[74.7739285,13.382391],[74.7739792,13.3822117],[74.7738878,13.3821372],[74.7737545,13.3821557],[74.773501,13.3820872],[74.7730069,13.3816826],[74.7727678,13.3814775],[74.7721488,13.3813571],[74.7715098,13.38121],[74.7710121,13.3809869],[74.7705033,13.3810214],[74.7699917,13.3810837],[74.769445,13.3811903],[74.7688514,13.3814618],[74.7684028,13.3817524],[74.7678014,13.382001],[74.7675534,13.3821649],[74.7672667,13.3824286],[74.7665577,13.3826982],[74.7659298,13.3828927],[74.7653817,13.3830936],[74.764796,13.3828964],[74.7643125,13.3827523],[74.7634027,13.3827683],[74.76282,13.3828421],[74.7613556,13.3834266],[74.7606528,13.3837919],[74.7597517,13.3841541],[74.7589149,13.3843263],[74.7581966,13.3847164],[74.7574343,13.3849943],[74.7567369,13.3851144],[74.7563185,13.3850883],[74.7559645,13.3849526],[74.7553905,13.3848326],[74.7547029,13.3847526],[74.7535051,13.384638],[74.7526099,13.3844733],[74.751759,13.3844002],[74.7506852,13.3847026],[74.7497069,13.3851016],[74.7488455,13.3854404],[74.7481979,13.386016],[74.7480045,13.386347],[74.7475265,13.3872042],[74.7471623,13.3881892],[74.7470711,13.3887528],[74.7470397,13.3894092],[74.7469418,13.3898291],[74.7467758,13.3906734],[74.7467356,13.3908757],[74.7465196,13.3920892],[74.7463923,13.392916],[74.7459116,13.3934302],[74.7457445,13.3939403],[74.7453448,13.394303],[74.7446669,13.3954296],[74.743889,13.3963682],[74.7429863,13.3985709],[74.7425228,13.3993928],[74.7424499,13.3997189],[74.7425979,13.3998415],[74.7431236,13.3996954],[74.744227,13.3991187],[74.7447697,13.3987818],[74.7458554,13.3980852],[74.7459176,13.3981452],[74.7464326,13.3977799],[74.7471643,13.3971667],[74.7479561,13.3966527],[74.7483316,13.3961831],[74.7486106,13.3954316],[74.74872,13.3945679],[74.7488466,13.3948993],[74.7487093,13.3956743],[74.7484196,13.3963005],[74.7482243,13.3966423],[74.7476364,13.3970624],[74.7470463,13.397626],[74.7459713,13.39826],[74.7448769,13.3988966],[74.7441841,13.3993065],[74.7427288,13.4000842],[74.7423855,13.4003451],[74.7422031,13.4008252],[74.7421259,13.4016158],[74.7421646,13.4041545],[74.7419981,13.4048912],[74.7411175,13.4062872],[74.7401661,13.4070557],[74.7382309,13.4081299],[74.7371316,13.4085973],[74.7370996,13.4088776],[74.7375148,13.4092156],[74.7382042,13.4093759],[74.7390046,13.4096562],[74.7401412,13.4095316],[74.7415585,13.409181],[74.7433826,13.4094222],[74.7445907,13.4097019],[74.7452541,13.4097562],[74.7462054,13.4098547],[74.7468845,13.4098847],[74.7473152,13.4096849],[74.747489,13.4094125],[74.7475964,13.4089157],[74.7472434,13.4080963],[74.7471339,13.4076226],[74.7471324,13.4074218],[74.746871,13.4071446],[74.7468105,13.4064481],[74.7469843,13.4058657],[74.7473753,13.4054288],[74.747669,13.4051951],[74.7478894,13.4051179],[74.7479653,13.4049854],[74.7479357,13.4047966],[74.7480377,13.4045597],[74.7483931,13.4043165],[74.7490873,13.4043069],[74.7495316,13.4041788],[74.750096,13.4042938],[74.7518438,13.4049471],[74.7534958,13.4055537],[74.7542496,13.4057166],[74.7555014,13.4065722],[74.756446,13.40688],[74.7575861,13.4075137],[74.7587216,13.4087042],[74.7597453,13.409691],[74.7606481,13.4108769],[74.760918,13.4112843],[74.7612204,13.4113975],[74.7619278,13.412081],[74.7631978,13.4130699],[74.764175,13.4138599],[74.7643144,13.4139265],[74.764554,13.4140411],[74.764294,13.4145614],[74.7642231,13.4145197],[74.7641596,13.4145144],[74.7638074,13.4142758],[74.763323,13.4139561],[74.7622874,13.4134055],[74.7614941,13.4126747],[74.7610576,13.4122666],[74.7603084,13.4116464],[74.7595406,13.4108633],[74.7587216,13.4097181],[74.7577536,13.4086634],[74.75693,13.4080569],[74.7560598,13.4076404],[74.7540868,13.406803],[74.7525465,13.4060833],[74.7512203,13.4055944],[74.7502052,13.4053654],[74.7488942,13.4054142],[74.7483525,13.4056134],[74.7475856,13.4066969],[74.7476733,13.4074402],[74.7483064,13.4087536],[74.748388,13.4093575],[74.7481413,13.4100637],[74.7476243,13.4104978],[74.7469843,13.4105435],[74.7459462,13.410335],[74.7452392,13.4103246],[74.7443505,13.4105405],[74.7441662,13.4104253],[74.7439088,13.4104994],[74.743235,13.410963],[74.7427579,13.411027],[74.7422248,13.4106525],[74.7418867,13.4103753],[74.7409711,13.4102948],[74.7393979,13.4105131],[74.7375322,13.4103954],[74.7357868,13.4100242],[74.7323675,13.4100604],[74.730383,13.4108501],[74.7294809,13.4118153],[74.7269551,13.4138335],[74.7250608,13.4142722],[74.7229861,13.4154129],[74.7195931,13.4165393],[74.7175729,13.4167491],[74.7151852,13.4165122],[74.7130378,13.4166546],[74.7124037,13.4171044],[74.7118005,13.4180453],[74.7110943,13.4187277],[74.7097081,13.4192923],[74.7090075,13.4195882],[74.7086497,13.4200614],[74.7063307,13.4227401],[74.7042643,13.4255807],[74.7039617,13.427505],[74.7032815,13.4297549],[74.7039403,13.431915],[74.7047879,13.4336285],[74.7058007,13.4350185],[74.7067105,13.4355131],[74.7078314,13.4343653],[74.7100865,13.4341021],[74.7157262,13.4334381],[74.7171226,13.4366465],[74.7184757,13.4379625],[74.7197386,13.4430513],[74.7198288,13.447438],[74.719919,13.4506841],[74.7204603,13.4534477],[74.722084,13.4555971],[74.723392,13.456957],[74.7243843,13.4597204],[74.7250157,13.4612557],[74.7255569,13.4626155],[74.7262786,13.4630541],[74.7268649,13.4628348],[74.7289848,13.4617821],[74.7300998,13.4614983],[74.7302693,13.4618962],[74.7317039,13.4619451],[74.7327777,13.4619818],[74.733432,13.4617204],[74.7336188,13.4616458],[74.7343999,13.4619943],[74.735048,13.4615293],[74.7362488,13.4613935],[74.7365375,13.4613609],[74.7384729,13.4597289],[74.7406936,13.4592484],[74.7408433,13.459216],[74.7405814,13.4579272],[74.7408446,13.4579276],[74.740975,13.4587008],[74.7412379,13.4589587],[74.7413693,13.4597319],[74.7421591,13.4598612],[74.743079,13.4610222],[74.7430784,13.4615376],[74.7433413,13.4617956],[74.7430769,13.4628262],[74.7422863,13.4635985],[74.7418654,13.4642425],[74.7413694,13.4649344],[74.7409675,13.4656588],[74.7409669,13.4661742],[74.7403077,13.467462],[74.7397811,13.4674615],[74.739911,13.4687501],[74.7402153,13.4691772],[74.7395162,13.4690075],[74.739254,13.4679763],[74.7379369,13.4684904],[74.7383294,13.4702948],[74.7389877,13.4706815],[74.7395143,13.470682],[74.740567,13.4711986],[74.741357,13.4711993],[74.7426732,13.4715877],[74.7426726,13.4721031],[74.7431992,13.4721037],[74.7438548,13.4741661],[74.7438541,13.4749391],[74.7435904,13.4751965],[74.742931,13.4767421],[74.7418773,13.4771271],[74.7408229,13.478157],[74.7400323,13.4786714],[74.7395058,13.4786709],[74.7392421,13.4789283],[74.7381884,13.4793142],[74.7380554,13.4800872],[74.7367373,13.4813743],[74.7362096,13.4824048],[74.7355509,13.4831772],[74.7352875,13.4831768],[74.7352873,13.4834346],[74.7355506,13.4834348],[74.7352863,13.4842076],[74.7350223,13.4849804],[74.7340381,13.4852608],[74.7335851,13.4854453],[74.7333705,13.4858522],[74.7333383,13.4862904],[74.7333705,13.4866868],[74.7336173,13.4868955],[74.7341537,13.4875319],[74.7348618,13.488064],[74.7353339,13.4883665],[74.7364604,13.4891699],[74.7367716,13.4891542],[74.7373241,13.4894359],[74.7377157,13.4901036],[74.7381234,13.4905992],[74.738574,13.4909643],[74.738912,13.4911156],[74.7390407,13.4913608],[74.7390246,13.4918198],[74.7387886,13.4920024],[74.738574,13.4920806],[74.7384077,13.4919711],[74.7383434,13.4921067],[74.7380644,13.4922528],[74.7378606,13.4923623],[74.7376782,13.4923519],[74.7373509,13.4922684],[74.7370988,13.4922006],[74.7366643,13.4922788],[74.73638,13.4922893],[74.7359025,13.4923258],[74.7355539,13.4924353],[74.7352427,13.4925814],[74.7350335,13.4927535],[74.7348082,13.4929465],[74.7345883,13.4931813],[74.7344112,13.4934056],[74.7342503,13.4936925],[74.7341913,13.4938803],[74.7342342,13.4940211],[74.7341913,13.4941776],[74.7342288,13.494381],[74.7342342,13.4947097],[74.7343683,13.4949757],[74.7345668,13.4952782],[74.7348389,13.4956064],[74.7351354,13.4959303],[74.7353652,13.4961526],[74.7355683,13.4963991],[74.7357672,13.496683],[74.7359243,13.4969177],[74.7362052,13.4972864],[74.7363853,13.4975421],[74.7364229,13.4977925],[74.7365163,13.4980272],[74.7365071,13.4982619],[74.736481,13.4983781],[74.7364336,13.4984602],[74.7361064,13.4985384],[74.7359669,13.4986375],[74.7356933,13.4987366],[74.735409,13.4989296],[74.7351676,13.4990339],[74.7344166,13.4994982],[74.7337621,13.4997799],[74.7333276,13.499832],[74.7331613,13.5001294],[74.7330111,13.5002963],[74.7330058,13.4999259],[74.7333169,13.4997277],[74.7336602,13.4996599],[74.7339767,13.4995608],[74.7343093,13.499373],[74.7349209,13.4990131],[74.7351837,13.4988514],[74.7349316,13.4987992],[74.7346955,13.4987836],[74.734379,13.4986219],[74.7340304,13.4983193],[74.7336119,13.4979385],[74.7333384,13.4977873],[74.7330058,13.497902],[74.7328824,13.4980064],[74.7327483,13.4983298],[74.732877,13.4986271],[74.7328556,13.4988097],[74.7328716,13.4991018],[74.7328126,13.4992948],[74.7326571,13.4994878],[74.7324103,13.4995764],[74.7322011,13.4996755],[74.7319919,13.499639],[74.731729,13.4995764],[74.7315091,13.4993939],[74.7312677,13.4991748],[74.7311228,13.4989035],[74.7310692,13.4986636],[74.7308761,13.4986219],[74.730624,13.4985071],[74.7301143,13.4987001],[74.7296798,13.4988357],[74.7294706,13.4989609],[74.7293633,13.4991383],[74.72902,13.4993313],[74.7283924,13.5002545],[74.7279954,13.5008909],[74.7277218,13.5012143],[74.7274536,13.5015012],[74.7272444,13.5013447],[74.7274536,13.5008805],[74.7278881,13.5005362],[74.728151,13.5001137],[74.7282422,13.4997955],[74.7284406,13.4995451],[74.7286552,13.4992009],[74.7288269,13.4989088],[74.7290254,13.498794],[74.7294545,13.4985749],[74.7297066,13.4983767],[74.7301358,13.4982724],[74.730742,13.4981994],[74.7311121,13.4983245],[74.7312409,13.4985332],[74.7313535,13.4987523],[74.7315252,13.4991018],[74.7317827,13.4992687],[74.7319972,13.4993365],[74.7321904,13.4993574],[74.7324264,13.4993104],[74.7325498,13.4991539],[74.7327,13.4986897],[74.7326088,13.4981211],[74.7325712,13.497902],[74.7325551,13.4977664],[74.7326785,13.4975995],[74.7331452,13.4975578],[74.733392,13.4975943],[74.7335744,13.4976464],[74.7338909,13.4978812],[74.734143,13.4980898],[74.734422,13.4982619],[74.7347921,13.4984132],[74.7351193,13.4984758],[74.7354197,13.4984237],[74.7357738,13.4980846],[74.7359186,13.4978186],[74.7359508,13.4976673],[74.735924,13.4973335],[74.7356826,13.4970413],[74.7354895,13.4968379],[74.7353607,13.4967284],[74.7352856,13.4965927],[74.7350496,13.4964154],[74.7348458,13.496212],[74.7347063,13.4960346],[74.7344917,13.495852],[74.7343361,13.4956903],[74.7341967,13.4955547],[74.7341484,13.4953565],[74.7341162,13.4952156],[74.7338104,13.4950279],[74.7337031,13.4948453],[74.733687,13.4946471],[74.7337085,13.4945114],[74.7336173,13.4942141],[74.733569,13.4940681],[74.7336388,13.4939272],[74.7336978,13.4938281],[74.7337514,13.4937029],[74.7337514,13.4935464],[74.7338372,13.493416],[74.7340411,13.4933743],[74.7340035,13.4931969],[74.7341537,13.4930404],[74.734422,13.4928057],[74.7347063,13.4924666],[74.7349477,13.4922163],[74.7351623,13.4920076],[74.7355646,13.4919346],[74.7359079,13.4918928],[74.736262,13.4918355],[74.7366589,13.4917468],[74.7370827,13.4918355],[74.7376299,13.4919919],[74.7378659,13.4919085],[74.7380054,13.4918146],[74.7380966,13.4917207],[74.7381449,13.4914651],[74.7380644,13.4911991],[74.738,13.491053],[74.7378713,13.4907557],[74.7376943,13.4903957],[74.7371793,13.4900827],[74.7368199,13.4898115],[74.7364229,13.4895611],[74.736042,13.4893681],[74.735688,13.4891803],[74.7354305,13.4889612],[74.7351301,13.4888152],[74.7346043,13.4885648],[74.7340786,13.4882831],[74.7338319,13.4879284],[74.7334885,13.487678],[74.7329628,13.4873441],[74.7325873,13.486979],[74.7322869,13.486426],[74.7323191,13.4859461],[74.732641,13.4852158],[74.7332337,13.4847723],[74.733806,13.4847362],[74.7346738,13.4846118],[74.734938,13.4840239],[74.7351557,13.482919],[74.7359469,13.481889],[74.7359475,13.4813736],[74.7364746,13.4808587],[74.7370021,13.4800861],[74.7370725,13.4798127],[74.7371348,13.4795709],[74.7376615,13.4794422],[74.7380565,13.4790564],[74.7381892,13.4785412],[74.7392429,13.4781553],[74.7397702,13.4776404],[74.7414821,13.4767406],[74.7417464,13.4759678],[74.7425371,13.4751955],[74.7425396,13.4728761],[74.7426721,13.4726185],[74.7418822,13.4724885],[74.7416192,13.4722305],[74.7408295,13.471972],[74.7400401,13.4714558],[74.7383492,13.4710998],[74.7381973,13.4710678],[74.7381802,13.4710007],[74.7380658,13.4705522],[74.7378027,13.4702942],[74.7372778,13.4687474],[74.7366209,13.4679737],[74.7358307,13.4681012],[74.7355672,13.4683587],[74.7337231,13.4691298],[74.7324681,13.4694564],[74.7323183,13.4697288],[74.7324058,13.4697731],[74.7327743,13.4699758],[74.7326961,13.4701722],[74.7323053,13.4701722],[74.7321099,13.4701849],[74.7319471,13.4702102],[74.7318277,13.4703549],[74.7325554,13.4711021],[74.7329594,13.4715298],[74.7332885,13.4723977],[74.7335946,13.4726329],[74.7341549,13.4726457],[74.7343291,13.4726866],[74.7344271,13.4727096],[74.7346994,13.4727734],[74.7344368,13.4732081],[74.7340641,13.473574],[74.7338536,13.4730668],[74.7333254,13.4726575],[74.7330489,13.4720799],[74.7326794,13.4716732],[74.7324043,13.4711901],[74.7312464,13.47026],[74.7308257,13.4698998],[74.7297725,13.4698986],[74.7289828,13.4696401],[74.7287199,13.4693821],[74.7279299,13.4693813],[74.727667,13.4691233],[74.7255608,13.4687349],[74.7254292,13.4682194],[74.7251663,13.4679614],[74.7250357,13.4674458],[74.7245092,13.4673159],[74.723983,13.4669292],[74.7238515,13.4664137],[74.7231945,13.4656399],[74.7221418,13.4652517],[74.7208261,13.4644772],[74.7203002,13.4639612],[74.7184578,13.4633152],[74.7181956,13.4622842],[74.7176691,13.4621542],[74.7171431,13.4617675],[74.7164861,13.4602205],[74.716223,13.4599625],[74.7154359,13.4576424],[74.715173,13.4573844],[74.7150437,13.455838],[74.7142537,13.455837],[74.7143856,13.4553218],[74.7145177,13.4551925],[74.7155712,13.4549361],[74.7157025,13.4548079],[74.7155723,13.4540345],[74.7154413,13.4530035],[74.7150421,13.4525218],[74.7142242,13.4521274],[74.7131491,13.451565],[74.7128903,13.4512384],[74.71268,13.4506811],[74.7126819,13.4491349],[74.7128733,13.4485082],[74.7127261,13.4479467],[74.7123613,13.4473358],[74.712289,13.4470727],[74.7122171,13.4466549],[74.7120979,13.4454257],[74.7122034,13.4451403],[74.712249,13.4441337],[74.7121454,13.443595],[74.7122949,13.4421765],[74.7115058,13.4414023],[74.7113414,13.4411124],[74.7117884,13.4411011],[74.7117704,13.4403719],[74.7113822,13.4400651],[74.7109123,13.4397618],[74.7107188,13.4390822],[74.7103048,13.4387948],[74.7103011,13.4383556],[74.7097868,13.4381551],[74.7091762,13.4377214],[74.7071664,13.4379179],[74.7066396,13.438175],[74.7063518,13.4383442],[74.7055554,13.4389174],[74.7049647,13.4397735],[74.7046894,13.4398349],[74.7043597,13.4402078],[74.7041786,13.4406174],[74.7038713,13.4408781],[74.7035371,13.4416044],[74.7033392,13.4420433],[74.7030244,13.4430153],[74.7032473,13.4431143],[74.7032104,13.4434543],[74.7026838,13.4434537],[74.7020719,13.444926],[74.7019331,13.4452521],[74.7017111,13.4457408],[74.7015324,13.4460935],[74.7012967,13.4465656],[74.7013706,13.4471428],[74.7017438,13.4472584],[74.7018912,13.4474216],[74.7014574,13.4473111],[74.7012486,13.4472552],[74.7011803,13.4475704],[74.7007675,13.4493799],[74.7010689,13.4493955],[74.7011072,13.4501768],[74.7010708,13.4504471],[74.7011742,13.4505573],[74.7010814,13.4507582],[74.7009058,13.4507038],[74.7007344,13.4509249],[74.7006178,13.4513597],[74.7006059,13.451775],[74.700702,13.4519552],[74.7008981,13.4520374],[74.7011492,13.4523575],[74.7012719,13.4522889],[74.7013078,13.4525401],[74.7012238,13.4527295],[74.7007045,13.4537522],[74.7007142,13.454008],[74.7007086,13.4545022],[74.7006382,13.4549964],[74.7005561,13.4551261],[74.7004403,13.4553314],[74.7004443,13.4555076],[74.7004223,13.4558794],[74.7006738,13.4559989],[74.7008854,13.4559437],[74.7010889,13.4557459],[74.7009769,13.4555348],[74.7010875,13.4554739],[74.7011581,13.4552383],[74.7010898,13.4550487],[74.7013224,13.4546259],[74.701615,13.4544167],[74.7016333,13.4535177],[74.7023732,13.4535283],[74.7023426,13.4555291],[74.7025266,13.455797],[74.7026551,13.4567502],[74.7028816,13.4569076],[74.7029085,13.4571523],[74.7029623,13.4573893],[74.7029202,13.4575333],[74.7029158,13.4578892],[74.7028171,13.4578825],[74.7027794,13.4580924],[74.7029137,13.4582211],[74.7027663,13.4585233],[74.7027188,13.4581216],[74.7026836,13.4579201],[74.702723,13.4576434],[74.7025887,13.4574056],[74.7024097,13.4568182],[74.7021631,13.4567891],[74.7020157,13.4566871],[74.7016369,13.4567251],[74.7019638,13.4573541],[74.7020255,13.4576427],[74.7021225,13.4581561],[74.7020847,13.4589695],[74.7019844,13.4594176],[74.7020641,13.4595762],[74.7027719,13.4593761],[74.7026464,13.4602566],[74.702287,13.4603538],[74.7018989,13.4601872],[74.7017422,13.4604259],[74.7011398,13.4609131],[74.7004316,13.4614761],[74.7003358,13.4620644],[74.7002902,13.4627788],[74.7000259,13.4635516],[74.7005525,13.4636807],[74.7009464,13.4640682],[74.7009445,13.4656144],[74.7006799,13.4666448],[74.7004162,13.4669022],[74.7004156,13.4674176],[74.7000195,13.4687057],[74.7010724,13.4689646],[74.7008082,13.4697374],[74.7013348,13.4697382],[74.7010696,13.471284],[74.7000159,13.4716688],[74.6994888,13.4720553],[74.699488,13.4725707],[74.6989615,13.4725699],[74.6990913,13.4736009],[74.6996171,13.4743747],[74.6996162,13.4751479],[74.6990889,13.4756626],[74.6985657,13.4776037],[74.6982897,13.4781985],[74.6978617,13.4792373],[74.6973829,13.4796974],[74.6971063,13.4803492],[74.6971662,13.4809764],[74.6974493,13.4817844],[74.6975732,13.4826085],[74.6974121,13.4831049],[74.6974368,13.4833482],[74.6971446,13.4839453],[74.6967533,13.4843255],[74.6963506,13.4846863],[74.6961805,13.4849364],[74.6952781,13.4857449],[74.6949678,13.4861189],[74.6950481,13.4862883],[74.6951779,13.4865058],[74.6950966,13.4867835],[74.6950153,13.4871938],[74.6951683,13.4876956],[74.6953192,13.4879465],[74.6957044,13.4879877],[74.69741,13.4870063],[74.6974963,13.4867283],[74.6980859,13.4868443],[74.6979663,13.487386],[74.6980702,13.4874812],[74.6981811,13.4876575],[74.6982834,13.4880315],[74.698283,13.4882893],[74.6978878,13.4888041],[74.6973612,13.4888035],[74.6974916,13.4893191],[74.6977547,13.4895771],[74.6977538,13.4903501],[74.6976222,13.4906077],[74.697359,13.4904781],[74.6968324,13.4904775],[74.6965296,13.4904486],[74.6965161,13.4901864],[74.6967879,13.4902106],[74.6967547,13.4893992],[74.6961325,13.4893452],[74.6960441,13.4890596],[74.6952541,13.489187],[74.6947267,13.4895733],[74.6948577,13.4898313],[74.6948402,13.491218],[74.6947702,13.4912963],[74.6946951,13.4913223],[74.6946683,13.4914006],[74.6947273,13.4914632],[74.6947259,13.4915555],[74.6947259,13.4917277],[74.6947849,13.4919102],[74.6948453,13.4919379],[74.69486,13.4920302],[74.6948708,13.4924527],[74.6949083,13.4926875],[74.6950062,13.4928977],[74.6952302,13.4931048],[74.69543,13.493268],[74.6955534,13.4933463],[74.6956339,13.4933567],[74.6957304,13.4932837],[74.695886,13.4930646],[74.6959986,13.4928768],[74.6960469,13.492809],[74.6960831,13.4928387],[74.6960523,13.4929342],[74.6960201,13.4930803],[74.6959074,13.4932055],[74.6958055,13.4933359],[74.6956714,13.4934193],[74.6955856,13.4934298],[74.6955856,13.4935289],[74.69565,13.4936801],[74.6958967,13.4939044],[74.6960898,13.4940348],[74.6963782,13.4940646],[74.6966156,13.4940766],[74.6967979,13.4941392],[74.6969253,13.494315],[74.6970916,13.4945393],[74.6971842,13.4947025],[74.6974081,13.4948366],[74.6975637,13.4949148],[74.697789,13.4950035],[74.6978923,13.4950312],[74.6979781,13.4950259],[74.6980908,13.4949477],[74.6981605,13.4948955],[74.6981873,13.4949686],[74.6982182,13.4950557],[74.6982785,13.4951094],[74.6983804,13.4951094],[74.6984555,13.4950781],[74.6985736,13.4950155],[74.6986487,13.4949373],[74.6986755,13.4948434],[74.6986058,13.4946295],[74.6984019,13.4941079],[74.6983375,13.4939827],[74.6980049,13.4938836],[74.6978601,13.4937897],[74.697785,13.493748],[74.6976992,13.493748],[74.6976723,13.4938158],[74.697726,13.4939462],[74.6979231,13.4940802],[74.6979781,13.4941653],[74.6979137,13.4941913],[74.697785,13.494134],[74.6970662,13.4936332],[74.6969803,13.4935654],[74.6969589,13.4934923],[74.6970286,13.4934558],[74.6970554,13.4933672],[74.6970501,13.4932524],[74.6969535,13.4931898],[74.6968248,13.4931585],[74.6967121,13.4931637],[74.6965887,13.4931898],[74.6964707,13.4931794],[74.6963527,13.4930907],[74.6962722,13.4930229],[74.6962937,13.4929759],[74.6963366,13.4929603],[74.6964157,13.4930161],[74.6965552,13.4930161],[74.6967014,13.4930124],[74.696873,13.4930124],[74.6970434,13.4930735],[74.6971574,13.4931324],[74.6972848,13.4931778],[74.6973545,13.4932404],[74.6974685,13.4932941],[74.6975865,13.493242],[74.6976723,13.4931116],[74.6976992,13.4929238],[74.697667,13.4926682],[74.6975704,13.4925534],[74.6974095,13.4925117],[74.697329,13.4926212],[74.6972271,13.4926473],[74.6971305,13.4926473],[74.6970554,13.4926004],[74.6969911,13.4925534],[74.6968891,13.4925586],[74.6968462,13.4926682],[74.6967765,13.4926995],[74.696696,13.4926734],[74.6967121,13.4925482],[74.6967872,13.4924595],[74.6969052,13.492376],[74.6969736,13.4923797],[74.6970554,13.4924386],[74.6971252,13.4924334],[74.6971681,13.4923813],[74.6971252,13.4923291],[74.6969964,13.4922769],[74.6968891,13.4922561],[74.6967121,13.4922613],[74.6965995,13.4923082],[74.6963849,13.4924543],[74.6962615,13.4925169],[74.6961435,13.4925012],[74.6960523,13.4924699],[74.6957733,13.4923865],[74.6956124,13.4923969],[74.6955427,13.4923239],[74.6954461,13.4923135],[74.6952905,13.4923187],[74.6951725,13.4923239],[74.695076,13.4923082],[74.6951082,13.4921987],[74.6952047,13.4921778],[74.6953549,13.4921883],[74.6954448,13.492171],[74.6955376,13.4921883],[74.6957532,13.4920839],[74.6960756,13.4920928],[74.696236,13.4918435],[74.6965674,13.4917657],[74.6969763,13.4917297],[74.6986738,13.492026],[74.6988048,13.4921555],[74.6986535,13.4939038],[74.6988259,13.4943452],[74.6990652,13.494475],[74.6993283,13.494733],[74.6993276,13.4952484],[74.6989324,13.4957635],[74.6986693,13.4956338],[74.6981425,13.4956331],[74.6978791,13.4957621],[74.6978306,13.4960577],[74.6978335,13.4962145],[74.6974516,13.4965079],[74.6973625,13.4967103],[74.6974929,13.496793],[74.6975801,13.4968869],[74.6977826,13.4969862],[74.697921,13.4969158],[74.6979931,13.4971239],[74.698043,13.4972486],[74.6981495,13.4973707],[74.6982276,13.4974678],[74.6983627,13.4974659],[74.6984124,13.4973049],[74.6986039,13.4974241],[74.698583,13.4983385],[74.698326,13.4985456],[74.6980956,13.4986599],[74.6972542,13.4985519],[74.6970851,13.4988536],[74.6970245,13.4995595],[74.6971869,13.499904],[74.69714,13.5004],[74.6968224,13.5008549],[74.6962957,13.5009825],[74.6959797,13.5008569],[74.6957662,13.5005266],[74.6949764,13.5003974],[74.6949759,13.5009128],[74.6944489,13.5010405],[74.6941853,13.5012978],[74.6933951,13.5014261],[74.6936578,13.5019419],[74.6939193,13.5032307],[74.694183,13.5031018],[74.6954998,13.5031033],[74.6956307,13.5032327],[74.6957593,13.5060677],[74.696286,13.5060683],[74.6964149,13.5078725],[74.695756,13.5086448],[74.6959781,13.5088583],[74.6957149,13.5093949],[74.695359,13.5099328],[74.6949626,13.5112208],[74.6944359,13.5112203],[74.6943032,13.5117355],[74.6937757,13.5122501],[74.6937751,13.5127655],[74.6943009,13.5135393],[74.6944323,13.5140549],[74.694959,13.5140556],[74.6949585,13.514571],[74.6944317,13.5145703],[74.6941793,13.5150346],[74.6946349,13.5156259],[74.6947333,13.5161172],[74.6946058,13.516087],[74.69364,13.5158579],[74.6936392,13.5163733],[74.6931129,13.516115],[74.6931136,13.5155996],[74.6939037,13.5156005],[74.6937734,13.5140541],[74.6932488,13.5125073],[74.6932501,13.5114765],[74.6929878,13.510703],[74.6929919,13.5073529],[74.6927292,13.5068372],[74.6929949,13.5050335],[74.6932586,13.5047761],[74.693262,13.5021991],[74.6929995,13.5014257],[74.6931346,13.4991065],[74.6936614,13.4991072],[74.6936619,13.4985918],[74.6931354,13.4985911],[74.6933992,13.4982044],[74.693926,13.4980766],[74.6935334,13.4957568],[74.6935704,13.4944777],[74.6935447,13.4941955],[74.6934208,13.49358],[74.693461,13.4932315],[74.6935374,13.4926644],[74.6938014,13.4921494],[74.6939988,13.491422],[74.6942053,13.4914194],[74.6942721,13.491368],[74.6942783,13.4913012],[74.6942456,13.4912464],[74.6939604,13.4912324],[74.693777,13.490387],[74.6937192,13.4899064],[74.6938059,13.4885414],[74.6938089,13.4863011],[74.693809,13.4862222],[74.6940736,13.4851916],[74.6941348,13.4849179],[74.694338,13.4844189],[74.6950769,13.4837752],[74.6959524,13.4837733],[74.6964773,13.482259],[74.6964485,13.481329],[74.6963925,13.4811423],[74.6961858,13.4808132],[74.6960379,13.4799496],[74.6963512,13.4790313],[74.6968498,13.478166],[74.6973783,13.4774424],[74.6974546,13.4771051],[74.6974422,13.4769037],[74.6973848,13.4767679],[74.6967945,13.4759779],[74.6965537,13.4757997],[74.6965266,13.4756763],[74.6963963,13.4754646],[74.6962074,13.4752385],[74.6960186,13.4750671],[74.6959604,13.4750812],[74.6958664,13.475033],[74.6956673,13.475046],[74.6956515,13.4749735],[74.6952553,13.4748813],[74.6948418,13.4743525],[74.695002,13.4736505],[74.6956693,13.4728238],[74.6960157,13.4725602],[74.6963344,13.472332],[74.6968555,13.4721804],[74.6972317,13.4718762],[74.6976867,13.4718127],[74.6981406,13.4717165],[74.6984708,13.4714671],[74.6984183,13.470494],[74.6986863,13.4701827],[74.6978895,13.4703802],[74.6972028,13.4702481],[74.6967579,13.4699409],[74.6968051,13.4696997],[74.6968819,13.4692524],[74.69679,13.4687285],[74.6966337,13.4686821],[74.6963594,13.4686466],[74.6962832,13.468521],[74.6964343,13.4680948],[74.6964554,13.4679096],[74.6963627,13.467758],[74.6962113,13.4677113],[74.6960711,13.4677631],[74.6958951,13.4679395],[74.6958522,13.4683887],[74.6957473,13.4690512],[74.6956596,13.469096],[74.6955888,13.4697259],[74.6950318,13.4715291],[74.6946506,13.4720767],[74.6938258,13.4730793],[74.6932471,13.4739836],[74.6929868,13.4742188],[74.6922915,13.4739441],[74.6915512,13.4736694],[74.6915552,13.4737489],[74.6918977,13.47389],[74.6918465,13.4739436],[74.6922865,13.4741905],[74.6926763,13.4743535],[74.692775,13.4744674],[74.6927001,13.4745231],[74.6924955,13.4747341],[74.6921751,13.4748523],[74.6919155,13.4749167],[74.6917097,13.4748732],[74.6919926,13.4747067],[74.6923813,13.4746122],[74.6923894,13.4745225],[74.6922557,13.474343],[74.6921654,13.4742092],[74.6916443,13.4739019],[74.6914651,13.4737052],[74.6914736,13.4736052],[74.691328,13.4732134],[74.6912856,13.472884],[74.6917198,13.4725613],[74.6922478,13.471531],[74.692248,13.4712734],[74.6919855,13.4707576],[74.6919878,13.4689536],[74.6922514,13.4686964],[74.6922533,13.4671502],[74.6925177,13.4663774],[74.6922573,13.4640576],[74.692654,13.4630273],[74.6939709,13.4627712],[74.6938398,13.4619979],[74.6936317,13.4618874],[74.6934978,13.4617288],[74.6935598,13.4616761],[74.6935601,13.4615066],[74.6934288,13.4614323],[74.6933228,13.4615081],[74.6932593,13.4613631],[74.6933054,13.4613377],[74.6930513,13.4609661],[74.6930927,13.4608448],[74.6931549,13.4607997],[74.6932883,13.4610417],[74.6933612,13.4612309],[74.6935048,13.4613716],[74.693556,13.4614219],[74.69373,13.461419],[74.6936975,13.4615418],[74.6936235,13.4617556],[74.6938957,13.4619386],[74.6940771,13.4619139],[74.694172,13.4619737],[74.694409,13.4619114],[74.6944451,13.4618401],[74.694426,13.4617363],[74.6943382,13.4616764],[74.6943313,13.4615863],[74.6942455,13.4615654],[74.6941119,13.4611941],[74.693674,13.461257],[74.6935252,13.4609757],[74.6939001,13.4608632],[74.6941742,13.4609793],[74.694172,13.4611234],[74.6942552,13.4611883],[74.6942102,13.4612649],[74.6942495,13.4613954],[74.6944547,13.4614967],[74.694751,13.461379],[74.6949652,13.461296],[74.6952412,13.4612305],[74.6954205,13.4612258],[74.6956462,13.4612235],[74.6958043,13.4611381],[74.6959494,13.4610473],[74.6962198,13.461038],[74.6962931,13.4609612],[74.6962432,13.4608306],[74.6962343,13.4606567],[74.6963239,13.4605441],[74.6961945,13.46049],[74.6960601,13.460594],[74.6960093,13.4607296],[74.6959581,13.4606918],[74.6958435,13.4606751],[74.6955902,13.46063],[74.69541,13.4605045],[74.6952671,13.4604415],[74.6951989,13.4602568],[74.6951349,13.4601577],[74.6951431,13.4599838],[74.6951492,13.4597589],[74.6952158,13.4594106],[74.6953978,13.4594758],[74.6952564,13.4597739],[74.6952876,13.4601025],[74.6953552,13.4601254],[74.6953041,13.4601961],[74.6953632,13.460402],[74.6955862,13.4605578],[74.6956916,13.4605828],[74.6958471,13.4605248],[74.6958402,13.4604252],[74.6958005,13.4603637],[74.6958894,13.4603506],[74.6960971,13.4603558],[74.6964849,13.4602643],[74.6965706,13.4603433],[74.6965655,13.4604966],[74.6964541,13.4606967],[74.6963864,13.4608143],[74.6962581,13.4613258],[74.6960456,13.4613188],[74.6959866,13.4616244],[74.6961037,13.4616655],[74.6960841,13.4620652],[74.6962304,13.4632114],[74.6959511,13.464708],[74.6958779,13.4658736],[74.6959256,13.4663809],[74.6960048,13.4666442],[74.6964795,13.4669169],[74.6968696,13.4671015],[74.6979157,13.4665123],[74.698348,13.4660897],[74.6980974,13.4653664],[74.6977861,13.4645798],[74.6973322,13.4639238],[74.6969869,13.4635586],[74.6968014,13.4625223],[74.6968093,13.4614978],[74.6969351,13.4610292],[74.6970366,13.4607134],[74.698895,13.4604115],[74.6986748,13.4590977],[74.6984057,13.4583781],[74.6982252,13.4581983],[74.6983035,13.4580822],[74.6982414,13.4579421],[74.6982273,13.4578611],[74.6981021,13.4578261],[74.697972,13.457907],[74.6976202,13.4580623],[74.6972531,13.4582822],[74.6972495,13.4581788],[74.6974614,13.4580506],[74.697438,13.45797],[74.69755,13.4579134],[74.6977972,13.4579233],[74.6980895,13.4577916],[74.6981647,13.4574738],[74.6981906,13.4573645],[74.6980027,13.4573643],[74.697664,13.457364],[74.697536,13.4540136],[74.6978014,13.4524677],[74.6985926,13.4514379],[74.6987271,13.4493762],[74.6979371,13.4495038],[74.6968832,13.4501472],[74.6967504,13.4506624],[74.6956959,13.4516921],[74.6951677,13.4529799],[74.694904,13.4532373],[74.694376,13.4545252],[74.6938487,13.4550398],[74.6935841,13.4560704],[74.6926615,13.4571001],[74.692135,13.4570995],[74.6918708,13.4578722],[74.691344,13.4579999],[74.6906606,13.4590506],[74.6923796,13.4532751],[74.6936711,13.4486573],[74.6939432,13.4493403],[74.6942657,13.4497019],[74.694646,13.449861],[74.695213,13.4498798],[74.6956186,13.4495584],[74.695802,13.4492057],[74.6960188,13.4481173],[74.6959367,13.4469831],[74.6955226,13.4446859],[74.6954705,13.4436309],[74.6953654,13.4401545],[74.6950945,13.4373584],[74.695036,13.4352276],[74.6949813,13.4340494],[74.6955226,13.4318904],[74.6957495,13.4310571],[74.695861,13.4298336],[74.6959549,13.4285823],[74.6961277,13.4276317],[74.6962103,13.4263298],[74.696493,13.4250337],[74.6965032,13.4238227],[74.6965252,13.4229268],[74.6963514,13.4223413],[74.6963959,13.4217783],[74.69664,13.4192314],[74.6969661,13.4169553],[74.6974446,13.415644],[74.6978196,13.4148389],[74.6986382,13.4140301],[74.6989298,13.413711],[74.6989169,13.4136014],[74.6989188,13.4133958],[74.6991755,13.4132072],[74.6994072,13.4131905],[74.6997194,13.4133569],[74.6998323,13.4135589],[74.7002255,13.4135328],[74.7005239,13.413254],[74.7011171,13.4126457],[74.7022973,13.4112593],[74.7030966,13.4105919],[74.7040788,13.4101729],[74.7044767,13.4100948],[74.7046158,13.4100675],[74.7055948,13.410319],[74.7062079,13.4102976],[74.7069016,13.4097335],[74.707166,13.4091308],[74.7078704,13.4088444],[74.708485,13.4087267]],[[74.7032681,13.4234285],[74.7032708,13.4234625],[74.7033486,13.4234781],[74.7035176,13.4234755],[74.7035792,13.4235042],[74.7035041,13.4235694],[74.7033834,13.4236033],[74.7032949,13.4235772],[74.7031581,13.4235746],[74.7030911,13.4237077],[74.7031876,13.4238225],[74.703421,13.4238773],[74.7035471,13.4238825],[74.703649,13.4237781],[74.7037992,13.4237468],[74.7038957,13.4236477],[74.7040781,13.4234964],[74.7041076,13.423379],[74.7040674,13.4233007],[74.7041425,13.4231911],[74.7039789,13.4231546],[74.7038126,13.4231729],[74.7035685,13.4232094],[74.7033271,13.4233085],[74.7032681,13.4234285]],[[74.7033754,13.4224293],[74.7034197,13.422458],[74.7035551,13.422411],[74.7037281,13.422411],[74.7037737,13.422548],[74.7039373,13.4226667],[74.7039038,13.4226954],[74.703775,13.4227241],[74.7037053,13.4226198],[74.703539,13.4226041],[74.7034103,13.4226511],[74.7033432,13.4227659],[74.7032225,13.4228494],[74.7030723,13.4229511],[74.7030723,13.4230476],[74.7033003,13.422985],[74.7034787,13.4228872],[74.7036798,13.4228428],[74.7037348,13.4228637],[74.7040299,13.4228741],[74.7042055,13.4228546],[74.7043692,13.4227893],[74.7045287,13.4226941],[74.7045797,13.4225976],[74.7046132,13.4224267],[74.7045287,13.4224097],[74.7044959,13.4223921],[74.7044644,13.4223537],[74.7044402,13.4222858],[74.7043195,13.422231],[74.7041854,13.4222102],[74.7039789,13.4221136],[74.7037375,13.4220928],[74.7035256,13.4222102],[74.7033995,13.4223406],[74.7033754,13.4224293]],[[74.7028765,13.4227059],[74.7028899,13.4227711],[74.7029462,13.4228311],[74.703142,13.422745],[74.7032359,13.4226406],[74.7032627,13.4224371],[74.7032815,13.422291],[74.7030991,13.422325],[74.7030321,13.422458],[74.7029248,13.4225754],[74.7028765,13.4227059]],[[74.7062411,13.4184345],[74.7065249,13.417956],[74.7063795,13.4178224],[74.7061134,13.4177389],[74.7058726,13.4177974],[74.7051264,13.4180729],[74.7039409,13.4187961],[74.7027612,13.4195464],[74.7025981,13.4195736],[74.7022591,13.4199435],[74.7020638,13.4203526],[74.7018729,13.4205775],[74.7017532,13.4209365],[74.7020107,13.4207946],[74.7022763,13.4205608],[74.7027312,13.4203354],[74.7032891,13.4201434],[74.7040787,13.4197426],[74.7046194,13.4194426],[74.7057009,13.4189662],[74.7062411,13.4184345]],[[74.734592,13.4073361],[74.7344032,13.4075866],[74.734694,13.4078204],[74.7356907,13.4077045],[74.7371831,13.4074196],[74.7386261,13.4068352],[74.7398106,13.406185],[74.7402225,13.4052989],[74.74048,13.4030446],[74.7405476,13.4022932],[74.7403942,13.402193],[74.7395531,13.4028119],[74.7384877,13.4040799],[74.7371831,13.4050484],[74.7359653,13.4060002],[74.7353039,13.4066436],[74.7358269,13.4065847],[74.7360587,13.4063186],[74.736608,13.4057519],[74.7369857,13.4056851],[74.7371745,13.4059011],[74.7375264,13.4059001],[74.7371831,13.4063342],[74.7366241,13.406736],[74.7361445,13.4069374],[74.7355694,13.4070021],[74.734797,13.4071357],[74.734592,13.4073361]],[[74.7010983,13.4133815],[74.7012378,13.4136111],[74.7014095,13.4136529],[74.701667,13.4136529],[74.7020746,13.4135276],[74.7026218,13.4129328],[74.7032334,13.4123379],[74.7037269,13.4116491],[74.7044779,13.4109186],[74.7048749,13.4106472],[74.7047247,13.4104802],[74.7043706,13.4103446],[74.7039951,13.4104281],[74.7032548,13.4106785],[74.7028471,13.4108977],[74.7024394,13.4113047],[74.701624,13.4124109],[74.7011734,13.413058],[74.7010983,13.4133815]],[[74.6937367,13.4937953],[74.6937206,13.493884],[74.6937206,13.494004],[74.693785,13.4940718],[74.6938923,13.4941031],[74.6940157,13.4940561],[74.6941498,13.4939049],[74.6942464,13.4936962],[74.694241,13.4935032],[74.6941176,13.4930233],[74.6939459,13.4924756],[74.693844,13.4924443],[74.6937528,13.4925747],[74.693608,13.4930076],[74.6936831,13.4933884],[74.6937367,13.4937953]],[[74.6978191,13.495668],[74.6978512,13.4955428],[74.697879,13.4954319],[74.6978123,13.495413],[74.697701,13.4955428],[74.6975723,13.4957306],[74.6974328,13.4960435],[74.697465,13.4961583],[74.6976045,13.496054],[74.6978191,13.495668]],[[74.6944287,13.4936232],[74.6942893,13.4939883],[74.6939889,13.4944682],[74.6938172,13.4949481],[74.6937957,13.4953237],[74.6937957,13.4958766],[74.6939996,13.4965234],[74.6941283,13.4968677],[74.6943644,13.4970033],[74.6945575,13.4971598],[74.6946433,13.4974937],[74.694654,13.4978066],[74.6945468,13.4981196],[74.6942785,13.4984117],[74.6942249,13.4986204],[74.6942356,13.4987873],[74.6942356,13.4990794],[74.6942356,13.499215],[74.6947184,13.4992255],[74.6950296,13.4994028],[74.6953192,13.4995071],[74.6955124,13.4994237],[74.6957377,13.4991837],[74.6965101,13.4986204],[74.696832,13.4984326],[74.6970788,13.4983387],[74.6972826,13.4982657],[74.6973684,13.4980883],[74.6973792,13.497911],[74.6973363,13.4976502],[74.6970895,13.4975041],[74.6967569,13.4972329],[74.6962526,13.4964295],[74.6958986,13.4959184],[74.6958879,13.4956262],[74.6959844,13.4948647],[74.6958986,13.4944578],[74.6957806,13.4943222],[74.6955553,13.4940926],[74.6951154,13.4938631],[74.6944287,13.4936232]],[[74.6963277,13.4948229],[74.6962526,13.4952507],[74.6962956,13.4956575],[74.6963385,13.4962],[74.6965745,13.4966486],[74.6967891,13.4969929],[74.6970144,13.4970659],[74.6969715,13.4968677],[74.697068,13.4965026],[74.6972504,13.4960227],[74.6976581,13.4953028],[74.6975616,13.4951672],[74.6972075,13.4950107],[74.6969071,13.4949377],[74.6965745,13.494896],[74.6963277,13.4948229]],[[74.6963385,13.4944787],[74.6965423,13.4944891],[74.6966067,13.4946038],[74.6967569,13.4947708],[74.6968749,13.4946664],[74.6967676,13.4943535],[74.6965638,13.4942283],[74.6963385,13.4942596],[74.696317,13.4943639],[74.6963385,13.4944787]],[[74.7647153,13.3823016],[74.7646294,13.3823694],[74.764667,13.3824373],[74.7649728,13.3825103],[74.7654234,13.3824738],[74.7658579,13.3824373],[74.7663729,13.382265],[74.7671024,13.3819519],[74.7675155,13.3817119],[74.7676711,13.3816023],[74.7676818,13.3814875],[74.767537,13.3815449],[74.7673009,13.381571],[74.7670595,13.3815918],[74.7668771,13.381644],[74.7665982,13.3817327],[74.7664372,13.3817327],[74.7662334,13.3818162],[74.7659384,13.3819363],[74.765638,13.3820093],[74.7652303,13.3821033],[74.7648708,13.3822285],[74.7647153,13.3823016]],[[74.6983458,13.4155633],[74.6981735,13.4156879],[74.6979411,13.4159555],[74.6976738,13.4164768],[74.6976092,13.4167896],[74.6976692,13.4170037],[74.6978574,13.4172102],[74.6980399,13.4172293],[74.6985115,13.4167929],[74.6988701,13.4164705],[74.6992171,13.416088],[74.6995377,13.4157835],[74.6996479,13.4154921],[74.6996068,13.415257],[74.6994158,13.415204],[74.6989755,13.4152663],[74.6983458,13.4155633]],[[74.7190528,13.4585543],[74.7185262,13.4585538],[74.7181303,13.4589403],[74.7182607,13.4604867],[74.7193136,13.4607456],[74.7195759,13.461519],[74.7201021,13.4619057],[74.7214181,13.4624226],[74.722207,13.4631965],[74.7229966,13.4634551],[74.7243134,13.4633281],[74.7243149,13.4620397],[74.7237882,13.4620391],[74.7237889,13.4615237],[74.7235568,13.4613244],[74.7227366,13.4606201],[74.7216836,13.4603612],[74.7206317,13.4593292],[74.7201051,13.4593287],[74.7190528,13.4585543]],[[74.7406177,13.4651244],[74.7409999,13.464559],[74.741073,13.4642031],[74.7417796,13.4636669],[74.7423071,13.4628943],[74.7423085,13.4616059],[74.7419148,13.4608323],[74.7405986,13.4604439],[74.7398088,13.4604431],[74.738321,13.4607968],[74.7363841,13.462115],[74.7348139,13.4623026],[74.7339282,13.4623654],[74.7323472,13.4630784],[74.7313792,13.4639137],[74.7311149,13.4646866],[74.7292711,13.4653284],[74.727691,13.4655843],[74.7269014,13.4653258],[74.7259354,13.4651731],[74.7250581,13.4654532],[74.7251881,13.4664841],[74.725846,13.4671286],[74.7274253,13.4676457],[74.7276884,13.4679037],[74.7361146,13.467655],[74.7384852,13.4668844],[74.7392842,13.4659981],[74.7397599,13.465583],[74.7401979,13.4654692],[74.7406177,13.4651244]],[[74.7279324,13.4113985],[74.7275344,13.4113307],[74.7269421,13.4115642],[74.7262875,13.411939],[74.7252339,13.4125826],[74.7246289,13.4131837],[74.7250051,13.4132226],[74.725417,13.4132544],[74.7265246,13.4128428],[74.7272222,13.4123428],[74.7277425,13.4117978],[74.7279324,13.4113985]],[[74.7006099,13.4176546],[74.7004725,13.4174538],[74.7002564,13.4174928],[74.6999827,13.4179123],[74.6996481,13.418536],[74.6993431,13.4187628],[74.6990478,13.4193224],[74.6990023,13.4198954],[74.6990272,13.4202299],[74.6990266,13.4207454],[74.6992559,13.4207549],[74.6991918,13.4210973],[74.69944,13.4219383],[74.6995807,13.4219834],[74.6998151,13.4217771],[74.7000784,13.4217773],[74.7007386,13.4197164],[74.7006099,13.4176546]],[[74.7039498,13.4170144],[74.7033375,13.4169444],[74.702658,13.4170056],[74.7020568,13.4174816],[74.7028176,13.4176378],[74.7018692,13.4177849],[74.7015526,13.4185093],[74.7014202,13.418674],[74.7014193,13.4188027],[74.7030254,13.4179706],[74.7032932,13.417601],[74.7038497,13.417248],[74.7039498,13.4170144]],[[74.7086279,13.4179031],[74.7073112,13.4182877],[74.7062569,13.4193174],[74.7055492,13.4197965],[74.7046763,13.4200887],[74.7040466,13.4204351],[74.7037014,13.4209356],[74.7028945,13.4215803],[74.7024752,13.4222734],[74.7024608,13.4225441],[74.7025788,13.4226641],[74.7024929,13.4228754],[74.702509,13.4230059],[74.7026271,13.4230111],[74.7028282,13.4226746],[74.7029731,13.4223276],[74.7033137,13.4222232],[74.7033781,13.4220588],[74.7034505,13.4220615],[74.7038367,13.4219493],[74.7037107,13.4219023],[74.7036624,13.4217379],[74.7036731,13.4216492],[74.7038823,13.4214301],[74.7040066,13.4212572],[74.704338,13.4213037],[74.7044268,13.421404],[74.7042052,13.4214091],[74.7040674,13.4215918],[74.703936,13.4217223],[74.7040594,13.4218553],[74.7042766,13.4218971],[74.7044557,13.4220324],[74.7045502,13.4220354],[74.7044951,13.4222034],[74.7044912,13.4223563],[74.7047889,13.4224006],[74.7056293,13.4217506],[74.7065173,13.4210169],[74.7072061,13.4201468],[74.7076773,13.4194922],[74.7084749,13.4186138],[74.7087108,13.4182835],[74.7087188,13.4180772],[74.7086279,13.4179031]],[[74.7000056,13.422534],[74.6996759,13.4231511],[74.6995514,13.4238502],[74.699608,13.4243376],[74.6998514,13.4249898],[74.699947,13.4256878],[74.7001287,13.4256008],[74.7002653,13.4253692],[74.7004106,13.4249267],[74.7004928,13.4246951],[74.7005439,13.4244265],[74.7005299,13.4243386],[74.7006664,13.4235805],[74.7006261,13.4227482],[74.7005362,13.4223803],[74.7003777,13.4222207],[74.7000056,13.422534]],[[74.7202848,13.4123333],[74.7202247,13.4123154],[74.7201198,13.4123843],[74.7199231,13.412346],[74.7197186,13.4122491],[74.7193436,13.4123434],[74.7186099,13.4125251],[74.7181504,13.4127242],[74.7174922,13.4130194],[74.7167618,13.4133918],[74.7164431,13.4134655],[74.7159057,13.4136699],[74.7155386,13.4138892],[74.7153183,13.4140091],[74.7152067,13.4141721],[74.7150377,13.4142871],[74.7149984,13.4143968],[74.7151067,13.4144374],[74.7156435,13.4144632],[74.7163384,13.4144172],[74.7167701,13.4143559],[74.7169497,13.4143102],[74.7177807,13.4139504],[74.7185089,13.4136894],[74.7190552,13.4133381],[74.719598,13.4130347],[74.7204206,13.4126931],[74.7204502,13.4126011],[74.7202848,13.4123333]],[[74.7183942,13.4563248],[74.7186475,13.456294],[74.7189196,13.4572278],[74.7194462,13.4572284],[74.7198395,13.4582596],[74.7202345,13.4586463],[74.7212874,13.458905],[74.7220761,13.4599368],[74.7226027,13.4599373],[74.723129,13.4601957],[74.7233923,13.4601959],[74.7236862,13.4599602],[74.7234838,13.458609],[74.7232211,13.4580934],[74.7226053,13.4577474],[74.7225157,13.4568855],[74.7220797,13.4568443],[74.7215535,13.4564576],[74.7211207,13.4554848],[74.7202385,13.455296],[74.7197113,13.4556824],[74.7197108,13.4561978],[74.7189215,13.4556816],[74.7189221,13.4551662],[74.7186586,13.4552943],[74.7181321,13.4552936],[74.7178686,13.4554227],[74.7178675,13.4564535],[74.7183942,13.4563248]],[[74.7130306,13.4488317],[74.7129887,13.4491772],[74.7130241,13.4496723],[74.7128448,13.4508385],[74.7133047,13.4515034],[74.7136861,13.451538],[74.7144754,13.4520543],[74.7150019,13.4520549],[74.7151333,13.4519265],[74.7151348,13.4506381],[74.7146097,13.449349],[74.7140838,13.448833],[74.7139533,13.4483174],[74.7131633,13.4483165],[74.7130306,13.4488317]],[[74.7115714,13.4173021],[74.7111239,13.4174183],[74.7109485,13.4176165],[74.7106146,13.4178147],[74.7102014,13.4178863],[74.7098499,13.4180525],[74.709587,13.4183365],[74.7092941,13.4186654],[74.7093786,13.4188459],[74.7103882,13.418723],[74.7110434,13.41859],[74.7113786,13.418189],[74.7115824,13.4178752],[74.7116333,13.4174679],[74.7115714,13.4173021]],[[74.7320458,13.4083181],[74.731779,13.4083704],[74.7309742,13.4084877],[74.7307064,13.4084526],[74.7302187,13.4084531],[74.7300125,13.4087135],[74.7295878,13.4090109],[74.7294045,13.4092051],[74.7294762,13.4093773],[74.7301818,13.4093364],[74.73124,13.4092028],[74.7313913,13.4090466],[74.7321814,13.4089191],[74.7326233,13.4088894],[74.7330553,13.4088848],[74.7332023,13.4087801],[74.7329874,13.4084473],[74.7320458,13.4083181]],[[74.7126953,13.4472278],[74.7128916,13.4478428],[74.7130917,13.4479596],[74.7135639,13.4480452],[74.7138613,13.4478412],[74.713748,13.446932],[74.7138908,13.4466772],[74.7140511,13.4460757],[74.71414,13.4453259],[74.7144042,13.4445531],[74.7143403,13.4437714],[74.714163,13.4429982],[74.7138436,13.4425969],[74.7134598,13.4426115],[74.7130537,13.442705],[74.7129584,13.4430053],[74.7127795,13.4437481],[74.7126274,13.4446589],[74.7125154,13.4462937],[74.7126953,13.4472278]],[[74.7168392,13.4102947],[74.7162797,13.4102645],[74.7160386,13.4102785],[74.7156344,13.4103943],[74.7153747,13.4105166],[74.7150221,13.4107803],[74.7146849,13.4111551],[74.7146553,13.4113716],[74.7148592,13.4115231],[74.7149853,13.4116421],[74.7151003,13.4118405],[74.7150743,13.4119415],[74.714881,13.412015],[74.7148852,13.4122085],[74.7147369,13.4123383],[74.7146404,13.4126414],[74.714624,13.4128903],[74.7144554,13.413022],[74.7140842,13.4132835],[74.7136243,13.4135937],[74.7133795,13.4138854],[74.7131245,13.4141122],[74.7129011,13.4144378],[74.712841,13.4146255],[74.7129038,13.414829],[74.7130235,13.4149032],[74.7133594,13.4148315],[74.7136567,13.4146696],[74.7140545,13.4144559],[74.7146138,13.4141287],[74.7151668,13.4136716],[74.7156787,13.4134039],[74.7160944,13.4131249],[74.716506,13.4129503],[74.7170334,13.41259],[74.7173595,13.4125066],[74.7177779,13.4123997],[74.7188756,13.4120786],[74.7195291,13.4119551],[74.7196395,13.4117864],[74.7195853,13.411566],[74.7192408,13.4114036],[74.7188813,13.4111456],[74.7184664,13.4108685],[74.7181814,13.4106634],[74.7178075,13.4105058],[74.7168392,13.4102947]],[[74.7145742,13.4397954],[74.7144844,13.4402994],[74.7147805,13.4423001],[74.7150687,13.4426426],[74.7151619,13.4446989],[74.7148686,13.4457481],[74.7148205,13.4462392],[74.7146484,13.4469886],[74.7147669,13.4477336],[74.7148225,13.4483855],[74.7151325,13.4486762],[74.7154801,13.4492878],[74.7157802,13.4493959],[74.7158483,13.4491711],[74.715902,13.4490276],[74.7160072,13.4489025],[74.7160976,13.4457636],[74.7163174,13.4451536],[74.7165425,13.4443898],[74.7163514,13.4421811],[74.7157539,13.4403979],[74.7153861,13.4399486],[74.7150437,13.4397347],[74.7147565,13.4397078],[74.7145742,13.4397954]],[[74.7081619,13.4113282],[74.7071076,13.4111549],[74.7051494,13.4115108],[74.7048864,13.4113821],[74.7047021,13.4118059],[74.7051119,13.4122169],[74.7054112,13.4126713],[74.7059372,13.413058],[74.7063944,13.4131139],[74.7070336,13.4136263],[74.7086221,13.4136931],[74.7098854,13.4135779],[74.7101489,13.4133205],[74.7106756,13.4131928],[74.7110788,13.4127166],[74.7109398,13.4124199],[74.71094,13.4121623],[74.7102119,13.4119542],[74.7093611,13.4117736],[74.7085717,13.4115148],[74.7081619,13.4113282]],[[74.7727249,13.3802049],[74.773566,13.3808008],[74.774607,13.3816407],[74.7755337,13.3818198],[74.7763907,13.3815048],[74.7771397,13.3811096],[74.7780665,13.3803253],[74.7772667,13.3800536],[74.7768335,13.3798302],[74.7762637,13.3794299],[74.7755909,13.3792632],[74.774334,13.3796584],[74.7727249,13.3802049]],[[74.7190295,13.410417],[74.7191111,13.4106984],[74.7195338,13.4112034],[74.7199195,13.4114199],[74.7205055,13.4115569],[74.7221224,13.4107344],[74.7221951,13.4105548],[74.7222661,13.4101567],[74.7224339,13.4098903],[74.7238728,13.4091472],[74.7239396,13.4090029],[74.7241621,13.4088009],[74.7243104,13.4088081],[74.7257568,13.4080722],[74.7259793,13.4082598],[74.7261647,13.4085556],[74.7270622,13.4080144],[74.7273218,13.4077186],[74.7275369,13.4077331],[74.7286123,13.4072641],[74.7296655,13.4065859],[74.7308745,13.4061458],[74.7321503,13.4057922],[74.7325805,13.4055325],[74.7334705,13.4048543],[74.7341084,13.4041689],[74.7327585,13.40414],[74.7322318,13.4042338],[74.7316682,13.4041472],[74.7312899,13.4038442],[74.7305482,13.4024301],[74.7300438,13.4017158],[74.7294653,13.4012901],[74.7290796,13.4012035],[74.7278632,13.4012179],[74.7270028,13.4019539],[74.7256307,13.4028774],[74.7246294,13.4034329],[74.7237616,13.4041544],[74.7230718,13.4046379],[74.7226564,13.4051429],[74.7223523,13.4053882],[74.722026,13.4059438],[74.7216477,13.4069971],[74.7211953,13.4079567],[74.7211804,13.4082525],[74.7213288,13.4082958],[74.7214623,13.4082381],[74.7218257,13.4085051],[74.7219666,13.4085339],[74.7222411,13.4083896],[74.7226935,13.4084257],[74.7231385,13.4083391],[74.7230199,13.4086133],[74.7221966,13.4088009],[74.721796,13.4091688],[74.7217597,13.4093069],[74.7214031,13.4095416],[74.7211094,13.4101436],[74.7209206,13.410266],[74.7190295,13.410417]]]},"properties":{"class":"Water","color":"#3b82f6","category":"water"}},{"type":"Feature","geometry":{"type":"Polygon","coordinates":[[[74.7485463,13.3928238],[74.7486536,13.3929282],[74.7487716,13.3930534],[74.7489189,13.3931093],[74.7490238,13.3931943],[74.7491525,13.3932048],[74.7492759,13.3931891],[74.7493456,13.3931787],[74.74941,13.3933352],[74.7494446,13.3934641],[74.7493105,13.3935424],[74.7491686,13.3935283],[74.7490989,13.3934553],[74.7489808,13.3933039],[74.748836,13.3932152],[74.7486643,13.39309],[74.7485356,13.392923],[74.7484522,13.3928901],[74.7483824,13.3928275],[74.748243,13.3926866],[74.7480474,13.3924898],[74.7478275,13.3922602],[74.7476934,13.3921141],[74.7475968,13.3918897],[74.7474759,13.3917055],[74.7473608,13.3915244],[74.7472481,13.3913418],[74.7471355,13.3911382],[74.7470121,13.3910652],[74.7468697,13.3909697],[74.7467975,13.3908982],[74.7467356,13.3908757],[74.7467758,13.3906734],[74.7469394,13.3908549],[74.7471087,13.3909817],[74.747275,13.3910913],[74.74739,13.3912724],[74.7474759,13.3914759],[74.7475915,13.3917175],[74.7477881,13.3919914],[74.7479569,13.3921829],[74.7481464,13.3923735],[74.7483317,13.3925107],[74.7484629,13.3927075],[74.7485463,13.3928238]]]},"properties":{"class":"Water","color":"#3b82f6","category":"water"}},{"type":"Feature","geometry":{"type":"Polygon","coordinates":[[[74.6964633,13.3747566],[74.6964902,13.3744643],[74.6964945,13.3742411],[74.6965041,13.3737442],[74.6965768,13.3738051],[74.6967101,13.3738886],[74.6968474,13.3738844],[74.6969547,13.3738218],[74.6970059,13.3737338],[74.6970749,13.3736339],[74.6970918,13.3734875],[74.697066,13.3732707],[74.6970534,13.3730616],[74.6970749,13.3728487],[74.6971733,13.3727944],[74.6971991,13.3728529],[74.6972079,13.3731076],[74.6972189,13.3732263],[74.6972575,13.3735019],[74.6974439,13.3738132],[74.6975126,13.3739053],[74.697607,13.3739303],[74.6976757,13.3739426],[74.6978903,13.373613],[74.6979715,13.3734666],[74.698195,13.3733873],[74.6987786,13.3733333],[74.6998341,13.3733622],[74.7007954,13.3734082],[74.700963,13.3734332],[74.7009525,13.3734643],[74.7008238,13.373481],[74.7006221,13.3734768],[74.7003236,13.3734416],[74.6997657,13.3734126],[74.6989715,13.3734457],[74.6983194,13.3735752],[74.6980319,13.3737046],[74.6978066,13.3738943],[74.6977572,13.3740219],[74.6977401,13.3741848],[74.6978302,13.3743228],[74.6979332,13.3744981],[74.6982164,13.3746276],[74.6989589,13.3747901],[74.6993537,13.3748697],[74.6995039,13.3748987],[74.6996755,13.375024],[74.6997828,13.3751659],[74.6998598,13.3754039],[74.6999073,13.3756419],[74.6999545,13.3757716],[74.7000446,13.3758423],[74.7001945,13.3759133],[74.7004008,13.3758423],[74.7005553,13.3757546],[74.7006154,13.3754456],[74.7006497,13.375049],[74.7007999,13.3747693],[74.7009802,13.3747567],[74.7014238,13.3747672],[74.7013873,13.374834],[74.7010059,13.3748611],[74.7008514,13.3749363],[74.7007999,13.3750699],[74.7007508,13.375293],[74.7007034,13.3754809],[74.7006776,13.375669],[74.7006712,13.3758172],[74.700562,13.3759195],[74.7003128,13.3759821],[74.7001433,13.3760176],[74.6999073,13.3758715],[74.6997954,13.375692],[74.6997828,13.3755625],[74.6997013,13.3754373],[74.6995594,13.375312],[74.6993322,13.3751787],[74.6990643,13.3751302],[74.6988298,13.3750908],[74.6985576,13.3751051],[74.6984288,13.3751012],[74.6982703,13.3751638],[74.698019,13.3750785],[74.6976971,13.3748656],[74.6975856,13.3746941],[74.697581,13.374548],[74.6976714,13.3744311],[74.6976266,13.3742829],[74.6974182,13.3741975],[74.6972849,13.3740723],[74.6971822,13.3740428],[74.697077,13.3741114],[74.6970258,13.3742283],[74.6969829,13.3744332],[74.6969461,13.3745608],[74.6968729,13.3746398],[74.6967914,13.3746983],[74.6966326,13.3747528],[74.6964633,13.3747566]]]},"properties":{"class":"Water","color":"#3b82f6","category":"water"}},{"type":"Feature","geometry":{"type":"Polygon","coordinates":[[[74.7045253,13.3699754],[74.7047376,13.3698531],[74.7048443,13.3697624],[74.7048322,13.3696932],[74.7048988,13.3696741],[74.7050096,13.3697799],[74.7050674,13.3697751],[74.7051927,13.369999],[74.7051764,13.3702134],[74.7050484,13.3704449],[74.7049968,13.3706114],[74.7049354,13.370663],[74.704811,13.370673],[74.704688,13.3706524],[74.7045742,13.3706025],[74.7044701,13.3705853],[74.7044416,13.3704613],[74.7043487,13.370422],[74.7043246,13.3703295],[74.7043489,13.3700889],[74.7045253,13.3699754]]]},"properties":{"class":"Water","color":"#3b82f6","category":"water"}},{"type":"Feature","geometry":{"type":"Polygon","coordinates":[[[74.7034622,13.36169],[74.703463,13.3615112],[74.7036659,13.3615185],[74.7036609,13.361694],[74.7034622,13.36169]]]},"properties":{"class":"Water","color":"#3b82f6","category":"water"}},{"type":"Feature","geometry":{"type":"Polygon","coordinates":[[[74.6990641,13.3494174],[74.6978732,13.3496888],[74.6974119,13.3489737],[74.6969194,13.3483369],[74.6960933,13.3476114],[74.6964849,13.3473974],[74.6973654,13.3469197],[74.6975694,13.3474239],[74.6978542,13.3481278],[74.6983401,13.3479614],[74.6978498,13.3466671],[74.6989316,13.3462997],[74.6992757,13.3471734],[74.6994481,13.3476517],[74.6996105,13.3481019],[74.6997801,13.3485724],[74.6999345,13.3490005],[74.7017366,13.3483914],[74.7007443,13.3457058],[74.7008914,13.3456599],[74.7015114,13.3454662],[74.7020639,13.3462857],[74.702185,13.3465742],[74.7028042,13.3480499],[74.7027274,13.3484671],[74.7023109,13.3483408],[74.7019249,13.3484916],[74.7004642,13.349005],[74.6990641,13.3494174]]]},"properties":{"class":"Built-up","color":"#a8a29e","category":"industrial"}},{"type":"Feature","geometry":{"type":"Polygon","coordinates":[[[74.7507647,13.3298905],[74.7508371,13.3295799],[74.7512233,13.3291519],[74.7513011,13.3289066],[74.7520736,13.329071],[74.7516891,13.3300889],[74.7507647,13.3298905]]]},"properties":{"class":"Built-up","color":"#ef4444","category":"commercial"}},{"type":"Feature","geometry":{"type":"Polygon","coordinates":[[[74.7459098,13.3430208],[74.7459608,13.3426632],[74.7462171,13.3427058],[74.7461861,13.3431565],[74.7459098,13.3430208]]]},"properties":{"class":"Built-up","color":"#ef4444","category":"residential"}},{"type":"Feature","geometry":{"type":"Polygon","coordinates":[[[74.7399255,13.3172894],[74.7399577,13.3167256],[74.740934,13.3168196],[74.7427901,13.3171641],[74.7449289,13.3178871],[74.7450362,13.3190982],[74.7447857,13.3201291],[74.7449289,13.3212384],[74.7462662,13.3211001],[74.7466026,13.3215412],[74.7465345,13.3220919],[74.7457765,13.3223972],[74.745365,13.3227183],[74.7451757,13.3231803],[74.7446569,13.323282],[74.7441849,13.3228227],[74.7427686,13.3225617],[74.7416207,13.3223633],[74.7414275,13.3218726],[74.7414597,13.3207869],[74.7431656,13.3207764],[74.7431549,13.3200038],[74.7428223,13.3191164],[74.742082,13.3189076],[74.7411057,13.3187615],[74.7406374,13.3184091],[74.7402796,13.3177592],[74.7399255,13.3172894]]]},"properties":{"class":"Vegetation","color":"#84cc16","category":"farmland"}},{"type":"Feature","geometry":{"type":"Polygon","coordinates":[[[74.7310745,13.3280636],[74.7311496,13.3286482],[74.7317289,13.3288935],[74.7327375,13.3288257],[74.7341912,13.328643],[74.7348028,13.3285647],[74.7349583,13.3282567],[74.7355967,13.3280897],[74.7356664,13.3273797],[74.7365247,13.3273432],[74.7369753,13.3273536],[74.7374957,13.3277138],[74.7376693,13.3279916],[74.7373562,13.3287682],[74.7370665,13.3289927],[74.7369359,13.3301019],[74.7367857,13.330436],[74.7367964,13.3310624],[74.7365998,13.3311068],[74.735981,13.3310363],[74.7357308,13.3311224],[74.7360634,13.3315035],[74.736219,13.3318114],[74.7358166,13.332015],[74.7351568,13.3320568],[74.7350066,13.3315557],[74.734715,13.3314278],[74.7341518,13.3317096],[74.7335099,13.3319054],[74.7330486,13.3317906],[74.7326784,13.3312529],[74.731568,13.3311381],[74.7311531,13.3319915],[74.7304637,13.3321442],[74.7300335,13.3322395],[74.7285964,13.3320411],[74.7279634,13.3316235],[74.7276285,13.3313504],[74.7272338,13.3310285],[74.726912,13.3305691],[74.726765,13.3300288],[74.7267757,13.3299984],[74.7269261,13.3295716],[74.7270225,13.3292981],[74.7272692,13.3286508],[74.7270514,13.3283767],[74.7271018,13.3282627],[74.7276126,13.3271057],[74.7280814,13.3261217],[74.7281582,13.3258111],[74.7285245,13.3243287],[74.7289215,13.3236187],[74.7293469,13.3223111],[74.7288356,13.3204971],[74.7278668,13.3201604],[74.727119,13.3195993],[74.7274409,13.3180332],[74.7296939,13.3186492],[74.7315677,13.3187197],[74.7325478,13.3190773],[74.7349581,13.318845],[74.7364172,13.3187823],[74.7379407,13.3188554],[74.7389599,13.3188659],[74.739153,13.3206303],[74.7373543,13.3211236],[74.7351442,13.3223659],[74.734207,13.3228436],[74.7338245,13.3235561],[74.7331449,13.3252239],[74.7328123,13.3262992],[74.7318252,13.3269465],[74.7310136,13.3270222],[74.7310745,13.3280636]]]},"properties":{"class":"Vegetation","color":"#84cc16","category":"farmland"}},{"type":"Feature","geometry":{"type":"Polygon","coordinates":[[[74.7477168,13.3237759],[74.7477254,13.3232403],[74.748176,13.3231776],[74.7483514,13.3228984],[74.749045,13.3228958],[74.7492633,13.3226374],[74.749914,13.32276],[74.7503861,13.3224886],[74.75059,13.3226974],[74.7510191,13.3231776],[74.7514198,13.3236814],[74.7519418,13.323898],[74.7524498,13.3238484],[74.752997,13.323744],[74.7540162,13.3235039],[74.7546278,13.3232429],[74.7554646,13.3228984],[74.7569522,13.3226974],[74.7578856,13.3228331],[74.7578534,13.323543],[74.7566839,13.3236892],[74.7557398,13.3239502],[74.7548386,13.3242217],[74.7541841,13.3245871],[74.7532223,13.3252891],[74.752607,13.3255267],[74.7516736,13.3253805],[74.7502574,13.3250882],[74.7489844,13.324266],[74.7486266,13.323731],[74.7477168,13.3237759]]]},"properties":{"class":"Vegetation","color":"#84cc16","category":"farmland"}},{"type":"Feature","geometry":{"type":"Polygon","coordinates":[[[74.7568559,13.3321298],[74.7565018,13.331754],[74.7565072,13.3315035],[74.7569739,13.3315765],[74.7570114,13.331159],[74.7574084,13.3311851],[74.7575211,13.3306213],[74.7580897,13.3306056],[74.7585384,13.3307596],[74.7585564,13.3310076],[74.7594362,13.3311276],[74.7591894,13.3320515],[74.7583847,13.3320724],[74.7579931,13.3320307],[74.7577571,13.3318271],[74.7575318,13.3319106],[74.7576123,13.3320829],[74.7574406,13.3322551],[74.7572528,13.3323856],[74.7571456,13.3323908],[74.7568559,13.3321298]]]},"properties":{"class":"Vegetation","color":"#84cc16","category":"farmland"}},{"type":"Feature","geometry":{"type":"Polygon","coordinates":[[[74.7604015,13.341791],[74.7600796,13.340862],[74.7598733,13.3402842],[74.7592325,13.3406459],[74.7589316,13.3399949],[74.7592101,13.3399329],[74.7590818,13.3394318],[74.7597478,13.339363],[74.7596934,13.3387119],[74.7602237,13.3384523],[74.7600244,13.3380047],[74.7611257,13.3377985],[74.7614201,13.3373064],[74.7616031,13.3371356],[74.762397,13.3373236],[74.7628117,13.3371268],[74.7629871,13.3366763],[74.7619304,13.3364467],[74.7619587,13.3361033],[74.7620966,13.3353765],[74.7626749,13.3354998],[74.7627404,13.3350008],[74.7646126,13.3351626],[74.7663184,13.3352774],[74.7663077,13.3360708],[74.7655831,13.3363221],[74.765516,13.3358473],[74.7648911,13.3359049],[74.7652396,13.337397],[74.76569,13.3370207],[74.7658387,13.3364845],[74.7669767,13.336705],[74.7667101,13.337689],[74.7662356,13.3379043],[74.7653942,13.3377959],[74.7654923,13.3384035],[74.764236,13.3392691],[74.764038,13.3390215],[74.762878,13.3394138],[74.7627227,13.3391785],[74.7622736,13.3395258],[74.7626148,13.3401641],[74.7612974,13.3403608],[74.7615119,13.3415614],[74.7604015,13.341791]]]},"properties":{"class":"Vegetation","color":"#84cc16","category":"farmland"}},{"type":"Feature","geometry":{"type":"Polygon","coordinates":[[[74.7582825,13.3235535],[74.7581645,13.3235013],[74.7582182,13.3232507],[74.7583292,13.3227209],[74.7588941,13.3227078],[74.7595056,13.3228436],[74.7598634,13.3229819],[74.7602459,13.3231046],[74.760718,13.3231463],[74.7612544,13.3230628],[74.7616444,13.3227835],[74.7618552,13.3223111],[74.7628852,13.3222902],[74.7632714,13.3223111],[74.7633466,13.3216429],[74.7642049,13.3216847],[74.7643159,13.322084],[74.7647091,13.3220919],[74.7652885,13.3219457],[74.7657858,13.3220632],[74.7659038,13.3223764],[74.7667406,13.3243913],[74.7663721,13.3245557],[74.7656318,13.3248481],[74.7651597,13.3249211],[74.7647772,13.3249864],[74.7642049,13.3247645],[74.7636614,13.3244331],[74.7632323,13.324005],[74.7628208,13.3238354],[74.7623273,13.3239293],[74.7618483,13.3240259],[74.7617587,13.3244931],[74.7614728,13.3247254],[74.7610865,13.3249551],[74.7609004,13.3251926],[74.7610184,13.3254223],[74.7611938,13.3256232],[74.7610828,13.3258712],[74.7608789,13.3261322],[74.7605249,13.3261008],[74.760439,13.3256624],[74.7603961,13.3249629],[74.760196,13.3246105],[74.7597631,13.3242947],[74.7593377,13.3240155],[74.7589155,13.3237623],[74.7582825,13.3235535]]]},"properties":{"class":"Vegetation","color":"#84cc16","category":"farmland"}},{"type":"Feature","geometry":{"type":"Polygon","coordinates":[[[74.7507724,13.3152117],[74.7509478,13.3147863],[74.7511157,13.3143869],[74.7512981,13.3140111],[74.7514054,13.3135099],[74.7513018,13.313074],[74.7510835,13.3127373],[74.7506581,13.3115915],[74.7509226,13.3109207],[74.7510942,13.3104195],[74.7523924,13.3103465],[74.7530683,13.3102838],[74.753358,13.3100228],[74.7539052,13.3095321],[74.7543665,13.3092919],[74.7554217,13.3092841],[74.7565375,13.3093154],[74.7577246,13.3094903],[74.7580787,13.3097722],[74.7585438,13.3102447],[74.7590443,13.3111399],[74.7597309,13.3121005],[74.7604283,13.3129879],[74.7606214,13.3133011],[74.7605356,13.3135308],[74.7600957,13.3137083],[74.7592841,13.3138049],[74.7591446,13.3142225],[74.7592197,13.3145984],[74.759445,13.3146192],[74.7603033,13.3146088],[74.7610329,13.3145357],[74.7617801,13.3149716],[74.7620591,13.3153997],[74.7623273,13.3157233],[74.7627243,13.316308],[74.7633503,13.3174799],[74.7634109,13.3179053],[74.7633825,13.3186492],[74.7628959,13.3193565],[74.7626814,13.3197533],[74.7622737,13.3197324],[74.7615012,13.319534],[74.7611793,13.3191477],[74.7611579,13.3186779],[74.7609218,13.3181455],[74.7606896,13.3176156],[74.7602711,13.317459],[74.7598849,13.3173546],[74.7590765,13.3177905],[74.7583829,13.3178036],[74.7579537,13.3179393],[74.757553,13.3176026],[74.7574242,13.316736],[74.7573706,13.3159426],[74.7570847,13.315538],[74.7567698,13.3150656],[74.7562011,13.3146375],[74.7554716,13.3141364],[74.7550961,13.3138127],[74.7548922,13.3136143],[74.7547528,13.3132698],[74.7545167,13.3128731],[74.7541305,13.3125494],[74.7536691,13.3125285],[74.75324,13.3128522],[74.7530898,13.3131967],[74.7529503,13.3135726],[74.7529433,13.3140972],[74.7531472,13.3144626],[74.7533795,13.3147628],[74.7532185,13.3151909],[74.7528859,13.3155041],[74.7524782,13.3155667],[74.7519311,13.3154727],[74.7513517,13.3153788],[74.7507724,13.3152117]]]},"properties":{"class":"Vegetation","color":"#84cc16","category":"farmland"}},{"type":"Feature","geometry":{"type":"Polygon","coordinates":[[[74.7402959,13.3386444],[74.7404569,13.3371046],[74.740709,13.3368123],[74.7409397,13.3368227],[74.7409182,13.3371607],[74.7411382,13.3372142],[74.7408807,13.3384982],[74.7404944,13.3386809],[74.7402959,13.3386444]]]},"properties":{"class":"Built-up","color":"#ef4444","category":"residential"}},{"type":"Feature","geometry":{"type":"Polygon","coordinates":[[[74.7359394,13.3380513],[74.7359689,13.3376918],[74.7363044,13.3377178],[74.7362749,13.3380773],[74.7359394,13.3380513]]]},"properties":{"class":"Built-up","color":"#ef4444","category":"residential"}},{"type":"Feature","geometry":{"type":"Polygon","coordinates":[[[74.7470041,13.3310389],[74.7471141,13.3308588],[74.7472962,13.3309713],[74.7471835,13.3311436],[74.7470041,13.3310389]]]},"properties":{"class":"Built-up","color":"#ef4444","category":"residential"}},{"type":"Feature","geometry":{"type":"Polygon","coordinates":[[[74.7198534,13.3327763],[74.7198499,13.3324883],[74.7198484,13.3323643],[74.7198368,13.3314079],[74.7197045,13.3292827],[74.7195675,13.3283498],[74.719538,13.3281491],[74.7195055,13.3279273],[74.7194232,13.3273669],[74.7187892,13.3254544],[74.7187614,13.3253705],[74.719305,13.3252917],[74.7204155,13.325558],[74.7207978,13.3257589],[74.7213328,13.3250516],[74.7216707,13.324681],[74.7219443,13.3241381],[74.7220355,13.3235587],[74.7220275,13.3228227],[74.7218424,13.3223972],[74.7215795,13.3222276],[74.7212952,13.3223477],[74.7209251,13.322379],[74.7205818,13.3224364],[74.7204101,13.3231254],[74.7205228,13.323543],[74.720335,13.3238145],[74.7200507,13.3239554],[74.7192072,13.3235962],[74.7191443,13.3229378],[74.7200258,13.3193629],[74.7201181,13.3191398],[74.7214748,13.3177552],[74.722087,13.3162418],[74.7221532,13.3151952],[74.7227819,13.3138911],[74.7236257,13.3126997],[74.7244529,13.3119751],[74.7242048,13.3108803],[74.725214,13.308755],[74.7260413,13.3081109],[74.7271829,13.3082559],[74.7280763,13.3088999],[74.7276958,13.3097532],[74.7286554,13.3100591],[74.7269678,13.3115243],[74.7268685,13.3133115],[74.7261406,13.314519],[74.7257269,13.3146317],[74.7255118,13.3161613],[74.7244198,13.3161613],[74.7247673,13.3165477],[74.7247508,13.3168697],[74.7233279,13.3171595],[74.7231955,13.3176425],[74.7250486,13.3176103],[74.7249327,13.3187212],[74.7244198,13.3204922],[74.7241551,13.3216997],[74.7239731,13.3217802],[74.7242213,13.3228911],[74.7241717,13.3240664],[74.7245853,13.3246138],[74.7246184,13.3252578],[74.7233113,13.3253544],[74.7232085,13.3255008],[74.7231128,13.3256603],[74.7233444,13.3259984],[74.7229639,13.326739],[74.7227984,13.326739],[74.7225833,13.3272703],[74.722269,13.3276406],[74.7226661,13.3276728],[74.7228315,13.3280431],[74.7225006,13.3285422],[74.7225833,13.3291056],[74.7222524,13.3307961],[74.7216072,13.3309088],[74.7218553,13.3310537],[74.7217726,13.3317781],[74.7212763,13.3318908],[74.7212101,13.3321967],[74.7214913,13.332245],[74.7214913,13.3329212],[74.7213366,13.3329075],[74.7198534,13.3327763]]]},"properties":{"class":"Vegetation","color":"#84cc16","category":"farmland"}},{"type":"Feature","geometry":{"type":"Polygon","coordinates":[[[74.7246653,13.3303836],[74.724684,13.330336],[74.724727,13.330351],[74.7247082,13.3303992],[74.7246653,13.3303836]]]},"properties":{"class":"Built-up","color":"#ef4444","category":"commercial"}},{"type":"Feature","geometry":{"type":"Polygon","coordinates":[[[74.7266642,13.3251842],[74.726811,13.3251946],[74.7268022,13.3252944],[74.7266536,13.3252841],[74.7266642,13.3251842]]]},"properties":{"class":"Built-up","color":"#a8a29e","category":"industrial"}},{"type":"Feature","geometry":{"type":"Polygon","coordinates":[[[74.7371666,13.3244794],[74.7368323,13.3244194],[74.7368415,13.324358],[74.737182,13.3244164],[74.7371666,13.3244794]]]},"properties":{"class":"Built-up","color":"#ef4444","category":"commercial"}},{"type":"Feature","geometry":{"type":"Polygon","coordinates":[[[74.7372051,13.3244899],[74.7372143,13.3244074],[74.7373391,13.3244239],[74.7373268,13.3245079],[74.7372051,13.3244899]]]},"properties":{"class":"Built-up","color":"#ef4444","category":"commercial"}},{"type":"Feature","geometry":{"type":"Polygon","coordinates":[[[74.7251483,13.3330506],[74.7253118,13.3326598],[74.725125,13.3325462],[74.725111,13.3324371],[74.724686,13.3322872],[74.724728,13.3319873],[74.7246953,13.3318328],[74.7248401,13.3317964],[74.7250036,13.3318555],[74.7251483,13.3316192],[74.7254565,13.331651],[74.7254612,13.3314829],[74.7254425,13.3311966],[74.7253818,13.3310239],[74.7254425,13.3309421],[74.7262971,13.3307694],[74.7263158,13.3306104],[74.7264886,13.3305649],[74.7265073,13.3306604],[74.7266194,13.3312693],[74.7266521,13.3314056],[74.7266334,13.3316419],[74.7265073,13.3316419],[74.7262878,13.3317055],[74.7262645,13.3318646],[74.7262691,13.3320736],[74.7263438,13.3322645],[74.7265913,13.3323644],[74.7266194,13.3324917],[74.7264232,13.3326553],[74.7261804,13.3328416],[74.7259329,13.3333505],[74.7251483,13.3330506]]]},"properties":{"class":"Vegetation","color":"#84cc16","category":"farmland"}},{"type":"Feature","geometry":{"type":"Polygon","coordinates":[[[74.7181668,13.3484623],[74.7184212,13.3477869],[74.7191217,13.3477981],[74.718822,13.348686],[74.7181668,13.3484623]]]},"properties":{"class":"Built-up","color":"#ef4444","category":"commercial"}},{"type":"Feature","geometry":{"type":"Polygon","coordinates":[[[74.704062,13.3474046],[74.7040724,13.3473078],[74.7042134,13.3473159],[74.704201,13.3474143],[74.704062,13.3474046]]]},"properties":{"class":"Built-up","color":"#ef4444","category":"commercial"}},{"type":"Feature","geometry":{"type":"Polygon","coordinates":[[[74.7836136,13.331818],[74.7837708,13.330942],[74.784883,13.3309695],[74.7850055,13.3302908],[74.7882856,13.3307585],[74.7893224,13.3329414],[74.7893884,13.3333632],[74.7895015,13.334739],[74.7898503,13.3347665],[74.78969,13.3362339],[74.7896882,13.3384159],[74.7873293,13.3367886],[74.7862496,13.3375084],[74.7854898,13.3375668],[74.7853099,13.3351932],[74.7831104,13.334415],[74.7837036,13.3335265],[74.7837703,13.3332995],[74.7836136,13.331818]]]},"properties":{"class":"Built-up","color":"#a8a29e","category":"industrial"}},{"type":"Feature","geometry":{"type":"Polygon","coordinates":[[[74.7775937,13.3454854],[74.7776071,13.3454384],[74.7776876,13.3454671],[74.7776903,13.3454306],[74.7777252,13.3454306],[74.7777466,13.3454019],[74.7777895,13.3453993],[74.7777493,13.3455533],[74.7776715,13.3455506],[74.7776554,13.3455037],[74.7775937,13.3454854]]]},"properties":{"class":"Built-up","color":"#ef4444","category":"commercial"}},{"type":"Feature","geometry":{"type":"Polygon","coordinates":[[[74.7740865,13.3435611],[74.7738639,13.3434907],[74.7738156,13.3434724],[74.7738813,13.3432915],[74.7741415,13.3433698],[74.7740865,13.3435611]]]},"properties":{"class":"Built-up","color":"#ef4444","category":"residential"}},{"type":"Feature","geometry":{"type":"Polygon","coordinates":[[[74.7812973,13.3515222],[74.7815031,13.3515167],[74.7815095,13.3517438],[74.7813037,13.3517493],[74.7812973,13.3515222]]]},"properties":{"class":"Built-up","color":"#ef4444","category":"residential"}},{"type":"Feature","geometry":{"type":"Polygon","coordinates":[[[74.7942195,13.3381551],[74.7928535,13.3370791],[74.7932113,13.3359873],[74.7953741,13.3336929],[74.7963336,13.3341518],[74.7969488,13.3333433],[74.7984267,13.3330272],[74.7991862,13.3328648],[74.7991631,13.3309238],[74.7975532,13.3312719],[74.7962848,13.3300535],[74.7954229,13.3261608],[74.7964637,13.3250057],[74.7968377,13.323534],[74.8016349,13.3228378],[74.8026269,13.3225687],[74.803814,13.3232808],[74.8007731,13.3268729],[74.8041718,13.3265881],[74.8051963,13.3220465],[74.8072778,13.3329176],[74.8028383,13.3532975],[74.7999925,13.3482501],[74.7981712,13.3472216],[74.7977646,13.3461774],[74.7981061,13.3440729],[74.7960734,13.3436141],[74.7959595,13.3395001],[74.7942195,13.3381551]]]},"properties":{"class":"Vegetation","color":"#22c55e","category":"forest"}},{"type":"Feature","geometry":{"type":"Polygon","coordinates":[[[74.7812014,13.3450645],[74.7810315,13.3445823],[74.7804511,13.3446237],[74.7804157,13.3426057],[74.7784125,13.3423371],[74.7775277,13.3428123],[74.7763598,13.3425024],[74.7756307,13.3444859],[74.7754891,13.3444584],[74.7754184,13.3426883],[74.7746893,13.3414693],[74.7762182,13.3416759],[74.7764235,13.3411318],[74.7769048,13.3412764],[74.7772021,13.3416897],[74.7780657,13.3416415],[74.7780515,13.3409527],[74.7787098,13.3407254],[74.7791699,13.3409183],[74.7802387,13.3407599],[74.7815695,13.3408219],[74.7818526,13.3420203],[74.7816827,13.3420823],[74.7821287,13.3439418],[74.781796,13.3443],[74.7819022,13.3445204],[74.7812014,13.3450645]]]},"properties":{"class":"Vegetation","color":"#22c55e","category":"forest"}},{"type":"Feature","geometry":{"type":"Polygon","coordinates":[[[74.7668904,13.3454774],[74.766252,13.3407849],[74.772838,13.3408185],[74.7729146,13.3440842],[74.7722541,13.3457169],[74.7710116,13.3453629],[74.769941,13.3452473],[74.7688765,13.345301],[74.7668904,13.3454774]]]},"properties":{"class":"Built-up","color":"#ef4444","category":"residential"}},{"type":"Feature","geometry":{"type":"Polygon","coordinates":[[[74.7294458,13.355005],[74.7294484,13.3549256],[74.7295556,13.3549256],[74.7295479,13.355015],[74.7294458,13.355005]]]},"properties":{"class":"Built-up","color":"#ef4444","category":"residential"}},{"type":"Feature","geometry":{"type":"Polygon","coordinates":[[[74.7294658,13.3548853],[74.7294684,13.3548059],[74.7295756,13.3548059],[74.7295679,13.3548953],[74.7294658,13.3548853]]]},"properties":{"class":"Built-up","color":"#ef4444","category":"residential"}},{"type":"Feature","geometry":{"type":"Polygon","coordinates":[[[74.7295388,13.3547435],[74.7295414,13.3546641],[74.7296486,13.3546641],[74.7296409,13.3547535],[74.7295388,13.3547435]]]},"properties":{"class":"Built-up","color":"#ef4444","category":"residential"}},{"type":"Feature","geometry":{"type":"Polygon","coordinates":[[[74.7300865,13.3548736],[74.7300891,13.3547942],[74.7301963,13.3547942],[74.7301886,13.3548836],[74.7300865,13.3548736]]]},"properties":{"class":"Built-up","color":"#ef4444","category":"residential"}},{"type":"Feature","geometry":{"type":"Polygon","coordinates":[[[74.7300269,13.3551994],[74.7300295,13.35512],[74.7301367,13.35512],[74.730129,13.3552094],[74.7300269,13.3551994]]]},"properties":{"class":"Built-up","color":"#ef4444","category":"residential"}},{"type":"Feature","geometry":{"type":"Polygon","coordinates":[[[74.7300357,13.3553124],[74.7300383,13.355233],[74.7301455,13.355233],[74.7301378,13.3553224],[74.7300357,13.3553124]]]},"properties":{"class":"Built-up","color":"#ef4444","category":"residential"}},{"type":"Feature","geometry":{"type":"Polygon","coordinates":[[[74.730027,13.3554251],[74.7300296,13.3553457],[74.7301368,13.3553457],[74.7301291,13.3554351],[74.730027,13.3554251]]]},"properties":{"class":"Built-up","color":"#ef4444","category":"residential"}},{"type":"Feature","geometry":{"type":"Polygon","coordinates":[[[74.7300286,13.3555336],[74.7300312,13.3554542],[74.7301384,13.3554542],[74.7301307,13.3555436],[74.7300286,13.3555336]]]},"properties":{"class":"Built-up","color":"#ef4444","category":"residential"}},{"type":"Feature","geometry":{"type":"Polygon","coordinates":[[[74.7294662,13.3551588],[74.7294688,13.3550794],[74.729576,13.3550794],[74.7295683,13.3551688],[74.7294662,13.3551588]]]},"properties":{"class":"Built-up","color":"#ef4444","category":"residential"}},{"type":"Feature","geometry":{"type":"Polygon","coordinates":[[[74.729458,13.3552626],[74.7294606,13.3551832],[74.7295678,13.3551832],[74.7295601,13.3552726],[74.729458,13.3552626]]]},"properties":{"class":"Built-up","color":"#ef4444","category":"residential"}},{"type":"Feature","geometry":{"type":"Polygon","coordinates":[[[74.7294703,13.3553809],[74.7294729,13.3553015],[74.7295801,13.3553015],[74.7295724,13.3553909],[74.7294703,13.3553809]]]},"properties":{"class":"Built-up","color":"#ef4444","category":"residential"}},{"type":"Feature","geometry":{"type":"Polygon","coordinates":[[[74.7294904,13.3554946],[74.729493,13.3554152],[74.7296002,13.3554152],[74.7295925,13.3555046],[74.7294904,13.3554946]]]},"properties":{"class":"Built-up","color":"#ef4444","category":"residential"}},{"type":"Feature","geometry":{"type":"Polygon","coordinates":[[[74.7294962,13.3556103],[74.7294988,13.3555309],[74.729606,13.3555309],[74.7295983,13.3556203],[74.7294962,13.3556103]]]},"properties":{"class":"Built-up","color":"#ef4444","category":"residential"}},{"type":"Feature","geometry":{"type":"Polygon","coordinates":[[[74.7292769,13.355327],[74.7292795,13.3552476],[74.7293867,13.3552476],[74.729379,13.355337],[74.7292769,13.355327]]]},"properties":{"class":"Built-up","color":"#ef4444","category":"residential"}},{"type":"Feature","geometry":{"type":"Polygon","coordinates":[[[74.7290588,13.355271],[74.7290614,13.3551916],[74.7291686,13.3551916],[74.7291609,13.355281],[74.7290588,13.355271]]]},"properties":{"class":"Built-up","color":"#ef4444","category":"residential"}},{"type":"Feature","geometry":{"type":"Polygon","coordinates":[[[74.7292637,13.3555609],[74.7292663,13.3554815],[74.7293735,13.3554815],[74.7293658,13.3555709],[74.7292637,13.3555609]]]},"properties":{"class":"Built-up","color":"#ef4444","category":"residential"}},{"type":"Feature","geometry":{"type":"Polygon","coordinates":[[[74.7292878,13.3557881],[74.7292904,13.3557088],[74.7293976,13.3557088],[74.7293899,13.3557981],[74.7292878,13.3557881]]]},"properties":{"class":"Built-up","color":"#ef4444","category":"residential"}},{"type":"Feature","geometry":{"type":"Polygon","coordinates":[[[74.7298817,13.3555638],[74.7298843,13.3554844],[74.7299915,13.3554844],[74.7299838,13.3555738],[74.7298817,13.3555638]]]},"properties":{"class":"Built-up","color":"#ef4444","category":"residential"}},{"type":"Feature","geometry":{"type":"Polygon","coordinates":[[[74.7297507,13.3555807],[74.7297533,13.3555013],[74.7298605,13.3555013],[74.7298528,13.3555907],[74.7297507,13.3555807]]]},"properties":{"class":"Built-up","color":"#ef4444","category":"residential"}},{"type":"Feature","geometry":{"type":"Polygon","coordinates":[[[74.7292901,13.3559695],[74.7292927,13.3558901],[74.7293999,13.3558901],[74.7293922,13.3559795],[74.7292901,13.3559695]]]},"properties":{"class":"Built-up","color":"#ef4444","category":"residential"}},{"type":"Feature","geometry":{"type":"Polygon","coordinates":[[[74.7292786,13.3563926],[74.7292812,13.3563132],[74.7293884,13.3563132],[74.7293807,13.3564026],[74.7292786,13.3563926]]]},"properties":{"class":"Built-up","color":"#ef4444","category":"residential"}},{"type":"Feature","geometry":{"type":"Polygon","coordinates":[[[74.7292707,13.356516],[74.7292733,13.3564366],[74.7293805,13.3564366],[74.7293728,13.356526],[74.7292707,13.356516]]]},"properties":{"class":"Built-up","color":"#ef4444","category":"residential"}},{"type":"Feature","geometry":{"type":"Polygon","coordinates":[[[74.7292595,13.3566435],[74.7292621,13.3565641],[74.7293693,13.3565641],[74.7293616,13.3566535],[74.7292595,13.3566435]]]},"properties":{"class":"Built-up","color":"#ef4444","category":"residential"}},{"type":"Feature","geometry":{"type":"Polygon","coordinates":[[[74.7289948,13.3565018],[74.7289974,13.3564224],[74.7291046,13.3564224],[74.7290969,13.3565118],[74.7289948,13.3565018]]]},"properties":{"class":"Built-up","color":"#ef4444","category":"residential"}},{"type":"Feature","geometry":{"type":"Polygon","coordinates":[[[74.7287347,13.3565645],[74.7287373,13.3564851],[74.7288445,13.3564851],[74.7288368,13.3565745],[74.7287347,13.3565645]]]},"properties":{"class":"Built-up","color":"#ef4444","category":"residential"}},{"type":"Feature","geometry":{"type":"Polygon","coordinates":[[[74.7287626,13.3564611],[74.7287652,13.3563817],[74.7288724,13.3563817],[74.7288647,13.3564711],[74.7287626,13.3564611]]]},"properties":{"class":"Built-up","color":"#ef4444","category":"residential"}},{"type":"Feature","geometry":{"type":"Polygon","coordinates":[[[74.7292351,13.3568431],[74.7292377,13.3567637],[74.7293449,13.3567637],[74.7293372,13.3568531],[74.7292351,13.3568431]]]},"properties":{"class":"Built-up","color":"#ef4444","category":"residential"}},{"type":"Feature","geometry":{"type":"Polygon","coordinates":[[[74.7292232,13.3569771],[74.7292258,13.3568977],[74.729333,13.3568977],[74.7293253,13.3569871],[74.7292232,13.3569771]]]},"properties":{"class":"Built-up","color":"#ef4444","category":"residential"}},{"type":"Feature","geometry":{"type":"Polygon","coordinates":[[[74.7289623,13.3567877],[74.7289649,13.3567083],[74.7290721,13.3567083],[74.7290644,13.3567977],[74.7289623,13.3567877]]]},"properties":{"class":"Built-up","color":"#ef4444","category":"residential"}},{"type":"Feature","geometry":{"type":"Polygon","coordinates":[[[74.7288292,13.356768],[74.7288318,13.3566886],[74.728939,13.3566886],[74.7289313,13.356778],[74.7288292,13.356768]]]},"properties":{"class":"Built-up","color":"#ef4444","category":"residential"}},{"type":"Feature","geometry":{"type":"Polygon","coordinates":[[[74.7287012,13.3567398],[74.7287038,13.3566604],[74.728811,13.3566604],[74.7288033,13.3567498],[74.7287012,13.3567398]]]},"properties":{"class":"Built-up","color":"#ef4444","category":"residential"}},{"type":"Feature","geometry":{"type":"Polygon","coordinates":[[[74.7289267,13.3569143],[74.7289293,13.3568349],[74.7290365,13.3568349],[74.7290288,13.3569243],[74.7289267,13.3569143]]]},"properties":{"class":"Built-up","color":"#ef4444","category":"residential"}},{"type":"Feature","geometry":{"type":"Polygon","coordinates":[[[74.7288024,13.3569137],[74.728805,13.3568343],[74.7289122,13.3568343],[74.7289045,13.3569237],[74.7288024,13.3569137]]]},"properties":{"class":"Built-up","color":"#ef4444","category":"residential"}},{"type":"Feature","geometry":{"type":"Polygon","coordinates":[[[74.7286162,13.356915],[74.7286188,13.3568356],[74.728726,13.3568356],[74.7287183,13.356925],[74.7286162,13.356915]]]},"properties":{"class":"Built-up","color":"#ef4444","category":"residential"}},{"type":"Feature","geometry":{"type":"Polygon","coordinates":[[[74.7281533,13.3565879],[74.7281559,13.3565085],[74.7282631,13.3565085],[74.7282554,13.3565979],[74.7281533,13.3565879]]]},"properties":{"class":"Built-up","color":"#ef4444","category":"residential"}},{"type":"Feature","geometry":{"type":"Polygon","coordinates":[[[74.7282718,13.3566028],[74.7282744,13.3565234],[74.7283816,13.3565234],[74.7283739,13.3566128],[74.7282718,13.3566028]]]},"properties":{"class":"Built-up","color":"#ef4444","category":"residential"}},{"type":"Feature","geometry":{"type":"Polygon","coordinates":[[[74.7284408,13.3566613],[74.7284434,13.3565819],[74.7285506,13.3565819],[74.7285429,13.3566713],[74.7284408,13.3566613]]]},"properties":{"class":"Built-up","color":"#ef4444","category":"residential"}},{"type":"Feature","geometry":{"type":"Polygon","coordinates":[[[74.7282924,13.3568922],[74.728295,13.3568128],[74.7284022,13.3568128],[74.7283945,13.3569022],[74.7282924,13.3568922]]]},"properties":{"class":"Built-up","color":"#ef4444","category":"residential"}},{"type":"Feature","geometry":{"type":"Polygon","coordinates":[[[74.728348,13.3570238],[74.7283506,13.3569444],[74.7284578,13.3569444],[74.7284501,13.3570338],[74.728348,13.3570238]]]},"properties":{"class":"Built-up","color":"#ef4444","category":"residential"}},{"type":"Feature","geometry":{"type":"Polygon","coordinates":[[[74.7281814,13.357207],[74.728184,13.3571276],[74.7282912,13.3571276],[74.7282835,13.357217],[74.7281814,13.357207]]]},"properties":{"class":"Built-up","color":"#ef4444","category":"residential"}},{"type":"Feature","geometry":{"type":"Polygon","coordinates":[[[74.7279423,13.3565553],[74.7279449,13.3564759],[74.7280521,13.3564759],[74.7280444,13.3565653],[74.7279423,13.3565553]]]},"properties":{"class":"Built-up","color":"#ef4444","category":"residential"}},{"type":"Feature","geometry":{"type":"Polygon","coordinates":[[[74.728341,13.3564349],[74.7283436,13.3563555],[74.7284508,13.3563555],[74.7284431,13.3564449],[74.728341,13.3564349]]]},"properties":{"class":"Built-up","color":"#ef4444","category":"residential"}},{"type":"Feature","geometry":{"type":"Polygon","coordinates":[[[74.7281824,13.3564058],[74.728185,13.3563264],[74.7282922,13.3563264],[74.7282845,13.3564158],[74.7281824,13.3564058]]]},"properties":{"class":"Built-up","color":"#ef4444","category":"residential"}},{"type":"Feature","geometry":{"type":"Polygon","coordinates":[[[74.7281896,13.3562862],[74.7281922,13.3562068],[74.7282994,13.3562068],[74.7282917,13.3562962],[74.7281896,13.3562862]]]},"properties":{"class":"Built-up","color":"#ef4444","category":"residential"}},{"type":"Feature","geometry":{"type":"Polygon","coordinates":[[[74.7279392,13.3562341],[74.7279418,13.3561547],[74.728049,13.3561547],[74.7280413,13.3562441],[74.7279392,13.3562341]]]},"properties":{"class":"Built-up","color":"#ef4444","category":"residential"}},{"type":"Feature","geometry":{"type":"Polygon","coordinates":[[[74.7279334,13.3563491],[74.727936,13.3562697],[74.7280432,13.3562697],[74.7280355,13.3563591],[74.7279334,13.3563491]]]},"properties":{"class":"Built-up","color":"#ef4444","category":"residential"}},{"type":"Feature","geometry":{"type":"Polygon","coordinates":[[[74.7276738,13.3562959],[74.7276764,13.3562165],[74.7277836,13.3562165],[74.7277759,13.3563059],[74.7276738,13.3562959]]]},"properties":{"class":"Built-up","color":"#ef4444","category":"residential"}},{"type":"Feature","geometry":{"type":"Polygon","coordinates":[[[74.7277459,13.3561861],[74.7277485,13.3561067],[74.7278557,13.3561067],[74.727848,13.3561961],[74.7277459,13.3561861]]]},"properties":{"class":"Built-up","color":"#ef4444","category":"residential"}},{"type":"Feature","geometry":{"type":"Polygon","coordinates":[[[74.7272737,13.356164],[74.7272763,13.3560846],[74.7273835,13.3560846],[74.7273758,13.356174],[74.7272737,13.356164]]]},"properties":{"class":"Built-up","color":"#ef4444","category":"residential"}},{"type":"Feature","geometry":{"type":"Polygon","coordinates":[[[74.7272496,13.3562791],[74.7272522,13.3561997],[74.7273594,13.3561997],[74.7273517,13.3562891],[74.7272496,13.3562791]]]},"properties":{"class":"Built-up","color":"#ef4444","category":"residential"}},{"type":"Feature","geometry":{"type":"Polygon","coordinates":[[[74.728435,13.3552137],[74.7284376,13.3551343],[74.7285448,13.3551343],[74.7285371,13.3552237],[74.728435,13.3552137]]]},"properties":{"class":"Built-up","color":"#ef4444","category":"residential"}},{"type":"Feature","geometry":{"type":"Polygon","coordinates":[[[74.7285998,13.3552201],[74.7286024,13.3551407],[74.7287096,13.3551407],[74.7287019,13.3552301],[74.7285998,13.3552201]]]},"properties":{"class":"Built-up","color":"#ef4444","category":"residential"}},{"type":"Feature","geometry":{"type":"Polygon","coordinates":[[[74.7287451,13.3552384],[74.7287477,13.355159],[74.7288549,13.355159],[74.7288472,13.3552484],[74.7287451,13.3552384]]]},"properties":{"class":"Built-up","color":"#ef4444","category":"residential"}},{"type":"Feature","geometry":{"type":"Polygon","coordinates":[[[74.7287323,13.3553619],[74.7287349,13.3552825],[74.7288421,13.3552825],[74.7288344,13.3553719],[74.7287323,13.3553619]]]},"properties":{"class":"Built-up","color":"#ef4444","category":"residential"}},{"type":"Feature","geometry":{"type":"Polygon","coordinates":[[[74.7285826,13.3553532],[74.7285852,13.3552738],[74.7286924,13.3552738],[74.7286847,13.3553632],[74.7285826,13.3553532]]]},"properties":{"class":"Built-up","color":"#ef4444","category":"residential"}},{"type":"Feature","geometry":{"type":"Polygon","coordinates":[[[74.7284331,13.3553411],[74.7284357,13.3552617],[74.7285429,13.3552617],[74.7285352,13.3553511],[74.7284331,13.3553411]]]},"properties":{"class":"Built-up","color":"#ef4444","category":"residential"}},{"type":"Feature","geometry":{"type":"Polygon","coordinates":[[[74.7282925,13.3553344],[74.7282951,13.355255],[74.7284023,13.355255],[74.7283946,13.3553444],[74.7282925,13.3553344]]]},"properties":{"class":"Built-up","color":"#ef4444","category":"residential"}},{"type":"Feature","geometry":{"type":"Polygon","coordinates":[[[74.7281217,13.3552999],[74.7281243,13.3552205],[74.7282315,13.3552205],[74.7282238,13.3553099],[74.7281217,13.3552999]]]},"properties":{"class":"Built-up","color":"#ef4444","category":"residential"}},{"type":"Feature","geometry":{"type":"Polygon","coordinates":[[[74.728053,13.3554601],[74.7280556,13.3553807],[74.7281628,13.3553807],[74.7281551,13.3554701],[74.728053,13.3554601]]]},"properties":{"class":"Built-up","color":"#ef4444","category":"residential"}},{"type":"Feature","geometry":{"type":"Polygon","coordinates":[[[74.7278516,13.3553608],[74.7278542,13.3552814],[74.7279614,13.3552814],[74.7279537,13.3553708],[74.7278516,13.3553608]]]},"properties":{"class":"Built-up","color":"#ef4444","category":"residential"}},{"type":"Feature","geometry":{"type":"Polygon","coordinates":[[[74.7276609,13.3555343],[74.7276635,13.3554549],[74.7277707,13.3554549],[74.727763,13.3555443],[74.7276609,13.3555343]]]},"properties":{"class":"Built-up","color":"#ef4444","category":"residential"}},{"type":"Feature","geometry":{"type":"Polygon","coordinates":[[[74.7277795,13.3557033],[74.7277821,13.3556239],[74.7278893,13.3556239],[74.7278816,13.3557133],[74.7277795,13.3557033]]]},"properties":{"class":"Built-up","color":"#ef4444","category":"residential"}},{"type":"Feature","geometry":{"type":"Polygon","coordinates":[[[74.7275925,13.3556574],[74.7275951,13.355578],[74.7277023,13.355578],[74.7276946,13.3556674],[74.7275925,13.3556574]]]},"properties":{"class":"Built-up","color":"#ef4444","category":"residential"}},{"type":"Feature","geometry":{"type":"Polygon","coordinates":[[[74.7274006,13.3556322],[74.7274032,13.3555528],[74.7275104,13.3555528],[74.7275027,13.3556422],[74.7274006,13.3556322]]]},"properties":{"class":"Built-up","color":"#ef4444","category":"residential"}},{"type":"Feature","geometry":{"type":"Polygon","coordinates":[[[74.727908,13.3559298],[74.7279106,13.3558504],[74.7280178,13.3558504],[74.7280101,13.3559398],[74.727908,13.3559298]]]},"properties":{"class":"Built-up","color":"#ef4444","category":"residential"}},{"type":"Feature","geometry":{"type":"Polygon","coordinates":[[[74.7277174,13.3558684],[74.72772,13.355789],[74.7278272,13.355789],[74.7278195,13.3558784],[74.7277174,13.3558684]]]},"properties":{"class":"Built-up","color":"#ef4444","category":"residential"}},{"type":"Feature","geometry":{"type":"Polygon","coordinates":[[[74.7275558,13.3558614],[74.7275584,13.355782],[74.7276656,13.355782],[74.7276579,13.3558714],[74.7275558,13.3558614]]]},"properties":{"class":"Built-up","color":"#ef4444","category":"residential"}},{"type":"Feature","geometry":{"type":"Polygon","coordinates":[[[74.7275075,13.3559684],[74.7275101,13.355889],[74.7276173,13.355889],[74.7276122,13.3559477],[74.7276096,13.3559784],[74.7275075,13.3559684]]]},"properties":{"class":"Built-up","color":"#ef4444","category":"residential"}},{"type":"Feature","geometry":{"type":"Polygon","coordinates":[[[74.7276738,13.3559801],[74.7276764,13.3559007],[74.7277836,13.3559007],[74.7277759,13.3559901],[74.7276738,13.3559801]]]},"properties":{"class":"Built-up","color":"#ef4444","category":"residential"}},{"type":"Feature","geometry":{"type":"Polygon","coordinates":[[[74.7286932,13.3561169],[74.7286958,13.3560375],[74.728803,13.3560375],[74.7287953,13.3561269],[74.7286932,13.3561169]]]},"properties":{"class":"Built-up","color":"#ef4444","category":"residential"}},{"type":"Feature","geometry":{"type":"Polygon","coordinates":[[[74.7285506,13.3560965],[74.7285532,13.3560171],[74.7286604,13.3560171],[74.7286527,13.3561065],[74.7285506,13.3560965]]]},"properties":{"class":"Built-up","color":"#ef4444","category":"residential"}},{"type":"Feature","geometry":{"type":"Polygon","coordinates":[[[74.728422,13.3560635],[74.7284246,13.3559841],[74.7285318,13.3559841],[74.7285241,13.3560735],[74.728422,13.3560635]]]},"properties":{"class":"Built-up","color":"#ef4444","category":"residential"}},{"type":"Feature","geometry":{"type":"Polygon","coordinates":[[[74.7283016,13.3560314],[74.7283042,13.355952],[74.7284114,13.355952],[74.7284037,13.3560414],[74.7283016,13.3560314]]]},"properties":{"class":"Built-up","color":"#ef4444","category":"residential"}},{"type":"Feature","geometry":{"type":"Polygon","coordinates":[[[74.7281484,13.3560017],[74.728151,13.3559223],[74.7282582,13.3559223],[74.7282505,13.3560117],[74.7281484,13.3560017]]]},"properties":{"class":"Built-up","color":"#ef4444","category":"residential"}},{"type":"Feature","geometry":{"type":"Polygon","coordinates":[[[74.7286593,13.3562284],[74.7286619,13.356149],[74.7287691,13.356149],[74.7287614,13.3562384],[74.7286593,13.3562284]]]},"properties":{"class":"Built-up","color":"#ef4444","category":"residential"}},{"type":"Feature","geometry":{"type":"Polygon","coordinates":[[[74.7285182,13.3562061],[74.7285208,13.3561267],[74.728628,13.3561267],[74.7286203,13.3562161],[74.7285182,13.3562061]]]},"properties":{"class":"Built-up","color":"#ef4444","category":"residential"}},{"type":"Feature","geometry":{"type":"Polygon","coordinates":[[[74.7283892,13.3561727],[74.7283918,13.3560933],[74.728499,13.3560933],[74.7284913,13.3561827],[74.7283892,13.3561727]]]},"properties":{"class":"Built-up","color":"#ef4444","category":"residential"}},{"type":"Feature","geometry":{"type":"Polygon","coordinates":[[[74.7282546,13.3561402],[74.7282572,13.3560608],[74.7283644,13.3560608],[74.7283567,13.3561502],[74.7282546,13.3561402]]]},"properties":{"class":"Built-up","color":"#ef4444","category":"residential"}},{"type":"Feature","geometry":{"type":"Polygon","coordinates":[[[74.7281045,13.3561017],[74.7281071,13.3560223],[74.7282143,13.3560223],[74.7282066,13.3561117],[74.7281045,13.3561017]]]},"properties":{"class":"Built-up","color":"#ef4444","category":"residential"}},{"type":"Feature","geometry":{"type":"Polygon","coordinates":[[[74.7279538,13.3560639],[74.7279564,13.3559845],[74.7280636,13.3559845],[74.7280559,13.3560739],[74.7279538,13.3560639]]]},"properties":{"class":"Built-up","color":"#ef4444","category":"residential"}},{"type":"Feature","geometry":{"type":"Polygon","coordinates":[[[74.7278348,13.35603],[74.7278374,13.3559506],[74.7279446,13.3559506],[74.7279369,13.35604],[74.7278348,13.35603]]]},"properties":{"class":"Built-up","color":"#ef4444","category":"residential"}},{"type":"Feature","geometry":{"type":"Polygon","coordinates":[[[74.7283311,13.3563142],[74.7283337,13.3562348],[74.7284409,13.3562348],[74.7284332,13.3563242],[74.7283311,13.3563142]]]},"properties":{"class":"Built-up","color":"#ef4444","category":"residential"}},{"type":"Feature","geometry":{"type":"Polygon","coordinates":[[[74.7287794,13.3559548],[74.7288231,13.3558599],[74.7289198,13.3558852],[74.7288801,13.3559814],[74.7287794,13.3559548]]]},"properties":{"class":"Built-up","color":"#ef4444","category":"residential"}},{"type":"Feature","geometry":{"type":"Polygon","coordinates":[[[74.7286606,13.3559226],[74.7287042,13.3558277],[74.728801,13.3558529],[74.7287613,13.3559492],[74.7286606,13.3559226]]]},"properties":{"class":"Built-up","color":"#ef4444","category":"residential"}},{"type":"Feature","geometry":{"type":"Polygon","coordinates":[[[74.7285292,13.3558964],[74.7285728,13.3558015],[74.7286695,13.3558267],[74.7286298,13.355923],[74.7285292,13.3558964]]]},"properties":{"class":"Built-up","color":"#ef4444","category":"residential"}},{"type":"Feature","geometry":{"type":"Polygon","coordinates":[[[74.7283843,13.3558613],[74.7284279,13.3557664],[74.7285246,13.3557917],[74.7284849,13.3558879],[74.7283843,13.3558613]]]},"properties":{"class":"Built-up","color":"#ef4444","category":"residential"}},{"type":"Feature","geometry":{"type":"Polygon","coordinates":[[[74.7282487,13.3558386],[74.7282923,13.3557437],[74.728389,13.3557689],[74.7283493,13.3558652],[74.7282487,13.3558386]]]},"properties":{"class":"Built-up","color":"#ef4444","category":"residential"}},{"type":"Feature","geometry":{"type":"Polygon","coordinates":[[[74.7282971,13.355735],[74.7283407,13.3556401],[74.7284374,13.3556653],[74.7283977,13.3557616],[74.7282971,13.355735]]]},"properties":{"class":"Built-up","color":"#ef4444","category":"residential"}},{"type":"Feature","geometry":{"type":"Polygon","coordinates":[[[74.7284622,13.3557559],[74.7285058,13.355661],[74.7286025,13.3556863],[74.7285628,13.3557825],[74.7284622,13.3557559]]]},"properties":{"class":"Built-up","color":"#ef4444","category":"residential"}},{"type":"Feature","geometry":{"type":"Polygon","coordinates":[[[74.7285963,13.3557825],[74.7286399,13.3556877],[74.7287366,13.3557129],[74.7286969,13.3558092],[74.7285963,13.3557825]]]},"properties":{"class":"Built-up","color":"#ef4444","category":"residential"}},{"type":"Feature","geometry":{"type":"Polygon","coordinates":[[[74.7287222,13.3558098],[74.7287658,13.355715],[74.7288625,13.3557402],[74.7288228,13.3558365],[74.7287222,13.3558098]]]},"properties":{"class":"Built-up","color":"#ef4444","category":"residential"}},{"type":"Feature","geometry":{"type":"Polygon","coordinates":[[[74.7288371,13.3558386],[74.7288807,13.3557437],[74.7289774,13.3557689],[74.7289377,13.3558652],[74.7288371,13.3558386]]]},"properties":{"class":"Built-up","color":"#ef4444","category":"residential"}},{"type":"Feature","geometry":{"type":"Polygon","coordinates":[[[74.7283428,13.3555751],[74.7283865,13.3554802],[74.7284832,13.3555054],[74.7284435,13.3556017],[74.7283428,13.3555751]]]},"properties":{"class":"Built-up","color":"#ef4444","category":"residential"}},{"type":"Feature","geometry":{"type":"Polygon","coordinates":[[[74.7284806,13.3555944],[74.7285242,13.3554995],[74.7286209,13.3555247],[74.7285812,13.355621],[74.7284806,13.3555944]]]},"properties":{"class":"Built-up","color":"#ef4444","category":"residential"}},{"type":"Feature","geometry":{"type":"Polygon","coordinates":[[[74.7286172,13.3556138],[74.7286608,13.3555189],[74.7287575,13.3555441],[74.7287178,13.3556404],[74.7286172,13.3556138]]]},"properties":{"class":"Built-up","color":"#ef4444","category":"residential"}},{"type":"Feature","geometry":{"type":"Polygon","coordinates":[[[74.7288853,13.3556808],[74.7289289,13.3555859],[74.7290256,13.3556112],[74.7289859,13.3557074],[74.7288853,13.3556808]]]},"properties":{"class":"Built-up","color":"#ef4444","category":"residential"}},{"type":"Feature","geometry":{"type":"Polygon","coordinates":[[[74.7289442,13.3555376],[74.7289878,13.3554428],[74.7290845,13.355468],[74.7290448,13.3555643],[74.7289442,13.3555376]]]},"properties":{"class":"Built-up","color":"#ef4444","category":"residential"}},{"type":"Feature","geometry":{"type":"Polygon","coordinates":[[[74.7290042,13.3554118],[74.7290478,13.3553169],[74.7291445,13.3553422],[74.7291048,13.3554384],[74.7290042,13.3554118]]]},"properties":{"class":"Built-up","color":"#ef4444","category":"residential"}},{"type":"Feature","geometry":{"type":"Polygon","coordinates":[[[74.7287965,13.3555548],[74.7288401,13.3554599],[74.7289368,13.3554852],[74.7288971,13.3555814],[74.7287965,13.3555548]]]},"properties":{"class":"Built-up","color":"#ef4444","category":"residential"}},{"type":"Feature","geometry":{"type":"Polygon","coordinates":[[[74.7290145,13.3563316],[74.7290582,13.3562367],[74.7291549,13.3562619],[74.7291152,13.3563582],[74.7290145,13.3563316]]]},"properties":{"class":"Built-up","color":"#ef4444","category":"residential"}},{"type":"Feature","geometry":{"type":"Polygon","coordinates":[[[74.7075626,13.3544627],[74.7075485,13.3543799],[74.7076549,13.3543937],[74.707662,13.3544627],[74.7075626,13.3544627]]]},"properties":{"class":"Built-up","color":"#ef4444","category":"commercial"}},{"type":"Feature","geometry":{"type":"Polygon","coordinates":[[[74.7044217,13.3550218],[74.7044359,13.3549321],[74.7045423,13.3549459],[74.7045494,13.3550149],[74.7044217,13.3550218]]]},"properties":{"class":"Built-up","color":"#ef4444","category":"commercial"}},{"type":"Feature","geometry":{"type":"Polygon","coordinates":[[[74.7013503,13.3550325],[74.7017555,13.353629],[74.7028552,13.3540751],[74.7033805,13.3543177],[74.7032737,13.3552837],[74.7026815,13.3550151],[74.7013503,13.3550325]]]},"properties":{"class":"Built-up","color":"#a8a29e","category":"industrial"}},{"type":"Feature","geometry":{"type":"Polygon","coordinates":[[[74.7393121,13.3875814],[74.7392531,13.3877979],[74.7386308,13.387704],[74.7386308,13.3876831],[74.7386747,13.3874861],[74.7393121,13.3875814]]]},"properties":{"class":"Built-up","color":"#ef4444","category":"commercial"}},{"type":"Feature","geometry":{"type":"Polygon","coordinates":[[[74.7191477,13.3835691],[74.7188043,13.38192],[74.7217226,13.3817112],[74.7218084,13.3831516],[74.7191477,13.3835691]]]},"properties":{"class":"Vegetation","color":"#84cc16","category":"farmland"}},{"type":"Feature","geometry":{"type":"Polygon","coordinates":[[[74.7218084,13.3831516],[74.7217226,13.3817112],[74.723804,13.3812102],[74.7239327,13.3823166],[74.7218084,13.3831516]]]},"properties":{"class":"Vegetation","color":"#84cc16","category":"farmland"}},{"type":"Feature","geometry":{"type":"Polygon","coordinates":[[[74.7239327,13.3823166],[74.723804,13.3812102],[74.7260356,13.3815442],[74.7256739,13.3823119],[74.7255635,13.3825462],[74.7239327,13.3823166]]]},"properties":{"class":"Vegetation","color":"#84cc16","category":"farmland"}},{"type":"Feature","geometry":{"type":"Polygon","coordinates":[[[74.7256739,13.3823119],[74.7260356,13.3815442],[74.7272157,13.3815442],[74.7271521,13.3817532],[74.7270441,13.3821078],[74.7256739,13.3823119]]]},"properties":{"class":"Vegetation","color":"#84cc16","category":"farmland"}},{"type":"Feature","geometry":{"type":"Polygon","coordinates":[[[74.7270441,13.3821078],[74.7271521,13.3817532],[74.7272801,13.3812102],[74.728868,13.3815442],[74.7287392,13.3822748],[74.7270441,13.3821078]]]},"properties":{"class":"Vegetation","color":"#84cc16","category":"farmland"}},{"type":"Feature","geometry":{"type":"Polygon","coordinates":[[[74.7287392,13.3822748],[74.728868,13.3815442],[74.7305631,13.3816277],[74.7303056,13.3824418],[74.7287392,13.3822748]]]},"properties":{"class":"Vegetation","color":"#84cc16","category":"farmland"}},{"type":"Feature","geometry":{"type":"Polygon","coordinates":[[[74.7303056,13.3824418],[74.7305631,13.3816277],[74.7317862,13.3825462],[74.7314644,13.3833395],[74.7303056,13.3824418]]]},"properties":{"class":"Vegetation","color":"#84cc16","category":"farmland"}},{"type":"Feature","geometry":{"type":"Polygon","coordinates":[[[74.7372008,13.385263],[74.7375789,13.3852759],[74.7378279,13.3852736],[74.7378473,13.3850933],[74.7378608,13.3849206],[74.7377431,13.3848897],[74.7375286,13.3848448],[74.7372471,13.3847972],[74.7373173,13.3843895],[74.7373981,13.3838162],[74.738261,13.3839386],[74.7382501,13.3845906],[74.7382402,13.3849082],[74.7382407,13.3850344],[74.7382025,13.3851974],[74.7381364,13.3853747],[74.7380809,13.3855411],[74.7379583,13.3860151],[74.7367494,13.3860782],[74.7367753,13.3857344],[74.7371254,13.3857321],[74.7372008,13.385263]]]},"properties":{"class":"Built-up","color":"#ef4444","category":"commercial"}},{"type":"Feature","geometry":{"type":"Polygon","coordinates":[[[74.7372471,13.3847972],[74.7375286,13.3848448],[74.7377431,13.3848897],[74.7378608,13.3849206],[74.7378473,13.3850933],[74.7378279,13.3852736],[74.7375789,13.3852759],[74.7372008,13.385263],[74.7372471,13.3847972]]]},"properties":{"class":"Built-up","color":"#ef4444","category":"residential"}},{"type":"Feature","geometry":{"type":"Polygon","coordinates":[[[74.7371254,13.3857321],[74.7367753,13.3857344],[74.7368148,13.3847651],[74.7372471,13.3847972],[74.7372008,13.385263],[74.7371254,13.3857321]]]},"properties":{"class":"Built-up","color":"#ef4444","category":"residential"}},{"type":"Feature","geometry":{"type":"Polygon","coordinates":[[[74.743359,13.3307414],[74.7433081,13.3306945],[74.7438097,13.3301907],[74.7442388,13.3305248],[74.7451588,13.3311956],[74.7454419,13.3314337],[74.744955,13.3317619],[74.7448235,13.3315636],[74.7444802,13.3318167],[74.744389,13.3317489],[74.743359,13.3307414]]]},"properties":{"class":"Vegetation","color":"#22c55e","category":"park"}},{"type":"Feature","geometry":{"type":"Polygon","coordinates":[[[74.7446493,13.3327751],[74.7446627,13.3321669],[74.7455129,13.3314518],[74.7460091,13.3318668],[74.7446868,13.3328351],[74.7446493,13.3327751]]]},"properties":{"class":"Vegetation","color":"#22c55e","category":"park"}},{"type":"Feature","geometry":{"type":"Polygon","coordinates":[[[74.7349784,13.324512],[74.7348361,13.3244893],[74.7348644,13.3244397],[74.7348768,13.3244181],[74.734893,13.3244211],[74.7349703,13.3243419],[74.7350211,13.3243578],[74.7349784,13.324512]]]},"properties":{"class":"Vegetation","color":"#22c55e","category":"park"}},{"type":"Feature","geometry":{"type":"Polygon","coordinates":[[[74.726261,13.3265762],[74.7264822,13.3265797],[74.7264804,13.3267777],[74.7262857,13.3267639],[74.726245,13.3267605],[74.726261,13.3265762]]]},"properties":{"class":"Vegetation","color":"#22c55e","category":"park"}},{"type":"Feature","geometry":{"type":"Polygon","coordinates":[[[74.7575646,13.3374501],[74.7575098,13.337425],[74.7574484,13.3369823],[74.7573678,13.3363983],[74.7574194,13.3363166],[74.7583519,13.336122],[74.7584229,13.3361722],[74.7587295,13.337224],[74.758694,13.3372648],[74.7580938,13.3373842],[74.7575646,13.3374501]]]},"properties":{"class":"Vegetation","color":"#22c55e","category":"park"}},{"type":"Feature","geometry":{"type":"Polygon","coordinates":[[[74.7908007,13.3447095],[74.7907443,13.3446129],[74.7907819,13.3443493],[74.7907846,13.3438535],[74.7911762,13.3436656],[74.7912781,13.3436656],[74.7916509,13.3443337],[74.7908007,13.3447095]]]},"properties":{"class":"Vegetation","color":"#22c55e","category":"park"}},{"type":"Feature","geometry":{"type":"Polygon","coordinates":[[[74.7919272,13.3467425],[74.791726,13.3463589],[74.7914873,13.3459126],[74.7911815,13.3452784],[74.791498,13.3451297],[74.7918306,13.3457456],[74.7923671,13.3467999],[74.7919272,13.3467425]]]},"properties":{"class":"Vegetation","color":"#22c55e","category":"park"}},{"type":"Feature","geometry":{"type":"Polygon","coordinates":[[[74.786214,13.3534205],[74.7862086,13.3533683],[74.7867098,13.3527852],[74.7868087,13.3526702],[74.7871125,13.3534231],[74.7873338,13.3536469],[74.7874505,13.353765],[74.7873296,13.3538855],[74.7870187,13.3541956],[74.7863267,13.353529],[74.786214,13.3534205]]]},"properties":{"class":"Vegetation","color":"#22c55e","category":"park"}},{"type":"Feature","geometry":{"type":"Polygon","coordinates":[[[74.7933353,13.3537986],[74.7936886,13.3533631],[74.7939288,13.3535476],[74.7935755,13.3539831],[74.7933353,13.3537986]]]},"properties":{"class":"Vegetation","color":"#22c55e","category":"park"}},{"type":"Feature","geometry":{"type":"Polygon","coordinates":[[[74.7928364,13.3429632],[74.7932674,13.3419748],[74.7938558,13.3421953],[74.7934586,13.3432085],[74.7928364,13.3429632]]]},"properties":{"class":"Vegetation","color":"#22c55e","category":"park"}},{"type":"Feature","geometry":{"type":"Polygon","coordinates":[[[74.7841742,13.3486531],[74.7842,13.3481663],[74.7842552,13.3476448],[74.7848768,13.3483272],[74.7841876,13.3488898],[74.7841742,13.3486531]]]},"properties":{"class":"Vegetation","color":"#22c55e","category":"park"}},{"type":"Feature","geometry":{"type":"Polygon","coordinates":[[[74.7860879,13.3509334],[74.7859163,13.3505785],[74.7859538,13.3497878],[74.7867102,13.3504089],[74.7861362,13.350983],[74.7860879,13.3509334]]]},"properties":{"class":"Vegetation","color":"#22c55e","category":"park"}},{"type":"Feature","geometry":{"type":"Polygon","coordinates":[[[74.7857869,13.3519379],[74.7855909,13.3516232],[74.785838,13.3515531],[74.78615,13.3519378],[74.7857869,13.3519379]]]},"properties":{"class":"Vegetation","color":"#22c55e","category":"park"}},{"type":"Feature","geometry":{"type":"Polygon","coordinates":[[[74.7937609,13.3527744],[74.7937507,13.3526441],[74.7939359,13.3526304],[74.7939461,13.3527608],[74.7937609,13.3527744]]]},"properties":{"class":"Vegetation","color":"#22c55e","category":"park"}},{"type":"Feature","geometry":{"type":"Polygon","coordinates":[[[74.7941707,13.3524604],[74.7941629,13.3523134],[74.7943523,13.3523039],[74.7943543,13.3523416],[74.7943082,13.3523439],[74.7943111,13.3523981],[74.7943623,13.3523956],[74.7943652,13.3524506],[74.7941707,13.3524604]]]},"properties":{"class":"Vegetation","color":"#22c55e","category":"park"}},{"type":"Feature","geometry":{"type":"Polygon","coordinates":[[[74.7937949,13.352269],[74.7937987,13.3523382],[74.7936686,13.3523449],[74.7936648,13.3522757],[74.7937949,13.352269]]]},"properties":{"class":"Vegetation","color":"#22c55e","category":"park"}},{"type":"Feature","geometry":{"type":"Polygon","coordinates":[[[74.7938517,13.35257],[74.7936412,13.3525791],[74.7936358,13.352493],[74.7936707,13.3524904],[74.7938517,13.3524825],[74.7938517,13.35257]]]},"properties":{"class":"Vegetation","color":"#22c55e","category":"park"}},{"type":"Feature","geometry":{"type":"Polygon","coordinates":[[[74.7940864,13.352553],[74.7939543,13.3525549],[74.7939537,13.3525138],[74.7940857,13.3525119],[74.7940864,13.352553]]]},"properties":{"class":"Vegetation","color":"#22c55e","category":"park"}},{"type":"Feature","geometry":{"type":"Polygon","coordinates":[[[74.7939219,13.3524586],[74.7939191,13.3523603],[74.7939701,13.3523589],[74.7939692,13.3523253],[74.7940753,13.3523225],[74.7940797,13.3524759],[74.7939446,13.3524796],[74.793944,13.352458],[74.7939219,13.3524586]]]},"properties":{"class":"Vegetation","color":"#22c55e","category":"park"}},{"type":"Feature","geometry":{"type":"Polygon","coordinates":[[[74.7923318,13.3488898],[74.7923621,13.3486],[74.7928091,13.3486598],[74.7927546,13.3489443],[74.7923318,13.3488898]]]},"properties":{"class":"Vegetation","color":"#22c55e","category":"park"}},{"type":"Feature","geometry":{"type":"Polygon","coordinates":[[[74.7825095,13.3414116],[74.7824012,13.3412435],[74.7822818,13.3406719],[74.7826904,13.3403653],[74.7832778,13.3403455],[74.7832738,13.3413463],[74.7825095,13.3414116]]]},"properties":{"class":"Vegetation","color":"#22c55e","category":"park"}},{"type":"Feature","geometry":{"type":"Polygon","coordinates":[[[74.79873,13.3343689],[74.7987782,13.3337817],[74.7989848,13.3337843],[74.7989821,13.3339879],[74.7991994,13.3340035],[74.7992959,13.3341105],[74.7992369,13.3344237],[74.79873,13.3343689]]]},"properties":{"class":"Vegetation","color":"#22c55e","category":"park"}},{"type":"Feature","geometry":{"type":"Polygon","coordinates":[[[74.7947071,13.3449212],[74.7947913,13.3445795],[74.7951166,13.344654],[74.7950362,13.3449905],[74.7947071,13.3449212]]]},"properties":{"class":"Vegetation","color":"#22c55e","category":"park"}},{"type":"Feature","geometry":{"type":"Polygon","coordinates":[[[74.7924148,13.3426579],[74.7920915,13.3428171],[74.7918775,13.3423418],[74.792183,13.3419457],[74.7923978,13.341945],[74.7924639,13.3417965],[74.7931151,13.342016],[74.7926433,13.3430799],[74.7924148,13.3426579]]]},"properties":{"class":"Vegetation","color":"#22c55e","category":"park"}},{"type":"Feature","geometry":{"type":"Polygon","coordinates":[[[74.7797375,13.3480573],[74.7797489,13.3478815],[74.7799121,13.347884],[74.7799395,13.3480865],[74.7797375,13.3480573]]]},"properties":{"class":"Vegetation","color":"#22c55e","category":"park"}},{"type":"Feature","geometry":{"type":"Polygon","coordinates":[[[74.7854065,13.3682765],[74.7853578,13.3679877],[74.7854476,13.367664],[74.7856469,13.3674324],[74.7859319,13.3672955],[74.7860744,13.367274],[74.7863374,13.3673036],[74.7865966,13.3674358],[74.7867881,13.3676579],[74.7868818,13.368],[74.7868263,13.3682923],[74.7866459,13.3685509],[74.7863985,13.3687046],[74.7861992,13.3687519],[74.7859351,13.368734],[74.7856844,13.3686233],[74.7855416,13.368498],[74.7854065,13.3682765]]]},"properties":{"class":"Vegetation","color":"#22c55e","category":"park"}},{"type":"Feature","geometry":{"type":"Polygon","coordinates":[[[74.7855396,13.366761],[74.7855087,13.3667612],[74.7856872,13.365391],[74.7864891,13.3655319],[74.786406,13.365973],[74.7864945,13.365999],[74.7874398,13.3661297],[74.7872011,13.367056],[74.7855396,13.366761]]]},"properties":{"class":"Vegetation","color":"#22c55e","category":"park"}},{"type":"Feature","geometry":{"type":"Polygon","coordinates":[[[74.7857312,13.3638616],[74.7857553,13.3631727],[74.7862247,13.3631962],[74.7862086,13.3638147],[74.7860692,13.3639477],[74.7857312,13.3638616]]]},"properties":{"class":"Vegetation","color":"#22c55e","category":"park"}},{"type":"Feature","geometry":{"type":"Polygon","coordinates":[[[74.7857723,13.3630295],[74.7858189,13.3624082],[74.7862506,13.3624603],[74.7862409,13.3630605],[74.7857723,13.3630295]]]},"properties":{"class":"Vegetation","color":"#22c55e","category":"park"}},{"type":"Feature","geometry":{"type":"Polygon","coordinates":[[[74.7852068,13.3704169],[74.7850472,13.3701793],[74.7852176,13.368666],[74.7863816,13.3691409],[74.7867518,13.3691931],[74.7863213,13.370041],[74.7861979,13.370636],[74.7861107,13.3708579],[74.785522,13.3707769],[74.7852068,13.3704169]]]},"properties":{"class":"Vegetation","color":"#22c55e","category":"park"}},{"type":"Feature","geometry":{"type":"Polygon","coordinates":[[[74.7800708,13.3939997],[74.7800815,13.3936683],[74.7802827,13.3936578],[74.7802478,13.3940101],[74.7800708,13.3939997]]]},"properties":{"class":"Vegetation","color":"#22c55e","category":"park"}},{"type":"Feature","geometry":{"type":"Polygon","coordinates":[[[74.7798079,13.3936709],[74.7797919,13.394031],[74.7793117,13.3939788],[74.7793171,13.3936631],[74.7798079,13.3936709]]]},"properties":{"class":"Vegetation","color":"#22c55e","category":"park"}},{"type":"Feature","geometry":{"type":"Polygon","coordinates":[[[74.7877481,13.3556124],[74.7878819,13.3553076],[74.7880394,13.3553628],[74.7879024,13.3556737],[74.7877481,13.3556124]]]},"properties":{"class":"Vegetation","color":"#22c55e","category":"park"}},{"type":"Feature","geometry":{"type":"Polygon","coordinates":[[[74.7879182,13.3557426],[74.7880409,13.3554439],[74.7882031,13.3555052],[74.7880882,13.3558054],[74.7879182,13.3557426]]]},"properties":{"class":"Vegetation","color":"#22c55e","category":"park"}}]}