{"type": "FeatureCollection", "features": [{"type": "Feature", "geometry": {"type": "Polygon", "coordinates": [[[74.69916483656748, 13.342852014431992], [74.69844319315091, 13.343366799695858], [74.69835804755147, 13.343742334418906], [74.69843503659978, 13.344090988274978], [74.69847867172591, 13.34433586122447], [74.69857266416122, 13.344762121429593], [74.69886246621523, 13.344859201424804], [74.70184472715052, 13.344859201424804], [74.70184472715052, 13.34099322351029], [74.69916483656748, 13.342852014431992]]]}, "properties": {"zone_id": "Z001", "waste_kg_day": 314.6, "population": 699.0, "risk": "low"}}, {"type": "Feature", "geometry": {"type": "Polygon", "coordinates": [[[74.69920675741336, 13.34497453458895], [74.69947309673913, 13.345072050441676], [74.69951868944655, 13.345072226559816], [74.69979035444466, 13.345073323355917], [74.7001842300399, 13.34507669028826], [74.70025606328655, 13.345437712895043], [74.70025777599106, 13.345446174050354], [74.70036772287045, 13.345989030239972], [74.70042484876986, 13.346246809601796], [74.70046974824763, 13.346504701997683], [74.70051929080067, 13.346767168069375], [74.7005764916019, 13.347029625994509], [74.70058919472875, 13.347090174186102], [74.70063575743369, 13.347272523193753], [74.7006037814491, 13.34755044490068], [74.70058456207153, 13.347810246306999], [74.70055339087376, 13.348172360557125], [74.70054193466734, 13.348442787753235], [74.70051519428782, 13.34871328097581], [74.7005037380035, 13.348983705444555], [74.70049167789342, 13.349200819055314], [74.69979804692234, 13.349263297584876], [74.6997977958806, 13.349359201424804], [74.70184472715052, 13.349359201424804], [74.70184472715052, 13.344859201424804], [74.69886246621523, 13.344859201424804], [74.69920675741336, 13.34497453458895]]]}, "properties": {"zone_id": "Z002", "waste_kg_day": 350.6, "population": 779.0, "risk": "low"}}, {"type": "Feature", "geometry": {"type": "Polygon", "coordinates": [[[74.69979610561062, 13.350004924267337], [74.6996443528528, 13.350530922011346], [74.6995413738825, 13.350909798621808], [74.6994837508831, 13.351122559366198], [74.69999006193376, 13.351372145178908], [74.69988220207081, 13.35161390956883], [74.69977431422912, 13.351855719082582], [74.69966640857893, 13.352097563785598], [74.69956427439077, 13.352339393575654], [74.69946212889089, 13.352581241387169], [74.69945172867777, 13.35262090510385], [74.69942338131429, 13.352851276150691], [74.6993762341527, 13.353234424429443], [74.69937455878068, 13.35324652382697], [74.69934080355452, 13.3534902123451], [74.6993053710267, 13.353746002055349], [74.69929225022449, 13.353859201424804], [74.70184472715052, 13.353859201424804], [74.70184472715052, 13.349359201424804], [74.6997977958806, 13.349359201424804], [74.69979610561062, 13.350004924267337]]]}, "properties": {"zone_id": "Z003", "waste_kg_day": 466.2, "population": 1036.0, "risk": "medium"}}, {"type": "Feature", "geometry": {"type": "Polygon", "coordinates": [[[74.6992757277196, 13.354001748893028], [74.69924608065142, 13.354257494812131], [74.69921354024291, 13.354513262604739], [74.69918099606274, 13.354769033094854], [74.69914844996123, 13.355024803572011], [74.69911590285734, 13.355280577654218], [74.69908335198625, 13.355536350817028], [74.69903147346128, 13.356001591554806], [74.69900318120656, 13.356250135865912], [74.6989705095685, 13.356495836568454], [74.6989450771146, 13.356741477143055], [74.69890950926553, 13.356987202414658], [74.69888407391828, 13.35723284206371], [74.6988586394376, 13.357478481705463], [74.69883320397655, 13.35772412133772], [74.69880776846082, 13.35796975915312], [74.69877072907423, 13.358214055741966], [74.69874872254957, 13.358359201424804], [74.70184472715052, 13.358359201424804], [74.70184472715052, 13.353859201424804], [74.69929225022449, 13.353859201424804], [74.6992757277196, 13.354001748893028]]]}, "properties": {"zone_id": "Z004", "waste_kg_day": 534.1, "population": 1187.0, "risk": "medium"}}, {"type": "Feature", "geometry": {"type": "Polygon", "coordinates": [[[74.69873368960778, 13.35845835231912], [74.69867587892018, 13.359041981826685], [74.69864762393446, 13.359294835653332], [74.69861936518792, 13.359547691274607], [74.69859110545214, 13.359800547789584], [74.69856284473161, 13.360053401581325], [74.69853023977029, 13.360306295403756], [74.69849763288946, 13.360559188309097], [74.69846502685843, 13.360812081204841], [74.69845424831438, 13.360895672131361], [74.69837868555182, 13.362126005404393], [74.6983538213694, 13.36253085691145], [74.69830808837717, 13.362859201424804], [74.70184472715052, 13.362859201424804], [74.70184472715052, 13.358359201424804], [74.69874872254957, 13.358359201424804], [74.69873368960778, 13.35845835231912]]]}, "properties": {"zone_id": "Z005", "waste_kg_day": 409.5, "population": 910.0, "risk": "medium"}}, {"type": "Feature", "geometry": {"type": "Polygon", "coordinates": [[[74.6978800823628, 13.36593211267983], [74.69784397951575, 13.367359201424804], [74.70184472715052, 13.367359201424804], [74.70184472715052, 13.362859201424804], [74.69830808837717, 13.362859201424804], [74.6978800823628, 13.36593211267983]]]}, "properties": {"zone_id": "Z006", "waste_kg_day": 470.2, "population": 1045.0, "risk": "medium"}}, {"type": "Feature", "geometry": {"type": "Polygon", "coordinates": [[[74.69781861063751, 13.368361993269636], [74.69762292242373, 13.370699989297043], [74.697384494953, 13.371859201424805], [74.69899560559449, 13.371859201424805], [74.69907058595489, 13.371081222161605], [74.69906374817096, 13.370857818413016], [74.6991348475633, 13.370404320004974], [74.69914574090835, 13.370334860627414], [74.69915589663435, 13.37033665856404], [74.70058352566107, 13.37061966905136], [74.70059180110505, 13.37062145656786], [74.70145109954828, 13.37064231705317], [74.70148066926744, 13.37064235826716], [74.70161977364747, 13.370768100613397], [74.70184472715052, 13.37099740616858], [74.70184472715052, 13.367359201424804], [74.69784397951575, 13.367359201424804], [74.69781861063751, 13.368361993269636]]]}, "properties": {"zone_id": "Z007", "waste_kg_day": 363.6, "population": 808.0, "risk": "low"}}, {"type": "Feature", "geometry": {"type": "Polygon", "coordinates": [[[74.69724472715052, 13.372538739446137], [74.69787642689681, 13.37267277502647], [74.69788277365016, 13.37267412629689], [74.6985854342263, 13.373192693561851], [74.69881699023335, 13.373109311377105], [74.69889192507627, 13.37308233141417], [74.69890244780622, 13.372825785569093], [74.69899560559449, 13.371859201424805], [74.697384494953, 13.371859201424805], [74.69724472715052, 13.372538739446137]]]}, "properties": {"zone_id": "Z008", "waste_kg_day": 82.8, "population": 184.0, "risk": "low"}}, {"type": "Feature", "geometry": {"type": "Polygon", "coordinates": [[[74.7027304384735, 13.340359201424803], [74.70644472715051, 13.340359201424803], [74.70644472715051, 13.337315657292613], [74.7027304384735, 13.340359201424803]]]}, "properties": {"zone_id": "Z009", "waste_kg_day": 238.1, "population": 529.0, "risk": "low"}}, {"type": "Feature", "geometry": {"type": "Polygon", "coordinates": [[[74.70257395807839, 13.340487423819386], [74.70184472715052, 13.34099322351029], [74.70184472715052, 13.344859201424804], [74.70644472715051, 13.344859201424804], [74.70644472715051, 13.340359201424803], [74.7027304384735, 13.340359201424803], [74.70257395807839, 13.340487423819386]]]}, "properties": {"zone_id": "Z010", "waste_kg_day": 932.4, "population": 2072.0, "risk": "medium"}}, {"type": "Feature", "geometry": {"type": "Polygon", "coordinates": [[[74.70184472715052, 13.344859201424804], [74.70184472715052, 13.349359201424804], [74.70644472715051, 13.349359201424804], [74.70644472715051, 13.344859201424804], [74.70184472715052, 13.344859201424804]]]}, "properties": {"zone_id": "Z011", "waste_kg_day": 472.5, "population": 1050.0, "risk": "medium"}}, {"type": "Feature", "geometry": {"type": "Polygon", "coordinates": [[[74.70184472715052, 13.349359201424804], [74.70184472715052, 13.353859201424804], [74.70644472715051, 13.353859201424804], [74.70644472715051, 13.349359201424804], [74.70184472715052, 13.349359201424804]]]}, "properties": {"zone_id": "Z012", "waste_kg_day": 1125.5, "population": 2501.0, "risk": "high"}}, {"type": "Feature", "geometry": {"type": "Polygon", "coordinates": [[[74.70184472715052, 13.353859201424804], [74.70184472715052, 13.358359201424804], [74.70644472715051, 13.358359201424804], [74.70644472715051, 13.353859201424804], [74.70184472715052, 13.353859201424804]]]}, "properties": {"zone_id": "Z013", "waste_kg_day": 1031.0, "population": 2291.0, "risk": "high"}}, {"type": "Feature", "geometry": {"type": "Polygon", "coordinates": [[[74.70184472715052, 13.358359201424804], [74.70184472715052, 13.362859201424804], [74.70644472715051, 13.362859201424804], [74.70644472715051, 13.358359201424804], [74.70184472715052, 13.358359201424804]]]}, "properties": {"zone_id": "Z014", "waste_kg_day": 604.4, "population": 1343.0, "risk": "medium"}}, {"type": "Feature", "geometry": {"type": "Polygon", "coordinates": [[[74.7029369430907, 13.367100327962795], [74.70317792399617, 13.36612281619429], [74.70330893463884, 13.36557191810759], [74.70339257500699, 13.365220361819528], [74.70343963429487, 13.365022584784104], [74.70354216187395, 13.364591714766812], [74.70358270254552, 13.364421333807133], [74.70414834017623, 13.363920393583772], [74.70423500085715, 13.36384359686675], [74.70555335324887, 13.36414959865998], [74.70555406172355, 13.364144914640836], [74.70555828001787, 13.36411700037737], [74.70557563645367, 13.364002073264885], [74.70644472715051, 13.364232271963214], [74.70644472715051, 13.362859201424804], [74.70184472715052, 13.362859201424804], [74.70184472715052, 13.367359201424804], [74.7028643714914, 13.367359201424804], [74.7029369430907, 13.367100327962795]]]}, "properties": {"zone_id": "Z015", "waste_kg_day": 288.4, "population": 641.0, "risk": "low"}}, {"type": "Feature", "geometry": {"type": "Polygon", "coordinates": [[[74.70223005582777, 13.371390189588567], [74.70247181885796, 13.370589791416517], [74.70245798293232, 13.370521628409945], [74.70251787815783, 13.370302259164518], [74.70240240870369, 13.36986178010872], [74.70241968498992, 13.369683539599354], [74.70242146499577, 13.369665176685908], [74.70242311336672, 13.369660015444099], [74.70258034854301, 13.369167979209776], [74.70262055661259, 13.368826391198317], [74.70274202941556, 13.36779584728032], [74.70285222122995, 13.367402543176617], [74.7028643714914, 13.367359201424804], [74.70184472715052, 13.367359201424804], [74.70184472715052, 13.37099740616858], [74.70223005582777, 13.371390189588567]]]}, "properties": {"zone_id": "Z016", "waste_kg_day": 77.9, "population": 173.0, "risk": "low"}}, {"type": "Feature", "geometry": {"type": "Polygon", "coordinates": [[[74.70762229837842, 13.337692550113964], [74.70728646942909, 13.337641203560846], [74.70660504955363, 13.337352612873206], [74.7064725745511, 13.337292838712791], [74.70644472715051, 13.337315657292613], [74.70644472715051, 13.340359201424803], [74.71104472715051, 13.340359201424803], [74.71104472715051, 13.338054161691055], [74.70762229837842, 13.337692550113964]]]}, "properties": {"zone_id": "Z017", "waste_kg_day": 382.1, "population": 849.0, "risk": "low"}}, {"type": "Feature", "geometry": {"type": "Polygon", "coordinates": [[[74.70644472715051, 13.340359201424803], [74.70644472715051, 13.344859201424804], [74.71104472715051, 13.344859201424804], [74.71104472715051, 13.340359201424803], [74.70644472715051, 13.340359201424803]]]}, "properties": {"zone_id": "Z018", "waste_kg_day": 819.5, "population": 1821.0, "risk": "medium"}}, {"type": "Feature", "geometry": {"type": "Polygon", "coordinates": [[[74.70644472715051, 13.344859201424804], [74.70644472715051, 13.349359201424804], [74.71104472715051, 13.349359201424804], [74.71104472715051, 13.344859201424804], [74.70644472715051, 13.344859201424804]]]}, "properties": {"zone_id": "Z019", "waste_kg_day": 755.6, "population": 1679.0, "risk": "medium"}}, {"type": "Feature", "geometry": {"type": "Polygon", "coordinates": [[[74.70644472715051, 13.349359201424804], [74.70644472715051, 13.353859201424804], [74.71104472715051, 13.353859201424804], [74.71104472715051, 13.349359201424804], [74.70644472715051, 13.349359201424804]]]}, "properties": {"zone_id": "Z020", "waste_kg_day": 658.8, "population": 1464.0, "risk": "medium"}}, {"type": "Feature", "geometry": {"type": "Polygon", "coordinates": [[[74.70644472715051, 13.353859201424804], [74.70644472715051, 13.358359201424804], [74.71104472715051, 13.358359201424804], [74.71104472715051, 13.353859201424804], [74.70644472715051, 13.353859201424804]]]}, "properties": {"zone_id": "Z021", "waste_kg_day": 879.3, "population": 1954.0, "risk": "medium"}}, {"type": "Feature", "geometry": {"type": "Polygon", "coordinates": [[[74.7085203303789, 13.362674124001808], [74.7087833856096, 13.362692532209673], [74.70884061398897, 13.362702850250045], [74.70970978265224, 13.362859201424804], [74.71104472715051, 13.362859201424804], [74.71104472715051, 13.358359201424804], [74.70644472715051, 13.358359201424804], [74.70644472715051, 13.362859201424804], [74.7085225568941, 13.362859201424804], [74.7085203303789, 13.362674124001808]]]}, "properties": {"zone_id": "Z022", "waste_kg_day": 551.2, "population": 1225.0, "risk": "medium"}}, {"type": "Feature", "geometry": {"type": "MultiPolygon", "coordinates": [[[[74.70667119857852, 13.364292258139715], [74.70670945970717, 13.364383944915652], [74.70750286110514, 13.364426964036268], [74.70751041665095, 13.364428256779982], [74.70838670183585, 13.364578097605685], [74.70854355793216, 13.364604897123934], [74.7085225568941, 13.362859201424804], [74.70644472715051, 13.362859201424804], [74.70644472715051, 13.364232271963214], [74.70667119857852, 13.364292258139715]]], [[[74.71006494045747, 13.36292308930114], [74.71004847194733, 13.363272975301228], [74.71061052492936, 13.36325653282334], [74.71104472715051, 13.363354247645361], [74.71104472715051, 13.362859201424804], [74.70970978265224, 13.362859201424804], [74.71006494045747, 13.36292308930114]]]]}, "properties": {"zone_id": "Z023", "waste_kg_day": 118.8, "population": 264.0, "risk": "low"}}, {"type": "Feature", "geometry": {"type": "Polygon", "coordinates": [[[74.71469706734048, 13.340319840164826], [74.71466752818283, 13.340020655268265], [74.71466398009245, 13.339984719583287], [74.71471664791886, 13.339914983444201], [74.71478168011474, 13.33982887641267], [74.71477485027475, 13.339809389642445], [74.71470943259261, 13.339622740169862], [74.71443621818311, 13.338843209425287], [74.71385312495161, 13.338486510404003], [74.71366371024503, 13.33837063828951], [74.71342500494514, 13.338086183039946], [74.71222594333264, 13.338089162991412], [74.71179850497106, 13.338131848656005], [74.71171953293957, 13.338124759201696], [74.7116655986199, 13.338119762562883], [74.71104472715051, 13.338054161691055], [74.71104472715051, 13.340359201424803], [74.71471517132618, 13.340359201424803], [74.71469706734048, 13.340319840164826]]]}, "properties": {"zone_id": "Z024", "waste_kg_day": 259.2, "population": 576.0, "risk": "low"}}, {"type": "Feature", "geometry": {"type": "Polygon", "coordinates": [[[74.71562255368309, 13.34060878539178], [74.71538544232884, 13.340874217859461], [74.71491141725434, 13.34069571602752], [74.71480953676958, 13.340564368552775], [74.71471517132618, 13.340359201424803], [74.71104472715051, 13.340359201424803], [74.71104472715051, 13.344859201424804], [74.7156447271505, 13.344859201424804], [74.7156447271505, 13.340613442231437], [74.71562255368309, 13.34060878539178]]]}, "properties": {"zone_id": "Z025", "waste_kg_day": 759.6, "population": 1688.0, "risk": "medium"}}, {"type": "Feature", "geometry": {"type": "Polygon", "coordinates": [[[74.71104472715051, 13.344859201424804], [74.71104472715051, 13.349359201424804], [74.7156447271505, 13.349359201424804], [74.7156447271505, 13.344859201424804], [74.71104472715051, 13.344859201424804]]]}, "properties": {"zone_id": "Z026", "waste_kg_day": 998.6, "population": 2219.0, "risk": "medium"}}, {"type": "Feature", "geometry": {"type": "Polygon", "coordinates": [[[74.71104472715051, 13.349359201424804], [74.71104472715051, 13.353859201424804], [74.7156447271505, 13.353859201424804], [74.7156447271505, 13.349359201424804], [74.71104472715051, 13.349359201424804]]]}, "properties": {"zone_id": "Z027", "waste_kg_day": 595.8, "population": 1324.0, "risk": "medium"}}, {"type": "Feature", "geometry": {"type": "Polygon", "coordinates": [[[74.71104472715051, 13.353859201424804], [74.71104472715051, 13.358359201424804], [74.7156447271505, 13.358359201424804], [74.7156447271505, 13.353859201424804], [74.71104472715051, 13.353859201424804]]]}, "properties": {"zone_id": "Z028", "waste_kg_day": 812.2, "population": 1805.0, "risk": "medium"}}, {"type": "Feature", "geometry": {"type": "Polygon", "coordinates": [[[74.71299147762893, 13.362842513293785], [74.71299168533376, 13.362841022444178], [74.71332366033396, 13.36276509368772], [74.7136237781387, 13.362859201424804], [74.7156447271505, 13.362859201424804], [74.7156447271505, 13.358359201424804], [74.71104472715051, 13.358359201424804], [74.71104472715051, 13.362859201424804], [74.71286920849064, 13.362859201424804], [74.71299147762893, 13.362842513293785]]]}, "properties": {"zone_id": "Z029", "waste_kg_day": 864.5, "population": 1921.0, "risk": "medium"}}, {"type": "Feature", "geometry": {"type": "MultiPolygon", "coordinates": [[[[74.71124699168094, 13.363399766165601], [74.71152417392024, 13.363463271947781], [74.7115753153338, 13.363369030175326], [74.71210469772615, 13.36341704630439], [74.7121665722328, 13.363426121940309], [74.71312940744734, 13.363485303753157], [74.7131634928507, 13.363235574327796], [74.71266319562989, 13.363157862149718], [74.71272254127742, 13.362879219572516], [74.71286920849064, 13.362859201424804], [74.71104472715051, 13.362859201424804], [74.71104472715051, 13.363354247645361], [74.71124699168094, 13.363399766165601]]], [[[74.71394406269522, 13.362959632836606], [74.71414904012974, 13.363024444877015], [74.71414722365255, 13.363494896919708], [74.71399399073398, 13.364194418017561], [74.71397704203365, 13.364563073931082], [74.71415125742497, 13.364561429677915], [74.71419724519292, 13.364561018630965], [74.71429186844104, 13.364560197691626], [74.71524790090419, 13.364552284922548], [74.71533654059874, 13.364551557232478], [74.71535699413984, 13.364333023678162], [74.71535774330559, 13.364324981341234], [74.71536944834935, 13.364305704434786], [74.71541440863889, 13.364231672731568], [74.71537843634468, 13.363821063925203], [74.71537782932691, 13.363814207325117], [74.71552884221006, 13.363807573580175], [74.7156447271505, 13.363802542090374], [74.7156447271505, 13.362859201424804], [74.7136237781387, 13.362859201424804], [74.71394406269522, 13.362959632836606]]]]}, "properties": {"zone_id": "Z030", "waste_kg_day": 83.7, "population": 186.0, "risk": "low"}}, {"type": "Feature", "geometry": {"type": "Polygon", "coordinates": [[[74.71838241255607, 13.344841479084419], [74.71859782042358, 13.34468909473289], [74.71862185797443, 13.344697481091053], [74.7186612281984, 13.344668455355153], [74.7187764128759, 13.34468556202872], [74.71881814788809, 13.344691762564429], [74.71882230911524, 13.344349100896066], [74.71855111016585, 13.344369257431396], [74.71837389208898, 13.343665727393518], [74.71833770594807, 13.343412659787184], [74.71830847465442, 13.343211041982789], [74.71835828190098, 13.342943174392186], [74.7183713528099, 13.34287246034013], [74.71838364142101, 13.342805856082721], [74.71840445718742, 13.342692838633104], [74.7184330997961, 13.342621396778041], [74.71852754442065, 13.342386238867425], [74.71848337510717, 13.34242197684842], [74.71819867725543, 13.34265446925424], [74.71679544443587, 13.34275808938452], [74.71659428160851, 13.34266767323411], [74.71658906360184, 13.342506612732336], [74.71668526536612, 13.342220758705285], [74.7167691232895, 13.34142770933649], [74.71667054933941, 13.341232052376768], [74.7165297702214, 13.340952620307073], [74.71641631186469, 13.34094709243466], [74.71629996509562, 13.340724668103537], [74.71604878445504, 13.340641907820896], [74.7157475923857, 13.340616781602902], [74.71573788117324, 13.340633006304984], [74.7156447271505, 13.340613442231437], [74.7156447271505, 13.344859201424804], [74.71837898947416, 13.344859201424804], [74.71838241255607, 13.344841479084419]]]}, "properties": {"zone_id": "Z031", "waste_kg_day": 344.2, "population": 765.0, "risk": "low"}}, {"type": "Feature", "geometry": {"type": "Polygon", "coordinates": [[[74.72008149024757, 13.348527421933445], [74.72008914367511, 13.34821408859386], [74.72002974803057, 13.34819818255718], [74.72002841854132, 13.34817228915266], [74.7194232681991, 13.347964724091453], [74.7194434517761, 13.347904183322521], [74.71948745422837, 13.347772156390322], [74.71949946837663, 13.34773610055837], [74.71951185875845, 13.347698903994342], [74.7195222994422, 13.347667561113894], [74.71944775412386, 13.347640223084177], [74.71945211522322, 13.347625330599055], [74.71946363570133, 13.347590547388286], [74.71946991488267, 13.347571586148632], [74.71943750644772, 13.347556369937703], [74.71922491910065, 13.347456528248946], [74.71859764897921, 13.347474788130743], [74.71857753079543, 13.347639793644074], [74.7185730237842, 13.347676973594812], [74.71857239910075, 13.347682130671378], [74.71854938544537, 13.347679255864769], [74.71838356165851, 13.347658467717691], [74.71823535765594, 13.347639778796927], [74.71821897529263, 13.347637707061196], [74.71852858044356, 13.346626507772484], [74.71875202141894, 13.345951086912585], [74.71825112964437, 13.345827251446488], [74.7182748337027, 13.345398447661578], [74.71837898947416, 13.344859201424804], [74.7156447271505, 13.344859201424804], [74.7156447271505, 13.349359201424804], [74.7202447271505, 13.349359201424804], [74.7202447271505, 13.348572153085652], [74.72008149024757, 13.348527421933445]]]}, "properties": {"zone_id": "Z032", "waste_kg_day": 426.6, "population": 948.0, "risk": "medium"}}, {"type": "Feature", "geometry": {"type": "Polygon", "coordinates": [[[74.7156447271505, 13.349359201424804], [74.7156447271505, 13.353859201424804], [74.7202447271505, 13.353859201424804], [74.7202447271505, 13.349359201424804], [74.7156447271505, 13.349359201424804]]]}, "properties": {"zone_id": "Z033", "waste_kg_day": 503.1, "population": 1118.0, "risk": "medium"}}, {"type": "Feature", "geometry": {"type": "Polygon", "coordinates": [[[74.7156447271505, 13.353859201424804], [74.7156447271505, 13.358359201424804], [74.7202447271505, 13.358359201424804], [74.7202447271505, 13.353859201424804], [74.7156447271505, 13.353859201424804]]]}, "properties": {"zone_id": "Z034", "waste_kg_day": 1111.0, "population": 2469.0, "risk": "high"}}, {"type": "Feature", "geometry": {"type": "Polygon", "coordinates": [[[74.71635593331135, 13.362678788711879], [74.71635624811555, 13.362669400380188], [74.716353550258, 13.36263645965036], [74.71635455887352, 13.362576270298007], [74.71684291322673, 13.362564704670856], [74.71689718358189, 13.36256347320412], [74.71805100721845, 13.362745138657024], [74.71817621166629, 13.362859201424804], [74.7202447271505, 13.362859201424804], [74.7202447271505, 13.358359201424804], [74.7156447271505, 13.358359201424804], [74.7156447271505, 13.362859201424804], [74.71635365028796, 13.362859201424804], [74.71635593331135, 13.362678788711879]]]}, "properties": {"zone_id": "Z035", "waste_kg_day": 1101.2, "population": 2447.0, "risk": "high"}}, {"type": "Feature", "geometry": {"type": "MultiPolygon", "coordinates": [[[[74.71565399814858, 13.363802139562383], [74.71601472791227, 13.363844003676638], [74.7160693812453, 13.363850361171767], [74.71614532969372, 13.36385919843724], [74.71624398286542, 13.363883666435175], [74.71629096356665, 13.363826128289837], [74.71634886803461, 13.363237112270058], [74.71635365028796, 13.362859201424804], [74.7156447271505, 13.362859201424804], [74.7156447271505, 13.363802542090374], [74.71565399814858, 13.363802139562383]]], [[[74.72008191606785, 13.364595321206108], [74.72004194514683, 13.364666839172662], [74.71982953064044, 13.36504659320084], [74.7197940767928, 13.365109846881566], [74.71976428184803, 13.365163038150488], [74.71962927858779, 13.365404413780547], [74.71967969257757, 13.365463484588881], [74.7202447271505, 13.366167849147118], [74.7202447271505, 13.362859201424804], [74.71817621166629, 13.362859201424804], [74.72008191606785, 13.364595321206108]]]]}, "properties": {"zone_id": "Z036", "waste_kg_day": 154.8, "population": 344.0, "risk": "low"}}, {"type": "Feature", "geometry": {"type": "Polygon", "coordinates": [[[74.72045791726079, 13.348898429186987], [74.72039751606299, 13.348886291890565], [74.72034982594695, 13.348661750568187], [74.72028105535001, 13.348652197362897], [74.72026711409569, 13.348578287690234], [74.7202447271505, 13.348572153085652], [74.7202447271505, 13.349359201424804], [74.72041927350067, 13.349359201424804], [74.72045791726079, 13.348898429186987]]]}, "properties": {"zone_id": "Z037", "waste_kg_day": 3.6, "population": 8.0, "risk": "low"}}, {"type": "Feature", "geometry": {"type": "Polygon", "coordinates": [[[74.72440612211355, 13.3498856922885], [74.72419968767434, 13.349839234938145], [74.72381125068445, 13.34991230380805], [74.72302925309943, 13.349641675575281], [74.72293767491657, 13.349583212360496], [74.72234085680519, 13.349426973342466], [74.72214949489002, 13.349667226590062], [74.72185288622231, 13.349679828194112], [74.72148318135825, 13.349652854745957], [74.72118058993868, 13.349571010427841], [74.72088293085366, 13.34961382302765], [74.72057647618996, 13.34960645577355], [74.72053862229033, 13.349540218428908], [74.72040402755626, 13.349540987770254], [74.72041927350067, 13.349359201424804], [74.7202447271505, 13.349359201424804], [74.7202447271505, 13.353859201424804], [74.7248447271505, 13.353859201424804], [74.7248447271505, 13.349915084171467], [74.72440612211355, 13.3498856922885]]]}, "properties": {"zone_id": "Z038", "waste_kg_day": 488.2, "population": 1085.0, "risk": "medium"}}, {"type": "Feature", "geometry": {"type": "Polygon", "coordinates": [[[74.7202447271505, 13.353859201424804], [74.7202447271505, 13.358359201424804], [74.7248447271505, 13.358359201424804], [74.7248447271505, 13.353859201424804], [74.7202447271505, 13.353859201424804]]]}, "properties": {"zone_id": "Z039", "waste_kg_day": 929.2, "population": 2065.0, "risk": "medium"}}, {"type": "Feature", "geometry": {"type": "Polygon", "coordinates": [[[74.7202447271505, 13.358359201424804], [74.7202447271505, 13.362859201424804], [74.7248447271505, 13.362859201424804], [74.7248447271505, 13.358359201424804], [74.7202447271505, 13.358359201424804]]]}, "properties": {"zone_id": "Z040", "waste_kg_day": 761.4, "population": 1692.0, "risk": "medium"}}, {"type": "Feature", "geometry": {"type": "Polygon", "coordinates": [[[74.72083384543782, 13.36690223614232], [74.72121319918153, 13.367359201424804], [74.7248447271505, 13.367359201424804], [74.7248447271505, 13.362859201424804], [74.7202447271505, 13.362859201424804], [74.7202447271505, 13.366167849147118], [74.72083384543782, 13.36690223614232]]]}, "properties": {"zone_id": "Z041", "waste_kg_day": 527.4, "population": 1172.0, "risk": "medium"}}, {"type": "Feature", "geometry": {"type": "Polygon", "coordinates": [[[74.72152579894438, 13.367735755607548], [74.72155430461191, 13.367767852992722], [74.72234443070023, 13.36861737109924], [74.72321874430278, 13.369502401420586], [74.72326106610772, 13.369527518556055], [74.7248447271505, 13.370449568134282], [74.7248447271505, 13.367359201424804], [74.72121319918153, 13.367359201424804], [74.72152579894438, 13.367735755607548]]]}, "properties": {"zone_id": "Z042", "waste_kg_day": 249.8, "population": 555.0, "risk": "low"}}, {"type": "Feature", "geometry": {"type": "Polygon", "coordinates": [[[74.72929960855045, 13.335538107556717], [74.72927363301237, 13.335541581953569], [74.72926968883043, 13.335542700808983], [74.72925213837841, 13.335545394794561], [74.72832262886689, 13.335773227706536], [74.72829627561018, 13.335804817098778], [74.72828295612845, 13.335820777116497], [74.72825086289298, 13.335859201424803], [74.7294447271505, 13.335859201424803], [74.7294447271505, 13.335515747573954], [74.72929960855045, 13.335538107556717]]]}, "properties": {"zone_id": "Z043", "waste_kg_day": 5.9, "population": 13.0, "risk": "low"}}, {"type": "Feature", "geometry": {"type": "Polygon", "coordinates": [[[74.72823503007263, 13.335878157605498], [74.72805241031956, 13.336096741583665], [74.72723297000503, 13.336229550738523], [74.72711235093323, 13.3367645142551], [74.72710956872986, 13.33677683513205], [74.72699943826268, 13.336783508360083], [74.7269519943478, 13.337013898920793], [74.72688031588902, 13.337017739815057], [74.7268222215774, 13.337195171177482], [74.72674193524338, 13.33719060419129], [74.72673681508898, 13.337210189911087], [74.72679558906057, 13.337345171971227], [74.72656409296306, 13.33740734391623], [74.72654475821781, 13.33787086384598], [74.72639732884709, 13.337888115963914], [74.72638042700203, 13.338252258136885], [74.72664677581504, 13.338267810703867], [74.72665001693521, 13.33839520876072], [74.72768998856583, 13.338455104830269], [74.72790720943442, 13.33965066642872], [74.7281481244472, 13.340201324899972], [74.72817864749867, 13.340359201424803], [74.72930901511539, 13.340359201424803], [74.72919643661625, 13.340153991111661], [74.72920320633163, 13.339893526058937], [74.7294447271505, 13.339843965880995], [74.7294447271505, 13.335859201424803], [74.72825086289298, 13.335859201424803], [74.72823503007263, 13.335878157605498]]]}, "properties": {"zone_id": "Z044", "waste_kg_day": 486.9, "population": 1082.0, "risk": "medium"}}, {"type": "Feature", "geometry": {"type": "Polygon", "coordinates": [[[74.7283436474456, 13.341212642249872], [74.7288597830037, 13.340973688097682], [74.72880941055467, 13.340652103261098], [74.72937458742437, 13.340478727925548], [74.72930901511539, 13.340359201424803], [74.72817864749867, 13.340359201424803], [74.7283436474456, 13.341212642249872]]]}, "properties": {"zone_id": "Z045", "waste_kg_day": 16.2, "population": 36.0, "risk": "low"}}, {"type": "Feature", "geometry": {"type": "Polygon", "coordinates": [[[74.72909891754168, 13.347221714607588], [74.72839388457909, 13.347134300622416], [74.72842699656412, 13.347470728956186], [74.72823241123986, 13.348020430058398], [74.7282033581732, 13.348117346785669], [74.72819518563311, 13.348142931574781], [74.72818345089131, 13.348179646426091], [74.72816183299427, 13.348247230405217], [74.72829037096328, 13.348359699920687], [74.72830823314723, 13.348705920157965], [74.72831642157296, 13.348861885576543], [74.72900553557183, 13.34891854416606], [74.72897834056256, 13.349359201424804], [74.7294447271505, 13.349359201424804], [74.7294447271505, 13.347280962781408], [74.72909891754168, 13.347221714607588]]]}, "properties": {"zone_id": "Z046", "waste_kg_day": 93.6, "population": 208.0, "risk": "low"}}, {"type": "Feature", "geometry": {"type": "Polygon", "coordinates": [[[74.72897545333642, 13.34940598490421], [74.72891634907948, 13.349407853140956], [74.72884677855116, 13.349385551639273], [74.72816787744087, 13.34938601883748], [74.72783738610299, 13.349395888345374], [74.72776207527266, 13.34996720442576], [74.72755887754734, 13.350616812962015], [74.72719075861374, 13.350491330993602], [74.72713328316078, 13.350471741191345], [74.72708791523863, 13.350296744022218], [74.72685979933767, 13.350247434305206], [74.72658922842011, 13.350207944720795], [74.72656994503888, 13.350105916850397], [74.72616314519786, 13.350020906946025], [74.72613331065327, 13.350014662591967], [74.72612597017215, 13.350014577798765], [74.72586125207225, 13.35001150742258], [74.72584207854379, 13.350011283226841], [74.72582112669377, 13.350019011685069], [74.72550609316959, 13.350077920819261], [74.72538159193529, 13.350101193932353], [74.72528220714472, 13.349957658739555], [74.72527258103068, 13.349943755595902], [74.7248447271505, 13.349915084171467], [74.7248447271505, 13.353859201424804], [74.7294447271505, 13.353859201424804], [74.7294447271505, 13.349359201424804], [74.72897834056256, 13.349359201424804], [74.72897545333642, 13.34940598490421]]]}, "properties": {"zone_id": "Z047", "waste_kg_day": 594.9, "population": 1322.0, "risk": "medium"}}, {"type": "Feature", "geometry": {"type": "Polygon", "coordinates": [[[74.7248447271505, 13.353859201424804], [74.7248447271505, 13.358359201424804], [74.7294447271505, 13.358359201424804], [74.7294447271505, 13.353859201424804], [74.7248447271505, 13.353859201424804]]]}, "properties": {"zone_id": "Z048", "waste_kg_day": 816.3, "population": 1814.0, "risk": "medium"}}, {"type": "Feature", "geometry": {"type": "Polygon", "coordinates": [[[74.7248447271505, 13.358359201424804], [74.7248447271505, 13.362859201424804], [74.7294447271505, 13.362859201424804], [74.7294447271505, 13.358359201424804], [74.7248447271505, 13.358359201424804]]]}, "properties": {"zone_id": "Z049", "waste_kg_day": 834.3, "population": 1854.0, "risk": "medium"}}, {"type": "Feature", "geometry": {"type": "Polygon", "coordinates": [[[74.7248447271505, 13.362859201424804], [74.7248447271505, 13.367359201424804], [74.7294447271505, 13.367359201424804], [74.7294447271505, 13.362859201424804], [74.7248447271505, 13.362859201424804]]]}, "properties": {"zone_id": "Z050", "waste_kg_day": 585.5, "population": 1301.0, "risk": "medium"}}, {"type": "Feature", "geometry": {"type": "Polygon", "coordinates": [[[74.72518756306242, 13.370649176320283], [74.72526180860498, 13.370691129406625], [74.72553287526355, 13.370842119050065], [74.72710183448633, 13.371859201424805], [74.7294447271505, 13.371859201424805], [74.7294447271505, 13.367359201424804], [74.7248447271505, 13.367359201424804], [74.7248447271505, 13.370449568134282], [74.72518756306242, 13.370649176320283]]]}, "properties": {"zone_id": "Z051", "waste_kg_day": 1036.8, "population": 2304.0, "risk": "high"}}, {"type": "Feature", "geometry": {"type": "Polygon", "coordinates": [[[74.72739072276288, 13.37204647408943], [74.72742915918225, 13.372001733195294], [74.72759017270255, 13.372100160908788], [74.72759729757047, 13.37210451162625], [74.72768882077577, 13.372160391574164], [74.72789929669915, 13.372336249629942], [74.7287893100283, 13.373021564696154], [74.72883674442912, 13.37305781211761], [74.72928390317331, 13.374484713760157], [74.72928777319228, 13.374494342591861], [74.7294447271505, 13.374874842233435], [74.7294447271505, 13.371859201424805], [74.72710183448633, 13.371859201424805], [74.72739072276288, 13.37204647408943]]]}, "properties": {"zone_id": "Z052", "waste_kg_day": 108.5, "population": 241.0, "risk": "low"}}, {"type": "Feature", "geometry": {"type": "Polygon", "coordinates": [[[74.73361684471942, 13.335021534045795], [74.73359189079503, 13.33505516001175], [74.73353202500647, 13.33513584480175], [74.73336524631549, 13.33535074106728], [74.73332467510822, 13.335349541897719], [74.73226860944743, 13.33525560211353], [74.73224865387178, 13.33525383586967], [74.73152287593224, 13.335178027778172], [74.73140304975358, 13.335198795186747], [74.73060734741757, 13.335336610171003], [74.7294447271505, 13.335515747573954], [74.7294447271505, 13.335859201424803], [74.73404472715049, 13.335859201424803], [74.73404472715049, 13.3351851001886], [74.73361684471942, 13.335021534045795]]]}, "properties": {"zone_id": "Z053", "waste_kg_day": 140.4, "population": 312.0, "risk": "low"}}, {"type": "Feature", "geometry": {"type": "Polygon", "coordinates": [[[74.73024911242736, 13.339678905669441], [74.73028544804858, 13.340192608899994], [74.73030353667036, 13.340273632557405], [74.73054785695055, 13.340259239092605], [74.73057851885778, 13.34017286442359], [74.73074427310432, 13.340158699246073], [74.73080063469584, 13.340297516331958], [74.73109953491371, 13.340301381692687], [74.73120813029631, 13.340281365754878], [74.7311482834451, 13.339929605862723], [74.73156804569753, 13.339869453873836], [74.73173697238776, 13.339936642153676], [74.73229514491332, 13.339928737583346], [74.73279938106538, 13.340013498330903], [74.73282772694233, 13.340187829290272], [74.73340023898952, 13.34023463843543], [74.7333806219308, 13.340359201424803], [74.73404472715049, 13.340359201424803], [74.73404472715049, 13.335859201424803], [74.7294447271505, 13.335859201424803], [74.7294447271505, 13.339843965880995], [74.73024911242736, 13.339678905669441]]]}, "properties": {"zone_id": "Z054", "waste_kg_day": 1003.1, "population": 2229.0, "risk": "high"}}, {"type": "Feature", "geometry": {"type": "MultiPolygon", "coordinates": [[[[74.73335087630927, 13.340548078034365], [74.7329568820643, 13.340601749575578], [74.73305754613808, 13.340986328894934], [74.73369965509625, 13.340886348688928], [74.73393016630867, 13.340946807550345], [74.73404472715049, 13.341333964860157], [74.73404472715049, 13.340359201424803], [74.7333806219308, 13.340359201424803], [74.73335087630927, 13.340548078034365]]], [[[74.73399638210843, 13.341947233802037], [74.73400488658656, 13.341971988124593], [74.73404472715049, 13.342087838458683], [74.73404472715049, 13.341932607452623], [74.73399638210843, 13.341947233802037]]], [[[74.73403612823823, 13.344824701592401], [74.73404472715049, 13.344841082304523], [74.73404472715049, 13.344821088962313], [74.73403612823823, 13.344824701592401]]]]}, "properties": {"zone_id": "Z055", "waste_kg_day": 22.9, "population": 51.0, "risk": "low"}}, {"type": "Feature", "geometry": {"type": "Polygon", "coordinates": [[[74.73371889384855, 13.345920067941158], [74.73375945411536, 13.346119172334438], [74.73377633143886, 13.346226676896917], [74.73345396410922, 13.346283073661446], [74.73339714942621, 13.346292903568568], [74.73328299416777, 13.345980571618924], [74.7329612105406, 13.346087524350521], [74.7329339218739, 13.345993356234848], [74.73287700676974, 13.345802201731491], [74.7328700746565, 13.34573482232718], [74.73311201669352, 13.345573460809085], [74.73307968897224, 13.345447178793162], [74.73303002401437, 13.345237343147446], [74.7325878809293, 13.345256872549747], [74.73233917796875, 13.345234095439498], [74.73169877372659, 13.345238657607467], [74.73166638697752, 13.345239325016571], [74.73172240382698, 13.345368194884548], [74.73177589053954, 13.345491173661893], [74.73173223355161, 13.345494817661546], [74.7309055251832, 13.34556184068707], [74.73088255170785, 13.34578458899026], [74.73048545385434, 13.345850068894954], [74.73047414117468, 13.346535015592147], [74.7300805060324, 13.346465621430784], [74.72989350555427, 13.346430641610326], [74.72981081818045, 13.347343685807095], [74.7294447271505, 13.347280962781408], [74.7294447271505, 13.349359201424804], [74.73404472715049, 13.349359201424804], [74.73404472715049, 13.345753450473678], [74.73371889384855, 13.345920067941158]]]}, "properties": {"zone_id": "Z056", "waste_kg_day": 843.3, "population": 1874.0, "risk": "medium"}}, {"type": "Feature", "geometry": {"type": "Polygon", "coordinates": [[[74.7294447271505, 13.349359201424804], [74.7294447271505, 13.353859201424804], [74.73404472715049, 13.353859201424804], [74.73404472715049, 13.349359201424804], [74.7294447271505, 13.349359201424804]]]}, "properties": {"zone_id": "Z057", "waste_kg_day": 519.3, "population": 1154.0, "risk": "medium"}}, {"type": "Feature", "geometry": {"type": "Polygon", "coordinates": [[[74.7294447271505, 13.353859201424804], [74.7294447271505, 13.358359201424804], [74.73404472715049, 13.358359201424804], [74.73404472715049, 13.353859201424804], [74.7294447271505, 13.353859201424804]]]}, "properties": {"zone_id": "Z058", "waste_kg_day": 593.1, "population": 1318.0, "risk": "medium"}}, {"type": "Feature", "geometry": {"type": "Polygon", "coordinates": [[[74.7294447271505, 13.358359201424804], [74.7294447271505, 13.362859201424804], [74.73404472715049, 13.362859201424804], [74.73404472715049, 13.358359201424804], [74.7294447271505, 13.358359201424804]]]}, "properties": {"zone_id": "Z059", "waste_kg_day": 489.6, "population": 1088.0, "risk": "medium"}}, {"type": "Feature", "geometry": {"type": "Polygon", "coordinates": [[[74.7294447271505, 13.362859201424804], [74.7294447271505, 13.367359201424804], [74.73404472715049, 13.367359201424804], [74.73404472715049, 13.362859201424804], [74.7294447271505, 13.362859201424804]]]}, "properties": {"zone_id": "Z060", "waste_kg_day": 682.2, "population": 1516.0, "risk": "medium"}}, {"type": "Feature", "geometry": {"type": "Polygon", "coordinates": [[[74.7294447271505, 13.367359201424804], [74.7294447271505, 13.371859201424805], [74.73404472715049, 13.371859201424805], [74.73404472715049, 13.367359201424804], [74.7294447271505, 13.367359201424804]]]}, "properties": {"zone_id": "Z061", "waste_kg_day": 725.9, "population": 1613.0, "risk": "medium"}}, {"type": "Feature", "geometry": {"type": "Polygon", "coordinates": [[[74.7298154051057, 13.375773467732929], [74.72979257269884, 13.375802674587996], [74.72976684355172, 13.375835607416327], [74.72970445771345, 13.375915545770823], [74.72977488681536, 13.376359201424805], [74.73404472715049, 13.376359201424805], [74.73404472715049, 13.371859201424805], [74.7294447271505, 13.371859201424805], [74.7294447271505, 13.374874842233435], [74.7298154051057, 13.375773467732929]]]}, "properties": {"zone_id": "Z062", "waste_kg_day": 634.5, "population": 1410.0, "risk": "medium"}}, {"type": "Feature", "geometry": {"type": "Polygon", "coordinates": [[[74.72979849188786, 13.376507897398422], [74.7298059841052, 13.376554873234348], [74.72984738667792, 13.37681407333594], [74.73003632570118, 13.378002222440344], [74.7301285479432, 13.37853527666698], [74.73025891062193, 13.379288015869124], [74.73033844633333, 13.37929415183531], [74.73329506329938, 13.379508712893243], [74.73338217173479, 13.37951467504354], [74.73315610968292, 13.380859201424805], [74.73404472715049, 13.380859201424805], [74.73404472715049, 13.376359201424805], [74.72977488681536, 13.376359201424805], [74.72979849188786, 13.376507897398422]]]}, "properties": {"zone_id": "Z063", "waste_kg_day": 663.8, "population": 1475.0, "risk": "medium"}}, {"type": "Feature", "geometry": {"type": "Polygon", "coordinates": [[[74.73299198401881, 13.381835355022513], [74.7329995147578, 13.382311683725634], [74.73306919836608, 13.38231063604724], [74.7330502033338, 13.382766526315896], [74.73304511567889, 13.382852553564195], [74.73300109423924, 13.38358497701171], [74.7329649254501, 13.383699136564237], [74.7327780779457, 13.384287249419621], [74.73284852893995, 13.385359201424805], [74.73344601349463, 13.385359201424805], [74.73362127338079, 13.385286045743399], [74.73377096977606, 13.385223571547746], [74.73404472715049, 13.385253372114857], [74.73404472715049, 13.380859201424805], [74.73315610968292, 13.380859201424805], [74.73299198401881, 13.381835355022513]]]}, "properties": {"zone_id": "Z064", "waste_kg_day": 163.3, "population": 363.0, "risk": "low"}}, {"type": "Feature", "geometry": {"type": "Polygon", "coordinates": [[[74.73284897396205, 13.385365972689486], [74.73285013697003, 13.385379192035977], [74.73292967896828, 13.385377318411903], [74.73324600254331, 13.385369817197647], [74.73342398474746, 13.38536556514748], [74.73343155026677, 13.385365238558073], [74.73344601349463, 13.385359201424805], [74.73284852893995, 13.385359201424805], [74.73284897396205, 13.385365972689486]]]}, "properties": {"zone_id": "Z065", "waste_kg_day": 0.0, "population": 0.0, "risk": "low"}}, {"type": "Feature", "geometry": {"type": "Polygon", "coordinates": [[[74.73781848645248, 13.324684259809075], [74.7377853162074, 13.324883383578007], [74.73792051496694, 13.32530906501445], [74.73814462326762, 13.32599756059585], [74.73864472715049, 13.326553882737096], [74.73864472715049, 13.324726995877871], [74.73781848645248, 13.324684259809075]]]}, "properties": {"zone_id": "Z066", "waste_kg_day": 41.9, "population": 93.0, "risk": "low"}}, {"type": "Feature", "geometry": {"type": "Polygon", "coordinates": [[[74.73858424219735, 13.328942782220617], [74.73859275669626, 13.329315866882034], [74.73848688733307, 13.32939234061113], [74.73811170217903, 13.329372133675914], [74.73812832831798, 13.329610941632682], [74.7382810917882, 13.329728573566271], [74.73821710166433, 13.330317988845376], [74.73827929881278, 13.330930343709577], [74.73777994603034, 13.330924844915664], [74.73772438798038, 13.330867144012572], [74.7373723294595, 13.330961748580451], [74.7373772968611, 13.330900539395275], [74.73723216155493, 13.331001496723994], [74.73723579976306, 13.331120300427093], [74.7377209593133, 13.33116625036292], [74.73767921560456, 13.331359201424803], [74.73864472715049, 13.331359201424803], [74.73864472715049, 13.328930919738049], [74.73858424219735, 13.328942782220617]]]}, "properties": {"zone_id": "Z067", "waste_kg_day": 31.5, "population": 70.0, "risk": "low"}}, {"type": "Feature", "geometry": {"type": "Polygon", "coordinates": [[[74.73756286828022, 13.331896991200907], [74.73762965571736, 13.332075588857126], [74.73825408439949, 13.332149643586831], [74.7382854391883, 13.33258308259947], [74.73780510404576, 13.332713783730956], [74.7375576460765, 13.332554858222874], [74.7362142685654, 13.33277340695028], [74.73613310166759, 13.333204715388856], [74.73589389021615, 13.333223601103258], [74.73585997171715, 13.333801381217324], [74.73595926171032, 13.333808415569994], [74.73589085094744, 13.33404306324913], [74.73573989411061, 13.33451358171197], [74.73569793354922, 13.334907363232608], [74.73565162012683, 13.335312844671108], [74.7355313114321, 13.335327506298677], [74.7351318442762, 13.33527815931426], [74.73507627568445, 13.335602042338744], [74.7350576410364, 13.335710867075058], [74.73476673845988, 13.335232683416214], [74.73441345755462, 13.335325376299634], [74.73439832484688, 13.335320269588191], [74.73404472715049, 13.3351851001886], [74.73404472715049, 13.335859201424803], [74.73864472715049, 13.335859201424803], [74.73864472715049, 13.331359201424803], [74.73767921560456, 13.331359201424803], [74.73756286828022, 13.331896991200907]]]}, "properties": {"zone_id": "Z068", "waste_kg_day": 527.4, "population": 1172.0, "risk": "medium"}}, {"type": "Feature", "geometry": {"type": "Polygon", "coordinates": [[[74.73404472715049, 13.335859201424803], [74.73404472715049, 13.340359201424803], [74.73864472715049, 13.340359201424803], [74.73864472715049, 13.335859201424803], [74.73404472715049, 13.335859201424803]]]}, "properties": {"zone_id": "Z069", "waste_kg_day": 509.9, "population": 1133.0, "risk": "medium"}}, {"type": "Feature", "geometry": {"type": "Polygon", "coordinates": [[[74.73407728745845, 13.341444002121012], [74.73418928066584, 13.341464304872488], [74.73423637170153, 13.341340170581475], [74.7342756717252, 13.341236329183603], [74.73435309301311, 13.341029826066434], [74.73483781300452, 13.34101876909092], [74.73483830704944, 13.341018757852444], [74.73482081005237, 13.341077115415397], [74.73463182337969, 13.34151303034562], [74.73464433998357, 13.341751200085179], [74.73404472715049, 13.341932607452623], [74.73404472715049, 13.342087838458683], [74.73414876844747, 13.342390374814238], [74.73428545931017, 13.342799275649751], [74.73520191344242, 13.34256085618995], [74.73520048756677, 13.342615205788205], [74.73518612933448, 13.343033806373102], [74.73488876600304, 13.343266936620925], [74.73483999146188, 13.343423262867447], [74.73477486639094, 13.343423116078014], [74.73475354061432, 13.343495032294385], [74.73452587371041, 13.343513231432478], [74.73456557256831, 13.344009310357766], [74.73441115780297, 13.344051108934055], [74.73433310614327, 13.344072224319094], [74.73424945218142, 13.344094842077489], [74.73430977882828, 13.344346300853049], [74.73459540898322, 13.344314483289027], [74.73456497692756, 13.344608071304748], [74.73447276744803, 13.344628712551444], [74.73415601599596, 13.344699447417188], [74.73418958304008, 13.344760231178295], [74.73404472715049, 13.344821088962313], [74.73404472715049, 13.344841082304523], [74.73405423862498, 13.344859201424804], [74.73864472715049, 13.344859201424804], [74.73864472715049, 13.340359201424803], [74.73404472715049, 13.340359201424803], [74.73404472715049, 13.341333964860157], [74.73407728745845, 13.341444002121012]]]}, "properties": {"zone_id": "Z070", "waste_kg_day": 1035.9, "population": 2302.0, "risk": "high"}}, {"type": "Feature", "geometry": {"type": "Polygon", "coordinates": [[[74.7342503219004, 13.345232735145062], [74.7342525688631, 13.345419186082871], [74.73431717433739, 13.345585127337293], [74.73431995514724, 13.34561271043414], [74.73404472715049, 13.345753450473678], [74.73404472715049, 13.349359201424804], [74.73864472715049, 13.349359201424804], [74.73864472715049, 13.344859201424804], [74.73405423862498, 13.344859201424804], [74.7342503219004, 13.345232735145062]]]}, "properties": {"zone_id": "Z071", "waste_kg_day": 982.8, "population": 2184.0, "risk": "medium"}}, {"type": "Feature", "geometry": {"type": "Polygon", "coordinates": [[[74.73404472715049, 13.349359201424804], [74.73404472715049, 13.353859201424804], [74.73864472715049, 13.353859201424804], [74.73864472715049, 13.349359201424804], [74.73404472715049, 13.349359201424804]]]}, "properties": {"zone_id": "Z072", "waste_kg_day": 594.9, "population": 1322.0, "risk": "medium"}}, {"type": "Feature", "geometry": {"type": "Polygon", "coordinates": [[[74.73404472715049, 13.353859201424804], [74.73404472715049, 13.358359201424804], [74.73864472715049, 13.358359201424804], [74.73864472715049, 13.353859201424804], [74.73404472715049, 13.353859201424804]]]}, "properties": {"zone_id": "Z073", "waste_kg_day": 462.2, "population": 1027.0, "risk": "medium"}}, {"type": "Feature", "geometry": {"type": "Polygon", "coordinates": [[[74.73404472715049, 13.358359201424804], [74.73404472715049, 13.362859201424804], [74.73864472715049, 13.362859201424804], [74.73864472715049, 13.358359201424804], [74.73404472715049, 13.358359201424804]]]}, "properties": {"zone_id": "Z074", "waste_kg_day": 1019.2, "population": 2265.0, "risk": "high"}}, {"type": "Feature", "geometry": {"type": "Polygon", "coordinates": [[[74.73404472715049, 13.362859201424804], [74.73404472715049, 13.367359201424804], [74.73864472715049, 13.367359201424804], [74.73864472715049, 13.362859201424804], [74.73404472715049, 13.362859201424804]]]}, "properties": {"zone_id": "Z075", "waste_kg_day": 944.6, "population": 2099.0, "risk": "medium"}}, {"type": "Feature", "geometry": {"type": "Polygon", "coordinates": [[[74.73404472715049, 13.367359201424804], [74.73404472715049, 13.371859201424805], [74.73864472715049, 13.371859201424805], [74.73864472715049, 13.367359201424804], [74.73404472715049, 13.367359201424804]]]}, "properties": {"zone_id": "Z076", "waste_kg_day": 959.9, "population": 2133.0, "risk": "medium"}}, {"type": "Feature", "geometry": {"type": "Polygon", "coordinates": [[[74.73404472715049, 13.371859201424805], [74.73404472715049, 13.376359201424805], [74.73864472715049, 13.376359201424805], [74.73864472715049, 13.371859201424805], [74.73404472715049, 13.371859201424805]]]}, "properties": {"zone_id": "Z077", "waste_kg_day": 989.1, "population": 2198.0, "risk": "medium"}}, {"type": "Feature", "geometry": {"type": "Polygon", "coordinates": [[[74.73404472715049, 13.376359201424805], [74.73404472715049, 13.380859201424805], [74.73864472715049, 13.380859201424805], [74.73864472715049, 13.376359201424805], [74.73404472715049, 13.376359201424805]]]}, "properties": {"zone_id": "Z078", "waste_kg_day": 509.4, "population": 1132.0, "risk": "medium"}}, {"type": "Feature", "geometry": {"type": "Polygon", "coordinates": [[[74.73437808444838, 13.385289660585801], [74.73440416811832, 13.385359201424805], [74.73864472715049, 13.385359201424805], [74.73864472715049, 13.380859201424805], [74.73404472715049, 13.380859201424805], [74.73404472715049, 13.385253372114857], [74.73437808444838, 13.385289660585801]]]}, "properties": {"zone_id": "Z079", "waste_kg_day": 703.8, "population": 1564.0, "risk": "medium"}}, {"type": "Feature", "geometry": {"type": "Polygon", "coordinates": [[[74.73474996204786, 13.386281111571932], [74.7348291807226, 13.386461847427274], [74.73483912224108, 13.386520165689943], [74.73494464577874, 13.386376146607258], [74.73541414934122, 13.386153020964782], [74.73560735602946, 13.386114671025455], [74.73763283830796, 13.385963482684032], [74.73769308241869, 13.386433795826873], [74.73770770659696, 13.386549900428548], [74.73779902885865, 13.38728851990797], [74.73778161488326, 13.387506479656427], [74.73771654803191, 13.388329690843387], [74.73770671122267, 13.388454610757698], [74.73766126279558, 13.389771894915006], [74.73764859353231, 13.389859201424805], [74.73864472715049, 13.389859201424805], [74.73864472715049, 13.385359201424805], [74.73440416811832, 13.385359201424805], [74.73474996204786, 13.386281111571932]]]}, "properties": {"zone_id": "Z080", "waste_kg_day": 170.1, "population": 378.0, "risk": "low"}}, {"type": "Feature", "geometry": {"type": "Polygon", "coordinates": [[[74.737609032444, 13.390131825055018], [74.7376122589198, 13.390300368890752], [74.73761339991754, 13.390359742188735], [74.73761562018112, 13.390474087804865], [74.7378628635763, 13.390537007927664], [74.73790747713986, 13.390559844558078], [74.73842414988509, 13.390827413353696], [74.73852815562327, 13.39089568770204], [74.73864472715049, 13.390953340685762], [74.73864472715049, 13.389859201424805], [74.73764859353231, 13.389859201424805], [74.737609032444, 13.390131825055018]]]}, "properties": {"zone_id": "Z081", "waste_kg_day": 42.8, "population": 95.0, "risk": "low"}}, {"type": "Feature", "geometry": {"type": "Polygon", "coordinates": [[[74.74036348944011, 13.313723921277575], [74.74039340419702, 13.314150256393825], [74.7392657672219, 13.314066466592394], [74.7391871450774, 13.314060631298144], [74.73896777970855, 13.313767884880463], [74.7389199958525, 13.313704185338132], [74.73866091601501, 13.313359201424802], [74.73871872519476, 13.314575803427328], [74.73874754312887, 13.315194900933209], [74.73887318644954, 13.31520385370287], [74.73889664369834, 13.31572929431829], [74.73933471710804, 13.31649774056587], [74.739423473542, 13.316490700789164], [74.73946086707616, 13.316487734354336], [74.73955764609921, 13.316480058035552], [74.73946136244835, 13.316969896966697], [74.73944955811004, 13.31702986316298], [74.73942616046158, 13.317036226718809], [74.7394004085461, 13.31704323077234], [74.73935045359757, 13.317056814563438], [74.73928620310548, 13.31707428456691], [74.73947076237707, 13.317143069661926], [74.73946347632739, 13.317205237798019], [74.7394530383034, 13.317238639699136], [74.73943813637918, 13.31728631317679], [74.73942503094831, 13.317328236619582], [74.73934912392228, 13.317554785026491], [74.73929678332667, 13.317859201424803], [74.74324472715048, 13.317859201424803], [74.74324472715048, 13.313770960376479], [74.74036348944011, 13.313723921277575]]]}, "properties": {"zone_id": "Z082", "waste_kg_day": 722.2, "population": 1605.0, "risk": "medium"}}, {"type": "Feature", "geometry": {"type": "Polygon", "coordinates": [[[74.73923325127795, 13.318228708061396], [74.73910781485026, 13.31854321708423], [74.73886370813442, 13.319414273663822], [74.73883599823357, 13.31951362665544], [74.73928640819764, 13.319688840320046], [74.73982470781523, 13.319604432632328], [74.74020804654413, 13.31974447603456], [74.74050464923192, 13.31962469158082], [74.74063109104942, 13.319612637010382], [74.74080904314908, 13.320084158774723], [74.74077421155152, 13.32144969141345], [74.74071484585849, 13.321608124310197], [74.7405920632961, 13.321935567338077], [74.7406009135655, 13.322359201424803], [74.74324472715048, 13.322359201424803], [74.74324472715048, 13.317859201424803], [74.73929678332667, 13.317859201424803], [74.73923325127795, 13.318228708061396]]]}, "properties": {"zone_id": "Z083", "waste_kg_day": 473.9, "population": 1053.0, "risk": "medium"}}, {"type": "Feature", "geometry": {"type": "Polygon", "coordinates": [[[74.73970262532944, 13.322630205305416], [74.73996308729126, 13.324795186091459], [74.73864472715049, 13.324726995877871], [74.73864472715049, 13.326553882737096], [74.73874626643924, 13.326666836378275], [74.7387635288759, 13.326859201424803], [74.74324472715048, 13.326859201424803], [74.74324472715048, 13.322359201424803], [74.7406009135655, 13.322359201424803], [74.74060606482848, 13.322605775906887], [74.73970262532944, 13.322630205305416]]]}, "properties": {"zone_id": "Z084", "waste_kg_day": 427.5, "population": 950.0, "risk": "medium"}}, {"type": "Feature", "geometry": {"type": "Polygon", "coordinates": [[[74.73880075400237, 13.32727402195828], [74.73882537590757, 13.327548398296614], [74.7389441729427, 13.328872191570035], [74.73864472715049, 13.328930919738049], [74.73864472715049, 13.331359201424803], [74.74324472715048, 13.331359201424803], [74.74324472715048, 13.326859201424803], [74.7387635288759, 13.326859201424803], [74.73880075400237, 13.32727402195828]]]}, "properties": {"zone_id": "Z085", "waste_kg_day": 658.4, "population": 1463.0, "risk": "medium"}}, {"type": "Feature", "geometry": {"type": "Polygon", "coordinates": [[[74.73864472715049, 13.331359201424803], [74.73864472715049, 13.335859201424803], [74.74324472715048, 13.335859201424803], [74.74324472715048, 13.331359201424803], [74.73864472715049, 13.331359201424803]]]}, "properties": {"zone_id": "Z086", "waste_kg_day": 682.2, "population": 1516.0, "risk": "medium"}}, {"type": "Feature", "geometry": {"type": "Polygon", "coordinates": [[[74.73864472715049, 13.335859201424803], [74.73864472715049, 13.340359201424803], [74.74324472715048, 13.340359201424803], [74.74324472715048, 13.335859201424803], [74.73864472715049, 13.335859201424803]]]}, "properties": {"zone_id": "Z087", "waste_kg_day": 960.3, "population": 2134.0, "risk": "medium"}}, {"type": "Feature", "geometry": {"type": "Polygon", "coordinates": [[[74.73864472715049, 13.340359201424803], [74.73864472715049, 13.344859201424804], [74.74324472715048, 13.344859201424804], [74.74324472715048, 13.340359201424803], [74.73864472715049, 13.340359201424803]]]}, "properties": {"zone_id": "Z088", "waste_kg_day": 896.9, "population": 1993.0, "risk": "medium"}}, {"type": "Feature", "geometry": {"type": "Polygon", "coordinates": [[[74.73864472715049, 13.344859201424804], [74.73864472715049, 13.349359201424804], [74.74324472715048, 13.349359201424804], [74.74324472715048, 13.344859201424804], [74.73864472715049, 13.344859201424804]]]}, "properties": {"zone_id": "Z089", "waste_kg_day": 1068.8, "population": 2375.0, "risk": "high"}}, {"type": "Feature", "geometry": {"type": "Polygon", "coordinates": [[[74.73864472715049, 13.349359201424804], [74.73864472715049, 13.353859201424804], [74.74324472715048, 13.353859201424804], [74.74324472715048, 13.349359201424804], [74.73864472715049, 13.349359201424804]]]}, "properties": {"zone_id": "Z090", "waste_kg_day": 783.5, "population": 1741.0, "risk": "medium"}}, {"type": "Feature", "geometry": {"type": "Polygon", "coordinates": [[[74.73864472715049, 13.353859201424804], [74.73864472715049, 13.358359201424804], [74.74324472715048, 13.358359201424804], [74.74324472715048, 13.353859201424804], [74.73864472715049, 13.353859201424804]]]}, "properties": {"zone_id": "Z091", "waste_kg_day": 540.5, "population": 1201.0, "risk": "medium"}}, {"type": "Feature", "geometry": {"type": "Polygon", "coordinates": [[[74.73864472715049, 13.358359201424804], [74.73864472715049, 13.362859201424804], [74.74324472715048, 13.362859201424804], [74.74324472715048, 13.358359201424804], [74.73864472715049, 13.358359201424804]]]}, "properties": {"zone_id": "Z092", "waste_kg_day": 949.1, "population": 2109.0, "risk": "medium"}}, {"type": "Feature", "geometry": {"type": "Polygon", "coordinates": [[[74.73864472715049, 13.362859201424804], [74.73864472715049, 13.367359201424804], [74.74324472715048, 13.367359201424804], [74.74324472715048, 13.362859201424804], [74.73864472715049, 13.362859201424804]]]}, "properties": {"zone_id": "Z093", "waste_kg_day": 981.9, "population": 2182.0, "risk": "medium"}}, {"type": "Feature", "geometry": {"type": "Polygon", "coordinates": [[[74.73864472715049, 13.367359201424804], [74.73864472715049, 13.371859201424805], [74.74324472715048, 13.371859201424805], [74.74324472715048, 13.367359201424804], [74.73864472715049, 13.367359201424804]]]}, "properties": {"zone_id": "Z094", "waste_kg_day": 844.6, "population": 1877.0, "risk": "medium"}}, {"type": "Feature", "geometry": {"type": "Polygon", "coordinates": [[[74.73864472715049, 13.371859201424805], [74.73864472715049, 13.376359201424805], [74.74324472715048, 13.376359201424805], [74.74324472715048, 13.371859201424805], [74.73864472715049, 13.371859201424805]]]}, "properties": {"zone_id": "Z095", "waste_kg_day": 988.6, "population": 2197.0, "risk": "medium"}}, {"type": "Feature", "geometry": {"type": "Polygon", "coordinates": [[[74.73864472715049, 13.376359201424805], [74.73864472715049, 13.380859201424805], [74.74324472715048, 13.380859201424805], [74.74324472715048, 13.376359201424805], [74.73864472715049, 13.376359201424805]]]}, "properties": {"zone_id": "Z096", "waste_kg_day": 798.3, "population": 1774.0, "risk": "medium"}}, {"type": "Feature", "geometry": {"type": "Polygon", "coordinates": [[[74.73864472715049, 13.380859201424805], [74.73864472715049, 13.385359201424805], [74.74324472715048, 13.385359201424805], [74.74324472715048, 13.380859201424805], [74.73864472715049, 13.380859201424805]]]}, "properties": {"zone_id": "Z097", "waste_kg_day": 818.1, "population": 1818.0, "risk": "medium"}}, {"type": "Feature", "geometry": {"type": "Polygon", "coordinates": [[[74.73864472715049, 13.385359201424805], [74.73864472715049, 13.389859201424805], [74.74324472715048, 13.389859201424805], [74.74324472715048, 13.385359201424805], [74.73864472715049, 13.385359201424805]]]}, "properties": {"zone_id": "Z098", "waste_kg_day": 752.4, "population": 1672.0, "risk": "medium"}}, {"type": "Feature", "geometry": {"type": "Polygon", "coordinates": [[[74.73936882004774, 13.39131145657406], [74.74042014084297, 13.391841846700492], [74.74106385017474, 13.392180295280617], [74.74110278359132, 13.392203591214829], [74.74110544653921, 13.392228507446674], [74.74117516173067, 13.39326440438991], [74.74128175097398, 13.393298828398464], [74.74140194333431, 13.393337637361203], [74.74237532681288, 13.393399400020481], [74.74233473812306, 13.393493120642471], [74.74240081096639, 13.393498001264172], [74.74241628817057, 13.3938140555695], [74.74242161074895, 13.393922860445668], [74.7425770755479, 13.393951690403986], [74.7428700112738, 13.393797864439525], [74.74304064322932, 13.393844692084668], [74.74323141278462, 13.393897043261346], [74.74324472715048, 13.39390029892674], [74.74324472715048, 13.389859201424805], [74.73864472715049, 13.389859201424805], [74.73864472715049, 13.390953340685762], [74.73936882004774, 13.39131145657406]]]}, "properties": {"zone_id": "Z099", "waste_kg_day": 277.7, "population": 617.0, "risk": "low"}}, {"type": "Feature", "geometry": {"type": "Polygon", "coordinates": [[[74.74669321554177, 13.314710744274398], [74.74665081946169, 13.314680261607045], [74.74624508063475, 13.31439181138712], [74.74597747186965, 13.31424968290208], [74.7455014497376, 13.314001503059448], [74.74533287244114, 13.313914561297752], [74.7443719625747, 13.31363804943147], [74.7443484240837, 13.313625073390385], [74.74400586924116, 13.31343654041967], [74.74389990161396, 13.313781656757508], [74.74324472715048, 13.313770960376479], [74.74324472715048, 13.317859201424803], [74.74784472715048, 13.317859201424803], [74.74784472715048, 13.315576219077126], [74.74669321554177, 13.314710744274398]]]}, "properties": {"zone_id": "Z100", "waste_kg_day": 427.5, "population": 950.0, "risk": "medium"}}, {"type": "Feature", "geometry": {"type": "Polygon", "coordinates": [[[74.74324472715048, 13.317859201424803], [74.74324472715048, 13.322359201424803], [74.74784472715048, 13.322359201424803], [74.74784472715048, 13.317859201424803], [74.74324472715048, 13.317859201424803]]]}, "properties": {"zone_id": "Z101", "waste_kg_day": 480.2, "population": 1067.0, "risk": "medium"}}, {"type": "Feature", "geometry": {"type": "Polygon", "coordinates": [[[74.74324472715048, 13.322359201424803], [74.74324472715048, 13.326859201424803], [74.74784472715048, 13.326859201424803], [74.74784472715048, 13.322359201424803], [74.74324472715048, 13.322359201424803]]]}, "properties": {"zone_id": "Z102", "waste_kg_day": 896.4, "population": 1992.0, "risk": "medium"}}, {"type": "Feature", "geometry": {"type": "Polygon", "coordinates": [[[74.74324472715048, 13.326859201424803], [74.74324472715048, 13.331359201424803], [74.74784472715048, 13.331359201424803], [74.74784472715048, 13.326859201424803], [74.74324472715048, 13.326859201424803]]]}, "properties": {"zone_id": "Z103", "waste_kg_day": 674.6, "population": 1499.0, "risk": "medium"}}, {"type": "Feature", "geometry": {"type": "Polygon", "coordinates": [[[74.74324472715048, 13.331359201424803], [74.74324472715048, 13.335859201424803], [74.74784472715048, 13.335859201424803], [74.74784472715048, 13.331359201424803], [74.74324472715048, 13.331359201424803]]]}, "properties": {"zone_id": "Z104", "waste_kg_day": 808.2, "population": 1796.0, "risk": "medium"}}, {"type": "Feature", "geometry": {"type": "Polygon", "coordinates": [[[74.74324472715048, 13.335859201424803], [74.74324472715048, 13.340359201424803], [74.74784472715048, 13.340359201424803], [74.74784472715048, 13.335859201424803], [74.74324472715048, 13.335859201424803]]]}, "properties": {"zone_id": "Z105", "waste_kg_day": 1082.7, "population": 2406.0, "risk": "high"}}, {"type": "Feature", "geometry": {"type": "Polygon", "coordinates": [[[74.74324472715048, 13.340359201424803], [74.74324472715048, 13.344859201424804], [74.74784472715048, 13.344859201424804], [74.74784472715048, 13.340359201424803], [74.74324472715048, 13.340359201424803]]]}, "properties": {"zone_id": "Z106", "waste_kg_day": 630.0, "population": 1400.0, "risk": "medium"}}, {"type": "Feature", "geometry": {"type": "Polygon", "coordinates": [[[74.74324472715048, 13.344859201424804], [74.74324472715048, 13.349359201424804], [74.74784472715048, 13.349359201424804], [74.74784472715048, 13.344859201424804], [74.74324472715048, 13.344859201424804]]]}, "properties": {"zone_id": "Z107", "waste_kg_day": 740.7, "population": 1646.0, "risk": "medium"}}, {"type": "Feature", "geometry": {"type": "Polygon", "coordinates": [[[74.74324472715048, 13.349359201424804], [74.74324472715048, 13.353859201424804], [74.74784472715048, 13.353859201424804], [74.74784472715048, 13.349359201424804], [74.74324472715048, 13.349359201424804]]]}, "properties": {"zone_id": "Z108", "waste_kg_day": 978.3, "population": 2174.0, "risk": "medium"}}, {"type": "Feature", "geometry": {"type": "Polygon", "coordinates": [[[74.74324472715048, 13.353859201424804], [74.74324472715048, 13.358359201424804], [74.74784472715048, 13.358359201424804], [74.74784472715048, 13.353859201424804], [74.74324472715048, 13.353859201424804]]]}, "properties": {"zone_id": "Z109", "waste_kg_day": 615.6, "population": 1368.0, "risk": "medium"}}, {"type": "Feature", "geometry": {"type": "Polygon", "coordinates": [[[74.74324472715048, 13.358359201424804], [74.74324472715048, 13.362859201424804], [74.74784472715048, 13.362859201424804], [74.74784472715048, 13.358359201424804], [74.74324472715048, 13.358359201424804]]]}, "properties": {"zone_id": "Z110", "waste_kg_day": 511.2, "population": 1136.0, "risk": "medium"}}, {"type": "Feature", "geometry": {"type": "Polygon", "coordinates": [[[74.74324472715048, 13.362859201424804], [74.74324472715048, 13.367359201424804], [74.74784472715048, 13.367359201424804], [74.74784472715048, 13.362859201424804], [74.74324472715048, 13.362859201424804]]]}, "properties": {"zone_id": "Z111", "waste_kg_day": 657.9, "population": 1462.0, "risk": "medium"}}, {"type": "Feature", "geometry": {"type": "Polygon", "coordinates": [[[74.74324472715048, 13.367359201424804], [74.74324472715048, 13.371859201424805], [74.74784472715048, 13.371859201424805], [74.74784472715048, 13.367359201424804], [74.74324472715048, 13.367359201424804]]]}, "properties": {"zone_id": "Z112", "waste_kg_day": 569.2, "population": 1265.0, "risk": "medium"}}, {"type": "Feature", "geometry": {"type": "Polygon", "coordinates": [[[74.74324472715048, 13.371859201424805], [74.74324472715048, 13.376359201424805], [74.74784472715048, 13.376359201424805], [74.74784472715048, 13.371859201424805], [74.74324472715048, 13.371859201424805]]]}, "properties": {"zone_id": "Z113", "waste_kg_day": 1098.0, "population": 2440.0, "risk": "high"}}, {"type": "Feature", "geometry": {"type": "Polygon", "coordinates": [[[74.74324472715048, 13.376359201424805], [74.74324472715048, 13.380859201424805], [74.74784472715048, 13.380859201424805], [74.74784472715048, 13.376359201424805], [74.74324472715048, 13.376359201424805]]]}, "properties": {"zone_id": "Z114", "waste_kg_day": 1014.3, "population": 2254.0, "risk": "high"}}, {"type": "Feature", "geometry": {"type": "Polygon", "coordinates": [[[74.74760204144472, 13.38513561291686], [74.74776951005093, 13.384706424973368], [74.74783897639963, 13.38442400981625], [74.74784253244795, 13.38440959621269], [74.74784472715048, 13.384408322040764], [74.74784472715048, 13.380859201424805], [74.74324472715048, 13.380859201424805], [74.74324472715048, 13.385359201424805], [74.74752269080552, 13.385359201424805], [74.74760204144472, 13.38513561291686]]]}, "properties": {"zone_id": "Z115", "waste_kg_day": 887.9, "population": 1973.0, "risk": "medium"}}, {"type": "Feature", "geometry": {"type": "Polygon", "coordinates": [[[74.74634473513257, 13.389504908022014], [74.74658491614231, 13.388923375992217], [74.74666802683117, 13.38861536609685], [74.7469691912393, 13.387127949292603], [74.74721932978974, 13.386213990215053], [74.74752269080552, 13.385359201424805], [74.74324472715048, 13.385359201424805], [74.74324472715048, 13.389859201424805], [74.74614714195803, 13.389859201424805], [74.74634473513257, 13.389504908022014]]]}, "properties": {"zone_id": "Z116", "waste_kg_day": 834.8, "population": 1855.0, "risk": "medium"}}, {"type": "Feature", "geometry": {"type": "Polygon", "coordinates": [[[74.74327686101833, 13.393908156388568], [74.7432788731057, 13.393906882556461], [74.74400972054379, 13.394211375929302], [74.74437161079098, 13.393632538615181], [74.74481970064873, 13.392707065764368], [74.74522519105794, 13.392113058249638], [74.74563795457532, 13.391304685572228], [74.74588372040735, 13.390331528051362], [74.74614714195803, 13.389859201424805], [74.74324472715048, 13.389859201424805], [74.74324472715048, 13.39390029892674], [74.74327686101833, 13.393908156388568]]]}, "properties": {"zone_id": "Z117", "waste_kg_day": 403.2, "population": 896.0, "risk": "medium"}}, {"type": "Feature", "geometry": {"type": "Polygon", "coordinates": [[[74.74956494417714, 13.317029880804734], [74.74945024488328, 13.31695247130518], [74.74919150560534, 13.31677712945051], [74.74911988750665, 13.316728382491723], [74.74859759884683, 13.316241649946948], [74.74812210508189, 13.315783243810676], [74.74791530637175, 13.315629196426544], [74.74789537694652, 13.315614287405662], [74.74784472715048, 13.315576219077126], [74.74784472715048, 13.317859201424803], [74.75116324725107, 13.317859201424803], [74.74956494417714, 13.317029880804734]]]}, "properties": {"zone_id": "Z118", "waste_kg_day": 93.2, "population": 207.0, "risk": "low"}}, {"type": "Feature", "geometry": {"type": "Polygon", "coordinates": [[[74.75153538171882, 13.318052114397672], [74.75138682009964, 13.317975207942233], [74.75116324725107, 13.317859201424803], [74.74784472715048, 13.317859201424803], [74.74784472715048, 13.322359201424803], [74.75244472715048, 13.322359201424803], [74.75244472715048, 13.31851924749299], [74.75153538171882, 13.318052114397672]]]}, "properties": {"zone_id": "Z119", "waste_kg_day": 1050.3, "population": 2334.0, "risk": "high"}}, {"type": "Feature", "geometry": {"type": "Polygon", "coordinates": [[[74.74784472715048, 13.322359201424803], [74.74784472715048, 13.326859201424803], [74.75244472715048, 13.326859201424803], [74.75244472715048, 13.322359201424803], [74.74784472715048, 13.322359201424803]]]}, "properties": {"zone_id": "Z120", "waste_kg_day": 829.4, "population": 1843.0, "risk": "medium"}}, {"type": "Feature", "geometry": {"type": "Polygon", "coordinates": [[[74.74784472715048, 13.326859201424803], [74.74784472715048, 13.331359201424803], [74.75244472715048, 13.331359201424803], [74.75244472715048, 13.326859201424803], [74.74784472715048, 13.326859201424803]]]}, "properties": {"zone_id": "Z121", "waste_kg_day": 1013.9, "population": 2253.0, "risk": "high"}}, {"type": "Feature", "geometry": {"type": "Polygon", "coordinates": [[[74.74784472715048, 13.331359201424803], [74.74784472715048, 13.335859201424803], [74.75244472715048, 13.335859201424803], [74.75244472715048, 13.331359201424803], [74.74784472715048, 13.331359201424803]]]}, "properties": {"zone_id": "Z122", "waste_kg_day": 1075.0, "population": 2389.0, "risk": "high"}}, {"type": "Feature", "geometry": {"type": "Polygon", "coordinates": [[[74.74784472715048, 13.335859201424803], [74.74784472715048, 13.340359201424803], [74.75244472715048, 13.340359201424803], [74.75244472715048, 13.335859201424803], [74.74784472715048, 13.335859201424803]]]}, "properties": {"zone_id": "Z123", "waste_kg_day": 677.2, "population": 1505.0, "risk": "medium"}}, {"type": "Feature", "geometry": {"type": "Polygon", "coordinates": [[[74.74784472715048, 13.340359201424803], [74.74784472715048, 13.344859201424804], [74.75244472715048, 13.344859201424804], [74.75244472715048, 13.340359201424803], [74.74784472715048, 13.340359201424803]]]}, "properties": {"zone_id": "Z124", "waste_kg_day": 534.1, "population": 1187.0, "risk": "medium"}}, {"type": "Feature", "geometry": {"type": "Polygon", "coordinates": [[[74.74784472715048, 13.344859201424804], [74.74784472715048, 13.349359201424804], [74.75244472715048, 13.349359201424804], [74.75244472715048, 13.344859201424804], [74.74784472715048, 13.344859201424804]]]}, "properties": {"zone_id": "Z125", "waste_kg_day": 615.1, "population": 1367.0, "risk": "medium"}}, {"type": "Feature", "geometry": {"type": "Polygon", "coordinates": [[[74.74784472715048, 13.349359201424804], [74.74784472715048, 13.353859201424804], [74.75244472715048, 13.353859201424804], [74.75244472715048, 13.349359201424804], [74.74784472715048, 13.349359201424804]]]}, "properties": {"zone_id": "Z126", "waste_kg_day": 752.4, "population": 1672.0, "risk": "medium"}}, {"type": "Feature", "geometry": {"type": "Polygon", "coordinates": [[[74.74784472715048, 13.353859201424804], [74.74784472715048, 13.358359201424804], [74.75244472715048, 13.358359201424804], [74.75244472715048, 13.353859201424804], [74.74784472715048, 13.353859201424804]]]}, "properties": {"zone_id": "Z127", "waste_kg_day": 1021.1, "population": 2269.0, "risk": "high"}}, {"type": "Feature", "geometry": {"type": "Polygon", "coordinates": [[[74.74784472715048, 13.358359201424804], [74.74784472715048, 13.362859201424804], [74.75244472715048, 13.362859201424804], [74.75244472715048, 13.358359201424804], [74.74784472715048, 13.358359201424804]]]}, "properties": {"zone_id": "Z128", "waste_kg_day": 1050.3, "population": 2334.0, "risk": "high"}}, {"type": "Feature", "geometry": {"type": "Polygon", "coordinates": [[[74.74784472715048, 13.362859201424804], [74.74784472715048, 13.367359201424804], [74.75244472715048, 13.367359201424804], [74.75244472715048, 13.362859201424804], [74.74784472715048, 13.362859201424804]]]}, "properties": {"zone_id": "Z129", "waste_kg_day": 463.1, "population": 1029.0, "risk": "medium"}}, {"type": "Feature", "geometry": {"type": "Polygon", "coordinates": [[[74.74784472715048, 13.367359201424804], [74.74784472715048, 13.371859201424805], [74.75244472715048, 13.371859201424805], [74.75244472715048, 13.367359201424804], [74.74784472715048, 13.367359201424804]]]}, "properties": {"zone_id": "Z130", "waste_kg_day": 809.6, "population": 1799.0, "risk": "medium"}}, {"type": "Feature", "geometry": {"type": "Polygon", "coordinates": [[[74.74784472715048, 13.371859201424805], [74.74784472715048, 13.376359201424805], [74.75244472715048, 13.376359201424805], [74.75244472715048, 13.371859201424805], [74.74784472715048, 13.371859201424805]]]}, "properties": {"zone_id": "Z131", "waste_kg_day": 745.6, "population": 1657.0, "risk": "medium"}}, {"type": "Feature", "geometry": {"type": "Polygon", "coordinates": [[[74.74784472715048, 13.376359201424805], [74.74784472715048, 13.380859201424805], [74.75244472715048, 13.380859201424805], [74.75244472715048, 13.376359201424805], [74.74784472715048, 13.376359201424805]]]}, "properties": {"zone_id": "Z132", "waste_kg_day": 611.1, "population": 1358.0, "risk": "medium"}}, {"type": "Feature", "geometry": {"type": "Polygon", "coordinates": [[[74.74803028355944, 13.384300594107943], [74.74855710128733, 13.383997530155884], [74.74894842066043, 13.38377480221912], [74.75006102178922, 13.383429691244952], [74.75116072928788, 13.383373356938614], [74.75205506457219, 13.383417299864552], [74.75244472715048, 13.383443547352943], [74.75244472715048, 13.380859201424805], [74.74784472715048, 13.380859201424805], [74.74784472715048, 13.384408322040764], [74.74803028355944, 13.384300594107943]]]}, "properties": {"zone_id": "Z133", "waste_kg_day": 331.2, "population": 736.0, "risk": "low"}}, {"type": "Feature", "geometry": {"type": "Polygon", "coordinates": [[[74.7554639387261, 13.317759703959348], [74.75541798142471, 13.317694381577574], [74.75538401783807, 13.317859201424803], [74.75553390427277, 13.317859201424803], [74.7554639387261, 13.317759703959348]]]}, "properties": {"zone_id": "Z134", "waste_kg_day": 0.0, "population": 0.0, "risk": "low"}}, {"type": "Feature", "geometry": {"type": "Polygon", "coordinates": [[[74.75671257059213, 13.319301576750592], [74.7568980065673, 13.31906036694676], [74.75693562809766, 13.319011436447541], [74.75673355742488, 13.318777270366224], [74.75625638514961, 13.318225425105572], [74.75620771581677, 13.318520688437916], [74.75555045141444, 13.318226622027762], [74.75563163145856, 13.318149356721776], [74.75555305067175, 13.318120761311564], [74.75561902209705, 13.317980246827634], [74.75553390427277, 13.317859201424803], [74.75538401783807, 13.317859201424803], [74.75522649643526, 13.318623627567801], [74.75505933813565, 13.318632986264559], [74.75474078753432, 13.318650819736842], [74.75458109391619, 13.318659764854342], [74.75279552535697, 13.318699571263563], [74.7525382485973, 13.318567309557174], [74.75246437000577, 13.318529338078454], [74.75244472715048, 13.31851924749299], [74.75244472715048, 13.322359201424803], [74.75704472715047, 13.322359201424803], [74.75704472715047, 13.319385427708061], [74.75671257059213, 13.319301576750592]]]}, "properties": {"zone_id": "Z135", "waste_kg_day": 927.0, "population": 2060.0, "risk": "medium"}}, {"type": "Feature", "geometry": {"type": "Polygon", "coordinates": [[[74.75244472715048, 13.322359201424803], [74.75244472715048, 13.326859201424803], [74.75704472715047, 13.326859201424803], [74.75704472715047, 13.322359201424803], [74.75244472715048, 13.322359201424803]]]}, "properties": {"zone_id": "Z136", "waste_kg_day": 680.9, "population": 1513.0, "risk": "medium"}}, {"type": "Feature", "geometry": {"type": "Polygon", "coordinates": [[[74.75244472715048, 13.326859201424803], [74.75244472715048, 13.331359201424803], [74.75704472715047, 13.331359201424803], [74.75704472715047, 13.326859201424803], [74.75244472715048, 13.326859201424803]]]}, "properties": {"zone_id": "Z137", "waste_kg_day": 815.4, "population": 1812.0, "risk": "medium"}}, {"type": "Feature", "geometry": {"type": "Polygon", "coordinates": [[[74.75244472715048, 13.331359201424803], [74.75244472715048, 13.335859201424803], [74.75704472715047, 13.335859201424803], [74.75704472715047, 13.331359201424803], [74.75244472715048, 13.331359201424803]]]}, "properties": {"zone_id": "Z138", "waste_kg_day": 941.9, "population": 2093.0, "risk": "medium"}}, {"type": "Feature", "geometry": {"type": "Polygon", "coordinates": [[[74.75244472715048, 13.335859201424803], [74.75244472715048, 13.340359201424803], [74.75704472715047, 13.340359201424803], [74.75704472715047, 13.335859201424803], [74.75244472715048, 13.335859201424803]]]}, "properties": {"zone_id": "Z139", "waste_kg_day": 708.8, "population": 1575.0, "risk": "medium"}}, {"type": "Feature", "geometry": {"type": "Polygon", "coordinates": [[[74.75244472715048, 13.340359201424803], [74.75244472715048, 13.344859201424804], [74.75704472715047, 13.344859201424804], [74.75704472715047, 13.340359201424803], [74.75244472715048, 13.340359201424803]]]}, "properties": {"zone_id": "Z140", "waste_kg_day": 1126.8, "population": 2504.0, "risk": "high"}}, {"type": "Feature", "geometry": {"type": "Polygon", "coordinates": [[[74.75244472715048, 13.344859201424804], [74.75244472715048, 13.349359201424804], [74.75704472715047, 13.349359201424804], [74.75704472715047, 13.344859201424804], [74.75244472715048, 13.344859201424804]]]}, "properties": {"zone_id": "Z141", "waste_kg_day": 1120.5, "population": 2490.0, "risk": "high"}}, {"type": "Feature", "geometry": {"type": "Polygon", "coordinates": [[[74.75244472715048, 13.349359201424804], [74.75244472715048, 13.353859201424804], [74.75704472715047, 13.353859201424804], [74.75704472715047, 13.349359201424804], [74.75244472715048, 13.349359201424804]]]}, "properties": {"zone_id": "Z142", "waste_kg_day": 631.8, "population": 1404.0, "risk": "medium"}}, {"type": "Feature", "geometry": {"type": "Polygon", "coordinates": [[[74.75244472715048, 13.353859201424804], [74.75244472715048, 13.358359201424804], [74.75704472715047, 13.358359201424804], [74.75704472715047, 13.353859201424804], [74.75244472715048, 13.353859201424804]]]}, "properties": {"zone_id": "Z143", "waste_kg_day": 800.6, "population": 1779.0, "risk": "medium"}}, {"type": "Feature", "geometry": {"type": "Polygon", "coordinates": [[[74.75244472715048, 13.358359201424804], [74.75244472715048, 13.362859201424804], [74.75704472715047, 13.362859201424804], [74.75704472715047, 13.358359201424804], [74.75244472715048, 13.358359201424804]]]}, "properties": {"zone_id": "Z144", "waste_kg_day": 665.6, "population": 1479.0, "risk": "medium"}}, {"type": "Feature", "geometry": {"type": "Polygon", "coordinates": [[[74.75244472715048, 13.362859201424804], [74.75244472715048, 13.367359201424804], [74.75704472715047, 13.367359201424804], [74.75704472715047, 13.362859201424804], [74.75244472715048, 13.362859201424804]]]}, "properties": {"zone_id": "Z145", "waste_kg_day": 654.3, "population": 1454.0, "risk": "medium"}}, {"type": "Feature", "geometry": {"type": "Polygon", "coordinates": [[[74.75244472715048, 13.367359201424804], [74.75244472715048, 13.371859201424805], [74.75704472715047, 13.371859201424805], [74.75704472715047, 13.367359201424804], [74.75244472715048, 13.367359201424804]]]}, "properties": {"zone_id": "Z146", "waste_kg_day": 483.8, "population": 1075.0, "risk": "medium"}}, {"type": "Feature", "geometry": {"type": "Polygon", "coordinates": [[[74.75244472715048, 13.371859201424805], [74.75244472715048, 13.376359201424805], [74.75704472715047, 13.376359201424805], [74.75704472715047, 13.371859201424805], [74.75244472715048, 13.371859201424805]]]}, "properties": {"zone_id": "Z147", "waste_kg_day": 878.0, "population": 1951.0, "risk": "medium"}}, {"type": "Feature", "geometry": {"type": "Polygon", "coordinates": [[[74.75244472715048, 13.376359201424805], [74.75244472715048, 13.380859201424805], [74.75704472715047, 13.380859201424805], [74.75704472715047, 13.376359201424805], [74.75244472715048, 13.376359201424805]]]}, "properties": {"zone_id": "Z148", "waste_kg_day": 804.1, "population": 1787.0, "risk": "medium"}}, {"type": "Feature", "geometry": {"type": "Polygon", "coordinates": [[[74.75292006263044, 13.383475565727782], [74.75407822831961, 13.383605887793745], [74.75500565667957, 13.383672432199106], [74.75529508670152, 13.383693197993512], [74.75673196209588, 13.38369458463792], [74.75704472715047, 13.383644194989902], [74.75704472715047, 13.380859201424805], [74.75244472715048, 13.380859201424805], [74.75244472715048, 13.383443547352943], [74.75292006263044, 13.383475565727782]]]}, "properties": {"zone_id": "Z149", "waste_kg_day": 302.4, "population": 672.0, "risk": "low"}}, {"type": "Feature", "geometry": {"type": "Polygon", "coordinates": [[[74.76155867843784, 13.320591153572128], [74.76034806365797, 13.320273908996834], [74.75964930965971, 13.320099795082587], [74.75949545467856, 13.31990563072616], [74.75948367357647, 13.319902944820427], [74.75946538254193, 13.319852919294823], [74.7593349017758, 13.319281844586088], [74.75928405988697, 13.319085412203558], [74.75860008596827, 13.31977806883709], [74.75704472715047, 13.319385427708061], [74.75704472715047, 13.322359201424803], [74.76164472715047, 13.322359201424803], [74.76164472715047, 13.32060542761421], [74.76155867843784, 13.320591153572128]]]}, "properties": {"zone_id": "Z150", "waste_kg_day": 354.2, "population": 787.0, "risk": "low"}}, {"type": "Feature", "geometry": {"type": "Polygon", "coordinates": [[[74.75704472715047, 13.322359201424803], [74.75704472715047, 13.326859201424803], [74.76164472715047, 13.326859201424803], [74.76164472715047, 13.322359201424803], [74.75704472715047, 13.322359201424803]]]}, "properties": {"zone_id": "Z151", "waste_kg_day": 1083.2, "population": 2407.0, "risk": "high"}}, {"type": "Feature", "geometry": {"type": "Polygon", "coordinates": [[[74.75704472715047, 13.326859201424803], [74.75704472715047, 13.331359201424803], [74.76164472715047, 13.331359201424803], [74.76164472715047, 13.326859201424803], [74.75704472715047, 13.326859201424803]]]}, "properties": {"zone_id": "Z152", "waste_kg_day": 623.2, "population": 1385.0, "risk": "medium"}}, {"type": "Feature", "geometry": {"type": "Polygon", "coordinates": [[[74.75704472715047, 13.331359201424803], [74.75704472715047, 13.335859201424803], [74.76164472715047, 13.335859201424803], [74.76164472715047, 13.331359201424803], [74.75704472715047, 13.331359201424803]]]}, "properties": {"zone_id": "Z153", "waste_kg_day": 558.0, "population": 1240.0, "risk": "medium"}}, {"type": "Feature", "geometry": {"type": "Polygon", "coordinates": [[[74.75704472715047, 13.335859201424803], [74.75704472715047, 13.340359201424803], [74.76164472715047, 13.340359201424803], [74.76164472715047, 13.335859201424803], [74.75704472715047, 13.335859201424803]]]}, "properties": {"zone_id": "Z154", "waste_kg_day": 795.1, "population": 1767.0, "risk": "medium"}}, {"type": "Feature", "geometry": {"type": "Polygon", "coordinates": [[[74.75704472715047, 13.340359201424803], [74.75704472715047, 13.344859201424804], [74.76164472715047, 13.344859201424804], [74.76164472715047, 13.340359201424803], [74.75704472715047, 13.340359201424803]]]}, "properties": {"zone_id": "Z155", "waste_kg_day": 1136.2, "population": 2525.0, "risk": "high"}}, {"type": "Feature", "geometry": {"type": "Polygon", "coordinates": [[[74.75704472715047, 13.344859201424804], [74.75704472715047, 13.349359201424804], [74.76164472715047, 13.349359201424804], [74.76164472715047, 13.344859201424804], [74.75704472715047, 13.344859201424804]]]}, "properties": {"zone_id": "Z156", "waste_kg_day": 625.1, "population": 1389.0, "risk": "medium"}}, {"type": "Feature", "geometry": {"type": "Polygon", "coordinates": [[[74.75704472715047, 13.349359201424804], [74.75704472715047, 13.353859201424804], [74.76164472715047, 13.353859201424804], [74.76164472715047, 13.349359201424804], [74.75704472715047, 13.349359201424804]]]}, "properties": {"zone_id": "Z157", "waste_kg_day": 920.7, "population": 2046.0, "risk": "medium"}}, {"type": "Feature", "geometry": {"type": "Polygon", "coordinates": [[[74.75704472715047, 13.353859201424804], [74.75704472715047, 13.358359201424804], [74.76164472715047, 13.358359201424804], [74.76164472715047, 13.353859201424804], [74.75704472715047, 13.353859201424804]]]}, "properties": {"zone_id": "Z158", "waste_kg_day": 982.4, "population": 2183.0, "risk": "medium"}}, {"type": "Feature", "geometry": {"type": "Polygon", "coordinates": [[[74.75704472715047, 13.358359201424804], [74.75704472715047, 13.362859201424804], [74.76164472715047, 13.362859201424804], [74.76164472715047, 13.358359201424804], [74.75704472715047, 13.358359201424804]]]}, "properties": {"zone_id": "Z159", "waste_kg_day": 621.9, "population": 1382.0, "risk": "medium"}}, {"type": "Feature", "geometry": {"type": "Polygon", "coordinates": [[[74.75704472715047, 13.362859201424804], [74.75704472715047, 13.367359201424804], [74.76164472715047, 13.367359201424804], [74.76164472715047, 13.362859201424804], [74.75704472715047, 13.362859201424804]]]}, "properties": {"zone_id": "Z160", "waste_kg_day": 959.4, "population": 2132.0, "risk": "medium"}}, {"type": "Feature", "geometry": {"type": "Polygon", "coordinates": [[[74.75704472715047, 13.367359201424804], [74.75704472715047, 13.371859201424805], [74.76164472715047, 13.371859201424805], [74.76164472715047, 13.367359201424804], [74.75704472715047, 13.367359201424804]]]}, "properties": {"zone_id": "Z161", "waste_kg_day": 711.5, "population": 1581.0, "risk": "medium"}}, {"type": "Feature", "geometry": {"type": "Polygon", "coordinates": [[[74.75704472715047, 13.371859201424805], [74.75704472715047, 13.376359201424805], [74.76164472715047, 13.376359201424805], [74.76164472715047, 13.371859201424805], [74.75704472715047, 13.371859201424805]]]}, "properties": {"zone_id": "Z162", "waste_kg_day": 893.2, "population": 1985.0, "risk": "medium"}}, {"type": "Feature", "geometry": {"type": "Polygon", "coordinates": [[[74.75704472715047, 13.376359201424805], [74.75704472715047, 13.380859201424805], [74.76164472715047, 13.380859201424805], [74.76164472715047, 13.376359201424805], [74.75704472715047, 13.376359201424805]]]}, "properties": {"zone_id": "Z163", "waste_kg_day": 894.1, "population": 1987.0, "risk": "medium"}}, {"type": "Feature", "geometry": {"type": "Polygon", "coordinates": [[[74.75894627986378, 13.38333783540623], [74.76063109937566, 13.382920004614522], [74.7607467804084, 13.382881684911611], [74.76164472715047, 13.382565761271753], [74.76164472715047, 13.380859201424805], [74.75704472715047, 13.380859201424805], [74.75704472715047, 13.383644194989902], [74.75894627986378, 13.38333783540623]]]}, "properties": {"zone_id": "Z164", "waste_kg_day": 428.9, "population": 953.0, "risk": "medium"}}, {"type": "Feature", "geometry": {"type": "Polygon", "coordinates": [[[74.76604532560381, 13.31916125083098], [74.76512151365407, 13.319504208248498], [74.76446379954206, 13.319754478408404], [74.76361501019416, 13.320088504430984], [74.7627745630187, 13.32041952695052], [74.76211792632434, 13.32068392344191], [74.76164472715047, 13.32060542761421], [74.76164472715047, 13.322359201424803], [74.76624472715046, 13.322359201424803], [74.76624472715046, 13.319225382371316], [74.76604532560381, 13.31916125083098]]]}, "properties": {"zone_id": "Z165", "waste_kg_day": 278.1, "population": 618.0, "risk": "low"}}, {"type": "Feature", "geometry": {"type": "Polygon", "coordinates": [[[74.76164472715047, 13.322359201424803], [74.76164472715047, 13.326859201424803], [74.76624472715046, 13.326859201424803], [74.76624472715046, 13.322359201424803], [74.76164472715047, 13.322359201424803]]]}, "properties": {"zone_id": "Z166", "waste_kg_day": 1033.2, "population": 2296.0, "risk": "high"}}, {"type": "Feature", "geometry": {"type": "Polygon", "coordinates": [[[74.76164472715047, 13.326859201424803], [74.76164472715047, 13.331359201424803], [74.76624472715046, 13.331359201424803], [74.76624472715046, 13.326859201424803], [74.76164472715047, 13.326859201424803]]]}, "properties": {"zone_id": "Z167", "waste_kg_day": 679.1, "population": 1509.0, "risk": "medium"}}, {"type": "Feature", "geometry": {"type": "Polygon", "coordinates": [[[74.76164472715047, 13.331359201424803], [74.76164472715047, 13.335859201424803], [74.76624472715046, 13.335859201424803], [74.76624472715046, 13.331359201424803], [74.76164472715047, 13.331359201424803]]]}, "properties": {"zone_id": "Z168", "waste_kg_day": 586.8, "population": 1304.0, "risk": "medium"}}, {"type": "Feature", "geometry": {"type": "Polygon", "coordinates": [[[74.76164472715047, 13.335859201424803], [74.76164472715047, 13.340359201424803], [74.76624472715046, 13.340359201424803], [74.76624472715046, 13.335859201424803], [74.76164472715047, 13.335859201424803]]]}, "properties": {"zone_id": "Z169", "waste_kg_day": 486.4, "population": 1081.0, "risk": "medium"}}, {"type": "Feature", "geometry": {"type": "Polygon", "coordinates": [[[74.76164472715047, 13.340359201424803], [74.76164472715047, 13.344859201424804], [74.76624472715046, 13.344859201424804], [74.76624472715046, 13.340359201424803], [74.76164472715047, 13.340359201424803]]]}, "properties": {"zone_id": "Z170", "waste_kg_day": 864.9, "population": 1922.0, "risk": "medium"}}, {"type": "Feature", "geometry": {"type": "Polygon", "coordinates": [[[74.76164472715047, 13.344859201424804], [74.76164472715047, 13.349359201424804], [74.76624472715046, 13.349359201424804], [74.76624472715046, 13.344859201424804], [74.76164472715047, 13.344859201424804]]]}, "properties": {"zone_id": "Z171", "waste_kg_day": 924.3, "population": 2054.0, "risk": "medium"}}, {"type": "Feature", "geometry": {"type": "Polygon", "coordinates": [[[74.76164472715047, 13.349359201424804], [74.76164472715047, 13.353859201424804], [74.76624472715046, 13.353859201424804], [74.76624472715046, 13.349359201424804], [74.76164472715047, 13.349359201424804]]]}, "properties": {"zone_id": "Z172", "waste_kg_day": 469.8, "population": 1044.0, "risk": "medium"}}, {"type": "Feature", "geometry": {"type": "Polygon", "coordinates": [[[74.76164472715047, 13.353859201424804], [74.76164472715047, 13.358359201424804], [74.76624472715046, 13.358359201424804], [74.76624472715046, 13.353859201424804], [74.76164472715047, 13.353859201424804]]]}, "properties": {"zone_id": "Z173", "waste_kg_day": 810.9, "population": 1802.0, "risk": "medium"}}, {"type": "Feature", "geometry": {"type": "Polygon", "coordinates": [[[74.76164472715047, 13.358359201424804], [74.76164472715047, 13.362859201424804], [74.76624472715046, 13.362859201424804], [74.76624472715046, 13.358359201424804], [74.76164472715047, 13.358359201424804]]]}, "properties": {"zone_id": "Z174", "waste_kg_day": 614.2, "population": 1365.0, "risk": "medium"}}, {"type": "Feature", "geometry": {"type": "Polygon", "coordinates": [[[74.76164472715047, 13.362859201424804], [74.76164472715047, 13.367359201424804], [74.76624472715046, 13.367359201424804], [74.76624472715046, 13.362859201424804], [74.76164472715047, 13.362859201424804]]]}, "properties": {"zone_id": "Z175", "waste_kg_day": 902.2, "population": 2005.0, "risk": "medium"}}, {"type": "Feature", "geometry": {"type": "Polygon", "coordinates": [[[74.76164472715047, 13.367359201424804], [74.76164472715047, 13.371859201424805], [74.76624472715046, 13.371859201424805], [74.76624472715046, 13.367359201424804], [74.76164472715047, 13.367359201424804]]]}, "properties": {"zone_id": "Z176", "waste_kg_day": 578.2, "population": 1285.0, "risk": "medium"}}, {"type": "Feature", "geometry": {"type": "Polygon", "coordinates": [[[74.76164472715047, 13.371859201424805], [74.76164472715047, 13.376359201424805], [74.76624472715046, 13.376359201424805], [74.76624472715046, 13.371859201424805], [74.76164472715047, 13.371859201424805]]]}, "properties": {"zone_id": "Z177", "waste_kg_day": 933.8, "population": 2075.0, "risk": "medium"}}, {"type": "Feature", "geometry": {"type": "Polygon", "coordinates": [[[74.76164472715047, 13.376359201424805], [74.76164472715047, 13.380859201424805], [74.76624472715046, 13.380859201424805], [74.76624472715046, 13.376359201424805], [74.76164472715047, 13.376359201424805]]]}, "properties": {"zone_id": "Z178", "waste_kg_day": 724.5, "population": 1610.0, "risk": "medium"}}, {"type": "Feature", "geometry": {"type": "Polygon", "coordinates": [[[74.76208769912095, 13.382409910918147], [74.76239117922873, 13.382303136348067], [74.76301653411073, 13.382178873314363], [74.76340214055465, 13.382102249426913], [74.76442518588615, 13.381901762131784], [74.76549431114553, 13.382164842971552], [74.76616512691619, 13.381561677375798], [74.76624472715046, 13.381546073496377], [74.76624472715046, 13.380859201424805], [74.76164472715047, 13.380859201424805], [74.76164472715047, 13.382565761271753], [74.76208769912095, 13.382409910918147]]]}, "properties": {"zone_id": "Z179", "waste_kg_day": 302.9, "population": 673.0, "risk": "low"}}, {"type": "Feature", "geometry": {"type": "Polygon", "coordinates": [[[74.77012435528869, 13.31974599964686], [74.76898574663686, 13.320085632578822], [74.76895171787662, 13.320096004930962], [74.76624472715046, 13.319225382371316], [74.76624472715046, 13.322359201424803], [74.77084472715046, 13.322359201424803], [74.77084472715046, 13.319843610269048], [74.77012435528869, 13.31974599964686]]]}, "properties": {"zone_id": "Z180", "waste_kg_day": 320.9, "population": 713.0, "risk": "low"}}, {"type": "Feature", "geometry": {"type": "Polygon", "coordinates": [[[74.76624472715046, 13.322359201424803], [74.76624472715046, 13.326859201424803], [74.77084472715046, 13.326859201424803], [74.77084472715046, 13.322359201424803], [74.76624472715046, 13.322359201424803]]]}, "properties": {"zone_id": "Z181", "waste_kg_day": 693.0, "population": 1540.0, "risk": "medium"}}, {"type": "Feature", "geometry": {"type": "Polygon", "coordinates": [[[74.76624472715046, 13.326859201424803], [74.76624472715046, 13.331359201424803], [74.77084472715046, 13.331359201424803], [74.77084472715046, 13.326859201424803], [74.76624472715046, 13.326859201424803]]]}, "properties": {"zone_id": "Z182", "waste_kg_day": 536.4, "population": 1192.0, "risk": "medium"}}, {"type": "Feature", "geometry": {"type": "Polygon", "coordinates": [[[74.76624472715046, 13.331359201424803], [74.76624472715046, 13.335859201424803], [74.77084472715046, 13.335859201424803], [74.77084472715046, 13.331359201424803], [74.76624472715046, 13.331359201424803]]]}, "properties": {"zone_id": "Z183", "waste_kg_day": 1094.4, "population": 2432.0, "risk": "high"}}, {"type": "Feature", "geometry": {"type": "Polygon", "coordinates": [[[74.76624472715046, 13.335859201424803], [74.76624472715046, 13.340359201424803], [74.77084472715046, 13.340359201424803], [74.77084472715046, 13.335859201424803], [74.76624472715046, 13.335859201424803]]]}, "properties": {"zone_id": "Z184", "waste_kg_day": 1062.0, "population": 2360.0, "risk": "high"}}, {"type": "Feature", "geometry": {"type": "Polygon", "coordinates": [[[74.76624472715046, 13.340359201424803], [74.76624472715046, 13.344859201424804], [74.77084472715046, 13.344859201424804], [74.77084472715046, 13.340359201424803], [74.76624472715046, 13.340359201424803]]]}, "properties": {"zone_id": "Z185", "waste_kg_day": 635.9, "population": 1413.0, "risk": "medium"}}, {"type": "Feature", "geometry": {"type": "Polygon", "coordinates": [[[74.76624472715046, 13.344859201424804], [74.76624472715046, 13.349359201424804], [74.77084472715046, 13.349359201424804], [74.77084472715046, 13.344859201424804], [74.76624472715046, 13.344859201424804]]]}, "properties": {"zone_id": "Z186", "waste_kg_day": 912.6, "population": 2028.0, "risk": "medium"}}, {"type": "Feature", "geometry": {"type": "Polygon", "coordinates": [[[74.76624472715046, 13.349359201424804], [74.76624472715046, 13.353859201424804], [74.77084472715046, 13.353859201424804], [74.77084472715046, 13.349359201424804], [74.76624472715046, 13.349359201424804]]]}, "properties": {"zone_id": "Z187", "waste_kg_day": 1020.6, "population": 2268.0, "risk": "high"}}, {"type": "Feature", "geometry": {"type": "Polygon", "coordinates": [[[74.76624472715046, 13.353859201424804], [74.76624472715046, 13.358359201424804], [74.77084472715046, 13.358359201424804], [74.77084472715046, 13.353859201424804], [74.76624472715046, 13.353859201424804]]]}, "properties": {"zone_id": "Z188", "waste_kg_day": 840.1, "population": 1867.0, "risk": "medium"}}, {"type": "Feature", "geometry": {"type": "Polygon", "coordinates": [[[74.76624472715046, 13.358359201424804], [74.76624472715046, 13.362859201424804], [74.77084472715046, 13.362859201424804], [74.77084472715046, 13.358359201424804], [74.76624472715046, 13.358359201424804]]]}, "properties": {"zone_id": "Z189", "waste_kg_day": 822.6, "population": 1828.0, "risk": "medium"}}, {"type": "Feature", "geometry": {"type": "Polygon", "coordinates": [[[74.76624472715046, 13.362859201424804], [74.76624472715046, 13.367359201424804], [74.77084472715046, 13.367359201424804], [74.77084472715046, 13.362859201424804], [74.76624472715046, 13.362859201424804]]]}, "properties": {"zone_id": "Z190", "waste_kg_day": 624.6, "population": 1388.0, "risk": "medium"}}, {"type": "Feature", "geometry": {"type": "Polygon", "coordinates": [[[74.76624472715046, 13.367359201424804], [74.76624472715046, 13.371859201424805], [74.77084472715046, 13.371859201424805], [74.77084472715046, 13.367359201424804], [74.76624472715046, 13.367359201424804]]]}, "properties": {"zone_id": "Z191", "waste_kg_day": 522.5, "population": 1161.0, "risk": "medium"}}, {"type": "Feature", "geometry": {"type": "Polygon", "coordinates": [[[74.76624472715046, 13.371859201424805], [74.76624472715046, 13.376359201424805], [74.77084472715046, 13.376359201424805], [74.77084472715046, 13.371859201424805], [74.76624472715046, 13.371859201424805]]]}, "properties": {"zone_id": "Z192", "waste_kg_day": 1075.5, "population": 2390.0, "risk": "high"}}, {"type": "Feature", "geometry": {"type": "Polygon", "coordinates": [[[74.76947152173354, 13.380162870041639], [74.77041195861324, 13.380136192429287], [74.77084472715046, 13.380228525468558], [74.77084472715046, 13.376359201424805], [74.76624472715046, 13.376359201424805], [74.76624472715046, 13.380859201424805], [74.76789839222141, 13.380859201424805], [74.76947152173354, 13.380162870041639]]]}, "properties": {"zone_id": "Z193", "waste_kg_day": 999.5, "population": 2221.0, "risk": "medium"}}, {"type": "Feature", "geometry": {"type": "Polygon", "coordinates": [[[74.76720628459223, 13.381357581257443], [74.76748963782754, 13.38123583582133], [74.76765012274812, 13.380969095635297], [74.76789839222141, 13.380859201424805], [74.76624472715046, 13.380859201424805], [74.76624472715046, 13.381546073496377], [74.76720628459223, 13.381357581257443]]]}, "properties": {"zone_id": "Z194", "waste_kg_day": 31.9, "population": 71.0, "risk": "low"}}, {"type": "Feature", "geometry": {"type": "Polygon", "coordinates": [[[74.77327859929841, 13.320165861235877], [74.77226710532709, 13.32003798871076], [74.77213887128444, 13.320021594597609], [74.77209569608004, 13.320016065291288], [74.77207157834977, 13.320012972837072], [74.77191898739613, 13.319991584319615], [74.77150035581256, 13.31993290331249], [74.77146825433023, 13.31992837943502], [74.7714177068065, 13.319921249199295], [74.77084472715046, 13.319843610269048], [74.77084472715046, 13.322359201424803], [74.77544472715046, 13.322359201424803], [74.77544472715046, 13.320682492769686], [74.77327859929841, 13.320165861235877]]]}, "properties": {"zone_id": "Z195", "waste_kg_day": 331.2, "population": 736.0, "risk": "low"}}, {"type": "Feature", "geometry": {"type": "Polygon", "coordinates": [[[74.77084472715046, 13.322359201424803], [74.77084472715046, 13.326859201424803], [74.77544472715046, 13.326859201424803], [74.77544472715046, 13.322359201424803], [74.77084472715046, 13.322359201424803]]]}, "properties": {"zone_id": "Z196", "waste_kg_day": 698.9, "population": 1553.0, "risk": "medium"}}, {"type": "Feature", "geometry": {"type": "Polygon", "coordinates": [[[74.77084472715046, 13.326859201424803], [74.77084472715046, 13.331359201424803], [74.77544472715046, 13.331359201424803], [74.77544472715046, 13.326859201424803], [74.77084472715046, 13.326859201424803]]]}, "properties": {"zone_id": "Z197", "waste_kg_day": 957.6, "population": 2128.0, "risk": "medium"}}, {"type": "Feature", "geometry": {"type": "Polygon", "coordinates": [[[74.77084472715046, 13.331359201424803], [74.77084472715046, 13.335859201424803], [74.77544472715046, 13.335859201424803], [74.77544472715046, 13.331359201424803], [74.77084472715046, 13.331359201424803]]]}, "properties": {"zone_id": "Z198", "waste_kg_day": 1075.5, "population": 2390.0, "risk": "high"}}, {"type": "Feature", "geometry": {"type": "Polygon", "coordinates": [[[74.77084472715046, 13.335859201424803], [74.77084472715046, 13.340359201424803], [74.77544472715046, 13.340359201424803], [74.77544472715046, 13.335859201424803], [74.77084472715046, 13.335859201424803]]]}, "properties": {"zone_id": "Z199", "waste_kg_day": 1068.8, "population": 2375.0, "risk": "high"}}, {"type": "Feature", "geometry": {"type": "Polygon", "coordinates": [[[74.77084472715046, 13.340359201424803], [74.77084472715046, 13.344859201424804], [74.77544472715046, 13.344859201424804], [74.77544472715046, 13.340359201424803], [74.77084472715046, 13.340359201424803]]]}, "properties": {"zone_id": "Z200", "waste_kg_day": 995.0, "population": 2211.0, "risk": "medium"}}, {"type": "Feature", "geometry": {"type": "Polygon", "coordinates": [[[74.77084472715046, 13.344859201424804], [74.77084472715046, 13.349359201424804], [74.77544472715046, 13.349359201424804], [74.77544472715046, 13.344859201424804], [74.77084472715046, 13.344859201424804]]]}, "properties": {"zone_id": "Z201", "waste_kg_day": 900.0, "population": 2000.0, "risk": "medium"}}, {"type": "Feature", "geometry": {"type": "Polygon", "coordinates": [[[74.77084472715046, 13.349359201424804], [74.77084472715046, 13.353859201424804], [74.77544472715046, 13.353859201424804], [74.77544472715046, 13.349359201424804], [74.77084472715046, 13.349359201424804]]]}, "properties": {"zone_id": "Z202", "waste_kg_day": 516.1, "population": 1147.0, "risk": "medium"}}, {"type": "Feature", "geometry": {"type": "Polygon", "coordinates": [[[74.77084472715046, 13.353859201424804], [74.77084472715046, 13.358359201424804], [74.77544472715046, 13.358359201424804], [74.77544472715046, 13.353859201424804], [74.77084472715046, 13.353859201424804]]]}, "properties": {"zone_id": "Z203", "waste_kg_day": 569.7, "population": 1266.0, "risk": "medium"}}, {"type": "Feature", "geometry": {"type": "Polygon", "coordinates": [[[74.77084472715046, 13.358359201424804], [74.77084472715046, 13.362859201424804], [74.77544472715046, 13.362859201424804], [74.77544472715046, 13.358359201424804], [74.77084472715046, 13.358359201424804]]]}, "properties": {"zone_id": "Z204", "waste_kg_day": 1076.4, "population": 2392.0, "risk": "high"}}, {"type": "Feature", "geometry": {"type": "Polygon", "coordinates": [[[74.77084472715046, 13.362859201424804], [74.77084472715046, 13.367359201424804], [74.77544472715046, 13.367359201424804], [74.77544472715046, 13.362859201424804], [74.77084472715046, 13.362859201424804]]]}, "properties": {"zone_id": "Z205", "waste_kg_day": 875.7, "population": 1946.0, "risk": "medium"}}, {"type": "Feature", "geometry": {"type": "Polygon", "coordinates": [[[74.77084472715046, 13.367359201424804], [74.77084472715046, 13.371859201424805], [74.77544472715046, 13.371859201424805], [74.77544472715046, 13.367359201424804], [74.77084472715046, 13.367359201424804]]]}, "properties": {"zone_id": "Z206", "waste_kg_day": 464.9, "population": 1033.0, "risk": "medium"}}, {"type": "Feature", "geometry": {"type": "Polygon", "coordinates": [[[74.77084472715046, 13.371859201424805], [74.77084472715046, 13.376359201424805], [74.77544472715046, 13.376359201424805], [74.77544472715046, 13.371859201424805], [74.77084472715046, 13.371859201424805]]]}, "properties": {"zone_id": "Z207", "waste_kg_day": 528.3, "population": 1174.0, "risk": "medium"}}, {"type": "Feature", "geometry": {"type": "Polygon", "coordinates": [[[74.77146106546168, 13.380360023913104], [74.77230298078655, 13.380742916359301], [74.77248835565065, 13.380859201424805], [74.77544472715046, 13.380859201424805], [74.77544472715046, 13.376359201424805], [74.77084472715046, 13.376359201424805], [74.77084472715046, 13.380228525468558], [74.77146106546168, 13.380360023913104]]]}, "properties": {"zone_id": "Z208", "waste_kg_day": 887.4, "population": 1972.0, "risk": "medium"}}, {"type": "Feature", "geometry": {"type": "Polygon", "coordinates": [[[74.77364437238651, 13.381584367064205], [74.77431370544934, 13.382157636756986], [74.77503584689008, 13.382382588395027], [74.77544472715046, 13.382274831928578], [74.77544472715046, 13.380859201424805], [74.77248835565065, 13.380859201424805], [74.77364437238651, 13.381584367064205]]]}, "properties": {"zone_id": "Z209", "waste_kg_day": 60.3, "population": 134.0, "risk": "low"}}, {"type": "Feature", "geometry": {"type": "Polygon", "coordinates": [[[74.7796530886738, 13.320003597888046], [74.77944980209966, 13.319034252652726], [74.7792898753228, 13.319074736842216], [74.77887679503495, 13.31917920371024], [74.77806978776192, 13.319398795996841], [74.77759034412117, 13.319703977268416], [74.77730851211828, 13.319794456606186], [74.77713464883266, 13.319795134177902], [74.77647449540106, 13.320354047989818], [74.77650083961905, 13.320477663106864], [74.77610941999835, 13.320623734221915], [74.77607574809905, 13.320629834394305], [74.77559328634972, 13.320717924827356], [74.77544472715046, 13.320682492769686], [74.77544472715046, 13.322359201424803], [74.78004472715045, 13.322359201424803], [74.78004472715045, 13.319849033361262], [74.7796530886738, 13.320003597888046]]]}, "properties": {"zone_id": "Z210", "waste_kg_day": 320.9, "population": 713.0, "risk": "low"}}, {"type": "Feature", "geometry": {"type": "Polygon", "coordinates": [[[74.77544472715046, 13.322359201424803], [74.77544472715046, 13.326859201424803], [74.78004472715045, 13.326859201424803], [74.78004472715045, 13.322359201424803], [74.77544472715046, 13.322359201424803]]]}, "properties": {"zone_id": "Z211", "waste_kg_day": 836.1, "population": 1858.0, "risk": "medium"}}, {"type": "Feature", "geometry": {"type": "Polygon", "coordinates": [[[74.77544472715046, 13.326859201424803], [74.77544472715046, 13.331359201424803], [74.78004472715045, 13.331359201424803], [74.78004472715045, 13.326859201424803], [74.77544472715046, 13.326859201424803]]]}, "properties": {"zone_id": "Z212", "waste_kg_day": 934.2, "population": 2076.0, "risk": "medium"}}, {"type": "Feature", "geometry": {"type": "Polygon", "coordinates": [[[74.77544472715046, 13.331359201424803], [74.77544472715046, 13.335859201424803], [74.78004472715045, 13.335859201424803], [74.78004472715045, 13.331359201424803], [74.77544472715046, 13.331359201424803]]]}, "properties": {"zone_id": "Z213", "waste_kg_day": 906.8, "population": 2015.0, "risk": "medium"}}, {"type": "Feature", "geometry": {"type": "Polygon", "coordinates": [[[74.77544472715046, 13.335859201424803], [74.77544472715046, 13.340359201424803], [74.78004472715045, 13.340359201424803], [74.78004472715045, 13.335859201424803], [74.77544472715046, 13.335859201424803]]]}, "properties": {"zone_id": "Z214", "waste_kg_day": 612.9, "population": 1362.0, "risk": "medium"}}, {"type": "Feature", "geometry": {"type": "Polygon", "coordinates": [[[74.77544472715046, 13.340359201424803], [74.77544472715046, 13.344859201424804], [74.78004472715045, 13.344859201424804], [74.78004472715045, 13.340359201424803], [74.77544472715046, 13.340359201424803]]]}, "properties": {"zone_id": "Z215", "waste_kg_day": 948.1, "population": 2107.0, "risk": "medium"}}, {"type": "Feature", "geometry": {"type": "Polygon", "coordinates": [[[74.77544472715046, 13.344859201424804], [74.77544472715046, 13.349359201424804], [74.78004472715045, 13.349359201424804], [74.78004472715045, 13.344859201424804], [74.77544472715046, 13.344859201424804]]]}, "properties": {"zone_id": "Z216", "waste_kg_day": 621.5, "population": 1381.0, "risk": "medium"}}, {"type": "Feature", "geometry": {"type": "Polygon", "coordinates": [[[74.77544472715046, 13.349359201424804], [74.77544472715046, 13.353859201424804], [74.78004472715045, 13.353859201424804], [74.78004472715045, 13.349359201424804], [74.77544472715046, 13.349359201424804]]]}, "properties": {"zone_id": "Z217", "waste_kg_day": 682.2, "population": 1516.0, "risk": "medium"}}, {"type": "Feature", "geometry": {"type": "Polygon", "coordinates": [[[74.77544472715046, 13.353859201424804], [74.77544472715046, 13.358359201424804], [74.78004472715045, 13.358359201424804], [74.78004472715045, 13.353859201424804], [74.77544472715046, 13.353859201424804]]]}, "properties": {"zone_id": "Z218", "waste_kg_day": 972.0, "population": 2160.0, "risk": "medium"}}, {"type": "Feature", "geometry": {"type": "Polygon", "coordinates": [[[74.77544472715046, 13.358359201424804], [74.77544472715046, 13.362859201424804], [74.78004472715045, 13.362859201424804], [74.78004472715045, 13.358359201424804], [74.77544472715046, 13.358359201424804]]]}, "properties": {"zone_id": "Z219", "waste_kg_day": 905.4, "population": 2012.0, "risk": "medium"}}, {"type": "Feature", "geometry": {"type": "Polygon", "coordinates": [[[74.77544472715046, 13.362859201424804], [74.77544472715046, 13.367359201424804], [74.78004472715045, 13.367359201424804], [74.78004472715045, 13.362859201424804], [74.77544472715046, 13.362859201424804]]]}, "properties": {"zone_id": "Z220", "waste_kg_day": 1042.7, "population": 2317.0, "risk": "high"}}, {"type": "Feature", "geometry": {"type": "Polygon", "coordinates": [[[74.77544472715046, 13.367359201424804], [74.77544472715046, 13.371859201424805], [74.78004472715045, 13.371859201424805], [74.78004472715045, 13.367359201424804], [74.77544472715046, 13.367359201424804]]]}, "properties": {"zone_id": "Z221", "waste_kg_day": 910.8, "population": 2024.0, "risk": "medium"}}, {"type": "Feature", "geometry": {"type": "Polygon", "coordinates": [[[74.77544472715046, 13.371859201424805], [74.77544472715046, 13.376359201424805], [74.78004472715045, 13.376359201424805], [74.78004472715045, 13.371859201424805], [74.77544472715046, 13.371859201424805]]]}, "properties": {"zone_id": "Z222", "waste_kg_day": 849.1, "population": 1887.0, "risk": "medium"}}, {"type": "Feature", "geometry": {"type": "Polygon", "coordinates": [[[74.77840650700682, 13.380844326141506], [74.77891089436042, 13.38062343619291], [74.77932069755877, 13.380223569890564], [74.78004472715045, 13.379517093062487], [74.78004472715045, 13.376359201424805], [74.77544472715046, 13.376359201424805], [74.77544472715046, 13.380859201424805], [74.77838432860271, 13.380859201424805], [74.77840650700682, 13.380844326141506]]]}, "properties": {"zone_id": "Z223", "waste_kg_day": 498.6, "population": 1108.0, "risk": "medium"}}, {"type": "Feature", "geometry": {"type": "Polygon", "coordinates": [[[74.7762630751455, 13.382059164172475], [74.77750974271753, 13.381445795155534], [74.77838432860271, 13.380859201424805], [74.77544472715046, 13.380859201424805], [74.77544472715046, 13.382274831928578], [74.7762630751455, 13.382059164172475]]]}, "properties": {"zone_id": "Z224", "waste_kg_day": 83.7, "population": 186.0, "risk": "low"}}, {"type": "Feature", "geometry": {"type": "Polygon", "coordinates": [[[74.7846147441915, 13.320386015567975], [74.78431624941331, 13.32032409733587], [74.78272491597242, 13.320023677635575], [74.78099691728171, 13.319687351093314], [74.7808925439441, 13.319720183654555], [74.78005340785643, 13.319845607423078], [74.78004472715045, 13.319849033361262], [74.78004472715045, 13.322359201424803], [74.78464472715045, 13.322359201424803], [74.78464472715045, 13.320392078995118], [74.7846147441915, 13.320386015567975]]]}, "properties": {"zone_id": "Z225", "waste_kg_day": 337.9, "population": 751.0, "risk": "low"}}, {"type": "Feature", "geometry": {"type": "Polygon", "coordinates": [[[74.78004472715045, 13.322359201424803], [74.78004472715045, 13.326859201424803], [74.78464472715045, 13.326859201424803], [74.78464472715045, 13.322359201424803], [74.78004472715045, 13.322359201424803]]]}, "properties": {"zone_id": "Z226", "waste_kg_day": 626.4, "population": 1392.0, "risk": "medium"}}, {"type": "Feature", "geometry": {"type": "Polygon", "coordinates": [[[74.78004472715045, 13.326859201424803], [74.78004472715045, 13.331359201424803], [74.78464472715045, 13.331359201424803], [74.78464472715045, 13.326859201424803], [74.78004472715045, 13.326859201424803]]]}, "properties": {"zone_id": "Z227", "waste_kg_day": 1127.7, "population": 2506.0, "risk": "high"}}, {"type": "Feature", "geometry": {"type": "Polygon", "coordinates": [[[74.78004472715045, 13.331359201424803], [74.78004472715045, 13.335859201424803], [74.78464472715045, 13.335859201424803], [74.78464472715045, 13.331359201424803], [74.78004472715045, 13.331359201424803]]]}, "properties": {"zone_id": "Z228", "waste_kg_day": 729.0, "population": 1620.0, "risk": "medium"}}, {"type": "Feature", "geometry": {"type": "Polygon", "coordinates": [[[74.78004472715045, 13.335859201424803], [74.78004472715045, 13.340359201424803], [74.78464472715045, 13.340359201424803], [74.78464472715045, 13.335859201424803], [74.78004472715045, 13.335859201424803]]]}, "properties": {"zone_id": "Z229", "waste_kg_day": 1071.9, "population": 2382.0, "risk": "high"}}, {"type": "Feature", "geometry": {"type": "Polygon", "coordinates": [[[74.78004472715045, 13.340359201424803], [74.78004472715045, 13.344859201424804], [74.78464472715045, 13.344859201424804], [74.78464472715045, 13.340359201424803], [74.78004472715045, 13.340359201424803]]]}, "properties": {"zone_id": "Z230", "waste_kg_day": 892.4, "population": 1983.0, "risk": "medium"}}, {"type": "Feature", "geometry": {"type": "Polygon", "coordinates": [[[74.78004472715045, 13.344859201424804], [74.78004472715045, 13.349359201424804], [74.78464472715045, 13.349359201424804], [74.78464472715045, 13.344859201424804], [74.78004472715045, 13.344859201424804]]]}, "properties": {"zone_id": "Z231", "waste_kg_day": 1005.3, "population": 2234.0, "risk": "high"}}, {"type": "Feature", "geometry": {"type": "Polygon", "coordinates": [[[74.78004472715045, 13.349359201424804], [74.78004472715045, 13.353859201424804], [74.78464472715045, 13.353859201424804], [74.78464472715045, 13.349359201424804], [74.78004472715045, 13.349359201424804]]]}, "properties": {"zone_id": "Z232", "waste_kg_day": 804.1, "population": 1787.0, "risk": "medium"}}, {"type": "Feature", "geometry": {"type": "Polygon", "coordinates": [[[74.78004472715045, 13.353859201424804], [74.78004472715045, 13.358359201424804], [74.78464472715045, 13.358359201424804], [74.78464472715045, 13.353859201424804], [74.78004472715045, 13.353859201424804]]]}, "properties": {"zone_id": "Z233", "waste_kg_day": 855.5, "population": 1901.0, "risk": "medium"}}, {"type": "Feature", "geometry": {"type": "Polygon", "coordinates": [[[74.78004472715045, 13.358359201424804], [74.78004472715045, 13.362859201424804], [74.78464472715045, 13.362859201424804], [74.78464472715045, 13.358359201424804], [74.78004472715045, 13.358359201424804]]]}, "properties": {"zone_id": "Z234", "waste_kg_day": 797.4, "population": 1772.0, "risk": "medium"}}, {"type": "Feature", "geometry": {"type": "Polygon", "coordinates": [[[74.78004472715045, 13.362859201424804], [74.78004472715045, 13.367359201424804], [74.78464472715045, 13.367359201424804], [74.78464472715045, 13.362859201424804], [74.78004472715045, 13.362859201424804]]]}, "properties": {"zone_id": "Z235", "waste_kg_day": 592.6, "population": 1317.0, "risk": "medium"}}, {"type": "Feature", "geometry": {"type": "Polygon", "coordinates": [[[74.78004472715045, 13.367359201424804], [74.78004472715045, 13.371859201424805], [74.78464472715045, 13.371859201424805], [74.78464472715045, 13.367359201424804], [74.78004472715045, 13.367359201424804]]]}, "properties": {"zone_id": "Z236", "waste_kg_day": 955.4, "population": 2123.0, "risk": "medium"}}, {"type": "Feature", "geometry": {"type": "Polygon", "coordinates": [[[74.78170364843956, 13.376200670764776], [74.7826768499178, 13.375451940427402], [74.78381069742413, 13.375034429031253], [74.78464472715045, 13.374911047760854], [74.78464472715045, 13.371859201424805], [74.78004472715045, 13.371859201424805], [74.78004472715045, 13.376359201424805], [74.78165265530872, 13.376359201424805], [74.78170364843956, 13.376200670764776]]]}, "properties": {"zone_id": "Z237", "waste_kg_day": 558.9, "population": 1242.0, "risk": "medium"}}, {"type": "Feature", "geometry": {"type": "Polygon", "coordinates": [[[74.78044807598499, 13.379123522677371], [74.78136798917984, 13.377244189433174], [74.78165265530872, 13.376359201424805], [74.78004472715045, 13.376359201424805], [74.78004472715045, 13.379517093062487], [74.78044807598499, 13.379123522677371]]]}, "properties": {"zone_id": "Z238", "waste_kg_day": 68.9, "population": 153.0, "risk": "low"}}, {"type": "Feature", "geometry": {"type": "Polygon", "coordinates": [[[74.78569466966407, 13.320604407936587], [74.78464472715045, 13.320392078995118], [74.78464472715045, 13.322359201424803], [74.78563686370123, 13.322359201424803], [74.78569466966407, 13.320604407936587]]]}, "properties": {"zone_id": "Z239", "waste_kg_day": 82.8, "population": 184.0, "risk": "low"}}, {"type": "Feature", "geometry": {"type": "Polygon", "coordinates": [[[74.78669850330036, 13.326722327887005], [74.78658597475366, 13.326481829425992], [74.7864744128548, 13.326240668916652], [74.78635508991057, 13.325989357121422], [74.78626200919135, 13.325759320696482], [74.7861755482136, 13.325572465612922], [74.78614684363062, 13.325510197856456], [74.78607840383397, 13.325363714291106], [74.7860498818858, 13.325263897076516], [74.78594397442428, 13.325020061819558], [74.78583851906436, 13.324771611641058], [74.78572506837045, 13.324525395383219], [74.78562201693639, 13.324275924441334], [74.78557783888684, 13.324171729166679], [74.78551863386599, 13.324107565599183], [74.7864635440878, 13.323237978250297], [74.7863677148127, 13.323195974200821], [74.7863601499445, 13.323204132248113], [74.7856168074698, 13.322968058792604], [74.78561743269086, 13.322949061169115], [74.78563686370123, 13.322359201424803], [74.78464472715045, 13.322359201424803], [74.78464472715045, 13.326859201424803], [74.78676239749072, 13.326859201424803], [74.78669850330036, 13.326722327887005]]]}, "properties": {"zone_id": "Z240", "waste_kg_day": 175.5, "population": 390.0, "risk": "low"}}, {"type": "Feature", "geometry": {"type": "Polygon", "coordinates": [[[74.78855081329795, 13.331319414298203], [74.78852201121093, 13.331206383449617], [74.78840978213101, 13.33076151814537], [74.78768304808695, 13.32899870899344], [74.78757416095064, 13.328724653957229], [74.78747030084519, 13.328464456084248], [74.78736217578361, 13.328188498159003], [74.78730223266481, 13.328056486323005], [74.7872443003634, 13.327932287913457], [74.78714446758559, 13.327664931671803], [74.78702714665246, 13.327436176414006], [74.7869224706863, 13.327203162785185], [74.78680760489692, 13.326956044308137], [74.78676239749072, 13.326859201424803], [74.78464472715045, 13.326859201424803], [74.78464472715045, 13.331359201424803], [74.78856121582459, 13.331359201424803], [74.78855081329795, 13.331319414298203]]]}, "properties": {"zone_id": "Z241", "waste_kg_day": 739.4, "population": 1643.0, "risk": "medium"}}, {"type": "Feature", "geometry": {"type": "Polygon", "coordinates": [[[74.78921468992226, 13.334640234851143], [74.78920409118302, 13.334198936637389], [74.78919572942745, 13.333895621373744], [74.78918315682405, 13.33358822356499], [74.78917827366227, 13.333342321548741], [74.78906751761909, 13.333002324644346], [74.7890129008741, 13.332834661560112], [74.7889367458501, 13.332602199690319], [74.7888207913282, 13.332270135786763], [74.78873569712407, 13.332001686589962], [74.78872510887487, 13.33196303857426], [74.788663855599, 13.331736482876595], [74.788589992822, 13.331469266419475], [74.78856121582459, 13.331359201424803], [74.78464472715045, 13.331359201424803], [74.78464472715045, 13.335859201424803], [74.78924472715045, 13.335859201424803], [74.78924472715045, 13.335002623093693], [74.78921468992226, 13.334640234851143]]]}, "properties": {"zone_id": "Z242", "waste_kg_day": 1069.7, "population": 2377.0, "risk": "high"}}, {"type": "Feature", "geometry": {"type": "Polygon", "coordinates": [[[74.78464472715045, 13.335859201424803], [74.78464472715045, 13.340359201424803], [74.78924472715045, 13.340359201424803], [74.78924472715045, 13.335859201424803], [74.78464472715045, 13.335859201424803]]]}, "properties": {"zone_id": "Z243", "waste_kg_day": 1087.7, "population": 2417.0, "risk": "high"}}, {"type": "Feature", "geometry": {"type": "Polygon", "coordinates": [[[74.78464472715045, 13.340359201424803], [74.78464472715045, 13.344859201424804], [74.78924472715045, 13.344859201424804], [74.78924472715045, 13.340359201424803], [74.78464472715045, 13.340359201424803]]]}, "properties": {"zone_id": "Z244", "waste_kg_day": 713.2, "population": 1585.0, "risk": "medium"}}, {"type": "Feature", "geometry": {"type": "Polygon", "coordinates": [[[74.78464472715045, 13.344859201424804], [74.78464472715045, 13.349359201424804], [74.78924472715045, 13.349359201424804], [74.78924472715045, 13.344859201424804], [74.78464472715045, 13.344859201424804]]]}, "properties": {"zone_id": "Z245", "waste_kg_day": 468.9, "population": 1042.0, "risk": "medium"}}, {"type": "Feature", "geometry": {"type": "Polygon", "coordinates": [[[74.78464472715045, 13.349359201424804], [74.78464472715045, 13.353859201424804], [74.78924472715045, 13.353859201424804], [74.78924472715045, 13.349359201424804], [74.78464472715045, 13.349359201424804]]]}, "properties": {"zone_id": "Z246", "waste_kg_day": 1097.1, "population": 2438.0, "risk": "high"}}, {"type": "Feature", "geometry": {"type": "Polygon", "coordinates": [[[74.78464472715045, 13.353859201424804], [74.78464472715045, 13.358359201424804], [74.78924472715045, 13.358359201424804], [74.78924472715045, 13.353859201424804], [74.78464472715045, 13.353859201424804]]]}, "properties": {"zone_id": "Z247", "waste_kg_day": 752.9, "population": 1673.0, "risk": "medium"}}, {"type": "Feature", "geometry": {"type": "Polygon", "coordinates": [[[74.78464472715045, 13.358359201424804], [74.78464472715045, 13.362859201424804], [74.78924472715045, 13.362859201424804], [74.78924472715045, 13.358359201424804], [74.78464472715045, 13.358359201424804]]]}, "properties": {"zone_id": "Z248", "waste_kg_day": 1123.2, "population": 2496.0, "risk": "high"}}, {"type": "Feature", "geometry": {"type": "Polygon", "coordinates": [[[74.78464472715045, 13.362859201424804], [74.78464472715045, 13.367359201424804], [74.78924472715045, 13.367359201424804], [74.78924472715045, 13.362859201424804], [74.78464472715045, 13.362859201424804]]]}, "properties": {"zone_id": "Z249", "waste_kg_day": 1121.4, "population": 2492.0, "risk": "high"}}, {"type": "Feature", "geometry": {"type": "Polygon", "coordinates": [[[74.78464472715045, 13.367359201424804], [74.78464472715045, 13.371859201424805], [74.78924472715045, 13.371859201424805], [74.78924472715045, 13.367359201424804], [74.78464472715045, 13.367359201424804]]]}, "properties": {"zone_id": "Z250", "waste_kg_day": 1045.4, "population": 2323.0, "risk": "high"}}, {"type": "Feature", "geometry": {"type": "Polygon", "coordinates": [[[74.7847464020219, 13.374896006600556], [74.78538226418944, 13.374637954211885], [74.78614749218575, 13.374327397307013], [74.78823823218475, 13.373882202006543], [74.78924472715045, 13.374122237045542], [74.78924472715045, 13.371859201424805], [74.78464472715045, 13.371859201424805], [74.78464472715045, 13.374911047760854], [74.7847464020219, 13.374896006600556]]]}, "properties": {"zone_id": "Z251", "waste_kg_day": 351.9, "population": 782.0, "risk": "low"}}, {"type": "Feature", "geometry": {"type": "Polygon", "coordinates": [[[74.78924472715045, 13.335002623093693], [74.78924472715045, 13.335859201424803], [74.78931572624967, 13.335859201424803], [74.78924472715045, 13.335002623093693]]]}, "properties": {"zone_id": "Z252", "waste_kg_day": 0.9, "population": 2.0, "risk": "low"}}, {"type": "Feature", "geometry": {"type": "Polygon", "coordinates": [[[74.7897485790952, 13.339410163751388], [74.78945308796276, 13.337516420576007], [74.78931572624967, 13.335859201424803], [74.78924472715045, 13.335859201424803], [74.78924472715045, 13.340359201424803], [74.78983957147487, 13.340359201424803], [74.7897485790952, 13.339410163751388]]]}, "properties": {"zone_id": "Z253", "waste_kg_day": 71.5, "population": 159.0, "risk": "low"}}, {"type": "Feature", "geometry": {"type": "Polygon", "coordinates": [[[74.79327897316595, 13.34273062293618], [74.79083214826541, 13.344064385213299], [74.79024238494112, 13.34435519136878], [74.79007917990346, 13.342798859321817], [74.79006777333204, 13.34273931457685], [74.78983957147487, 13.340359201424803], [74.78924472715045, 13.340359201424803], [74.78924472715045, 13.344859201424804], [74.79384472715044, 13.344859201424804], [74.79384472715044, 13.342414577697005], [74.79327897316595, 13.34273062293618]]]}, "properties": {"zone_id": "Z254", "waste_kg_day": 291.2, "population": 647.0, "risk": "low"}}, {"type": "Feature", "geometry": {"type": "Polygon", "coordinates": [[[74.78924472715045, 13.344859201424804], [74.78924472715045, 13.349359201424804], [74.79384472715044, 13.349359201424804], [74.79384472715044, 13.344859201424804], [74.78924472715045, 13.344859201424804]]]}, "properties": {"zone_id": "Z255", "waste_kg_day": 575.1, "population": 1278.0, "risk": "medium"}}, {"type": "Feature", "geometry": {"type": "Polygon", "coordinates": [[[74.78924472715045, 13.349359201424804], [74.78924472715045, 13.353859201424804], [74.79384472715044, 13.353859201424804], [74.79384472715044, 13.349359201424804], [74.78924472715045, 13.349359201424804]]]}, "properties": {"zone_id": "Z256", "waste_kg_day": 841.5, "population": 1870.0, "risk": "medium"}}, {"type": "Feature", "geometry": {"type": "Polygon", "coordinates": [[[74.78924472715045, 13.353859201424804], [74.78924472715045, 13.358359201424804], [74.79384472715044, 13.358359201424804], [74.79384472715044, 13.353859201424804], [74.78924472715045, 13.353859201424804]]]}, "properties": {"zone_id": "Z257", "waste_kg_day": 1102.5, "population": 2450.0, "risk": "high"}}, {"type": "Feature", "geometry": {"type": "Polygon", "coordinates": [[[74.78924472715045, 13.358359201424804], [74.78924472715045, 13.362859201424804], [74.79384472715044, 13.362859201424804], [74.79384472715044, 13.358359201424804], [74.78924472715045, 13.358359201424804]]]}, "properties": {"zone_id": "Z258", "waste_kg_day": 937.4, "population": 2083.0, "risk": "medium"}}, {"type": "Feature", "geometry": {"type": "Polygon", "coordinates": [[[74.78924472715045, 13.362859201424804], [74.78924472715045, 13.367359201424804], [74.79384472715044, 13.367359201424804], [74.79384472715044, 13.362859201424804], [74.78924472715045, 13.362859201424804]]]}, "properties": {"zone_id": "Z259", "waste_kg_day": 850.5, "population": 1890.0, "risk": "medium"}}, {"type": "Feature", "geometry": {"type": "Polygon", "coordinates": [[[74.78924472715045, 13.367359201424804], [74.78924472715045, 13.371859201424805], [74.79384472715044, 13.371859201424805], [74.79384472715044, 13.367359201424804], [74.78924472715045, 13.367359201424804]]]}, "properties": {"zone_id": "Z260", "waste_kg_day": 525.1, "population": 1167.0, "risk": "medium"}}, {"type": "Feature", "geometry": {"type": "Polygon", "coordinates": [[[74.78981816991144, 13.37425899516177], [74.79201983595163, 13.375131616755127], [74.79217307037443, 13.375220675588146], [74.79233744033706, 13.37531612288318], [74.7925144679941, 13.375418919265764], [74.79304969484514, 13.376114862865785], [74.79339805457327, 13.376245720773058], [74.79381897146091, 13.376359201424805], [74.79384472715044, 13.376359201424805], [74.79384472715044, 13.371859201424805], [74.78924472715045, 13.371859201424805], [74.78924472715045, 13.374122237045542], [74.78981816991144, 13.37425899516177]]]}, "properties": {"zone_id": "Z261", "waste_kg_day": 632.2, "population": 1405.0, "risk": "medium"}}, {"type": "Feature", "geometry": {"type": "Polygon", "coordinates": [[[74.79384472715044, 13.37636614524797], [74.79384472715044, 13.376359201424805], [74.79381897146091, 13.376359201424805], [74.79384472715044, 13.37636614524797]]]}, "properties": {"zone_id": "Z262", "waste_kg_day": 0.0, "population": 0.0, "risk": "low"}}, {"type": "Feature", "geometry": {"type": "Polygon", "coordinates": [[[74.7983441842511, 13.340626131352117], [74.79799003265163, 13.340625519423208], [74.7977674393839, 13.341140771156148], [74.7975390873794, 13.341272543249183], [74.79705665006472, 13.341431268113789], [74.79589408799326, 13.341726770090608], [74.7957357521037, 13.341767016109932], [74.79452190178745, 13.342073930788846], [74.79454145958825, 13.342025364406451], [74.79384472715044, 13.342414577697005], [74.79384472715044, 13.344859201424804], [74.79844472715044, 13.344859201424804], [74.79844472715044, 13.34050317673123], [74.7983441842511, 13.340626131352117]]]}, "properties": {"zone_id": "Z263", "waste_kg_day": 401.9, "population": 893.0, "risk": "medium"}}, {"type": "Feature", "geometry": {"type": "Polygon", "coordinates": [[[74.79384472715044, 13.344859201424804], [74.79384472715044, 13.349359201424804], [74.79844472715044, 13.349359201424804], [74.79844472715044, 13.344859201424804], [74.79384472715044, 13.344859201424804]]]}, "properties": {"zone_id": "Z264", "waste_kg_day": 815.0, "population": 1811.0, "risk": "medium"}}, {"type": "Feature", "geometry": {"type": "Polygon", "coordinates": [[[74.79384472715044, 13.349359201424804], [74.79384472715044, 13.353859201424804], [74.79844472715044, 13.353859201424804], [74.79844472715044, 13.349359201424804], [74.79384472715044, 13.349359201424804]]]}, "properties": {"zone_id": "Z265", "waste_kg_day": 1062.0, "population": 2360.0, "risk": "high"}}, {"type": "Feature", "geometry": {"type": "Polygon", "coordinates": [[[74.79384472715044, 13.353859201424804], [74.79384472715044, 13.358359201424804], [74.79844472715044, 13.358359201424804], [74.79844472715044, 13.353859201424804], [74.79384472715044, 13.353859201424804]]]}, "properties": {"zone_id": "Z266", "waste_kg_day": 968.0, "population": 2151.0, "risk": "medium"}}, {"type": "Feature", "geometry": {"type": "Polygon", "coordinates": [[[74.79384472715044, 13.358359201424804], [74.79384472715044, 13.362859201424804], [74.79844472715044, 13.362859201424804], [74.79844472715044, 13.358359201424804], [74.79384472715044, 13.358359201424804]]]}, "properties": {"zone_id": "Z267", "waste_kg_day": 937.8, "population": 2084.0, "risk": "medium"}}, {"type": "Feature", "geometry": {"type": "Polygon", "coordinates": [[[74.79384472715044, 13.362859201424804], [74.79384472715044, 13.367359201424804], [74.79844472715044, 13.367359201424804], [74.79844472715044, 13.362859201424804], [74.79384472715044, 13.362859201424804]]]}, "properties": {"zone_id": "Z268", "waste_kg_day": 941.9, "population": 2093.0, "risk": "medium"}}, {"type": "Feature", "geometry": {"type": "Polygon", "coordinates": [[[74.79384472715044, 13.367359201424804], [74.79384472715044, 13.371859201424805], [74.79844472715044, 13.371859201424805], [74.79844472715044, 13.367359201424804], [74.79384472715044, 13.367359201424804]]]}, "properties": {"zone_id": "Z269", "waste_kg_day": 705.6, "population": 1568.0, "risk": "medium"}}, {"type": "Feature", "geometry": {"type": "Polygon", "coordinates": [[[74.79384472715044, 13.371859201424805], [74.79384472715044, 13.376359201424805], [74.79844472715044, 13.376359201424805], [74.79844472715044, 13.371859201424805], [74.79384472715044, 13.371859201424805]]]}, "properties": {"zone_id": "Z270", "waste_kg_day": 660.1, "population": 1467.0, "risk": "medium"}}, {"type": "Feature", "geometry": {"type": "Polygon", "coordinates": [[[74.79480434059828, 13.376624860359396], [74.79541948623698, 13.376783676576984], [74.79548008046207, 13.376790202648653], [74.7966654843847, 13.376914002955198], [74.79781914334156, 13.37701404780244], [74.79788148122965, 13.37707283886592], [74.79844472715044, 13.377621956321027], [74.79844472715044, 13.376359201424805], [74.79384472715044, 13.376359201424805], [74.79384472715044, 13.37636614524797], [74.79480434059828, 13.376624860359396]]]}, "properties": {"zone_id": "Z271", "waste_kg_day": 110.2, "population": 245.0, "risk": "low"}}, {"type": "Feature", "geometry": {"type": "Polygon", "coordinates": [[[74.79859961378598, 13.34031376477196], [74.79856245916113, 13.340359201424803], [74.79870784271999, 13.340359201424803], [74.79859961378598, 13.34031376477196]]]}, "properties": {"zone_id": "Z272", "waste_kg_day": 0.0, "population": 0.0, "risk": "low"}}, {"type": "Feature", "geometry": {"type": "Polygon", "coordinates": [[[74.80303206604042, 13.342056496916086], [74.80290612958298, 13.341597979590237], [74.8024194578762, 13.34161515218874], [74.80235218072534, 13.341910011312814], [74.801916522431, 13.34204287534632], [74.80170957177263, 13.341847004710186], [74.80151162145559, 13.34174924767531], [74.80117414924223, 13.341732567653635], [74.80112292206779, 13.341730035386536], [74.80078917488972, 13.341713538623347], [74.80054282059348, 13.34170136102661], [74.80027399275124, 13.341688072260407], [74.80020589887543, 13.34168470637401], [74.80017032507324, 13.341300977412889], [74.80014947615331, 13.34128826270104], [74.80005048990026, 13.341266991928972], [74.79996701455077, 13.341249054638508], [74.79982553774393, 13.341218653574337], [74.79978392586129, 13.341065351580319], [74.79976667839436, 13.341054834277994], [74.79943296037904, 13.341037832102238], [74.79942046075386, 13.340801739813488], [74.79941323123488, 13.340665171740566], [74.79940979331859, 13.340600240775483], [74.79941247497398, 13.340589021244314], [74.79938660145147, 13.340584545572591], [74.7993293035539, 13.34057463494834], [74.79914511713193, 13.340542777333829], [74.79897519618434, 13.340471441711168], [74.79870784271999, 13.340359201424803], [74.79856245916113, 13.340359201424803], [74.79844472715044, 13.34050317673123], [74.79844472715044, 13.344859201424804], [74.80304472715044, 13.344859201424804], [74.80304472715044, 13.342058239376389], [74.80303206604042, 13.342056496916086]]]}, "properties": {"zone_id": "Z273", "waste_kg_day": 813.6, "population": 1808.0, "risk": "medium"}}, {"type": "Feature", "geometry": {"type": "Polygon", "coordinates": [[[74.79844472715044, 13.344859201424804], [74.79844472715044, 13.349359201424804], [74.80304472715044, 13.349359201424804], [74.80304472715044, 13.344859201424804], [74.79844472715044, 13.344859201424804]]]}, "properties": {"zone_id": "Z274", "waste_kg_day": 1086.8, "population": 2415.0, "risk": "high"}}, {"type": "Feature", "geometry": {"type": "Polygon", "coordinates": [[[74.79844472715044, 13.349359201424804], [74.79844472715044, 13.353859201424804], [74.80304472715044, 13.353859201424804], [74.80304472715044, 13.349359201424804], [74.79844472715044, 13.349359201424804]]]}, "properties": {"zone_id": "Z275", "waste_kg_day": 810.0, "population": 1800.0, "risk": "medium"}}, {"type": "Feature", "geometry": {"type": "Polygon", "coordinates": [[[74.79844472715044, 13.353859201424804], [74.79844472715044, 13.358359201424804], [74.80304472715044, 13.358359201424804], [74.80304472715044, 13.353859201424804], [74.79844472715044, 13.353859201424804]]]}, "properties": {"zone_id": "Z276", "waste_kg_day": 803.2, "population": 1785.0, "risk": "medium"}}, {"type": "Feature", "geometry": {"type": "Polygon", "coordinates": [[[74.79844472715044, 13.358359201424804], [74.79844472715044, 13.362859201424804], [74.80304472715044, 13.362859201424804], [74.80304472715044, 13.358359201424804], [74.79844472715044, 13.358359201424804]]]}, "properties": {"zone_id": "Z277", "waste_kg_day": 1007.6, "population": 2239.0, "risk": "high"}}, {"type": "Feature", "geometry": {"type": "Polygon", "coordinates": [[[74.79844472715044, 13.362859201424804], [74.79844472715044, 13.367359201424804], [74.80304472715044, 13.367359201424804], [74.80304472715044, 13.362859201424804], [74.79844472715044, 13.362859201424804]]]}, "properties": {"zone_id": "Z278", "waste_kg_day": 905.4, "population": 2012.0, "risk": "medium"}}, {"type": "Feature", "geometry": {"type": "Polygon", "coordinates": [[[74.79844472715044, 13.367359201424804], [74.79844472715044, 13.371859201424805], [74.80304472715044, 13.371859201424805], [74.80304472715044, 13.367359201424804], [74.79844472715044, 13.367359201424804]]]}, "properties": {"zone_id": "Z279", "waste_kg_day": 941.4, "population": 2092.0, "risk": "medium"}}, {"type": "Feature", "geometry": {"type": "Polygon", "coordinates": [[[74.79844472715044, 13.371859201424805], [74.79844472715044, 13.376359201424805], [74.80304472715044, 13.376359201424805], [74.80304472715044, 13.371859201424805], [74.79844472715044, 13.371859201424805]]]}, "properties": {"zone_id": "Z280", "waste_kg_day": 1005.8, "population": 2235.0, "risk": "high"}}, {"type": "Feature", "geometry": {"type": "Polygon", "coordinates": [[[74.79978973355219, 13.378933224570243], [74.80028162480134, 13.380433602068077], [74.80031865311642, 13.380859201424805], [74.80304472715044, 13.380859201424805], [74.80304472715044, 13.376359201424805], [74.79844472715044, 13.376359201424805], [74.79844472715044, 13.377621956321027], [74.79978973355219, 13.378933224570243]]]}, "properties": {"zone_id": "Z281", "waste_kg_day": 860.9, "population": 1913.0, "risk": "medium"}}, {"type": "Feature", "geometry": {"type": "Polygon", "coordinates": [[[74.80043033057068, 13.382142809728334], [74.80111485825718, 13.383630661716545], [74.80241922766523, 13.38430986156789], [74.80245493620852, 13.384328455323574], [74.80304472715044, 13.384038926608987], [74.80304472715044, 13.380859201424805], [74.80031865311642, 13.380859201424805], [74.80043033057068, 13.382142809728334]]]}, "properties": {"zone_id": "Z282", "waste_kg_day": 253.8, "population": 564.0, "risk": "low"}}, {"type": "Feature", "geometry": {"type": "Polygon", "coordinates": [[[74.80701640743568, 13.344146055193445], [74.80642696457083, 13.34476868788412], [74.806127146602, 13.3441709098155], [74.80491996183393, 13.343783109832895], [74.80473742645998, 13.342971295651504], [74.8046133772056, 13.342893492168992], [74.80449748432541, 13.342820803887715], [74.80445806487991, 13.342627663388546], [74.80445577974957, 13.342627199558077], [74.80442035978362, 13.342638357722311], [74.80441442580602, 13.342618818786775], [74.8043969010957, 13.342561118191105], [74.8043427640864, 13.342382870048008], [74.80429649059559, 13.342230511009218], [74.8041805699754, 13.34221455656892], [74.80415828259217, 13.342211490248435], [74.80304472715044, 13.342058239376389], [74.80304472715044, 13.344859201424804], [74.80764472715043, 13.344859201424804], [74.80764472715043, 13.344352379350486], [74.80701640743568, 13.344146055193445]]]}, "properties": {"zone_id": "Z283", "waste_kg_day": 221.8, "population": 493.0, "risk": "low"}}, {"type": "Feature", "geometry": {"type": "Polygon", "coordinates": [[[74.80304472715044, 13.344859201424804], [74.80304472715044, 13.349359201424804], [74.80764472715043, 13.349359201424804], [74.80764472715043, 13.344859201424804], [74.80304472715044, 13.344859201424804]]]}, "properties": {"zone_id": "Z284", "waste_kg_day": 522.9, "population": 1162.0, "risk": "medium"}}, {"type": "Feature", "geometry": {"type": "Polygon", "coordinates": [[[74.80304472715044, 13.349359201424804], [74.80304472715044, 13.353859201424804], [74.80764472715043, 13.353859201424804], [74.80764472715043, 13.349359201424804], [74.80304472715044, 13.349359201424804]]]}, "properties": {"zone_id": "Z285", "waste_kg_day": 856.4, "population": 1903.0, "risk": "medium"}}, {"type": "Feature", "geometry": {"type": "Polygon", "coordinates": [[[74.80304472715044, 13.353859201424804], [74.80304472715044, 13.358359201424804], [74.80764472715043, 13.358359201424804], [74.80764472715043, 13.353859201424804], [74.80304472715044, 13.353859201424804]]]}, "properties": {"zone_id": "Z286", "waste_kg_day": 483.3, "population": 1074.0, "risk": "medium"}}, {"type": "Feature", "geometry": {"type": "Polygon", "coordinates": [[[74.80304472715044, 13.358359201424804], [74.80304472715044, 13.362859201424804], [74.80764472715043, 13.362859201424804], [74.80764472715043, 13.358359201424804], [74.80304472715044, 13.358359201424804]]]}, "properties": {"zone_id": "Z287", "waste_kg_day": 778.5, "population": 1730.0, "risk": "medium"}}, {"type": "Feature", "geometry": {"type": "Polygon", "coordinates": [[[74.80304472715044, 13.362859201424804], [74.80304472715044, 13.367359201424804], [74.80764472715043, 13.367359201424804], [74.80764472715043, 13.362859201424804], [74.80304472715044, 13.362859201424804]]]}, "properties": {"zone_id": "Z288", "waste_kg_day": 831.6, "population": 1848.0, "risk": "medium"}}, {"type": "Feature", "geometry": {"type": "Polygon", "coordinates": [[[74.80304472715044, 13.367359201424804], [74.80304472715044, 13.371859201424805], [74.80764472715043, 13.371859201424805], [74.80764472715043, 13.367359201424804], [74.80304472715044, 13.367359201424804]]]}, "properties": {"zone_id": "Z289", "waste_kg_day": 655.6, "population": 1457.0, "risk": "medium"}}, {"type": "Feature", "geometry": {"type": "Polygon", "coordinates": [[[74.80304472715044, 13.371859201424805], [74.80304472715044, 13.376359201424805], [74.80764472715043, 13.376359201424805], [74.80764472715043, 13.371859201424805], [74.80304472715044, 13.371859201424805]]]}, "properties": {"zone_id": "Z290", "waste_kg_day": 864.9, "population": 1922.0, "risk": "medium"}}, {"type": "Feature", "geometry": {"type": "Polygon", "coordinates": [[[74.80701145657143, 13.380785396594058], [74.80726418821696, 13.380562169659957], [74.80764472715043, 13.380311145555083], [74.80764472715043, 13.376359201424805], [74.80304472715044, 13.376359201424805], [74.80304472715044, 13.380859201424805], [74.80692786261521, 13.380859201424805], [74.80701145657143, 13.380785396594058]]]}, "properties": {"zone_id": "Z291", "waste_kg_day": 474.3, "population": 1054.0, "risk": "medium"}}, {"type": "Feature", "geometry": {"type": "Polygon", "coordinates": [[[74.80381093937154, 13.383662792586383], [74.80487898311003, 13.382777994730354], [74.8054058650504, 13.382310279327296], [74.80645769986575, 13.381274306579737], [74.80692786261521, 13.380859201424805], [74.80304472715044, 13.380859201424805], [74.80304472715044, 13.384038926608987], [74.80381093937154, 13.383662792586383]]]}, "properties": {"zone_id": "Z292", "waste_kg_day": 158.4, "population": 352.0, "risk": "low"}}, {"type": "Feature", "geometry": {"type": "Polygon", "coordinates": [[[74.80851255457715, 13.344637351726922], [74.80764472715043, 13.344352379350486], [74.80764472715043, 13.344859201424804], [74.80892795208779, 13.344859201424804], [74.80851255457715, 13.344637351726922]]]}, "properties": {"zone_id": "Z293", "waste_kg_day": 17.6, "population": 39.0, "risk": "low"}}, {"type": "Feature", "geometry": {"type": "Polygon", "coordinates": [[[74.8112080460121, 13.34890966941939], [74.81087013326288, 13.347299910570808], [74.81074910438221, 13.34672489178859], [74.81045402309954, 13.345674224106064], [74.80892795208779, 13.344859201424804], [74.80764472715043, 13.344859201424804], [74.80764472715043, 13.349359201424804], [74.81224472715043, 13.349359201424804], [74.81224472715043, 13.348575157022909], [74.8112080460121, 13.34890966941939]]]}, "properties": {"zone_id": "Z294", "waste_kg_day": 487.8, "population": 1084.0, "risk": "medium"}}, {"type": "Feature", "geometry": {"type": "Polygon", "coordinates": [[[74.80764472715043, 13.349359201424804], [74.80764472715043, 13.353859201424804], [74.81224472715043, 13.353859201424804], [74.81224472715043, 13.349359201424804], [74.80764472715043, 13.349359201424804]]]}, "properties": {"zone_id": "Z295", "waste_kg_day": 545.9, "population": 1213.0, "risk": "medium"}}, {"type": "Feature", "geometry": {"type": "Polygon", "coordinates": [[[74.80764472715043, 13.353859201424804], [74.80764472715043, 13.358359201424804], [74.81224472715043, 13.358359201424804], [74.81224472715043, 13.353859201424804], [74.80764472715043, 13.353859201424804]]]}, "properties": {"zone_id": "Z296", "waste_kg_day": 817.6, "population": 1817.0, "risk": "medium"}}, {"type": "Feature", "geometry": {"type": "Polygon", "coordinates": [[[74.80764472715043, 13.358359201424804], [74.80764472715043, 13.362859201424804], [74.81224472715043, 13.362859201424804], [74.81224472715043, 13.358359201424804], [74.80764472715043, 13.358359201424804]]]}, "properties": {"zone_id": "Z297", "waste_kg_day": 988.2, "population": 2196.0, "risk": "medium"}}, {"type": "Feature", "geometry": {"type": "Polygon", "coordinates": [[[74.80764472715043, 13.362859201424804], [74.80764472715043, 13.367359201424804], [74.81224472715043, 13.367359201424804], [74.81224472715043, 13.362859201424804], [74.80764472715043, 13.362859201424804]]]}, "properties": {"zone_id": "Z298", "waste_kg_day": 607.1, "population": 1349.0, "risk": "medium"}}, {"type": "Feature", "geometry": {"type": "Polygon", "coordinates": [[[74.80764472715043, 13.367359201424804], [74.80764472715043, 13.371859201424805], [74.81224472715043, 13.371859201424805], [74.81224472715043, 13.367359201424804], [74.80764472715043, 13.367359201424804]]]}, "properties": {"zone_id": "Z299", "waste_kg_day": 887.0, "population": 1971.0, "risk": "medium"}}, {"type": "Feature", "geometry": {"type": "Polygon", "coordinates": [[[74.80764472715043, 13.371859201424805], [74.80764472715043, 13.376359201424805], [74.81224472715043, 13.376359201424805], [74.81224472715043, 13.371859201424805], [74.80764472715043, 13.371859201424805]]]}, "properties": {"zone_id": "Z300", "waste_kg_day": 517.1, "population": 1149.0, "risk": "medium"}}, {"type": "Feature", "geometry": {"type": "Polygon", "coordinates": [[[74.80805382673685, 13.3800412812956], [74.80914079521523, 13.379546257417255], [74.81224472715043, 13.379381585175699], [74.81224472715043, 13.376359201424805], [74.80764472715043, 13.376359201424805], [74.80764472715043, 13.380311145555083], [74.80805382673685, 13.3800412812956]]]}, "properties": {"zone_id": "Z301", "waste_kg_day": 356.4, "population": 792.0, "risk": "low"}}, {"type": "Feature", "geometry": {"type": "Polygon", "coordinates": [[[74.81369128959705, 13.34902932361158], [74.81321273009635, 13.348600589029031], [74.81259020786136, 13.348596023295391], [74.8125917520781, 13.348654444852093], [74.81259368577173, 13.348701182071098], [74.81224628676561, 13.348574653772108], [74.81224472715043, 13.348575157022909], [74.81224472715043, 13.349359201424804], [74.81346754601424, 13.349359201424804], [74.81369128959705, 13.34902932361158]]]}, "properties": {"zone_id": "Z302", "waste_kg_day": 37.4, "population": 83.0, "risk": "low"}}, {"type": "Feature", "geometry": {"type": "Polygon", "coordinates": [[[74.81661176114623, 13.353054640716323], [74.81629885458673, 13.35251077791217], [74.81465879954575, 13.35169095004388], [74.81329126729277, 13.351038071213093], [74.81286146065291, 13.350897348785082], [74.81343924441309, 13.34994527358057], [74.81339997568787, 13.349893915329002], [74.8132507162073, 13.34967888586739], [74.81346754601424, 13.349359201424804], [74.81224472715043, 13.349359201424804], [74.81224472715043, 13.353859201424804], [74.81684472715042, 13.353859201424804], [74.81684472715042, 13.353473229692634], [74.81661176114623, 13.353054640716323]]]}, "properties": {"zone_id": "Z303", "waste_kg_day": 455.4, "population": 1012.0, "risk": "medium"}}, {"type": "Feature", "geometry": {"type": "Polygon", "coordinates": [[[74.81224472715043, 13.353859201424804], [74.81224472715043, 13.358359201424804], [74.81684472715042, 13.358359201424804], [74.81684472715042, 13.353859201424804], [74.81224472715043, 13.353859201424804]]]}, "properties": {"zone_id": "Z304", "waste_kg_day": 896.9, "population": 1993.0, "risk": "medium"}}, {"type": "Feature", "geometry": {"type": "Polygon", "coordinates": [[[74.81224472715043, 13.358359201424804], [74.81224472715043, 13.362859201424804], [74.81684472715042, 13.362859201424804], [74.81684472715042, 13.358359201424804], [74.81224472715043, 13.358359201424804]]]}, "properties": {"zone_id": "Z305", "waste_kg_day": 958.1, "population": 2129.0, "risk": "medium"}}, {"type": "Feature", "geometry": {"type": "Polygon", "coordinates": [[[74.81224472715043, 13.362859201424804], [74.81224472715043, 13.367359201424804], [74.81684472715042, 13.367359201424804], [74.81684472715042, 13.362859201424804], [74.81224472715043, 13.362859201424804]]]}, "properties": {"zone_id": "Z306", "waste_kg_day": 1129.5, "population": 2510.0, "risk": "high"}}, {"type": "Feature", "geometry": {"type": "Polygon", "coordinates": [[[74.81660581626512, 13.371531518073319], [74.81658396154968, 13.371487438551423], [74.81645922499646, 13.371235538587447], [74.81684472715042, 13.370483076313226], [74.81684472715042, 13.367359201424804], [74.81224472715043, 13.367359201424804], [74.81224472715043, 13.371859201424805], [74.8167690006216, 13.371859201424805], [74.81660581626512, 13.371531518073319]]]}, "properties": {"zone_id": "Z307", "waste_kg_day": 802.4, "population": 1783.0, "risk": "medium"}}, {"type": "Feature", "geometry": {"type": "Polygon", "coordinates": [[[74.81683083603777, 13.37198337041285], [74.8167690006216, 13.371859201424805], [74.81224472715043, 13.371859201424805], [74.81224472715043, 13.376359201424805], [74.81684472715042, 13.376359201424805], [74.81684472715042, 13.372213053620856], [74.81683083603777, 13.37198337041285]]]}, "properties": {"zone_id": "Z308", "waste_kg_day": 680.4, "population": 1512.0, "risk": "medium"}}, {"type": "Feature", "geometry": {"type": "Polygon", "coordinates": [[[74.81352931756398, 13.379313434073389], [74.81451665240344, 13.379310957310775], [74.81565874232685, 13.37856058076631], [74.81684472715042, 13.37748659669144], [74.81684472715042, 13.376359201424805], [74.81224472715043, 13.376359201424805], [74.81224472715043, 13.379381585175699], [74.81352931756398, 13.379313434073389]]]}, "properties": {"zone_id": "Z309", "waste_kg_day": 567.0, "population": 1260.0, "risk": "medium"}}, {"type": "Feature", "geometry": {"type": "Polygon", "coordinates": [[[74.81684472715042, 13.353473229692634], [74.81684472715042, 13.353859201424804], [74.81705954000327, 13.353859201424804], [74.81684472715042, 13.353473229692634]]]}, "properties": {"zone_id": "Z310", "waste_kg_day": 0.9, "population": 2.0, "risk": "low"}}, {"type": "Feature", "geometry": {"type": "Polygon", "coordinates": [[[74.82140704613408, 13.35791372484381], [74.82096168454518, 13.35709810102276], [74.82087586957806, 13.356965989284806], [74.82076613581691, 13.356812009571335], [74.82059359442606, 13.3565559334171], [74.82045563194748, 13.356351816831085], [74.82035897344126, 13.356209113974927], [74.82144472715042, 13.355288046931404], [74.82144472715042, 13.3551464965427], [74.82139260954463, 13.355050235016696], [74.82100646037689, 13.354317137014181], [74.82094420004503, 13.354199611986777], [74.8209162264061, 13.354100074869875], [74.82089921246073, 13.354039616020238], [74.82089524081492, 13.354025512450322], [74.82087070445968, 13.353938424659646], [74.82085242212133, 13.353873605554993], [74.81922711739126, 13.354507422042047], [74.81882832988218, 13.354558808305383], [74.8175407113799, 13.354721817959325], [74.81744741643858, 13.354556130577851], [74.81705954000327, 13.353859201424804], [74.81684472715042, 13.353859201424804], [74.81684472715042, 13.358359201424804], [74.82144472715042, 13.358359201424804], [74.82144472715042, 13.357939207141866], [74.82140704613408, 13.35791372484381]]]}, "properties": {"zone_id": "Z311", "waste_kg_day": 618.8, "population": 1375.0, "risk": "medium"}}, {"type": "Feature", "geometry": {"type": "Polygon", "coordinates": [[[74.81684472715042, 13.358359201424804], [74.81684472715042, 13.362859201424804], [74.82144472715042, 13.362859201424804], [74.82144472715042, 13.358359201424804], [74.81684472715042, 13.358359201424804]]]}, "properties": {"zone_id": "Z312", "waste_kg_day": 512.6, "population": 1139.0, "risk": "medium"}}, {"type": "Feature", "geometry": {"type": "Polygon", "coordinates": [[[74.81684472715042, 13.362859201424804], [74.81684472715042, 13.367359201424804], [74.82144472715042, 13.367359201424804], [74.82144472715042, 13.362859201424804], [74.81684472715042, 13.362859201424804]]]}, "properties": {"zone_id": "Z313", "waste_kg_day": 475.7, "population": 1057.0, "risk": "medium"}}, {"type": "Feature", "geometry": {"type": "Polygon", "coordinates": [[[74.81690635497462, 13.37036278486408], [74.81802495593683, 13.369246417572787], [74.81973618825933, 13.368547559340316], [74.81989198232954, 13.36848511300602], [74.81996626858181, 13.368455396413434], [74.82144472715042, 13.36832152630928], [74.82144472715042, 13.367359201424804], [74.81684472715042, 13.367359201424804], [74.81684472715042, 13.370483076313226], [74.81690635497462, 13.37036278486408]]]}, "properties": {"zone_id": "Z314", "waste_kg_day": 397.4, "population": 883.0, "risk": "low"}}, {"type": "Feature", "geometry": {"type": "Polygon", "coordinates": [[[74.81754563854732, 13.37626842496549], [74.81740085245656, 13.374508154570728], [74.81688137434756, 13.372818998299966], [74.81684472715042, 13.372213053620856], [74.81684472715042, 13.376359201424805], [74.81751251597811, 13.376359201424805], [74.81754563854732, 13.37626842496549]]]}, "properties": {"zone_id": "Z315", "waste_kg_day": 83.7, "population": 186.0, "risk": "low"}}, {"type": "Feature", "geometry": {"type": "Polygon", "coordinates": [[[74.8169084930007, 13.377428852691391], [74.81743762185624, 13.376564457942258], [74.81751251597811, 13.376359201424805], [74.81684472715042, 13.376359201424805], [74.81684472715042, 13.37748659669144], [74.8169084930007, 13.377428852691391]]]}, "properties": {"zone_id": "Z316", "waste_kg_day": 18.4, "population": 41.0, "risk": "low"}}, {"type": "Feature", "geometry": {"type": "MultiPolygon", "coordinates": [[[[74.82145506521786, 13.357946198400104], [74.82144472715042, 13.357939207141866], [74.82144472715042, 13.358359201424804], [74.82196490426686, 13.358359201424804], [74.82145506521786, 13.357946198400104]]], [[[74.82149724412656, 13.355243495708102], [74.82144472715042, 13.3551464965427], [74.82144472715042, 13.355288046931404], [74.82149724412656, 13.355243495708102]]]]}, "properties": {"zone_id": "Z317", "waste_kg_day": 4.0, "population": 9.0, "risk": "low"}}, {"type": "Feature", "geometry": {"type": "Polygon", "coordinates": [[[74.82506068213046, 13.362837722330742], [74.82527459659866, 13.36279908347028], [74.82528196951961, 13.362517382697483], [74.82472791221846, 13.36243523997845], [74.82456492840826, 13.362130627102154], [74.82415131326282, 13.360248264461124], [74.82362963178089, 13.359707739752626], [74.82196490426686, 13.358359201424804], [74.82144472715042, 13.358359201424804], [74.82144472715042, 13.362859201424804], [74.82507067913718, 13.362859201424804], [74.82506068213046, 13.362837722330742]]]}, "properties": {"zone_id": "Z318", "waste_kg_day": 312.3, "population": 694.0, "risk": "low"}}, {"type": "Feature", "geometry": {"type": "Polygon", "coordinates": [[[74.8245401251105, 13.3673152145579], [74.82447941333426, 13.367168115586145], [74.82448453588542, 13.367125077218146], [74.82449070641896, 13.367073407682195], [74.82449525281034, 13.367035301554377], [74.82450879970052, 13.366922152290625], [74.82451351495871, 13.366882953050412], [74.82451766532803, 13.366848430158196], [74.82452107045968, 13.366820221975605], [74.82455020899427, 13.366603965560223], [74.82454191643754, 13.366522497548962], [74.82437480001663, 13.365933531978037], [74.82476392627424, 13.365731725240142], [74.82460254305859, 13.365207929771667], [74.82446604761905, 13.365217779113385], [74.82444101503792, 13.365032080147818], [74.8242059024056, 13.364836557278766], [74.8243438775401, 13.364606655435553], [74.8242678326515, 13.364491122793524], [74.82435140238768, 13.36427231529222], [74.82542469819592, 13.36394801513364], [74.8254271128015, 13.363947278032674], [74.82542706964203, 13.363946936199333], [74.82539740643774, 13.363846543040758], [74.82533947455849, 13.363644546893244], [74.82490947319059, 13.36308128941732], [74.8251107108339, 13.362945211627972], [74.82507067913718, 13.362859201424804], [74.82144472715042, 13.362859201424804], [74.82144472715042, 13.367359201424804], [74.82438673428835, 13.367359201424804], [74.8245401251105, 13.3673152145579]]]}, "properties": {"zone_id": "Z319", "waste_kg_day": 397.8, "population": 884.0, "risk": "low"}}, {"type": "Feature", "geometry": {"type": "Polygon", "coordinates": [[[74.82148384802193, 13.368317984028655], [74.82182282959793, 13.368194481924295], [74.82303016202464, 13.367748216639493], [74.82438673428835, 13.367359201424804], [74.82144472715042, 13.367359201424804], [74.82144472715042, 13.36832152630928], [74.82148384802193, 13.368317984028655]]]}, "properties": {"zone_id": "Z320", "waste_kg_day": 41.0, "population": 91.0, "risk": "low"}}], "total_structures": 11429, "estimated_population": 165401, "waste_per_day_kg": 72000, "zones": []}