{
"type": "FeatureCollection",
"name": "water_bodies",
"crs": { "type": "name", "properties": { "name": "urn:ogc:def:crs:OGC:1.3:CRS84" } },
"features": [
{ "type": "Feature", "properties": { "name": "Water Body 1", "type": "water", "source": "OpenStreetMap" }, "geometry": { "type": "Polygon", "coordinates": [ [ [ 74.7187691, 13.3241687 ], [ 74.7186619, 13.3247951 ], [ 74.7186189, 13.3253798 ], [ 74.7184258, 13.3256095 ], [ 74.7184044, 13.3260479 ], [ 74.718576, 13.3265073 ], [ 74.7189623, 13.3271754 ], [ 74.7191768, 13.3276139 ], [ 74.7193914, 13.3282403 ], [ 74.7194129, 13.3286997 ], [ 74.719327, 13.328992 ], [ 74.7192412, 13.3294931 ], [ 74.7189623, 13.3295975 ], [ 74.7186833, 13.3294722 ], [ 74.7186189, 13.3292008 ], [ 74.7182112, 13.3291173 ], [ 74.7179752, 13.3288041 ], [ 74.7179538, 13.3283447 ], [ 74.7180825, 13.3278018 ], [ 74.7179538, 13.3274678 ], [ 74.7175246, 13.3275095 ], [ 74.7174959, 13.3275766 ], [ 74.7174173, 13.3277601 ], [ 74.7169023, 13.3289502 ], [ 74.7170311, 13.3292634 ], [ 74.7177939, 13.3296779 ], [ 74.7183733, 13.3302207 ], [ 74.7188335, 13.3304536 ], [ 74.719091, 13.3304536 ], [ 74.7191125, 13.3308294 ], [ 74.7189193, 13.3313931 ], [ 74.7186189, 13.3315393 ], [ 74.7180299, 13.3315362 ], [ 74.7176533, 13.3314558 ], [ 74.7175675, 13.3312052 ], [ 74.7173529, 13.3311217 ], [ 74.7171169, 13.3309755 ], [ 74.7168809, 13.3306832 ], [ 74.7168165, 13.3304118 ], [ 74.7169882, 13.330036 ], [ 74.7166663, 13.329848 ], [ 74.7161942, 13.3298689 ], [ 74.7144607, 13.3294175 ], [ 74.7131472, 13.3290755 ], [ 74.7134906, 13.3272172 ], [ 74.7138983, 13.3261732 ], [ 74.7146278, 13.3245863 ], [ 74.7153359, 13.3235423 ], [ 74.7158724, 13.3221225 ], [ 74.7162157, 13.3211202 ], [ 74.7163659, 13.3201806 ], [ 74.7164517, 13.3188025 ], [ 74.7165161, 13.317842 ], [ 74.7172027, 13.3133735 ], [ 74.7176748, 13.3112227 ], [ 74.7181254, 13.3087588 ], [ 74.7186833, 13.3068794 ], [ 74.7188335, 13.306065 ], [ 74.7190266, 13.3049374 ], [ 74.7193485, 13.304478 ], [ 74.7194987, 13.3034339 ], [ 74.7196704, 13.3011369 ], [ 74.7196918, 13.3003434 ], [ 74.7197777, 13.2988817 ], [ 74.719842, 13.2982552 ], [ 74.7200781, 13.2967308 ], [ 74.7202712, 13.2958537 ], [ 74.7203999, 13.294204 ], [ 74.7206789, 13.2918442 ], [ 74.7207433, 13.2904033 ], [ 74.7212797, 13.2869367 ], [ 74.7217088, 13.2854749 ], [ 74.721902, 13.2841592 ], [ 74.7221809, 13.2835536 ], [ 74.7225242, 13.283115 ], [ 74.7227603, 13.2824885 ], [ 74.7231036, 13.2822379 ], [ 74.7233396, 13.2821335 ], [ 74.7237259, 13.2808387 ], [ 74.72364, 13.2801287 ], [ 74.7240477, 13.2791262 ], [ 74.72467, 13.278458 ], [ 74.7251635, 13.2779985 ], [ 74.7255927, 13.2776644 ], [ 74.7260336, 13.277703 ], [ 74.726451, 13.2777061 ], [ 74.7267943, 13.2773302 ], [ 74.7276097, 13.2765157 ], [ 74.7278028, 13.2755551 ], [ 74.7281891, 13.2748659 ], [ 74.7284853, 13.2744987 ], [ 74.7288578, 13.2744031 ], [ 74.7291332, 13.2742393 ], [ 74.7295725, 13.2746473 ], [ 74.7301632, 13.2750121 ], [ 74.7295838, 13.2755342 ], [ 74.7291761, 13.2764322 ], [ 74.7289186, 13.2776644 ], [ 74.7288972, 13.2782491 ], [ 74.7290688, 13.2787086 ], [ 74.7292834, 13.2792307 ], [ 74.7293478, 13.2798154 ], [ 74.7291219, 13.2801503 ], [ 74.7290736, 13.280474 ], [ 74.7290897, 13.2807141 ], [ 74.7292131, 13.2812049 ], [ 74.7291863, 13.2816435 ], [ 74.7294009, 13.2817531 ], [ 74.7296476, 13.2817635 ], [ 74.7298408, 13.2818784 ], [ 74.7301894, 13.2821186 ], [ 74.73064, 13.2824892 ], [ 74.7307795, 13.2827764 ], [ 74.7309083, 13.2833664 ], [ 74.7309029, 13.2838154 ], [ 74.7306186, 13.2840137 ], [ 74.7303235, 13.2841286 ], [ 74.7302705, 13.2842845 ], [ 74.7301573, 13.2845202 ], [ 74.7298628, 13.2848693 ], [ 74.7296053, 13.285099 ], [ 74.7298842, 13.2853287 ], [ 74.7303348, 13.2855375 ], [ 74.7310333, 13.2857432 ], [ 74.7316008, 13.2858717 ], [ 74.7312136, 13.2869025 ], [ 74.7308713, 13.2878138 ], [ 74.7301203, 13.2876885 ], [ 74.7294765, 13.2876885 ], [ 74.7285109, 13.2880435 ], [ 74.7275453, 13.288503 ], [ 74.7267729, 13.2889833 ], [ 74.7261506, 13.2894218 ], [ 74.7255069, 13.2896306 ], [ 74.72467, 13.2898812 ], [ 74.7238117, 13.2909671 ], [ 74.7237352, 13.2911857 ], [ 74.7235853, 13.291614 ], [ 74.7231373, 13.2928492 ], [ 74.7226744, 13.2938072 ], [ 74.7226744, 13.2948305 ], [ 74.7227603, 13.2959999 ], [ 74.7230607, 13.2977122 ], [ 74.7235113, 13.2989234 ], [ 74.7236218, 13.2996045 ], [ 74.72364, 13.2997169 ], [ 74.72364, 13.3003225 ], [ 74.7238975, 13.3009072 ], [ 74.7240906, 13.301471 ], [ 74.7240692, 13.3020557 ], [ 74.7232425, 13.3055124 ], [ 74.7226632, 13.3072038 ], [ 74.7220736, 13.3084664 ], [ 74.7215372, 13.3095522 ], [ 74.7214943, 13.3108469 ], [ 74.7215157, 13.311703 ], [ 74.7214084, 13.3123086 ], [ 74.7204214, 13.3140835 ], [ 74.7201854, 13.3146681 ], [ 74.7201854, 13.315566 ], [ 74.719842, 13.3190948 ], [ 74.7196435, 13.3198062 ], [ 74.7194461, 13.3205135 ], [ 74.71937, 13.3207861 ], [ 74.719091, 13.3223939 ], [ 74.7189434, 13.323227 ], [ 74.7189258, 13.323326 ], [ 74.7188764, 13.323605 ], [ 74.7188543, 13.3237211 ], [ 74.7187691, 13.3241687 ] ], [ [ 74.7224502, 13.289899 ], [ 74.7229223, 13.2898885 ], [ 74.7238879, 13.2894396 ], [ 74.7243814, 13.2892098 ], [ 74.724832, 13.2889175 ], [ 74.7253255, 13.2883119 ], [ 74.7257761, 13.2881239 ], [ 74.7266345, 13.2878107 ], [ 74.7282207, 13.286619 ], [ 74.728394, 13.2865159 ], [ 74.728328, 13.2863736 ], [ 74.7280936, 13.2862444 ], [ 74.7269563, 13.2857223 ], [ 74.7254757, 13.2855553 ], [ 74.7244029, 13.2857223 ], [ 74.7235446, 13.286328 ], [ 74.7227077, 13.2873095 ], [ 74.7224073, 13.2882388 ], [ 74.7222984, 13.2894956 ], [ 74.7224502, 13.289899 ] ], [ [ 74.7284455, 13.2828655 ], [ 74.7284728, 13.2826668 ], [ 74.7280163, 13.2818631 ], [ 74.7276945, 13.2812992 ], [ 74.7276409, 13.2808763 ], [ 74.7277803, 13.2803386 ], [ 74.7278876, 13.2797538 ], [ 74.7278452, 13.2794663 ], [ 74.727673, 13.2792526 ], [ 74.7271854, 13.2790695 ], [ 74.7267557, 13.2791638 ], [ 74.726171, 13.279545 ], [ 74.7257257, 13.2799313 ], [ 74.7257633, 13.2804952 ], [ 74.7261173, 13.2811374 ], [ 74.7270507, 13.2819362 ], [ 74.7278018, 13.2826149 ], [ 74.7281724, 13.2828234 ], [ 74.7284455, 13.2828655 ] ] ] } },
{ "type": "Feature", "properties": { "name": "Water Body 2", "type": "water", "source": "OpenStreetMap" }, "geometry": { "type": "MultiLineString", "coordinates": [ [ [ 74.9426548, 13.2576968 ], [ 74.9425358, 13.2576356 ], [ 74.9424068, 13.2576549 ], [ 74.9417323, 13.2579607 ], [ 74.9416298, 13.258054 ], [ 74.941567, 13.2583759 ], [ 74.9417389, 13.2591483 ], [ 74.9417191, 13.2592738 ], [ 74.9416463, 13.25938 ], [ 74.9415174, 13.2594186 ], [ 74.9411107, 13.25938 ], [ 74.9405982, 13.2589712 ], [ 74.9402907, 13.2585464 ], [ 74.9396365, 13.2586295 ], [ 74.9393793, 13.2585202 ], [ 74.9392344, 13.2581334 ], [ 74.9394214, 13.2574506 ], [ 74.9394724, 13.2570347 ], [ 74.9394591, 13.2568288 ], [ 74.9393236, 13.2566743 ], [ 74.9391384, 13.2567258 ], [ 74.938983, 13.2569317 ], [ 74.9387218, 13.257083 ], [ 74.937655, 13.2575294 ], [ 74.9375662, 13.2575476 ], [ 74.9374913, 13.257493 ], [ 74.9373931, 13.2571971 ], [ 74.9373604, 13.2564871 ], [ 74.9375521, 13.2561821 ], [ 74.9375381, 13.2559819 ], [ 74.9370331, 13.2553219 ], [ 74.9365748, 13.2552855 ], [ 74.9354198, 13.2550352 ], [ 74.9343958, 13.255149 ], [ 74.9331192, 13.2547803 ], [ 74.9324552, 13.2544025 ], [ 74.9317725, 13.2542341 ], [ 74.9306409, 13.2537198 ], [ 74.9303978, 13.2537016 ], [ 74.9300751, 13.2537198 ], [ 74.9286209, 13.2540338 ], [ 74.9276997, 13.2543843 ], [ 74.9260864, 13.2545664 ], [ 74.9256048, 13.2545436 ], [ 74.9252027, 13.2546164 ], [ 74.9248473, 13.2547803 ], [ 74.9246789, 13.2549714 ], [ 74.9245012, 13.2549487 ], [ 74.924029, 13.2545937 ], [ 74.923725, 13.2544935 ], [ 74.9233603, 13.2544253 ], [ 74.9228179, 13.2544571 ], [ 74.9224999, 13.25458 ], [ 74.922224, 13.2547712 ], [ 74.92221, 13.2552218 ], [ 74.9221398, 13.2552809 ], [ 74.921214, 13.2557315 ], [ 74.9207791, 13.2560001 ], [ 74.9206949, 13.2561639 ], [ 74.9207136, 13.256528 ], [ 74.9202227, 13.2573109 ], [ 74.9194932, 13.2576022 ], [ 74.9191705, 13.2576249 ], [ 74.9178051, 13.2573928 ], [ 74.917216, 13.2571789 ], [ 74.9165707, 13.2566555 ], [ 74.9162153, 13.2562186 ], [ 74.9153034, 13.2559182 ], [ 74.9151398, 13.2558135 ], [ 74.9149855, 13.2552673 ], [ 74.9150509, 13.2549032 ], [ 74.9152894, 13.2545664 ], [ 74.9156354, 13.2542341 ], [ 74.9160797, 13.2540293 ], [ 74.9161872, 13.2538745 ], [ 74.9165099, 13.2529506 ], [ 74.9166127, 13.2524909 ], [ 74.9170944, 13.2516853 ], [ 74.9174451, 13.2509297 ], [ 74.9177771, 13.250379 ], [ 74.917763, 13.2500285 ], [ 74.9176415, 13.2498965 ], [ 74.9171832, 13.249719 ], [ 74.916912, 13.2493503 ], [ 74.9167296, 13.2493549 ], [ 74.9165847, 13.2494595 ], [ 74.9161218, 13.2495915 ], [ 74.9155887, 13.2496553 ], [ 74.9151304, 13.249546 ], [ 74.9144945, 13.2495005 ], [ 74.914256, 13.2494095 ], [ 74.9139708, 13.2491182 ], [ 74.9138632, 13.2488269 ], [ 74.9138772, 13.2486448 ], [ 74.9141298, 13.2483535 ], [ 74.9141391, 13.2478756 ], [ 74.9140456, 13.2475342 ], [ 74.9136668, 13.2474614 ], [ 74.9129841, 13.2475752 ], [ 74.9126334, 13.2475069 ], [ 74.9124838, 13.2474022 ], [ 74.9119273, 13.2466193 ], [ 74.911946, 13.2463462 ], [ 74.9120255, 13.2461733 ], [ 74.9132226, 13.2454405 ], [ 74.9138585, 13.244917 ], [ 74.9146441, 13.2440977 ], [ 74.9150509, 13.2438474 ], [ 74.9154297, 13.2437245 ], [ 74.9156729, 13.2435788 ], [ 74.9158599, 13.2433558 ], [ 74.9159815, 13.2430963 ], [ 74.9159815, 13.2429143 ], [ 74.9156167, 13.2426139 ], [ 74.9152057, 13.2419744 ], [ 74.9146568, 13.2413693 ], [ 74.9143129, 13.2406484 ], [ 74.9142865, 13.2403909 ], [ 74.9145245, 13.2399789 ], [ 74.9146369, 13.2398888 ], [ 74.9147229, 13.2396442 ], [ 74.9147031, 13.2395154 ], [ 74.9142337, 13.2386444 ], [ 74.9142033, 13.2381501 ], [ 74.914329, 13.237912 ], [ 74.9142959, 13.237648 ], [ 74.9141769, 13.2375772 ], [ 74.9133446, 13.2375044 ], [ 74.9128209, 13.2373041 ], [ 74.9124562, 13.2372495 ], [ 74.9118951, 13.2372677 ], [ 74.9113246, 13.2373587 ], [ 74.9089678, 13.2378867 ], [ 74.9078274, 13.2376248 ], [ 74.9065254, 13.2369239 ], [ 74.9063431, 13.2366508 ], [ 74.9058006, 13.2363686 ], [ 74.9058287, 13.236273 ], [ 74.9057773, 13.236009 ], [ 74.9059549, 13.2353444 ], [ 74.9059596, 13.2351533 ], [ 74.90581, 13.2349166 ], [ 74.905429, 13.2348091 ], [ 74.9048471, 13.2344357 ], [ 74.9045892, 13.2343843 ], [ 74.9038088, 13.2345001 ], [ 74.9035377, 13.2343907 ], [ 74.9033658, 13.2340044 ], [ 74.9025458, 13.2331097 ], [ 74.9018911, 13.2326526 ], [ 74.900304, 13.2313136 ], [ 74.8994311, 13.2304446 ], [ 74.8990541, 13.2300197 ], [ 74.8983796, 13.2289962 ], [ 74.8976654, 13.2280305 ], [ 74.8975067, 13.2278825 ], [ 74.8972752, 13.2277473 ], [ 74.8961973, 13.2272194 ], [ 74.8952451, 13.2263825 ], [ 74.8949673, 13.2262087 ], [ 74.8946301, 13.2257967 ], [ 74.894306, 13.2255006 ], [ 74.8940614, 13.2250178 ], [ 74.8940084, 13.2246122 ], [ 74.8942477, 13.2239139 ], [ 74.8945376, 13.2235679 ], [ 74.8947808, 13.223049 ], [ 74.8947247, 13.2228669 ], [ 74.8946218, 13.2227121 ], [ 74.8942571, 13.222612 ], [ 74.8936211, 13.2226575 ], [ 74.8927888, 13.2225209 ], [ 74.8919565, 13.2221112 ], [ 74.8918629, 13.22192 ], [ 74.8917975, 13.2214011 ], [ 74.8918723, 13.2208093 ], [ 74.8918536, 13.2206272 ], [ 74.8917601, 13.2204634 ], [ 74.8915824, 13.2204452 ], [ 74.8902731, 13.2208549 ], [ 74.8899832, 13.2211098 ], [ 74.8894969, 13.221829 ], [ 74.8890667, 13.2221294 ], [ 74.8888796, 13.2221841 ], [ 74.8887019, 13.2221568 ], [ 74.8876171, 13.2213556 ], [ 74.8870653, 13.2206546 ], [ 74.886925, 13.2205271 ], [ 74.8851668, 13.2194437 ], [ 74.8843345, 13.2191615 ], [ 74.8830065, 13.2186243 ], [ 74.882249, 13.2184877 ], [ 74.881022, 13.2179332 ], [ 74.8806339, 13.2179605 ], [ 74.8804703, 13.2178831 ], [ 74.8802739, 13.2176782 ], [ 74.8802178, 13.2174916 ], [ 74.8802411, 13.217396 ], [ 74.8802131, 13.2173095 ], [ 74.8797689, 13.2168042 ], [ 74.8794369, 13.2164947 ], [ 74.8785065, 13.21506 ], [ 74.8782023, 13.2147317 ], [ 74.8781829, 13.2144683 ], [ 74.8784738, 13.2141657 ], [ 74.8786061, 13.2139275 ], [ 74.8786524, 13.2135412 ], [ 74.8785796, 13.2131292 ], [ 74.8784143, 13.2129039 ], [ 74.8785598, 13.2125305 ], [ 74.8783482, 13.2121829 ], [ 74.8779977, 13.2117966 ], [ 74.8776555, 13.2113787 ], [ 74.8775057, 13.2112176 ], [ 74.8766932, 13.2103446 ], [ 74.8764618, 13.2099261 ], [ 74.8753139, 13.208449 ], [ 74.8747915, 13.2080627 ], [ 74.8742426, 13.2077537 ], [ 74.8735615, 13.2074253 ], [ 74.8731052, 13.2071421 ], [ 74.8727084, 13.2068137 ], [ 74.8724505, 13.2062729 ], [ 74.8723249, 13.205539 ], [ 74.8716265, 13.2036069 ], [ 74.8712056, 13.2029969 ], [ 74.8708409, 13.2028967 ], [ 74.8704388, 13.2028967 ], [ 74.8700647, 13.2029513 ], [ 74.869915, 13.2030788 ], [ 74.8695877, 13.2036069 ], [ 74.8688247, 13.2041588 ], [ 74.867674, 13.2042554 ], [ 74.8672376, 13.2043777 ], [ 74.8666358, 13.2049443 ], [ 74.8659877, 13.2056331 ], [ 74.8657959, 13.2061224 ], [ 74.8656174, 13.2067727 ], [ 74.8656571, 13.2074937 ], [ 74.8657959, 13.2087813 ], [ 74.8660142, 13.2099209 ], [ 74.8661332, 13.2107835 ], [ 74.8660803, 13.2111891 ], [ 74.8659348, 13.2115625 ], [ 74.8655513, 13.2119424 ], [ 74.8642023, 13.2135599 ], [ 74.8639498, 13.2137784 ], [ 74.8630146, 13.2141699 ], [ 74.8609852, 13.2147434 ], [ 74.858909, 13.2158542 ], [ 74.8584975, 13.2162639 ], [ 74.8581795, 13.2171106 ], [ 74.8578709, 13.2177752 ], [ 74.8575623, 13.2182486 ], [ 74.8574314, 13.2183852 ], [ 74.856094, 13.2189224 ], [ 74.8549063, 13.2194777 ], [ 74.8542049, 13.2200968 ], [ 74.8536812, 13.2209435 ], [ 74.8534567, 13.2212439 ], [ 74.8532977, 13.2213623 ], [ 74.8528114, 13.2215808 ], [ 74.8523999, 13.2219814 ], [ 74.8517827, 13.2227552 ], [ 74.8502396, 13.2234927 ], [ 74.8495195, 13.224048 ], [ 74.8486778, 13.2250222 ], [ 74.8477893, 13.2262239 ], [ 74.8473124, 13.2266518 ], [ 74.8469944, 13.226761 ], [ 74.8465268, 13.2268248 ], [ 74.845152, 13.2265243 ], [ 74.8447499, 13.2265243 ], [ 74.8444259, 13.2267421 ], [ 74.8442805, 13.2269588 ], [ 74.8441888, 13.2271889 ], [ 74.8441794, 13.2288641 ], [ 74.8438427, 13.2295013 ], [ 74.8429917, 13.2299929 ], [ 74.8408127, 13.2305301 ], [ 74.8404292, 13.2305847 ], [ 74.8401112, 13.2307668 ], [ 74.8397099, 13.2313462 ], [ 74.8394156, 13.2318842 ], [ 74.8393537, 13.2324055 ], [ 74.8394566, 13.2327605 ], [ 74.84013, 13.2339895 ], [ 74.8401487, 13.2346996 ], [ 74.8395325, 13.2358824 ], [ 74.8393474, 13.2360755 ], [ 74.8391357, 13.23623 ], [ 74.8379586, 13.2367836 ], [ 74.8369006, 13.2370025 ], [ 74.8350622, 13.236745 ], [ 74.833356, 13.236333 ], [ 74.8326947, 13.236333 ], [ 74.832298, 13.2366291 ], [ 74.8319541, 13.2371827 ], [ 74.8316896, 13.2377621 ], [ 74.8314515, 13.238998 ], [ 74.8314647, 13.2404013 ], [ 74.8312928, 13.2408777 ], [ 74.8307902, 13.2410965 ], [ 74.8302479, 13.2411867 ], [ 74.8297454, 13.2410837 ], [ 74.8289251, 13.2406706 ], [ 74.8282112, 13.2403112 ], [ 74.8279334, 13.2402597 ], [ 74.8276689, 13.2402597 ], [ 74.8274044, 13.2403112 ], [ 74.8271663, 13.2404142 ], [ 74.8270605, 13.2409292 ], [ 74.8270473, 13.2411867 ], [ 74.8272589, 13.242075 ], [ 74.8271928, 13.2429376 ], [ 74.8270605, 13.2431693 ], [ 74.8266505, 13.2435169 ], [ 74.8263595, 13.2435684 ], [ 74.826095, 13.2435684 ], [ 74.8253544, 13.2433238 ], [ 74.8242698, 13.2428346 ], [ 74.8228018, 13.2425642 ], [ 74.8223448, 13.2425822 ], [ 74.8218972, 13.2427211 ], [ 74.8214259, 13.2430901 ], [ 74.8209825, 13.2435283 ], [ 74.8205133, 13.2439039 ], [ 74.8202454, 13.2440046 ], [ 74.8199774, 13.2440304 ], [ 74.8195734, 13.2440263 ], [ 74.8191374, 13.2439847 ], [ 74.8188605, 13.2438645 ], [ 74.8184705, 13.2436175 ], [ 74.8180705, 13.2432857 ], [ 74.8176834, 13.2430663 ], [ 74.8174188, 13.2430148 ], [ 74.8171543, 13.2430277 ], [ 74.8169163, 13.2431307 ], [ 74.8167421, 13.2433745 ], [ 74.8166577, 13.2437432 ], [ 74.8166002, 13.2440435 ], [ 74.8165555, 13.2444562 ], [ 74.8164557, 13.2449833 ], [ 74.8163848, 13.245586 ], [ 74.8162521, 13.2458362 ], [ 74.8161564, 13.2459723 ], [ 74.8159503, 13.2461381 ], [ 74.8153736, 13.2466942 ], [ 74.8148482, 13.247444 ], [ 74.8146841, 13.2477056 ], [ 74.8145457, 13.2480047 ], [ 74.8140066, 13.2491557 ], [ 74.8139933, 13.2494132 ], [ 74.8141256, 13.2496449 ], [ 74.8148927, 13.2499925 ], [ 74.8152498, 13.2500336 ], [ 74.8155863, 13.2500147 ], [ 74.8159383, 13.2500808 ], [ 74.8162285, 13.250147 ], [ 74.8164468, 13.2502514 ], [ 74.816665, 13.250456 ], [ 74.8168237, 13.2506748 ], [ 74.8171287, 13.2512929 ], [ 74.817369, 13.2516778 ], [ 74.8176768, 13.2522004 ], [ 74.8179284, 13.2527372 ], [ 74.8180669, 13.2531337 ], [ 74.8181364, 13.2533651 ], [ 74.8181544, 13.2535865 ], [ 74.8181595, 13.253919 ], [ 74.8181264, 13.2541942 ], [ 74.8180728, 13.2544393 ], [ 74.8179758, 13.2548294 ], [ 74.8179271, 13.2551053 ], [ 74.8179299, 13.2553913 ], [ 74.8179663, 13.255878 ], [ 74.8180081, 13.2562502 ], [ 74.8180706, 13.2566123 ], [ 74.8181878, 13.2571044 ], [ 74.8182998, 13.2576265 ], [ 74.8183895, 13.2581494 ], [ 74.8184637, 13.2586822 ], [ 74.8185754, 13.2592901 ], [ 74.8186363, 13.2596141 ], [ 74.8187282, 13.2598279 ], [ 74.8195614, 13.26154 ], [ 74.81958, 13.2617225 ], [ 74.8195471, 13.261895 ], [ 74.819495, 13.2620995 ], [ 74.8193362, 13.2623183 ], [ 74.8191114, 13.2624213 ], [ 74.8185956, 13.2624857 ], [ 74.81832, 13.262601 ], [ 74.8180753, 13.2627865 ], [ 74.8178637, 13.2630071 ], [ 74.8177785, 13.2632267 ], [ 74.817489, 13.264351 ], [ 74.8172201, 13.2651247 ], [ 74.8171209, 13.2653247 ], [ 74.8169473, 13.2655488 ], [ 74.8167481, 13.2658069 ], [ 74.8165753, 13.265996 ], [ 74.8162771, 13.2662646 ], [ 74.8155551, 13.2667872 ], [ 74.8150983, 13.2671755 ], [ 74.8148843, 13.2673958 ], [ 74.8146951, 13.2676723 ], [ 74.8146555, 13.2678523 ], [ 74.8146736, 13.2680483 ], [ 74.8147066, 13.2682097 ], [ 74.8147809, 13.2684033 ], [ 74.8149204, 13.2687688 ], [ 74.8149477, 13.2689596 ], [ 74.8149419, 13.2691343 ], [ 74.8148752, 13.2692617 ], [ 74.8147589, 13.269357 ], [ 74.8145181, 13.2694914 ], [ 74.8141847, 13.2696304 ], [ 74.81381, 13.2697212 ], [ 74.8123884, 13.2697713 ], [ 74.8111764, 13.2699116 ], [ 74.8105142, 13.2700474 ], [ 74.8100432, 13.2702251 ], [ 74.8095989, 13.2705022 ], [ 74.8092989, 13.2707324 ], [ 74.808981, 13.2710751 ], [ 74.8086511, 13.2714659 ], [ 74.8083344, 13.2719347 ], [ 74.8082389, 13.2721409 ], [ 74.8081344, 13.2723213 ], [ 74.8079386, 13.272408 ], [ 74.8077428, 13.2724341 ], [ 74.8067826, 13.2724988 ], [ 74.8063051, 13.272622 ], [ 74.8060691, 13.2727995 ], [ 74.8059135, 13.2730314 ], [ 74.8059135, 13.2733655 ], [ 74.8058116, 13.2736663 ], [ 74.8056131, 13.2738563 ], [ 74.8051035, 13.2740108 ], [ 74.8039877, 13.2741048 ], [ 74.803344, 13.2742301 ], [ 74.8024159, 13.274535 ], [ 74.8014503, 13.2749945 ], [ 74.8009934, 13.2753668 ], [ 74.8007888, 13.2756669 ], [ 74.8006152, 13.2760361 ], [ 74.8003828, 13.2767362 ], [ 74.8001092, 13.2774484 ], [ 74.7998142, 13.2784279 ], [ 74.7997445, 13.2793384 ], [ 74.7999322, 13.2801612 ], [ 74.8001522, 13.2807794 ], [ 74.80012, 13.2813746 ], [ 74.7998464, 13.281905 ], [ 74.7996211, 13.2821139 ], [ 74.7990417, 13.2821139 ], [ 74.7985375, 13.2818737 ], [ 74.7973412, 13.2809987 ], [ 74.7967368, 13.2803493 ], [ 74.7963205, 13.279762 ], [ 74.7959338, 13.2791867 ], [ 74.7955441, 13.2783965 ], [ 74.7953545, 13.2782688 ], [ 74.7951471, 13.278219 ], [ 74.7948877, 13.2781707 ], [ 74.7945839, 13.2782002 ], [ 74.7943576, 13.2782517 ], [ 74.7940957, 13.278407 ], [ 74.7939011, 13.2786604 ], [ 74.7937953, 13.2789917 ], [ 74.7935807, 13.2797122 ], [ 74.7935704, 13.2799845 ], [ 74.7936135, 13.2801704 ], [ 74.7937715, 13.2805891 ], [ 74.7939783, 13.281077 ], [ 74.7940753, 13.2814257 ], [ 74.7941216, 13.2816129 ], [ 74.7940878, 13.2817916 ], [ 74.7940024, 13.2819816 ], [ 74.793877, 13.2821803 ], [ 74.7937083, 13.2823855 ], [ 74.7934685, 13.2825821 ], [ 74.7931078, 13.2827787 ], [ 74.7926583, 13.2829105 ], [ 74.7921936, 13.2829991 ], [ 74.7916668, 13.2830271 ], [ 74.7899939, 13.2829609 ], [ 74.7894109, 13.283007 ], [ 74.7887212, 13.2831568 ], [ 74.7884045, 13.2831799 ], [ 74.7882239, 13.2831525 ], [ 74.7880345, 13.2830733 ], [ 74.7877034, 13.2827333 ], [ 74.7873279, 13.2823588 ], [ 74.7866502, 13.2816371 ], [ 74.7863187, 13.2814311 ], [ 74.786073, 13.2813842 ], [ 74.7857473, 13.281385 ], [ 74.7854055, 13.2814586 ], [ 74.7851036, 13.2816316 ], [ 74.7848779, 13.2818857 ], [ 74.7847962, 13.2820906 ], [ 74.7847233, 13.2823561 ], [ 74.7847037, 13.2827773 ], [ 74.7848218, 13.2831683 ], [ 74.7850496, 13.2835835 ], [ 74.7852997, 13.2839814 ], [ 74.7854847, 13.2842687 ], [ 74.7855639, 13.2843951 ], [ 74.7855898, 13.2845344 ], [ 74.7855673, 13.2846948 ], [ 74.7855004, 13.2848725 ], [ 74.7853313, 13.2851107 ], [ 74.7851356, 13.2853532 ], [ 74.7849713, 13.2855311 ], [ 74.7847892, 13.2857004 ], [ 74.7845584, 13.2857881 ], [ 74.7843266, 13.2857508 ], [ 74.7840771, 13.2856444 ], [ 74.7838453, 13.2854385 ], [ 74.783649, 13.2852585 ], [ 74.7831858, 13.2847817 ], [ 74.7826604, 13.2844088 ], [ 74.7819558, 13.2840412 ], [ 74.7812157, 13.2837601 ], [ 74.7804645, 13.2835093 ], [ 74.7797133, 13.2831374 ], [ 74.7793433, 13.282939 ], [ 74.7791494, 13.2828614 ], [ 74.7788667, 13.2828357 ], [ 74.778337, 13.2829418 ], [ 74.7779272, 13.2831128 ], [ 74.7774029, 13.2833717 ], [ 74.776892, 13.2836566 ], [ 74.7758518, 13.2842197 ], [ 74.7754903, 13.2843985 ], [ 74.7753732, 13.2844897 ], [ 74.7752562, 13.2845852 ], [ 74.7752369, 13.2847802 ], [ 74.7752487, 13.2849795 ], [ 74.7753297, 13.2851584 ], [ 74.7754818, 13.2853287 ], [ 74.7757245, 13.2855793 ], [ 74.7759762, 13.2859077 ], [ 74.776426, 13.2868005 ], [ 74.7768803, 13.287836 ], [ 74.7771419, 13.288608 ], [ 74.7773057, 13.28938 ], [ 74.7773131, 13.2899222 ], [ 74.7772858, 13.2902712 ], [ 74.7771607, 13.2906504 ], [ 74.7769765, 13.2910269 ], [ 74.7767601, 13.2912952 ], [ 74.7764903, 13.2915375 ], [ 74.7759762, 13.2918316 ], [ 74.7756613, 13.2919938 ], [ 74.7752132, 13.2921474 ], [ 74.7743486, 13.2923167 ], [ 74.7734218, 13.2924081 ], [ 74.7720709, 13.2925306 ], [ 74.7701603, 13.2923245 ], [ 74.7663837, 13.2912386 ], [ 74.7630149, 13.2897768 ], [ 74.7608809, 13.2888966 ], [ 74.759646, 13.2889833 ], [ 74.7587662, 13.2896306 ], [ 74.7584015, 13.2907374 ], [ 74.7575646, 13.2943084 ], [ 74.7571569, 13.2951855 ], [ 74.7563533, 13.2957879 ], [ 74.7540144, 13.295955 ], [ 74.7526412, 13.2961638 ], [ 74.7503666, 13.2961847 ], [ 74.7484666, 13.2962087 ], [ 74.747148, 13.2968947 ], [ 74.746397, 13.2971453 ], [ 74.7435528, 13.2967725 ], [ 74.7416977, 13.2964979 ], [ 74.7402697, 13.2958537 ], [ 74.7397762, 13.2946843 ], [ 74.7401839, 13.2925334 ], [ 74.7409993, 13.2900692 ], [ 74.7410851, 13.2890668 ], [ 74.7405058, 13.2881479 ], [ 74.7394329, 13.2877929 ], [ 74.7379523, 13.2885238 ], [ 74.7371798, 13.2892965 ], [ 74.7362571, 13.2895262 ], [ 74.7348313, 13.2893143 ], [ 74.7326308, 13.2879809 ], [ 74.7312136, 13.2869025 ], [ 74.7290377, 13.2856597 ], [ 74.7265057, 13.2849079 ], [ 74.7244887, 13.2852838 ], [ 74.722815, 13.2859938 ], [ 74.7219138, 13.2878733 ], [ 74.7218709, 13.2905464 ], [ 74.7217421, 13.2940129 ], [ 74.7217635, 13.2975212 ], [ 74.7215704, 13.3031176 ], [ 74.7208409, 13.305874 ], [ 74.7192959, 13.3110943 ], [ 74.7180514, 13.3160222 ], [ 74.7175793, 13.3196972 ], [ 74.7165064, 13.3250008 ], [ 74.7144607, 13.3294175 ], [ 74.7108416, 13.3358164 ], [ 74.7058634, 13.341746 ], [ 74.700499, 13.3447525 ], [ 74.6949396, 13.3474538 ] ], [ [ 74.8804703, 13.2178831 ], [ 74.8802778, 13.2178718 ], [ 74.8800284, 13.2178248 ], [ 74.8798862, 13.2176969 ], [ 74.8797145, 13.2174436 ], [ 74.879508, 13.2172974 ], [ 74.8792908, 13.2169788 ], [ 74.8790091, 13.2167203 ], [ 74.8787704, 13.2165297 ], [ 74.8786792, 13.2163182 ], [ 74.8786283, 13.2161694 ], [ 74.8787194, 13.215997 ], [ 74.8787194, 13.2158847 ], [ 74.8785907, 13.2157072 ], [ 74.8785183, 13.2156393 ], [ 74.8783547, 13.2156393 ], [ 74.8780704, 13.2157333 ], [ 74.8778665, 13.2156706 ], [ 74.8776922, 13.2155583 ], [ 74.8776332, 13.2152398 ], [ 74.8776975, 13.2148925 ], [ 74.8777539, 13.2145635 ], [ 74.877786, 13.2143206 ], [ 74.877719, 13.214023 ], [ 74.8777083, 13.2137018 ], [ 74.8777592, 13.2135086 ], [ 74.8777378, 13.2133597 ], [ 74.8776787, 13.2132814 ], [ 74.877668, 13.2131195 ], [ 74.8776734, 13.2127513 ], [ 74.8776224, 13.2125059 ], [ 74.8775393, 13.2123361 ], [ 74.8775393, 13.2121246 ], [ 74.8775902, 13.211887 ], [ 74.8775259, 13.2115867 ], [ 74.8775057, 13.2112176 ] ] ] } },
{ "type": "Feature", "properties": { "name": "Water Body 3", "type": "water", "source": "OpenStreetMap" }, "geometry": { "type": "Polygon", "coordinates": [ [ [ 74.7186189, 13.3253798 ], [ 74.7186619, 13.3247951 ], [ 74.7187691, 13.3241687 ], [ 74.7195308, 13.3243659 ], [ 74.7201844, 13.324553 ], [ 74.7205304, 13.3245405 ], [ 74.720673, 13.3244383 ], [ 74.7207266, 13.3241955 ], [ 74.7207239, 13.3239554 ], [ 74.7206542, 13.3235848 ], [ 74.7204792, 13.3231811 ], [ 74.7204557, 13.3229427 ], [ 74.7205254, 13.3228592 ], [ 74.720633, 13.322757 ], [ 74.7206842, 13.32257 ], [ 74.7208252, 13.3224951 ], [ 74.7210687, 13.3226074 ], [ 74.7213507, 13.3226199 ], [ 74.7214276, 13.3225326 ], [ 74.7214276, 13.3223829 ], [ 74.7215686, 13.3223455 ], [ 74.7217865, 13.3224078 ], [ 74.7218121, 13.32257 ], [ 74.7217865, 13.322757 ], [ 74.7217608, 13.322994 ], [ 74.7217512, 13.323329 ], [ 74.7218639, 13.323637 ], [ 74.7218746, 13.323958 ], [ 74.7218665, 13.3240624 ], [ 74.7216922, 13.3241877 ], [ 74.7214186, 13.3244644 ], [ 74.7211048, 13.3244383 ], [ 74.7209331, 13.3245061 ], [ 74.7209519, 13.3248768 ], [ 74.7209149, 13.3251266 ], [ 74.7209358, 13.3253126 ], [ 74.7209761, 13.3254927 ], [ 74.7209711, 13.3256917 ], [ 74.720945, 13.3258277 ], [ 74.7208893, 13.3260869 ], [ 74.7208235, 13.3264521 ], [ 74.7207883, 13.3267951 ], [ 74.7208071, 13.3269987 ], [ 74.7207347, 13.3271579 ], [ 74.720681, 13.3272727 ], [ 74.7205433, 13.3274713 ], [ 74.7205013, 13.3272806 ], [ 74.7205281, 13.3270065 ], [ 74.7206458, 13.326698 ], [ 74.7207373, 13.3264036 ], [ 74.720774, 13.326274 ], [ 74.7207868, 13.3261119 ], [ 74.7208339, 13.3257798 ], [ 74.7208232, 13.3256832 ], [ 74.7205308, 13.3256023 ], [ 74.7204395, 13.325484 ], [ 74.7206198, 13.3253338 ], [ 74.7205695, 13.3252041 ], [ 74.7203323, 13.3251717 ], [ 74.7199568, 13.3251821 ], [ 74.7197637, 13.3252161 ], [ 74.719305, 13.3252917 ], [ 74.718954, 13.3252264 ], [ 74.7186189, 13.3253798 ] ] ] } },
{ "type": "Feature", "properties": { "name": "Water Body 4", "type": "water", "source": "OpenStreetMap" }, "geometry": { "type": "Polygon", "coordinates": [ [ [ 74.7522421, 13.3411037 ], [ 74.7522891, 13.3410814 ], [ 74.7524717, 13.3411243 ], [ 74.752515, 13.341133 ], [ 74.7525583, 13.3411815 ], [ 74.7525724, 13.3412227 ], [ 74.752575, 13.3412645 ], [ 74.7525509, 13.3413454 ], [ 74.7525129, 13.3414604 ], [ 74.7524203, 13.3414393 ], [ 74.752188, 13.341382 ], [ 74.7522147, 13.3412884 ], [ 74.7521861, 13.3412742 ], [ 74.7522421, 13.3411037 ] ] ] } },
{ "type": "Feature", "properties": { "name": "Water Body 5", "type": "water", "source": "OpenStreetMap" }, "geometry": { "type": "Polygon", "coordinates": [ [ [ 74.711729, 13.3385603 ], [ 74.7116273, 13.3386196 ], [ 74.7115921, 13.3386501 ], [ 74.7114441, 13.33869 ], [ 74.7112818, 13.3387184 ], [ 74.7111913, 13.3386977 ], [ 74.7111031, 13.3387344 ], [ 74.7088742, 13.3407044 ], [ 74.708786, 13.3407779 ], [ 74.7085912, 13.3409496 ], [ 74.7083426, 13.3406655 ], [ 74.7081582, 13.3407804 ], [ 74.7081807, 13.3410554 ], [ 74.7081419, 13.341273 ], [ 74.7078854, 13.3416281 ], [ 74.7073916, 13.3422817 ], [ 74.7072617, 13.3420887 ], [ 74.7066489, 13.3425702 ], [ 74.706697, 13.342627 ], [ 74.7069781, 13.3429583 ], [ 74.7059602, 13.3440661 ], [ 74.7059007, 13.3441309 ], [ 74.7055049, 13.3445615 ], [ 74.7054606, 13.3446098 ], [ 74.7050584, 13.3450475 ], [ 74.7049512, 13.3449118 ], [ 74.7048891, 13.3449507 ], [ 74.7047061, 13.3450653 ], [ 74.7045686, 13.3449617 ], [ 74.7041734, 13.3444906 ], [ 74.7040844, 13.3445461 ], [ 74.7039067, 13.3446569 ], [ 74.7038454, 13.3446952 ], [ 74.7036171, 13.344833 ], [ 74.7033422, 13.344977 ], [ 74.703015, 13.345298 ], [ 74.7028806, 13.3453755 ], [ 74.7027274, 13.3452002 ], [ 74.7025196, 13.345072 ], [ 74.7024409, 13.3450657 ], [ 74.7021298, 13.3450552 ], [ 74.701296, 13.3453547 ], [ 74.7013504, 13.3455123 ], [ 74.7007243, 13.3456189 ], [ 74.7007088, 13.3457185 ], [ 74.7017388, 13.3483616 ], [ 74.6999449, 13.3489799 ], [ 74.6989557, 13.3463446 ], [ 74.6989461, 13.3463192 ], [ 74.6989322, 13.3462821 ], [ 74.6989281, 13.3462712 ], [ 74.6978498, 13.3466671 ], [ 74.6983401, 13.3479614 ], [ 74.6978542, 13.3481278 ], [ 74.6975694, 13.3474239 ], [ 74.6973654, 13.3469197 ], [ 74.6967316, 13.347178 ], [ 74.6953797, 13.3477887 ], [ 74.6949396, 13.3474538 ], [ 74.6945949, 13.34719 ], [ 74.6974617, 13.3457578 ], [ 74.6987921, 13.3447974 ], [ 74.7008305, 13.3430853 ], [ 74.7011739, 13.3428766 ], [ 74.7014957, 13.3428557 ], [ 74.7022897, 13.3423546 ], [ 74.703899, 13.3412063 ], [ 74.7051864, 13.3398074 ], [ 74.7073751, 13.3375734 ], [ 74.7083407, 13.3370096 ], [ 74.7091132, 13.336258 ], [ 74.709199, 13.3357778 ], [ 74.7093921, 13.335214 ], [ 74.7098428, 13.3342954 ], [ 74.7117096, 13.3318107 ], [ 74.712482, 13.330892 ], [ 74.7128254, 13.3298898 ], [ 74.7131472, 13.3290755 ], [ 74.7144607, 13.3294175 ], [ 74.7161942, 13.3298689 ], [ 74.7158724, 13.3301612 ], [ 74.7152715, 13.3306832 ], [ 74.7148853, 13.3312261 ], [ 74.7146922, 13.3319778 ], [ 74.7144991, 13.3324371 ], [ 74.7143059, 13.3330008 ], [ 74.7143918, 13.3333767 ], [ 74.7146707, 13.3336899 ], [ 74.715057, 13.3338569 ], [ 74.7156052, 13.3339373 ], [ 74.71597, 13.3340208 ], [ 74.7163015, 13.3340866 ], [ 74.7159367, 13.3343789 ], [ 74.7159367, 13.3347756 ], [ 74.7161513, 13.335047 ], [ 74.7162801, 13.3352767 ], [ 74.7160226, 13.335402 ], [ 74.7156149, 13.3352976 ], [ 74.7151857, 13.335214 ], [ 74.7148638, 13.335402 ], [ 74.7144991, 13.3355899 ], [ 74.7139626, 13.3357778 ], [ 74.7135978, 13.3357569 ], [ 74.7131043, 13.3363624 ], [ 74.7125679, 13.3368008 ], [ 74.7121602, 13.3370932 ], [ 74.7120314, 13.3373646 ], [ 74.7119869, 13.3375802 ], [ 74.7118088, 13.3377994 ], [ 74.7115159, 13.3379393 ], [ 74.7115175, 13.3381235 ], [ 74.7116125, 13.3383151 ], [ 74.7116892, 13.3384471 ], [ 74.711729, 13.3385603 ] ] ] } },
{ "type": "Feature", "properties": { "name": "Water Body 6", "type": "water", "source": "OpenStreetMap" }, "geometry": { "type": "Polygon", "coordinates": [ [ [ 74.7088037, 13.3407648 ], [ 74.7088742, 13.3407044 ], [ 74.7111031, 13.3387344 ], [ 74.7112193, 13.3387192 ], [ 74.7112751, 13.3387297 ], [ 74.7114494, 13.3386992 ], [ 74.7116103, 13.3386558 ], [ 74.7116505, 13.338621 ], [ 74.7117483, 13.3385639 ], [ 74.711874, 13.3384905 ], [ 74.7119812, 13.3383905 ], [ 74.7120751, 13.3383079 ], [ 74.7122002, 13.3382296 ], [ 74.7123387, 13.3381644 ], [ 74.7125667, 13.3381209 ], [ 74.7128679, 13.3381317 ], [ 74.7131789, 13.338147 ], [ 74.713389, 13.3382166 ], [ 74.7135186, 13.3382253 ], [ 74.7135767, 13.33806 ], [ 74.7135811, 13.3379296 ], [ 74.7136661, 13.3377643 ], [ 74.7137599, 13.3377121 ], [ 74.7139119, 13.3376686 ], [ 74.714113, 13.3376121 ], [ 74.7142202, 13.3374817 ], [ 74.7142649, 13.337399 ], [ 74.7142604, 13.3372686 ], [ 74.7142426, 13.3371425 ], [ 74.7142783, 13.3370512 ], [ 74.7143588, 13.3369772 ], [ 74.7144705, 13.3368598 ], [ 74.7144884, 13.3367033 ], [ 74.7144794, 13.3365554 ], [ 74.7144705, 13.3364206 ], [ 74.714475, 13.3361901 ], [ 74.7145643, 13.3362728 ], [ 74.7147029, 13.336425 ], [ 74.7147833, 13.3365946 ], [ 74.7148235, 13.336812 ], [ 74.7148191, 13.3368816 ], [ 74.7147699, 13.3369511 ], [ 74.7146314, 13.3370599 ], [ 74.7145286, 13.3371773 ], [ 74.7144526, 13.3372773 ], [ 74.7144213, 13.3374034 ], [ 74.7143141, 13.3376121 ], [ 74.7142292, 13.3377078 ], [ 74.7141219, 13.337773 ], [ 74.7139744, 13.3378121 ], [ 74.7138761, 13.3378861 ], [ 74.7137912, 13.337973 ], [ 74.7137286, 13.3380557 ], [ 74.7136616, 13.3381731 ], [ 74.7136258, 13.3383035 ], [ 74.713608, 13.3384818 ], [ 74.7137957, 13.3384818 ], [ 74.7139253, 13.3385514 ], [ 74.7140772, 13.3386471 ], [ 74.7142247, 13.3387384 ], [ 74.7143275, 13.338808 ], [ 74.7143677, 13.3388993 ], [ 74.714399, 13.3391732 ], [ 74.7144481, 13.3393298 ], [ 74.7144794, 13.3394863 ], [ 74.7145062, 13.3395776 ], [ 74.7145901, 13.3397169 ], [ 74.7146135, 13.339782 ], [ 74.7145912, 13.3398951 ], [ 74.7145465, 13.3400342 ], [ 74.7144928, 13.3402299 ], [ 74.7145643, 13.340443 ], [ 74.7146358, 13.3405778 ], [ 74.7146895, 13.3406691 ], [ 74.7147565, 13.340743 ], [ 74.7148146, 13.3408213 ], [ 74.7150828, 13.3408996 ], [ 74.7152079, 13.34093 ], [ 74.7153062, 13.3409735 ], [ 74.7154626, 13.3409257 ], [ 74.7155252, 13.3408822 ], [ 74.7155922, 13.3407996 ], [ 74.7157307, 13.3406832 ], [ 74.7158112, 13.3406213 ], [ 74.715914, 13.3406387 ], [ 74.716057, 13.3406952 ], [ 74.7161687, 13.3407691 ], [ 74.7162581, 13.3408343 ], [ 74.7163609, 13.3409474 ], [ 74.7164369, 13.3410692 ], [ 74.716486, 13.341204 ], [ 74.7165665, 13.341304 ], [ 74.7166201, 13.3414214 ], [ 74.7166201, 13.3415171 ], [ 74.7166156, 13.341691 ], [ 74.7165665, 13.3418997 ], [ 74.7165263, 13.3421084 ], [ 74.7165039, 13.3422432 ], [ 74.7164503, 13.342365 ], [ 74.716343, 13.342452 ], [ 74.7163162, 13.3425042 ], [ 74.7162894, 13.3426085 ], [ 74.7163207, 13.3426998 ], [ 74.7163252, 13.3428129 ], [ 74.7164682, 13.3429086 ], [ 74.7167006, 13.3429607 ], [ 74.7169821, 13.3430042 ], [ 74.7172905, 13.3430303 ], [ 74.7174826, 13.3429955 ], [ 74.7175854, 13.3429738 ], [ 74.717678, 13.3429631 ], [ 74.7177731, 13.342952 ], [ 74.717867, 13.3429868 ], [ 74.7179608, 13.3430216 ], [ 74.7182603, 13.3429607 ], [ 74.7183318, 13.3428607 ], [ 74.7183854, 13.342739 ], [ 74.7184167, 13.3426216 ], [ 74.7183943, 13.3424868 ], [ 74.7184658, 13.3422693 ], [ 74.7185865, 13.3421302 ], [ 74.7186848, 13.3420345 ], [ 74.7188993, 13.3420041 ], [ 74.7190915, 13.3419823 ], [ 74.7193105, 13.3419736 ], [ 74.7195742, 13.3419954 ], [ 74.7197529, 13.3420432 ], [ 74.7199004, 13.3421345 ], [ 74.7199451, 13.3422737 ], [ 74.7199943, 13.3424259 ], [ 74.7200479, 13.3425737 ], [ 74.7201149, 13.3426911 ], [ 74.7202222, 13.342739 ], [ 74.7203518, 13.3427607 ], [ 74.7204993, 13.3427433 ], [ 74.7206065, 13.3426737 ], [ 74.7207138, 13.3425563 ], [ 74.7207406, 13.3424346 ], [ 74.72083, 13.3422563 ], [ 74.7208568, 13.3421432 ], [ 74.7208434, 13.3420432 ], [ 74.7208925, 13.3419649 ], [ 74.7209953, 13.3418693 ], [ 74.7210624, 13.3418041 ], [ 74.7211383, 13.3417388 ], [ 74.7212858, 13.3417127 ], [ 74.7213439, 13.3417736 ], [ 74.7213797, 13.3418388 ], [ 74.7213886, 13.3419041 ], [ 74.721335, 13.3419389 ], [ 74.7212009, 13.3419867 ], [ 74.7210758, 13.3420476 ], [ 74.7210132, 13.3421215 ], [ 74.7209328, 13.3422128 ], [ 74.7208642, 13.3423312 ], [ 74.7208642, 13.3425605 ], [ 74.7207856, 13.3426455 ], [ 74.7206634, 13.3427729 ], [ 74.7205063, 13.3428408 ], [ 74.7203928, 13.3428493 ], [ 74.7202095, 13.3428323 ], [ 74.7200961, 13.3428408 ], [ 74.7200262, 13.3427304 ], [ 74.7199739, 13.342603 ], [ 74.7199128, 13.3424671 ], [ 74.7198167, 13.3423312 ], [ 74.7197906, 13.3421953 ], [ 74.7196596, 13.3421189 ], [ 74.719389, 13.3420934 ], [ 74.7191359, 13.3420934 ], [ 74.7189788, 13.3421104 ], [ 74.7188479, 13.3421104 ], [ 74.7187606, 13.3421359 ], [ 74.7186733, 13.3422293 ], [ 74.718586, 13.3424162 ], [ 74.7185075, 13.342603 ], [ 74.7185249, 13.3428153 ], [ 74.7184725, 13.3429937 ], [ 74.718263, 13.3431381 ], [ 74.7178964, 13.3431975 ], [ 74.7176961, 13.3432219 ], [ 74.7176171, 13.3432315 ], [ 74.7175363, 13.343228 ], [ 74.7173989, 13.343223 ], [ 74.7171545, 13.3432909 ], [ 74.7169625, 13.343274 ], [ 74.7167006, 13.3431975 ], [ 74.71643, 13.3431466 ], [ 74.7162729, 13.3430956 ], [ 74.7161769, 13.3430531 ], [ 74.7160547, 13.3428578 ], [ 74.7160634, 13.3427134 ], [ 74.7161769, 13.3425436 ], [ 74.7162205, 13.3423737 ], [ 74.7162205, 13.3422038 ], [ 74.7161944, 13.341983 ], [ 74.7162031, 13.3417112 ], [ 74.7161944, 13.3415414 ], [ 74.7161769, 13.3413375 ], [ 74.7160983, 13.3411592 ], [ 74.7159412, 13.3409893 ], [ 74.7157667, 13.3409554 ], [ 74.7155572, 13.3410743 ], [ 74.7153215, 13.3411507 ], [ 74.7149811, 13.3411847 ], [ 74.7147803, 13.3411252 ], [ 74.7144574, 13.3410403 ], [ 74.7142915, 13.3408534 ], [ 74.7141344, 13.3406836 ], [ 74.7140646, 13.3405307 ], [ 74.7139947, 13.3400806 ], [ 74.7141257, 13.3397748 ], [ 74.7140908, 13.3395115 ], [ 74.7140122, 13.3391888 ], [ 74.7138725, 13.3389425 ], [ 74.7136805, 13.338866 ], [ 74.713375, 13.3388066 ], [ 74.712991, 13.3388321 ], [ 74.7127204, 13.3388406 ], [ 74.7124149, 13.3388406 ], [ 74.7124061, 13.338951 ], [ 74.7122577, 13.3390699 ], [ 74.7119784, 13.3392652 ], [ 74.711734, 13.339537 ], [ 74.711645, 13.3396328 ], [ 74.7115682, 13.3397154 ], [ 74.7114896, 13.3399192 ], [ 74.7114896, 13.3402759 ], [ 74.7115071, 13.3405562 ], [ 74.7115507, 13.3409469 ], [ 74.7115944, 13.3415074 ], [ 74.7116991, 13.3415074 ], [ 74.711865, 13.3414734 ], [ 74.7122665, 13.3414649 ], [ 74.7126243, 13.3415159 ], [ 74.7129298, 13.3415754 ], [ 74.7131481, 13.3416263 ], [ 74.7132004, 13.3417707 ], [ 74.7128076, 13.3417367 ], [ 74.7126942, 13.3417027 ], [ 74.712441, 13.3416518 ], [ 74.7121792, 13.3417452 ], [ 74.7119086, 13.3418386 ], [ 74.711542, 13.3419236 ], [ 74.7111579, 13.342051 ], [ 74.7109484, 13.3421614 ], [ 74.710704, 13.3424586 ], [ 74.710608, 13.3426794 ], [ 74.7106429, 13.3429767 ], [ 74.710739, 13.3432145 ], [ 74.7109659, 13.3434268 ], [ 74.7112016, 13.3435372 ], [ 74.7113587, 13.3436731 ], [ 74.7116031, 13.343775 ], [ 74.7116642, 13.3439024 ], [ 74.7117253, 13.3441233 ], [ 74.7116904, 13.3443186 ], [ 74.7115856, 13.3444545 ], [ 74.7114373, 13.3446413 ], [ 74.7113587, 13.3448537 ], [ 74.7112452, 13.345032 ], [ 74.7112365, 13.3448621 ], [ 74.7112613, 13.3447272 ], [ 74.7112976, 13.3445989 ], [ 74.7113674, 13.3444545 ], [ 74.7114809, 13.3442422 ], [ 74.7114547, 13.3440468 ], [ 74.7113063, 13.3439619 ], [ 74.7109397, 13.343792 ], [ 74.7106168, 13.3436816 ], [ 74.7104422, 13.3437156 ], [ 74.7103811, 13.3440723 ], [ 74.7103025, 13.3443441 ], [ 74.7101716, 13.3447093 ], [ 74.7101018, 13.345083 ], [ 74.7102065, 13.3455671 ], [ 74.7103724, 13.3458134 ], [ 74.7105382, 13.3460936 ], [ 74.7107826, 13.3462465 ], [ 74.7110619, 13.3462975 ], [ 74.7112976, 13.3461531 ], [ 74.7114111, 13.3459832 ], [ 74.7114896, 13.3457709 ], [ 74.7116206, 13.3457369 ], [ 74.7117253, 13.3457624 ], [ 74.711865, 13.3458558 ], [ 74.7120578, 13.3459633 ], [ 74.7122403, 13.3461106 ], [ 74.7125545, 13.346187 ], [ 74.7127553, 13.3463739 ], [ 74.7127553, 13.3464758 ], [ 74.7128513, 13.3466542 ], [ 74.7128862, 13.3469684 ], [ 74.7128775, 13.3472232 ], [ 74.7128251, 13.347427 ], [ 74.7126593, 13.3476478 ], [ 74.7125458, 13.3478262 ], [ 74.7123363, 13.3480894 ], [ 74.7122228, 13.3482423 ], [ 74.712057, 13.3484037 ], [ 74.7119435, 13.3485056 ], [ 74.7118213, 13.3485311 ], [ 74.7117515, 13.3484377 ], [ 74.71183, 13.3482848 ], [ 74.7119959, 13.348081 ], [ 74.7122228, 13.3479875 ], [ 74.7123712, 13.3477243 ], [ 74.7124672, 13.3475714 ], [ 74.7126156, 13.3471722 ], [ 74.7126243, 13.3469429 ], [ 74.7126331, 13.3467731 ], [ 74.712572, 13.3465777 ], [ 74.7124323, 13.3464079 ], [ 74.7123014, 13.3463059 ], [ 74.7119522, 13.346221 ], [ 74.711638, 13.3462465 ], [ 74.7114198, 13.3463399 ], [ 74.7112452, 13.3465013 ], [ 74.711123, 13.3466796 ], [ 74.7109048, 13.3468835 ], [ 74.7107739, 13.3471977 ], [ 74.7108262, 13.3475374 ], [ 74.7108524, 13.3478516 ], [ 74.710931, 13.3481574 ], [ 74.7110445, 13.3483442 ], [ 74.7110968, 13.3487859 ], [ 74.7111579, 13.3490322 ], [ 74.7111929, 13.3493464 ], [ 74.7113762, 13.3497286 ], [ 74.7114111, 13.3498729 ], [ 74.7114023, 13.3499833 ], [ 74.7113587, 13.3501277 ], [ 74.71135, 13.3502551 ], [ 74.7113412, 13.3503825 ], [ 74.7115245, 13.3504589 ], [ 74.7116817, 13.3505184 ], [ 74.7119522, 13.3505269 ], [ 74.7122577, 13.3505184 ], [ 74.7124236, 13.3504929 ], [ 74.7125632, 13.350408 ], [ 74.7127029, 13.3503061 ], [ 74.7126593, 13.3501107 ], [ 74.712764, 13.349788 ], [ 74.7128426, 13.3495332 ], [ 74.7129124, 13.3493973 ], [ 74.7131306, 13.349236 ], [ 74.7133139, 13.3490746 ], [ 74.7135496, 13.3491086 ], [ 74.7138202, 13.3490406 ], [ 74.71389, 13.3489472 ], [ 74.7140995, 13.3488708 ], [ 74.7142391, 13.3487349 ], [ 74.714597, 13.34865 ], [ 74.7148065, 13.3486245 ], [ 74.7150335, 13.3485311 ], [ 74.7152255, 13.3485481 ], [ 74.7154786, 13.3485056 ], [ 74.7156619, 13.3484716 ], [ 74.7158889, 13.3483867 ], [ 74.716046, 13.3484037 ], [ 74.7162642, 13.3484037 ], [ 74.7165086, 13.3484292 ], [ 74.7166832, 13.3484546 ], [ 74.7168403, 13.348565 ], [ 74.7170498, 13.348616 ], [ 74.7172243, 13.3487094 ], [ 74.7174076, 13.3488368 ], [ 74.7176695, 13.3489302 ], [ 74.7178964, 13.3490067 ], [ 74.7181583, 13.3493039 ], [ 74.7183591, 13.3494058 ], [ 74.7185249, 13.3494823 ], [ 74.7187693, 13.3496097 ], [ 74.7189788, 13.3497795 ], [ 74.7192843, 13.3500173 ], [ 74.7195287, 13.3501787 ], [ 74.7196945, 13.3503825 ], [ 74.7197207, 13.3506033 ], [ 74.7197818, 13.3508751 ], [ 74.7197382, 13.3510874 ], [ 74.7196422, 13.3513337 ], [ 74.7195549, 13.3514526 ], [ 74.7194327, 13.3516394 ], [ 74.719293, 13.3518348 ], [ 74.7191621, 13.3519452 ], [ 74.7190661, 13.3520726 ], [ 74.7190661, 13.3522679 ], [ 74.7190486, 13.3524377 ], [ 74.7189875, 13.3525991 ], [ 74.7188479, 13.3527775 ], [ 74.7186558, 13.3528539 ], [ 74.7184202, 13.3527944 ], [ 74.7181845, 13.3527265 ], [ 74.7180797, 13.3526161 ], [ 74.7179052, 13.3523953 ], [ 74.7177655, 13.3522849 ], [ 74.7176957, 13.3520811 ], [ 74.7176957, 13.3518857 ], [ 74.7177393, 13.3516479 ], [ 74.7178004, 13.3515205 ], [ 74.7178528, 13.3513507 ], [ 74.7177568, 13.3511553 ], [ 74.7176433, 13.3510704 ], [ 74.7174775, 13.351011 ], [ 74.7172505, 13.3510195 ], [ 74.7170498, 13.3510364 ], [ 74.7169014, 13.3511384 ], [ 74.7167966, 13.3512997 ], [ 74.7167617, 13.3514356 ], [ 74.7168403, 13.3516734 ], [ 74.7169014, 13.3518602 ], [ 74.7170061, 13.3520811 ], [ 74.7171371, 13.3522169 ], [ 74.7173029, 13.3523358 ], [ 74.7175386, 13.3523273 ], [ 74.7177378, 13.3524193 ], [ 74.7177711, 13.3525487 ], [ 74.7177655, 13.3527555 ], [ 74.717764, 13.3529393 ], [ 74.7177254, 13.3531057 ], [ 74.7177044, 13.3532106 ], [ 74.7175909, 13.3533889 ], [ 74.7173815, 13.3536352 ], [ 74.7172156, 13.353839 ], [ 74.7170585, 13.3539919 ], [ 74.7169363, 13.3540683 ], [ 74.7166919, 13.3541278 ], [ 74.7165784, 13.3540683 ], [ 74.7164824, 13.3539155 ], [ 74.7164126, 13.3538305 ], [ 74.7162467, 13.353873 ], [ 74.7161682, 13.3540513 ], [ 74.716142, 13.3542552 ], [ 74.7161507, 13.354459 ], [ 74.7161333, 13.3546543 ], [ 74.7161682, 13.3548072 ], [ 74.7161682, 13.354994 ], [ 74.7161594, 13.3551384 ], [ 74.716142, 13.3552658 ], [ 74.7161507, 13.3554696 ], [ 74.7161594, 13.3556565 ], [ 74.7161856, 13.3557923 ], [ 74.7162816, 13.3559282 ], [ 74.7163689, 13.3559962 ], [ 74.7165086, 13.356166 ], [ 74.7166395, 13.3563359 ], [ 74.7166657, 13.3565312 ], [ 74.716657, 13.3566161 ], [ 74.716657, 13.3567265 ], [ 74.7166483, 13.3568284 ], [ 74.7166133, 13.3569813 ], [ 74.7166308, 13.3570832 ], [ 74.7167094, 13.3572446 ], [ 74.7167094, 13.3573719 ], [ 74.7167879, 13.3575418 ], [ 74.7168403, 13.3576692 ], [ 74.7169799, 13.3577116 ], [ 74.7171, 13.3576777 ], [ 74.7172527, 13.3575715 ], [ 74.7174164, 13.3576352 ], [ 74.7173291, 13.3577414 ], [ 74.7171763, 13.3578263 ], [ 74.7170345, 13.3578794 ], [ 74.7168054, 13.3577732 ], [ 74.7166963, 13.3576777 ], [ 74.7166199, 13.3574654 ], [ 74.7165435, 13.3572955 ], [ 74.7164999, 13.3570514 ], [ 74.7164671, 13.3568072 ], [ 74.7165108, 13.3565524 ], [ 74.7164671, 13.3563083 ], [ 74.7162707, 13.3560853 ], [ 74.7161289, 13.3559579 ], [ 74.7160525, 13.3558199 ], [ 74.7160198, 13.3555652 ], [ 74.7160416, 13.3553847 ], [ 74.7160307, 13.3551936 ], [ 74.715998, 13.3548857 ], [ 74.7160198, 13.354684 ], [ 74.7160089, 13.3542276 ], [ 74.7160198, 13.3540153 ], [ 74.7161725, 13.3537923 ], [ 74.7162598, 13.3536755 ], [ 74.7163908, 13.3536225 ], [ 74.7164999, 13.3536649 ], [ 74.7165762, 13.3537923 ], [ 74.7167508, 13.3538666 ], [ 74.7169036, 13.3538242 ], [ 74.7170781, 13.3536755 ], [ 74.71722, 13.3534951 ], [ 74.7173836, 13.3533889 ], [ 74.7174927, 13.3532509 ], [ 74.7175473, 13.3530917 ], [ 74.7175037, 13.3529006 ], [ 74.7174818, 13.3526989 ], [ 74.7172964, 13.3525184 ], [ 74.717089, 13.3524653 ], [ 74.7169145, 13.3522849 ], [ 74.7167617, 13.3520726 ], [ 74.7166744, 13.3518496 ], [ 74.7165435, 13.3515736 ], [ 74.7165544, 13.3512764 ], [ 74.7166526, 13.3510853 ], [ 74.7168163, 13.3509473 ], [ 74.7170345, 13.3508305 ], [ 74.7172854, 13.3507668 ], [ 74.7175364, 13.350788 ], [ 74.7177437, 13.3507668 ], [ 74.7178419, 13.3509473 ], [ 74.7180165, 13.3511171 ], [ 74.7181038, 13.3512127 ], [ 74.7181801, 13.3513825 ], [ 74.7182347, 13.3514887 ], [ 74.7180966, 13.3515766 ], [ 74.7178835, 13.3517425 ], [ 74.7179687, 13.352012 ], [ 74.7180966, 13.3523438 ], [ 74.7183097, 13.3525096 ], [ 74.718608, 13.3526548 ], [ 74.7187785, 13.3523023 ], [ 74.7188851, 13.3520535 ], [ 74.7189916, 13.3517425 ], [ 74.7192686, 13.35139 ], [ 74.7194178, 13.3511204 ], [ 74.7195244, 13.350685 ], [ 74.7194178, 13.350374 ], [ 74.7188211, 13.3500008 ], [ 74.7184802, 13.3497935 ], [ 74.7178409, 13.3493788 ], [ 74.7169143, 13.3489998 ], [ 74.716477, 13.3490263 ], [ 74.7160721, 13.3489641 ], [ 74.7158377, 13.3489019 ], [ 74.7153263, 13.3489226 ], [ 74.7149001, 13.3490677 ], [ 74.7144526, 13.3491922 ], [ 74.714069, 13.3492751 ], [ 74.7137067, 13.3494824 ], [ 74.713387, 13.3496898 ], [ 74.71311, 13.3499801 ], [ 74.7129608, 13.3502496 ], [ 74.712833, 13.3505399 ], [ 74.7126838, 13.3508302 ], [ 74.7121297, 13.3510997 ], [ 74.7117462, 13.3510168 ], [ 74.7113413, 13.350768 ], [ 74.7108511, 13.3505399 ], [ 74.7105741, 13.3502703 ], [ 74.7105528, 13.3500215 ], [ 74.7106167, 13.3497727 ], [ 74.7106167, 13.3493995 ], [ 74.7105528, 13.3490055 ], [ 74.7105741, 13.3485079 ], [ 74.7104462, 13.3481347 ], [ 74.7102696, 13.3477652 ], [ 74.7102331, 13.3474712 ], [ 74.7101053, 13.347098 ], [ 74.7100414, 13.3466625 ], [ 74.7099561, 13.3463515 ], [ 74.709402, 13.3461649 ], [ 74.7091889, 13.3463515 ], [ 74.7087201, 13.346082 ], [ 74.7087201, 13.345771 ], [ 74.708507, 13.3455843 ], [ 74.7085923, 13.3452941 ], [ 74.7088906, 13.3453148 ], [ 74.7092049, 13.3449416 ], [ 74.7092049, 13.3446305 ], [ 74.7092316, 13.3440085 ], [ 74.7093914, 13.3434901 ], [ 74.7097643, 13.3430754 ], [ 74.7098709, 13.3426867 ], [ 74.7100577, 13.3420877 ], [ 74.7100766, 13.3415074 ], [ 74.7098616, 13.3409898 ], [ 74.7097599, 13.3409047 ], [ 74.7093381, 13.3407168 ], [ 74.709054, 13.3407517 ], [ 74.7088797, 13.3407604 ], [ 74.7088037, 13.3407648 ] ] ] } },
{ "type": "Feature", "properties": { "name": "Water Body 7", "type": "water", "source": "OpenStreetMap" }, "geometry": { "type": "Polygon", "coordinates": [ [ [ 74.7396579, 13.3352418 ], [ 74.7397181, 13.3349457 ], [ 74.7400224, 13.335006 ], [ 74.7399571, 13.3353035 ], [ 74.7396579, 13.3352418 ] ] ] } },
{ "type": "Feature", "properties": { "name": "Water Body 8", "type": "water", "source": "OpenStreetMap" }, "geometry": { "type": "Polygon", "coordinates": [ [ [ 74.7527628, 13.3375324 ], [ 74.7527585, 13.337343 ], [ 74.7530016, 13.3373366 ], [ 74.7530203, 13.3375245 ], [ 74.7527628, 13.3375324 ] ] ] } },
{ "type": "Feature", "properties": { "name": "Water Body 9", "type": "water", "source": "OpenStreetMap" }, "geometry": { "type": "Polygon", "coordinates": [ [ [ 74.7256123, 13.3267489 ], [ 74.725682, 13.3263247 ], [ 74.7260342, 13.3263795 ], [ 74.7259646, 13.3268037 ], [ 74.7256123, 13.3267489 ] ] ] } },
{ "type": "Feature", "properties": { "name": "Water Body 10", "type": "water", "source": "OpenStreetMap" }, "geometry": { "type": "Polygon", "coordinates": [ [ [ 74.7371607, 13.3247906 ], [ 74.7370367, 13.3247728 ], [ 74.7370438, 13.3247461 ], [ 74.736998, 13.3247392 ], [ 74.7370143, 13.3246601 ], [ 74.737056, 13.324668 ], [ 74.7370631, 13.3246353 ], [ 74.7371891, 13.324661 ], [ 74.7371607, 13.3247906 ] ] ] } },
{ "type": "Feature", "properties": { "name": "Water Body 11", "type": "water", "source": "OpenStreetMap" }, "geometry": { "type": "LineString", "coordinates": [ [ 74.8195614, 13.26154 ], [ 74.81958, 13.2617225 ], [ 74.8195471, 13.261895 ], [ 74.819495, 13.2620995 ], [ 74.8193362, 13.2623183 ], [ 74.8191114, 13.2624213 ], [ 74.8185956, 13.2624857 ], [ 74.81832, 13.262601 ], [ 74.8180753, 13.2627865 ], [ 74.8178637, 13.2630071 ], [ 74.8177785, 13.2632267 ], [ 74.817489, 13.264351 ], [ 74.8172201, 13.2651247 ], [ 74.8171209, 13.2653247 ], [ 74.8169473, 13.2655488 ], [ 74.8167481, 13.2658069 ], [ 74.8165753, 13.265996 ], [ 74.8162771, 13.2662646 ], [ 74.8155551, 13.2667872 ], [ 74.8150983, 13.2671755 ], [ 74.8148843, 13.2673958 ], [ 74.8146951, 13.2676723 ], [ 74.8146555, 13.2678523 ], [ 74.8146736, 13.2680483 ], [ 74.8147066, 13.2682097 ], [ 74.8147809, 13.2684033 ], [ 74.8149204, 13.2687688 ], [ 74.8149477, 13.2689596 ], [ 74.8149419, 13.2691343 ], [ 74.8148752, 13.2692617 ], [ 74.8147589, 13.269357 ], [ 74.8145181, 13.2694914 ], [ 74.8141847, 13.2696304 ], [ 74.81381, 13.2697212 ], [ 74.8123884, 13.2697713 ], [ 74.8111764, 13.2699116 ], [ 74.8105142, 13.2700474 ], [ 74.8100432, 13.2702251 ], [ 74.8095989, 13.2705022 ], [ 74.8092989, 13.2707324 ], [ 74.808981, 13.2710751 ], [ 74.8086511, 13.2714659 ], [ 74.8083344, 13.2719347 ], [ 74.8082389, 13.2721409 ], [ 74.8081344, 13.2723213 ], [ 74.8079386, 13.272408 ], [ 74.8077428, 13.2724341 ], [ 74.8067826, 13.2724988 ], [ 74.8063051, 13.272622 ], [ 74.8060691, 13.2727995 ], [ 74.8059135, 13.2730314 ], [ 74.8059135, 13.2733655 ], [ 74.8058116, 13.2736663 ], [ 74.8056131, 13.2738563 ], [ 74.8051035, 13.2740108 ], [ 74.8039877, 13.2741048 ], [ 74.803344, 13.2742301 ], [ 74.8024159, 13.274535 ], [ 74.8014503, 13.2749945 ], [ 74.8009934, 13.2753668 ], [ 74.8007888, 13.2756669 ], [ 74.8006152, 13.2760361 ], [ 74.8003828, 13.2767362 ], [ 74.8001092, 13.2774484 ], [ 74.7998142, 13.2784279 ], [ 74.7997445, 13.2793384 ], [ 74.7999322, 13.2801612 ], [ 74.8001522, 13.2807794 ], [ 74.80012, 13.2813746 ], [ 74.7998464, 13.281905 ], [ 74.7996211, 13.2821139 ], [ 74.7990417, 13.2821139 ], [ 74.7985375, 13.2818737 ], [ 74.7973412, 13.2809987 ], [ 74.7967368, 13.2803493 ], [ 74.7963205, 13.279762 ], [ 74.7959338, 13.2791867 ], [ 74.7955441, 13.2783965 ], [ 74.7953545, 13.2782688 ], [ 74.7951471, 13.278219 ], [ 74.7948877, 13.2781707 ], [ 74.7945839, 13.2782002 ], [ 74.7943576, 13.2782517 ], [ 74.7940957, 13.278407 ], [ 74.7939011, 13.2786604 ], [ 74.7937953, 13.2789917 ], [ 74.7935807, 13.2797122 ], [ 74.7935704, 13.2799845 ], [ 74.7936135, 13.2801704 ], [ 74.7937715, 13.2805891 ], [ 74.7939783, 13.281077 ], [ 74.7940753, 13.2814257 ], [ 74.7941216, 13.2816129 ], [ 74.7940878, 13.2817916 ], [ 74.7940024, 13.2819816 ], [ 74.793877, 13.2821803 ], [ 74.7937083, 13.2823855 ], [ 74.7934685, 13.2825821 ], [ 74.7931078, 13.2827787 ], [ 74.7926583, 13.2829105 ], [ 74.7921936, 13.2829991 ], [ 74.7916668, 13.2830271 ], [ 74.7899939, 13.2829609 ], [ 74.7894109, 13.283007 ], [ 74.7887212, 13.2831568 ], [ 74.7884045, 13.2831799 ], [ 74.7882239, 13.2831525 ], [ 74.7880345, 13.2830733 ], [ 74.7877034, 13.2827333 ], [ 74.7873279, 13.2823588 ], [ 74.7866502, 13.2816371 ], [ 74.7863187, 13.2814311 ], [ 74.786073, 13.2813842 ], [ 74.7857473, 13.281385 ], [ 74.7854055, 13.2814586 ], [ 74.7851036, 13.2816316 ], [ 74.7848779, 13.2818857 ], [ 74.7847962, 13.2820906 ], [ 74.7847233, 13.2823561 ], [ 74.7847037, 13.2827773 ], [ 74.7848218, 13.2831683 ], [ 74.7850496, 13.2835835 ], [ 74.7852997, 13.2839814 ], [ 74.7854847, 13.2842687 ], [ 74.7855639, 13.2843951 ], [ 74.7855898, 13.2845344 ], [ 74.7855673, 13.2846948 ], [ 74.7855004, 13.2848725 ], [ 74.7853313, 13.2851107 ], [ 74.7851356, 13.2853532 ], [ 74.7849713, 13.2855311 ], [ 74.7847892, 13.2857004 ], [ 74.7845584, 13.2857881 ], [ 74.7843266, 13.2857508 ], [ 74.7840771, 13.2856444 ], [ 74.7838453, 13.2854385 ], [ 74.783649, 13.2852585 ], [ 74.7831858, 13.2847817 ], [ 74.7826604, 13.2844088 ], [ 74.7819558, 13.2840412 ], [ 74.7812157, 13.2837601 ], [ 74.7804645, 13.2835093 ], [ 74.7797133, 13.2831374 ], [ 74.7793433, 13.282939 ], [ 74.7791494, 13.2828614 ], [ 74.7788667, 13.2828357 ], [ 74.778337, 13.2829418 ], [ 74.7779272, 13.2831128 ], [ 74.7774029, 13.2833717 ], [ 74.776892, 13.2836566 ], [ 74.7758518, 13.2842197 ], [ 74.7754903, 13.2843985 ], [ 74.7753732, 13.2844897 ], [ 74.7752562, 13.2845852 ], [ 74.7752369, 13.2847802 ], [ 74.7752487, 13.2849795 ], [ 74.7753297, 13.2851584 ], [ 74.7754818, 13.2853287 ], [ 74.7757245, 13.2855793 ], [ 74.7759762, 13.2859077 ], [ 74.776426, 13.2868005 ], [ 74.7768803, 13.287836 ], [ 74.7771419, 13.288608 ], [ 74.7773057, 13.28938 ], [ 74.7773131, 13.2899222 ], [ 74.7772858, 13.2902712 ], [ 74.7771607, 13.2906504 ], [ 74.7769765, 13.2910269 ], [ 74.7767601, 13.2912952 ], [ 74.7764903, 13.2915375 ], [ 74.7759762, 13.2918316 ], [ 74.7756613, 13.2919938 ], [ 74.7752132, 13.2921474 ], [ 74.7743486, 13.2923167 ], [ 74.7734218, 13.2924081 ], [ 74.7720709, 13.2925306 ], [ 74.7701603, 13.2923245 ], [ 74.7663837, 13.2912386 ], [ 74.7630149, 13.2897768 ], [ 74.7608809, 13.2888966 ], [ 74.759646, 13.2889833 ], [ 74.7587662, 13.2896306 ], [ 74.7584015, 13.2907374 ], [ 74.7575646, 13.2943084 ], [ 74.7571569, 13.2951855 ], [ 74.7563533, 13.2957879 ], [ 74.7540144, 13.295955 ], [ 74.7526412, 13.2961638 ], [ 74.7503666, 13.2961847 ], [ 74.7484666, 13.2962087 ], [ 74.747148, 13.2968947 ], [ 74.746397, 13.2971453 ], [ 74.7435528, 13.2967725 ], [ 74.7416977, 13.2964979 ], [ 74.7402697, 13.2958537 ], [ 74.7397762, 13.2946843 ], [ 74.7401839, 13.2925334 ], [ 74.7409993, 13.2900692 ], [ 74.7410851, 13.2890668 ], [ 74.7405058, 13.2881479 ], [ 74.7394329, 13.2877929 ], [ 74.7379523, 13.2885238 ], [ 74.7371798, 13.2892965 ], [ 74.7362571, 13.2895262 ], [ 74.7348313, 13.2893143 ], [ 74.7326308, 13.2879809 ], [ 74.7312136, 13.2869025 ], [ 74.7290377, 13.2856597 ], [ 74.7265057, 13.2849079 ], [ 74.7244887, 13.2852838 ], [ 74.722815, 13.2859938 ], [ 74.7219138, 13.2878733 ], [ 74.7218709, 13.2905464 ], [ 74.7217421, 13.2940129 ], [ 74.7217635, 13.2975212 ], [ 74.7215704, 13.3031176 ], [ 74.7208409, 13.305874 ], [ 74.7192959, 13.3110943 ], [ 74.7180514, 13.3160222 ], [ 74.7175793, 13.3196972 ], [ 74.7165064, 13.3250008 ], [ 74.7144607, 13.3294175 ], [ 74.7108416, 13.3358164 ], [ 74.7058634, 13.341746 ], [ 74.700499, 13.3447525 ], [ 74.6949396, 13.3474538 ] ] } },
{ "type": "Feature", "properties": { "name": "Water Body 12", "type": "water", "source": "OpenStreetMap" }, "geometry": { "type": "Polygon", "coordinates": [ [ [ 74.708485, 13.4087267 ], [ 74.7085248, 13.4089857 ], [ 74.7087126, 13.4094882 ], [ 74.7090538, 13.4096944 ], [ 74.7090378, 13.4098582 ], [ 74.7088655, 13.409924 ], [ 74.7084835, 13.40983 ], [ 74.7082083, 13.4111643 ], [ 74.7093166, 13.4114659 ], [ 74.7106373, 13.4118249 ], [ 74.7110611, 13.4120097 ], [ 74.7114704, 13.4126979 ], [ 74.7115047, 13.4132887 ], [ 74.7119789, 13.413156 ], [ 74.7138836, 13.4114929 ], [ 74.7139956, 13.4112419 ], [ 74.7141069, 13.4111219 ], [ 74.7141324, 13.4110175 ], [ 74.7140788, 13.4108349 ], [ 74.7142437, 13.4104905 ], [ 74.7143483, 13.4103392 ], [ 74.714508, 13.4102128 ], [ 74.7146407, 13.4101487 ], [ 74.7146702, 13.4100626 ], [ 74.714986, 13.4100586 ], [ 74.7153798, 13.4098141 ], [ 74.7156009, 13.409713 ], [ 74.7155848, 13.4095982 ], [ 74.7155017, 13.4093868 ], [ 74.7155553, 13.4093712 ], [ 74.7156814, 13.4095486 ], [ 74.7157511, 13.4095225 ], [ 74.7158986, 13.4095538 ], [ 74.7160757, 13.4096999 ], [ 74.7164467, 13.4097637 ], [ 74.7174423, 13.4096575 ], [ 74.7185834, 13.4098848 ], [ 74.7196003, 13.409713 ], [ 74.7204281, 13.4091301 ], [ 74.7208142, 13.408383 ], [ 74.7211879, 13.4074425 ], [ 74.7213695, 13.4069175 ], [ 74.7217877, 13.4059431 ], [ 74.7221892, 13.4051554 ], [ 74.7227636, 13.404326 ], [ 74.7245732, 13.4030431 ], [ 74.7265461, 13.4019032 ], [ 74.7278383, 13.4007895 ], [ 74.7296613, 13.4011095 ], [ 74.7302695, 13.4016146 ], [ 74.730692, 13.4021574 ], [ 74.7311892, 13.4032452 ], [ 74.7316342, 13.4039378 ], [ 74.732527, 13.4040298 ], [ 74.7343782, 13.4039991 ], [ 74.7356959, 13.4032914 ], [ 74.7368333, 13.4022808 ], [ 74.7375142, 13.4014196 ], [ 74.738207, 13.4007543 ], [ 74.7385916, 13.4004072 ], [ 74.7391281, 13.3999376 ], [ 74.739407, 13.3996141 ], [ 74.7397819, 13.3990728 ], [ 74.7400587, 13.3988719 ], [ 74.7401231, 13.3984962 ], [ 74.740402, 13.39811 ], [ 74.7405651, 13.3974134 ], [ 74.7409813, 13.3966762 ], [ 74.7410864, 13.3964231 ], [ 74.7414405, 13.3960578 ], [ 74.7417948, 13.3957762 ], [ 74.7423603, 13.3955048 ], [ 74.7424029, 13.3950329 ], [ 74.7428569, 13.3943542 ], [ 74.7434236, 13.39358 ], [ 74.7436867, 13.3929467 ], [ 74.7434881, 13.3926067 ], [ 74.7435068, 13.3924671 ], [ 74.7435444, 13.3919817 ], [ 74.7437107, 13.3917469 ], [ 74.7436302, 13.391559 ], [ 74.7437268, 13.3912824 ], [ 74.7438126, 13.3910998 ], [ 74.7438287, 13.3909015 ], [ 74.7439097, 13.3907436 ], [ 74.7440063, 13.3906288 ], [ 74.7444541, 13.39003 ], [ 74.7447816, 13.3896541 ], [ 74.7451181, 13.3892723 ], [ 74.7454201, 13.389033 ], [ 74.7454655, 13.3886882 ], [ 74.7454947, 13.3885011 ], [ 74.7455871, 13.3883468 ], [ 74.7457786, 13.3882621 ], [ 74.7457057, 13.3879072 ], [ 74.7460596, 13.3870578 ], [ 74.746412, 13.3863054 ], [ 74.7465132, 13.3859043 ], [ 74.7465396, 13.3855234 ], [ 74.7466093, 13.3850754 ], [ 74.7467005, 13.3843844 ], [ 74.7467023, 13.3839006 ], [ 74.7470211, 13.3833305 ], [ 74.7472155, 13.3833578 ], [ 74.7472697, 13.3834556 ], [ 74.7474038, 13.3834661 ], [ 74.7474998, 13.3833578 ], [ 74.7476179, 13.3831125 ], [ 74.7476447, 13.382909 ], [ 74.7476661, 13.3827994 ], [ 74.7477573, 13.3826898 ], [ 74.747811, 13.382622 ], [ 74.7477681, 13.3824863 ], [ 74.7477037, 13.3823349 ], [ 74.7477198, 13.3822045 ], [ 74.7477842, 13.3820792 ], [ 74.7479719, 13.3818965 ], [ 74.7482938, 13.3816669 ], [ 74.7486215, 13.3814882 ], [ 74.7489643, 13.3812079 ], [ 74.7493296, 13.3810811 ], [ 74.7495115, 13.3809679 ], [ 74.7495603, 13.3810602 ], [ 74.7494155, 13.3812951 ], [ 74.7490716, 13.3815002 ], [ 74.7489643, 13.3817661 ], [ 74.7481495, 13.3820988 ], [ 74.7482031, 13.3824954 ], [ 74.7481334, 13.3828294 ], [ 74.7479075, 13.383076 ], [ 74.7477305, 13.3832325 ], [ 74.7478598, 13.3832834 ], [ 74.7480738, 13.3832273 ], [ 74.7485939, 13.383031 ], [ 74.7493242, 13.3828494 ], [ 74.7505299, 13.3824827 ], [ 74.7514505, 13.3823286 ], [ 74.7524084, 13.3824617 ], [ 74.7537382, 13.382567 ], [ 74.754881, 13.3827674 ], [ 74.7555218, 13.3827319 ], [ 74.7563002, 13.3823653 ], [ 74.7571043, 13.3821735 ], [ 74.7574964, 13.3819791 ], [ 74.7583438, 13.3814459 ], [ 74.7593527, 13.3811752 ], [ 74.7608369, 13.3807128 ], [ 74.7613144, 13.3805876 ], [ 74.761706, 13.3805041 ], [ 74.7620922, 13.3804049 ], [ 74.7622429, 13.3805964 ], [ 74.7621619, 13.3806711 ], [ 74.7620547, 13.380645 ], [ 74.7619527, 13.3806032 ], [ 74.7616148, 13.3807128 ], [ 74.7612393, 13.3808642 ], [ 74.7607296, 13.380932 ], [ 74.7602045, 13.3810714 ], [ 74.7601127, 13.3810781 ], [ 74.760043, 13.3811616 ], [ 74.7595665, 13.3814437 ], [ 74.7591418, 13.3815831 ], [ 74.7585512, 13.3818297 ], [ 74.7579095, 13.3820052 ], [ 74.7575442, 13.3823353 ], [ 74.757056, 13.3825023 ], [ 74.7565523, 13.3826367 ], [ 74.7560421, 13.3827841 ], [ 74.7562031, 13.382878 ], [ 74.756418, 13.3829137 ], [ 74.7568005, 13.3829627 ], [ 74.7573693, 13.3828558 ], [ 74.7580154, 13.3826494 ], [ 74.7586585, 13.3825916 ], [ 74.7593762, 13.3823102 ], [ 74.7602683, 13.3819964 ], [ 74.7604078, 13.3820225 ], [ 74.7610086, 13.3817981 ], [ 74.7618354, 13.3816672 ], [ 74.7623897, 13.3813655 ], [ 74.7629115, 13.3812027 ], [ 74.7633856, 13.3810796 ], [ 74.7647913, 13.3807411 ], [ 74.7654007, 13.3803208 ], [ 74.7658887, 13.3802472 ], [ 74.7664501, 13.3801763 ], [ 74.7670306, 13.3800673 ], [ 74.7679668, 13.3798295 ], [ 74.7685465, 13.3796856 ], [ 74.7690676, 13.3796076 ], [ 74.7696212, 13.3795552 ], [ 74.7702803, 13.3794567 ], [ 74.7713064, 13.3796262 ], [ 74.7723812, 13.3798947 ], [ 74.7726958, 13.379949 ], [ 74.7736969, 13.3794962 ], [ 74.774346, 13.3791726 ], [ 74.7750182, 13.3790637 ], [ 74.7756916, 13.3790664 ], [ 74.7763518, 13.3792019 ], [ 74.7768309, 13.3796512 ], [ 74.7771477, 13.3797376 ], [ 74.777456, 13.3796978 ], [ 74.7778823, 13.3796033 ], [ 74.7785931, 13.3797541 ], [ 74.7790398, 13.3791397 ], [ 74.7795607, 13.3784143 ], [ 74.779805, 13.3779977 ], [ 74.7797739, 13.3775865 ], [ 74.7798861, 13.3773843 ], [ 74.7802579, 13.3766346 ], [ 74.7810957, 13.3754768 ], [ 74.7820039, 13.374883 ], [ 74.7823382, 13.3746644 ], [ 74.7834765, 13.3744225 ], [ 74.7845031, 13.3743075 ], [ 74.7856997, 13.3736863 ], [ 74.7868248, 13.3730998 ], [ 74.7876649, 13.3730496 ], [ 74.7881877, 13.3731115 ], [ 74.7889168, 13.3732344 ], [ 74.7896184, 13.3734576 ], [ 74.790038, 13.3736677 ], [ 74.7905289, 13.3742027 ], [ 74.7912855, 13.3744887 ], [ 74.792025, 13.3748116 ], [ 74.7929475, 13.3752166 ], [ 74.7945492, 13.3758301 ], [ 74.7957714, 13.3762815 ], [ 74.7964806, 13.3764572 ], [ 74.7968762, 13.3763309 ], [ 74.7978063, 13.3764053 ], [ 74.7983137, 13.3765027 ], [ 74.7987985, 13.3767506 ], [ 74.7990579, 13.3771094 ], [ 74.7996067, 13.3776224 ], [ 74.8001476, 13.3780081 ], [ 74.8004505, 13.3789594 ], [ 74.80077, 13.3807644 ], [ 74.8008705, 13.382245 ], [ 74.8011334, 13.3827395 ], [ 74.8016109, 13.3831897 ], [ 74.8020582, 13.3833112 ], [ 74.8030454, 13.3828823 ], [ 74.8037964, 13.3824439 ], [ 74.804483, 13.3819847 ], [ 74.8054057, 13.3815045 ], [ 74.8061782, 13.3811079 ], [ 74.8063928, 13.380753 ], [ 74.8069721, 13.3802729 ], [ 74.8074871, 13.3797719 ], [ 74.8077875, 13.3794588 ], [ 74.8086673, 13.3789995 ], [ 74.8096212, 13.3788735 ], [ 74.8107713, 13.3788959 ], [ 74.8118791, 13.379054 ], [ 74.8128602, 13.3790718 ], [ 74.8138988, 13.3788322 ], [ 74.8149405, 13.3784351 ], [ 74.8159414, 13.3777052 ], [ 74.8165799, 13.3770646 ], [ 74.8167918, 13.3763507 ], [ 74.8167832, 13.3753565 ], [ 74.8167505, 13.3747829 ], [ 74.8165815, 13.3732167 ], [ 74.8164839, 13.3724918 ], [ 74.8164533, 13.3722423 ], [ 74.8158916, 13.3718989 ], [ 74.8155945, 13.3715957 ], [ 74.8155301, 13.3712606 ], [ 74.815646, 13.3708134 ], [ 74.8159914, 13.3702429 ], [ 74.8163079, 13.3697837 ], [ 74.8168884, 13.3691589 ], [ 74.8176641, 13.36897 ], [ 74.8183448, 13.3687284 ], [ 74.8189215, 13.3686553 ], [ 74.8205018, 13.368195 ], [ 74.8223225, 13.3675692 ], [ 74.8243159, 13.3670478 ], [ 74.8256903, 13.3665463 ], [ 74.8263372, 13.3662451 ], [ 74.827526, 13.3654184 ], [ 74.8283924, 13.3648668 ], [ 74.8290173, 13.3643855 ], [ 74.8297973, 13.3636585 ], [ 74.8306105, 13.3631178 ], [ 74.8319918, 13.3627162 ], [ 74.8319959, 13.3644955 ], [ 74.8305952, 13.3646803 ], [ 74.8288804, 13.3657016 ], [ 74.827314, 13.3667245 ], [ 74.8256812, 13.3675165 ], [ 74.8234067, 13.368149 ], [ 74.8213564, 13.3691271 ], [ 74.8201092, 13.3695243 ], [ 74.8195722, 13.3696584 ], [ 74.8188136, 13.3696052 ], [ 74.8180052, 13.3697758 ], [ 74.8174945, 13.3707215 ], [ 74.8173658, 13.3712752 ], [ 74.817406, 13.372341 ], [ 74.8175348, 13.3732282 ], [ 74.8182402, 13.3753189 ], [ 74.8183239, 13.3761623 ], [ 74.8179924, 13.3768913 ], [ 74.8173576, 13.3774965 ], [ 74.8162848, 13.3787281 ], [ 74.8153406, 13.379417 ], [ 74.8149196, 13.3797466 ], [ 74.8143918, 13.379887 ], [ 74.8136418, 13.3798718 ], [ 74.8128361, 13.3798348 ], [ 74.8111801, 13.3800868 ], [ 74.8103245, 13.3802528 ], [ 74.8099661, 13.3801171 ], [ 74.8095563, 13.3801138 ], [ 74.8090949, 13.3801568 ], [ 74.8085397, 13.3804991 ], [ 74.8073798, 13.3811497 ], [ 74.8061212, 13.3822562 ], [ 74.8046594, 13.3838323 ], [ 74.8040159, 13.3841483 ], [ 74.8038941, 13.3844557 ], [ 74.802943, 13.3849933 ], [ 74.8024139, 13.3851013 ], [ 74.80201, 13.3850415 ], [ 74.801454, 13.3847025 ], [ 74.8009076, 13.3838734 ], [ 74.8004371, 13.3833958 ], [ 74.8003225, 13.3828256 ], [ 74.8000102, 13.3816996 ], [ 74.7993925, 13.3800222 ], [ 74.7988114, 13.378564 ], [ 74.7982811, 13.3777442 ], [ 74.7974849, 13.3772986 ], [ 74.7964188, 13.3772419 ], [ 74.7945722, 13.3771856 ], [ 74.7930369, 13.3770256 ], [ 74.7924251, 13.3766861 ], [ 74.7919646, 13.3761072 ], [ 74.790953, 13.375633 ], [ 74.7888843, 13.3748744 ], [ 74.7871667, 13.374553 ], [ 74.7859222, 13.3746992 ], [ 74.7846776, 13.3751167 ], [ 74.7833108, 13.3759256 ], [ 74.7827705, 13.3764264 ], [ 74.7819307, 13.3772047 ], [ 74.7808672, 13.3791152 ], [ 74.7802834, 13.380244 ], [ 74.7796944, 13.3808408 ], [ 74.7792795, 13.3811776 ], [ 74.7788385, 13.3814972 ], [ 74.7777003, 13.382365 ], [ 74.7771457, 13.3826492 ], [ 74.7762545, 13.3829786 ], [ 74.7754694, 13.3830404 ], [ 74.7746413, 13.3828246 ], [ 74.7741235, 13.3826125 ], [ 74.7739285, 13.382391 ], [ 74.7739792, 13.3822117 ], [ 74.7738878, 13.3821372 ], [ 74.7737545, 13.3821557 ], [ 74.773501, 13.3820872 ], [ 74.7730069, 13.3816826 ], [ 74.7727678, 13.3814775 ], [ 74.7721488, 13.3813571 ], [ 74.7715098, 13.38121 ], [ 74.7710121, 13.3809869 ], [ 74.7705033, 13.3810214 ], [ 74.7699917, 13.3810837 ], [ 74.769445, 13.3811903 ], [ 74.7688514, 13.3814618 ], [ 74.7684028, 13.3817524 ], [ 74.7678014, 13.382001 ], [ 74.7675534, 13.3821649 ], [ 74.7672667, 13.3824286 ], [ 74.7665577, 13.3826982 ], [ 74.7659298, 13.3828927 ], [ 74.7653817, 13.3830936 ], [ 74.764796, 13.3828964 ], [ 74.7643125, 13.3827523 ], [ 74.7634027, 13.3827683 ], [ 74.76282, 13.3828421 ], [ 74.7613556, 13.3834266 ], [ 74.7606528, 13.3837919 ], [ 74.7597517, 13.3841541 ], [ 74.7589149, 13.3843263 ], [ 74.7581966, 13.3847164 ], [ 74.7574343, 13.3849943 ], [ 74.7567369, 13.3851144 ], [ 74.7563185, 13.3850883 ], [ 74.7559645, 13.3849526 ], [ 74.7553905, 13.3848326 ], [ 74.7547029, 13.3847526 ], [ 74.7535051, 13.384638 ], [ 74.7526099, 13.3844733 ], [ 74.751759, 13.3844002 ], [ 74.7506852, 13.3847026 ], [ 74.7497069, 13.3851016 ], [ 74.7488455, 13.3854404 ], [ 74.7481979, 13.386016 ], [ 74.7480045, 13.386347 ], [ 74.7475265, 13.3872042 ], [ 74.7471623, 13.3881892 ], [ 74.7470711, 13.3887528 ], [ 74.7470397, 13.3894092 ], [ 74.7469418, 13.3898291 ], [ 74.7467758, 13.3906734 ], [ 74.7467356, 13.3908757 ], [ 74.7465196, 13.3920892 ], [ 74.7463923, 13.392916 ], [ 74.7459116, 13.3934302 ], [ 74.7457445, 13.3939403 ], [ 74.7453448, 13.394303 ], [ 74.7446669, 13.3954296 ], [ 74.743889, 13.3963682 ], [ 74.7429863, 13.3985709 ], [ 74.7425228, 13.3993928 ], [ 74.7424499, 13.3997189 ], [ 74.7425979, 13.3998415 ], [ 74.7431236, 13.3996954 ], [ 74.744227, 13.3991187 ], [ 74.7447697, 13.3987818 ], [ 74.7458554, 13.3980852 ], [ 74.7459176, 13.3981452 ], [ 74.7464326, 13.3977799 ], [ 74.7471643, 13.3971667 ], [ 74.7479561, 13.3966527 ], [ 74.7483316, 13.3961831 ], [ 74.7486106, 13.3954316 ], [ 74.74872, 13.3945679 ], [ 74.7488466, 13.3948993 ], [ 74.7487093, 13.3956743 ], [ 74.7484196, 13.3963005 ], [ 74.7482243, 13.3966423 ], [ 74.7476364, 13.3970624 ], [ 74.7470463, 13.397626 ], [ 74.7459713, 13.39826 ], [ 74.7448769, 13.3988966 ], [ 74.7441841, 13.3993065 ], [ 74.7427288, 13.4000842 ], [ 74.7423855, 13.4003451 ], [ 74.7422031, 13.4008252 ], [ 74.7421259, 13.4016158 ], [ 74.7421646, 13.4041545 ], [ 74.7419981, 13.4048912 ], [ 74.7411175, 13.4062872 ], [ 74.7401661, 13.4070557 ], [ 74.7382309, 13.4081299 ], [ 74.7371316, 13.4085973 ], [ 74.7370996, 13.4088776 ], [ 74.7375148, 13.4092156 ], [ 74.7382042, 13.4093759 ], [ 74.7390046, 13.4096562 ], [ 74.7401412, 13.4095316 ], [ 74.7415585, 13.409181 ], [ 74.7433826, 13.4094222 ], [ 74.7445907, 13.4097019 ], [ 74.7452541, 13.4097562 ], [ 74.7462054, 13.4098547 ], [ 74.7468845, 13.4098847 ], [ 74.7473152, 13.4096849 ], [ 74.747489, 13.4094125 ], [ 74.7475964, 13.4089157 ], [ 74.7472434, 13.4080963 ], [ 74.7471339, 13.4076226 ], [ 74.7471324, 13.4074218 ], [ 74.746871, 13.4071446 ], [ 74.7468105, 13.4064481 ], [ 74.7469843, 13.4058657 ], [ 74.7473753, 13.4054288 ], [ 74.747669, 13.4051951 ], [ 74.7478894, 13.4051179 ], [ 74.7479653, 13.4049854 ], [ 74.7479357, 13.4047966 ], [ 74.7480377, 13.4045597 ], [ 74.7483931, 13.4043165 ], [ 74.7490873, 13.4043069 ], [ 74.7495316, 13.4041788 ], [ 74.750096, 13.4042938 ], [ 74.7518438, 13.4049471 ], [ 74.7534958, 13.4055537 ], [ 74.7542496, 13.4057166 ], [ 74.7555014, 13.4065722 ], [ 74.756446, 13.40688 ], [ 74.7575861, 13.4075137 ], [ 74.7587216, 13.4087042 ], [ 74.7597453, 13.409691 ], [ 74.7606481, 13.4108769 ], [ 74.760918, 13.4112843 ], [ 74.7612204, 13.4113975 ], [ 74.7619278, 13.412081 ], [ 74.7631978, 13.4130699 ], [ 74.764175, 13.4138599 ], [ 74.7643144, 13.4139265 ], [ 74.764554, 13.4140411 ], [ 74.764294, 13.4145614 ], [ 74.7642231, 13.4145197 ], [ 74.7641596, 13.4145144 ], [ 74.7638074, 13.4142758 ], [ 74.763323, 13.4139561 ], [ 74.7622874, 13.4134055 ], [ 74.7614941, 13.4126747 ], [ 74.7610576, 13.4122666 ], [ 74.7603084, 13.4116464 ], [ 74.7595406, 13.4108633 ], [ 74.7587216, 13.4097181 ], [ 74.7577536, 13.4086634 ], [ 74.75693, 13.4080569 ], [ 74.7560598, 13.4076404 ], [ 74.7540868, 13.406803 ], [ 74.7525465, 13.4060833 ], [ 74.7512203, 13.4055944 ], [ 74.7502052, 13.4053654 ], [ 74.7488942, 13.4054142 ], [ 74.7483525, 13.4056134 ], [ 74.7475856, 13.4066969 ], [ 74.7476733, 13.4074402 ], [ 74.7483064, 13.4087536 ], [ 74.748388, 13.4093575 ], [ 74.7481413, 13.4100637 ], [ 74.7476243, 13.4104978 ], [ 74.7469843, 13.4105435 ], [ 74.7459462, 13.410335 ], [ 74.7452392, 13.4103246 ], [ 74.7443505, 13.4105405 ], [ 74.7441662, 13.4104253 ], [ 74.7439088, 13.4104994 ], [ 74.743235, 13.410963 ], [ 74.7427579, 13.411027 ], [ 74.7422248, 13.4106525 ], [ 74.7418867, 13.4103753 ], [ 74.7409711, 13.4102948 ], [ 74.7393979, 13.4105131 ], [ 74.7375322, 13.4103954 ], [ 74.7357868, 13.4100242 ], [ 74.7323675, 13.4100604 ], [ 74.730383, 13.4108501 ], [ 74.7294809, 13.4118153 ], [ 74.7269551, 13.4138335 ], [ 74.7250608, 13.4142722 ], [ 74.7229861, 13.4154129 ], [ 74.7195931, 13.4165393 ], [ 74.7175729, 13.4167491 ], [ 74.7151852, 13.4165122 ], [ 74.7130378, 13.4166546 ], [ 74.7124037, 13.4171044 ], [ 74.7118005, 13.4180453 ], [ 74.7110943, 13.4187277 ], [ 74.7097081, 13.4192923 ], [ 74.7090075, 13.4195882 ], [ 74.7086497, 13.4200614 ], [ 74.7063307, 13.4227401 ], [ 74.7042643, 13.4255807 ], [ 74.7039617, 13.427505 ], [ 74.7032815, 13.4297549 ], [ 74.7039403, 13.431915 ], [ 74.7047879, 13.4336285 ], [ 74.7058007, 13.4350185 ], [ 74.7067105, 13.4355131 ], [ 74.7078314, 13.4343653 ], [ 74.7100865, 13.4341021 ], [ 74.7157262, 13.4334381 ], [ 74.7171226, 13.4366465 ], [ 74.7184757, 13.4379625 ], [ 74.7197386, 13.4430513 ], [ 74.7198288, 13.447438 ], [ 74.719919, 13.4506841 ], [ 74.7204603, 13.4534477 ], [ 74.722084, 13.4555971 ], [ 74.723392, 13.456957 ], [ 74.7243843, 13.4597204 ], [ 74.7250157, 13.4612557 ], [ 74.7255569, 13.4626155 ], [ 74.7262786, 13.4630541 ], [ 74.7268649, 13.4628348 ], [ 74.7289848, 13.4617821 ], [ 74.7300998, 13.4614983 ], [ 74.7302693, 13.4618962 ], [ 74.7317039, 13.4619451 ], [ 74.7327777, 13.4619818 ], [ 74.733432, 13.4617204 ], [ 74.7336188, 13.4616458 ], [ 74.7343999, 13.4619943 ], [ 74.735048, 13.4615293 ], [ 74.7362488, 13.4613935 ], [ 74.7365375, 13.4613609 ], [ 74.7384729, 13.4597289 ], [ 74.7406936, 13.4592484 ], [ 74.7408433, 13.459216 ], [ 74.7405814, 13.4579272 ], [ 74.7408446, 13.4579276 ], [ 74.740975, 13.4587008 ], [ 74.7412379, 13.4589587 ], [ 74.7413693, 13.4597319 ], [ 74.7421591, 13.4598612 ], [ 74.743079, 13.4610222 ], [ 74.7430784, 13.4615376 ], [ 74.7433413, 13.4617956 ], [ 74.7430769, 13.4628262 ], [ 74.7422863, 13.4635985 ], [ 74.7418654, 13.4642425 ], [ 74.7413694, 13.4649344 ], [ 74.7409675, 13.4656588 ], [ 74.7409669, 13.4661742 ], [ 74.7403077, 13.467462 ], [ 74.7397811, 13.4674615 ], [ 74.739911, 13.4687501 ], [ 74.7402153, 13.4691772 ], [ 74.7395162, 13.4690075 ], [ 74.739254, 13.4679763 ], [ 74.7379369, 13.4684904 ], [ 74.7383294, 13.4702948 ], [ 74.7389877, 13.4706815 ], [ 74.7395143, 13.470682 ], [ 74.740567, 13.4711986 ], [ 74.741357, 13.4711993 ], [ 74.7426732, 13.4715877 ], [ 74.7426726, 13.4721031 ], [ 74.7431992, 13.4721037 ], [ 74.7438548, 13.4741661 ], [ 74.7438541, 13.4749391 ], [ 74.7435904, 13.4751965 ], [ 74.742931, 13.4767421 ], [ 74.7418773, 13.4771271 ], [ 74.7408229, 13.478157 ], [ 74.7400323, 13.4786714 ], [ 74.7395058, 13.4786709 ], [ 74.7392421, 13.4789283 ], [ 74.7381884, 13.4793142 ], [ 74.7380554, 13.4800872 ], [ 74.7367373, 13.4813743 ], [ 74.7362096, 13.4824048 ], [ 74.7355509, 13.4831772 ], [ 74.7352875, 13.4831768 ], [ 74.7352873, 13.4834346 ], [ 74.7355506, 13.4834348 ], [ 74.7352863, 13.4842076 ], [ 74.7350223, 13.4849804 ], [ 74.7340381, 13.4852608 ], [ 74.7335851, 13.4854453 ], [ 74.7333705, 13.4858522 ], [ 74.7333383, 13.4862904 ], [ 74.7333705, 13.4866868 ], [ 74.7336173, 13.4868955 ], [ 74.7341537, 13.4875319 ], [ 74.7348618, 13.488064 ], [ 74.7353339, 13.4883665 ], [ 74.7364604, 13.4891699 ], [ 74.7367716, 13.4891542 ], [ 74.7373241, 13.4894359 ], [ 74.7377157, 13.4901036 ], [ 74.7381234, 13.4905992 ], [ 74.738574, 13.4909643 ], [ 74.738912, 13.4911156 ], [ 74.7390407, 13.4913608 ], [ 74.7390246, 13.4918198 ], [ 74.7387886, 13.4920024 ], [ 74.738574, 13.4920806 ], [ 74.7384077, 13.4919711 ], [ 74.7383434, 13.4921067 ], [ 74.7380644, 13.4922528 ], [ 74.7378606, 13.4923623 ], [ 74.7376782, 13.4923519 ], [ 74.7373509, 13.4922684 ], [ 74.7370988, 13.4922006 ], [ 74.7366643, 13.4922788 ], [ 74.73638, 13.4922893 ], [ 74.7359025, 13.4923258 ], [ 74.7355539, 13.4924353 ], [ 74.7352427, 13.4925814 ], [ 74.7350335, 13.4927535 ], [ 74.7348082, 13.4929465 ], [ 74.7345883, 13.4931813 ], [ 74.7344112, 13.4934056 ], [ 74.7342503, 13.4936925 ], [ 74.7341913, 13.4938803 ], [ 74.7342342, 13.4940211 ], [ 74.7341913, 13.4941776 ], [ 74.7342288, 13.494381 ], [ 74.7342342, 13.4947097 ], [ 74.7343683, 13.4949757 ], [ 74.7345668, 13.4952782 ], [ 74.7348389, 13.4956064 ], [ 74.7351354, 13.4959303 ], [ 74.7353652, 13.4961526 ], [ 74.7355683, 13.4963991 ], [ 74.7357672, 13.496683 ], [ 74.7359243, 13.4969177 ], [ 74.7362052, 13.4972864 ], [ 74.7363853, 13.4975421 ], [ 74.7364229, 13.4977925 ], [ 74.7365163, 13.4980272 ], [ 74.7365071, 13.4982619 ], [ 74.736481, 13.4983781 ], [ 74.7364336, 13.4984602 ], [ 74.7361064, 13.4985384 ], [ 74.7359669, 13.4986375 ], [ 74.7356933, 13.4987366 ], [ 74.735409, 13.4989296 ], [ 74.7351676, 13.4990339 ], [ 74.7344166, 13.4994982 ], [ 74.7337621, 13.4997799 ], [ 74.7333276, 13.499832 ], [ 74.7331613, 13.5001294 ], [ 74.7330111, 13.5002963 ], [ 74.7330058, 13.4999259 ], [ 74.7333169, 13.4997277 ], [ 74.7336602, 13.4996599 ], [ 74.7339767, 13.4995608 ], [ 74.7343093, 13.499373 ], [ 74.7349209, 13.4990131 ], [ 74.7351837, 13.4988514 ], [ 74.7349316, 13.4987992 ], [ 74.7346955, 13.4987836 ], [ 74.734379, 13.4986219 ], [ 74.7340304, 13.4983193 ], [ 74.7336119, 13.4979385 ], [ 74.7333384, 13.4977873 ], [ 74.7330058, 13.497902 ], [ 74.7328824, 13.4980064 ], [ 74.7327483, 13.4983298 ], [ 74.732877, 13.4986271 ], [ 74.7328556, 13.4988097 ], [ 74.7328716, 13.4991018 ], [ 74.7328126, 13.4992948 ], [ 74.7326571, 13.4994878 ], [ 74.7324103, 13.4995764 ], [ 74.7322011, 13.4996755 ], [ 74.7319919, 13.499639 ], [ 74.731729, 13.4995764 ], [ 74.7315091, 13.4993939 ], [ 74.7312677, 13.4991748 ], [ 74.7311228, 13.4989035 ], [ 74.7310692, 13.4986636 ], [ 74.7308761, 13.4986219 ], [ 74.730624, 13.4985071 ], [ 74.7301143, 13.4987001 ], [ 74.7296798, 13.4988357 ], [ 74.7294706, 13.4989609 ], [ 74.7293633, 13.4991383 ], [ 74.72902, 13.4993313 ], [ 74.7283924, 13.5002545 ], [ 74.7279954, 13.5008909 ], [ 74.7277218, 13.5012143 ], [ 74.7274536, 13.5015012 ], [ 74.7272444, 13.5013447 ], [ 74.7274536, 13.5008805 ], [ 74.7278881, 13.5005362 ], [ 74.728151, 13.5001137 ], [ 74.7282422, 13.4997955 ], [ 74.7284406, 13.4995451 ], [ 74.7286552, 13.4992009 ], [ 74.7288269, 13.4989088 ], [ 74.7290254, 13.498794 ], [ 74.7294545, 13.4985749 ], [ 74.7297066, 13.4983767 ], [ 74.7301358, 13.4982724 ], [ 74.730742, 13.4981994 ], [ 74.7311121, 13.4983245 ], [ 74.7312409, 13.4985332 ], [ 74.7313535, 13.4987523 ], [ 74.7315252, 13.4991018 ], [ 74.7317827, 13.4992687 ], [ 74.7319972, 13.4993365 ], [ 74.7321904, 13.4993574 ], [ 74.7324264, 13.4993104 ], [ 74.7325498, 13.4991539 ], [ 74.7327, 13.4986897 ], [ 74.7326088, 13.4981211 ], [ 74.7325712, 13.497902 ], [ 74.7325551, 13.4977664 ], [ 74.7326785, 13.4975995 ], [ 74.7331452, 13.4975578 ], [ 74.733392, 13.4975943 ], [ 74.7335744, 13.4976464 ], [ 74.7338909, 13.4978812 ], [ 74.734143, 13.4980898 ], [ 74.734422, 13.4982619 ], [ 74.7347921, 13.4984132 ], [ 74.7351193, 13.4984758 ], [ 74.7354197, 13.4984237 ], [ 74.7357738, 13.4980846 ], [ 74.7359186, 13.4978186 ], [ 74.7359508, 13.4976673 ], [ 74.735924, 13.4973335 ], [ 74.7356826, 13.4970413 ], [ 74.7354895, 13.4968379 ], [ 74.7353607, 13.4967284 ], [ 74.7352856, 13.4965927 ], [ 74.7350496, 13.4964154 ], [ 74.7348458, 13.496212 ], [ 74.7347063, 13.4960346 ], [ 74.7344917, 13.495852 ], [ 74.7343361, 13.4956903 ], [ 74.7341967, 13.4955547 ], [ 74.7341484, 13.4953565 ], [ 74.7341162, 13.4952156 ], [ 74.7338104, 13.4950279 ], [ 74.7337031, 13.4948453 ], [ 74.733687, 13.4946471 ], [ 74.7337085, 13.4945114 ], [ 74.7336173, 13.4942141 ], [ 74.733569, 13.4940681 ], [ 74.7336388, 13.4939272 ], [ 74.7336978, 13.4938281 ], [ 74.7337514, 13.4937029 ], [ 74.7337514, 13.4935464 ], [ 74.7338372, 13.493416 ], [ 74.7340411, 13.4933743 ], [ 74.7340035, 13.4931969 ], [ 74.7341537, 13.4930404 ], [ 74.734422, 13.4928057 ], [ 74.7347063, 13.4924666 ], [ 74.7349477, 13.4922163 ], [ 74.7351623, 13.4920076 ], [ 74.7355646, 13.4919346 ], [ 74.7359079, 13.4918928 ], [ 74.736262, 13.4918355 ], [ 74.7366589, 13.4917468 ], [ 74.7370827, 13.4918355 ], [ 74.7376299, 13.4919919 ], [ 74.7378659, 13.4919085 ], [ 74.7380054, 13.4918146 ], [ 74.7380966, 13.4917207 ], [ 74.7381449, 13.4914651 ], [ 74.7380644, 13.4911991 ], [ 74.738, 13.491053 ], [ 74.7378713, 13.4907557 ], [ 74.7376943, 13.4903957 ], [ 74.7371793, 13.4900827 ], [ 74.7368199, 13.4898115 ], [ 74.7364229, 13.4895611 ], [ 74.736042, 13.4893681 ], [ 74.735688, 13.4891803 ], [ 74.7354305, 13.4889612 ], [ 74.7351301, 13.4888152 ], [ 74.7346043, 13.4885648 ], [ 74.7340786, 13.4882831 ], [ 74.7338319, 13.4879284 ], [ 74.7334885, 13.487678 ], [ 74.7329628, 13.4873441 ], [ 74.7325873, 13.486979 ], [ 74.7322869, 13.486426 ], [ 74.7323191, 13.4859461 ], [ 74.732641, 13.4852158 ], [ 74.7332337, 13.4847723 ], [ 74.733806, 13.4847362 ], [ 74.7346738, 13.4846118 ], [ 74.734938, 13.4840239 ], [ 74.7351557, 13.482919 ], [ 74.7359469, 13.481889 ], [ 74.7359475, 13.4813736 ], [ 74.7364746, 13.4808587 ], [ 74.7370021, 13.4800861 ], [ 74.7370725, 13.4798127 ], [ 74.7371348, 13.4795709 ], [ 74.7376615, 13.4794422 ], [ 74.7380565, 13.4790564 ], [ 74.7381892, 13.4785412 ], [ 74.7392429, 13.4781553 ], [ 74.7397702, 13.4776404 ], [ 74.7414821, 13.4767406 ], [ 74.7417464, 13.4759678 ], [ 74.7425371, 13.4751955 ], [ 74.7425396, 13.4728761 ], [ 74.7426721, 13.4726185 ], [ 74.7418822, 13.4724885 ], [ 74.7416192, 13.4722305 ], [ 74.7408295, 13.471972 ], [ 74.7400401, 13.4714558 ], [ 74.7383492, 13.4710998 ], [ 74.7381973, 13.4710678 ], [ 74.7381802, 13.4710007 ], [ 74.7380658, 13.4705522 ], [ 74.7378027, 13.4702942 ], [ 74.7372778, 13.4687474 ], [ 74.7366209, 13.4679737 ], [ 74.7358307, 13.4681012 ], [ 74.7355672, 13.4683587 ], [ 74.7337231, 13.4691298 ], [ 74.7324681, 13.4694564 ], [ 74.7323183, 13.4697288 ], [ 74.7324058, 13.4697731 ], [ 74.7327743, 13.4699758 ], [ 74.7326961, 13.4701722 ], [ 74.7323053, 13.4701722 ], [ 74.7321099, 13.4701849 ], [ 74.7319471, 13.4702102 ], [ 74.7318277, 13.4703549 ], [ 74.7325554, 13.4711021 ], [ 74.7329594, 13.4715298 ], [ 74.7332885, 13.4723977 ], [ 74.7335946, 13.4726329 ], [ 74.7341549, 13.4726457 ], [ 74.7343291, 13.4726866 ], [ 74.7344271, 13.4727096 ], [ 74.7346994, 13.4727734 ], [ 74.7344368, 13.4732081 ], [ 74.7340641, 13.473574 ], [ 74.7338536, 13.4730668 ], [ 74.7333254, 13.4726575 ], [ 74.7330489, 13.4720799 ], [ 74.7326794, 13.4716732 ], [ 74.7324043, 13.4711901 ], [ 74.7312464, 13.47026 ], [ 74.7308257, 13.4698998 ], [ 74.7297725, 13.4698986 ], [ 74.7289828, 13.4696401 ], [ 74.7287199, 13.4693821 ], [ 74.7279299, 13.4693813 ], [ 74.727667, 13.4691233 ], [ 74.7255608, 13.4687349 ], [ 74.7254292, 13.4682194 ], [ 74.7251663, 13.4679614 ], [ 74.7250357, 13.4674458 ], [ 74.7245092, 13.4673159 ], [ 74.723983, 13.4669292 ], [ 74.7238515, 13.4664137 ], [ 74.7231945, 13.4656399 ], [ 74.7221418, 13.4652517 ], [ 74.7208261, 13.4644772 ], [ 74.7203002, 13.4639612 ], [ 74.7184578, 13.4633152 ], [ 74.7181956, 13.4622842 ], [ 74.7176691, 13.4621542 ], [ 74.7171431, 13.4617675 ], [ 74.7164861, 13.4602205 ], [ 74.716223, 13.4599625 ], [ 74.7154359, 13.4576424 ], [ 74.715173, 13.4573844 ], [ 74.7150437, 13.455838 ], [ 74.7142537, 13.455837 ], [ 74.7143856, 13.4553218 ], [ 74.7145177, 13.4551925 ], [ 74.7155712, 13.4549361 ], [ 74.7157025, 13.4548079 ], [ 74.7155723, 13.4540345 ], [ 74.7154413, 13.4530035 ], [ 74.7150421, 13.4525218 ], [ 74.7142242, 13.4521274 ], [ 74.7131491, 13.451565 ], [ 74.7128903, 13.4512384 ], [ 74.71268, 13.4506811 ], [ 74.7126819, 13.4491349 ], [ 74.7128733, 13.4485082 ], [ 74.7127261, 13.4479467 ], [ 74.7123613, 13.4473358 ], [ 74.712289, 13.4470727 ], [ 74.7122171, 13.4466549 ], [ 74.7120979, 13.4454257 ], [ 74.7122034, 13.4451403 ], [ 74.712249, 13.4441337 ], [ 74.7121454, 13.443595 ], [ 74.7122949, 13.4421765 ], [ 74.7115058, 13.4414023 ], [ 74.7113414, 13.4411124 ], [ 74.7117884, 13.4411011 ], [ 74.7117704, 13.4403719 ], [ 74.7113822, 13.4400651 ], [ 74.7109123, 13.4397618 ], [ 74.7107188, 13.4390822 ], [ 74.7103048, 13.4387948 ], [ 74.7103011, 13.4383556 ], [ 74.7097868, 13.4381551 ], [ 74.7091762, 13.4377214 ], [ 74.7071664, 13.4379179 ], [ 74.7066396, 13.438175 ], [ 74.7063518, 13.4383442 ], [ 74.7055554, 13.4389174 ], [ 74.7049647, 13.4397735 ], [ 74.7046894, 13.4398349 ], [ 74.7043597, 13.4402078 ], [ 74.7041786, 13.4406174 ], [ 74.7038713, 13.4408781 ], [ 74.7035371, 13.4416044 ], [ 74.7033392, 13.4420433 ], [ 74.7030244, 13.4430153 ], [ 74.7032473, 13.4431143 ], [ 74.7032104, 13.4434543 ], [ 74.7026838, 13.4434537 ], [ 74.7020719, 13.444926 ], [ 74.7019331, 13.4452521 ], [ 74.7017111, 13.4457408 ], [ 74.7015324, 13.4460935 ], [ 74.7012967, 13.4465656 ], [ 74.7013706, 13.4471428 ], [ 74.7017438, 13.4472584 ], [ 74.7018912, 13.4474216 ], [ 74.7014574, 13.4473111 ], [ 74.7012486, 13.4472552 ], [ 74.7011803, 13.4475704 ], [ 74.7007675, 13.4493799 ], [ 74.7010689, 13.4493955 ], [ 74.7011072, 13.4501768 ], [ 74.7010708, 13.4504471 ], [ 74.7011742, 13.4505573 ], [ 74.7010814, 13.4507582 ], [ 74.7009058, 13.4507038 ], [ 74.7007344, 13.4509249 ], [ 74.7006178, 13.4513597 ], [ 74.7006059, 13.451775 ], [ 74.700702, 13.4519552 ], [ 74.7008981, 13.4520374 ], [ 74.7011492, 13.4523575 ], [ 74.7012719, 13.4522889 ], [ 74.7013078, 13.4525401 ], [ 74.7012238, 13.4527295 ], [ 74.7007045, 13.4537522 ], [ 74.7007142, 13.454008 ], [ 74.7007086, 13.4545022 ], [ 74.7006382, 13.4549964 ], [ 74.7005561, 13.4551261 ], [ 74.7004403, 13.4553314 ], [ 74.7004443, 13.4555076 ], [ 74.7004223, 13.4558794 ], [ 74.7006738, 13.4559989 ], [ 74.7008854, 13.4559437 ], [ 74.7010889, 13.4557459 ], [ 74.7009769, 13.4555348 ], [ 74.7010875, 13.4554739 ], [ 74.7011581, 13.4552383 ], [ 74.7010898, 13.4550487 ], [ 74.7013224, 13.4546259 ], [ 74.701615, 13.4544167 ], [ 74.7016333, 13.4535177 ], [ 74.7023732, 13.4535283 ], [ 74.7023426, 13.4555291 ], [ 74.7025266, 13.455797 ], [ 74.7026551, 13.4567502 ], [ 74.7028816, 13.4569076 ], [ 74.7029085, 13.4571523 ], [ 74.7029623, 13.4573893 ], [ 74.7029202, 13.4575333 ], [ 74.7029158, 13.4578892 ], [ 74.7028171, 13.4578825 ], [ 74.7027794, 13.4580924 ], [ 74.7029137, 13.4582211 ], [ 74.7027663, 13.4585233 ], [ 74.7027188, 13.4581216 ], [ 74.7026836, 13.4579201 ], [ 74.702723, 13.4576434 ], [ 74.7025887, 13.4574056 ], [ 74.7024097, 13.4568182 ], [ 74.7021631, 13.4567891 ], [ 74.7020157, 13.4566871 ], [ 74.7016369, 13.4567251 ], [ 74.7019638, 13.4573541 ], [ 74.7020255, 13.4576427 ], [ 74.7021225, 13.4581561 ], [ 74.7020847, 13.4589695 ], [ 74.7019844, 13.4594176 ], [ 74.7020641, 13.4595762 ], [ 74.7027719, 13.4593761 ], [ 74.7026464, 13.4602566 ], [ 74.702287, 13.4603538 ], [ 74.7018989, 13.4601872 ], [ 74.7017422, 13.4604259 ], [ 74.7011398, 13.4609131 ], [ 74.7004316, 13.4614761 ], [ 74.7003358, 13.4620644 ], [ 74.7002902, 13.4627788 ], [ 74.7000259, 13.4635516 ], [ 74.7005525, 13.4636807 ], [ 74.7009464, 13.4640682 ], [ 74.7009445, 13.4656144 ], [ 74.7006799, 13.4666448 ], [ 74.7004162, 13.4669022 ], [ 74.7004156, 13.4674176 ], [ 74.7000195, 13.4687057 ], [ 74.7010724, 13.4689646 ], [ 74.7008082, 13.4697374 ], [ 74.7013348, 13.4697382 ], [ 74.7010696, 13.471284 ], [ 74.7000159, 13.4716688 ], [ 74.6994888, 13.4720553 ], [ 74.699488, 13.4725707 ], [ 74.6989615, 13.4725699 ], [ 74.6990913, 13.4736009 ], [ 74.6996171, 13.4743747 ], [ 74.6996162, 13.4751479 ], [ 74.6990889, 13.4756626 ], [ 74.6985657, 13.4776037 ], [ 74.6982897, 13.4781985 ], [ 74.6978617, 13.4792373 ], [ 74.6973829, 13.4796974 ], [ 74.6971063, 13.4803492 ], [ 74.6971662, 13.4809764 ], [ 74.6974493, 13.4817844 ], [ 74.6975732, 13.4826085 ], [ 74.6974121, 13.4831049 ], [ 74.6974368, 13.4833482 ], [ 74.6971446, 13.4839453 ], [ 74.6967533, 13.4843255 ], [ 74.6963506, 13.4846863 ], [ 74.6961805, 13.4849364 ], [ 74.6952781, 13.4857449 ], [ 74.6949678, 13.4861189 ], [ 74.6950481, 13.4862883 ], [ 74.6951779, 13.4865058 ], [ 74.6950966, 13.4867835 ], [ 74.6950153, 13.4871938 ], [ 74.6951683, 13.4876956 ], [ 74.6953192, 13.4879465 ], [ 74.6957044, 13.4879877 ], [ 74.69741, 13.4870063 ], [ 74.6974963, 13.4867283 ], [ 74.6980859, 13.4868443 ], [ 74.6979663, 13.487386 ], [ 74.6980702, 13.4874812 ], [ 74.6981811, 13.4876575 ], [ 74.6982834, 13.4880315 ], [ 74.698283, 13.4882893 ], [ 74.6978878, 13.4888041 ], [ 74.6973612, 13.4888035 ], [ 74.6974916, 13.4893191 ], [ 74.6977547, 13.4895771 ], [ 74.6977538, 13.4903501 ], [ 74.6976222, 13.4906077 ], [ 74.697359, 13.4904781 ], [ 74.6968324, 13.4904775 ], [ 74.6965296, 13.4904486 ], [ 74.6965161, 13.4901864 ], [ 74.6967879, 13.4902106 ], [ 74.6967547, 13.4893992 ], [ 74.6961325, 13.4893452 ], [ 74.6960441, 13.4890596 ], [ 74.6952541, 13.489187 ], [ 74.6947267, 13.4895733 ], [ 74.6948577, 13.4898313 ], [ 74.6948402, 13.491218 ], [ 74.6947702, 13.4912963 ], [ 74.6946951, 13.4913223 ], [ 74.6946683, 13.4914006 ], [ 74.6947273, 13.4914632 ], [ 74.6947259, 13.4915555 ], [ 74.6947259, 13.4917277 ], [ 74.6947849, 13.4919102 ], [ 74.6948453, 13.4919379 ], [ 74.69486, 13.4920302 ], [ 74.6948708, 13.4924527 ], [ 74.6949083, 13.4926875 ], [ 74.6950062, 13.4928977 ], [ 74.6952302, 13.4931048 ], [ 74.69543, 13.493268 ], [ 74.6955534, 13.4933463 ], [ 74.6956339, 13.4933567 ], [ 74.6957304, 13.4932837 ], [ 74.695886, 13.4930646 ], [ 74.6959986, 13.4928768 ], [ 74.6960469, 13.492809 ], [ 74.6960831, 13.4928387 ], [ 74.6960523, 13.4929342 ], [ 74.6960201, 13.4930803 ], [ 74.6959074, 13.4932055 ], [ 74.6958055, 13.4933359 ], [ 74.6956714, 13.4934193 ], [ 74.6955856, 13.4934298 ], [ 74.6955856, 13.4935289 ], [ 74.69565, 13.4936801 ], [ 74.6958967, 13.4939044 ], [ 74.6960898, 13.4940348 ], [ 74.6963782, 13.4940646 ], [ 74.6966156, 13.4940766 ], [ 74.6967979, 13.4941392 ], [ 74.6969253, 13.494315 ], [ 74.6970916, 13.4945393 ], [ 74.6971842, 13.4947025 ], [ 74.6974081, 13.4948366 ], [ 74.6975637, 13.4949148 ], [ 74.697789, 13.4950035 ], [ 74.6978923, 13.4950312 ], [ 74.6979781, 13.4950259 ], [ 74.6980908, 13.4949477 ], [ 74.6981605, 13.4948955 ], [ 74.6981873, 13.4949686 ], [ 74.6982182, 13.4950557 ], [ 74.6982785, 13.4951094 ], [ 74.6983804, 13.4951094 ], [ 74.6984555, 13.4950781 ], [ 74.6985736, 13.4950155 ], [ 74.6986487, 13.4949373 ], [ 74.6986755, 13.4948434 ], [ 74.6986058, 13.4946295 ], [ 74.6984019, 13.4941079 ], [ 74.6983375, 13.4939827 ], [ 74.6980049, 13.4938836 ], [ 74.6978601, 13.4937897 ], [ 74.697785, 13.493748 ], [ 74.6976992, 13.493748 ], [ 74.6976723, 13.4938158 ], [ 74.697726, 13.4939462 ], [ 74.6979231, 13.4940802 ], [ 74.6979781, 13.4941653 ], [ 74.6979137, 13.4941913 ], [ 74.697785, 13.494134 ], [ 74.6970662, 13.4936332 ], [ 74.6969803, 13.4935654 ], [ 74.6969589, 13.4934923 ], [ 74.6970286, 13.4934558 ], [ 74.6970554, 13.4933672 ], [ 74.6970501, 13.4932524 ], [ 74.6969535, 13.4931898 ], [ 74.6968248, 13.4931585 ], [ 74.6967121, 13.4931637 ], [ 74.6965887, 13.4931898 ], [ 74.6964707, 13.4931794 ], [ 74.6963527, 13.4930907 ], [ 74.6962722, 13.4930229 ], [ 74.6962937, 13.4929759 ], [ 74.6963366, 13.4929603 ], [ 74.6964157, 13.4930161 ], [ 74.6965552, 13.4930161 ], [ 74.6967014, 13.4930124 ], [ 74.696873, 13.4930124 ], [ 74.6970434, 13.4930735 ], [ 74.6971574, 13.4931324 ], [ 74.6972848, 13.4931778 ], [ 74.6973545, 13.4932404 ], [ 74.6974685, 13.4932941 ], [ 74.6975865, 13.493242 ], [ 74.6976723, 13.4931116 ], [ 74.6976992, 13.4929238 ], [ 74.697667, 13.4926682 ], [ 74.6975704, 13.4925534 ], [ 74.6974095, 13.4925117 ], [ 74.697329, 13.4926212 ], [ 74.6972271, 13.4926473 ], [ 74.6971305, 13.4926473 ], [ 74.6970554, 13.4926004 ], [ 74.6969911, 13.4925534 ], [ 74.6968891, 13.4925586 ], [ 74.6968462, 13.4926682 ], [ 74.6967765, 13.4926995 ], [ 74.696696, 13.4926734 ], [ 74.6967121, 13.4925482 ], [ 74.6967872, 13.4924595 ], [ 74.6969052, 13.492376 ], [ 74.6969736, 13.4923797 ], [ 74.6970554, 13.4924386 ], [ 74.6971252, 13.4924334 ], [ 74.6971681, 13.4923813 ], [ 74.6971252, 13.4923291 ], [ 74.6969964, 13.4922769 ], [ 74.6968891, 13.4922561 ], [ 74.6967121, 13.4922613 ], [ 74.6965995, 13.4923082 ], [ 74.6963849, 13.4924543 ], [ 74.6962615, 13.4925169 ], [ 74.6961435, 13.4925012 ], [ 74.6960523, 13.4924699 ], [ 74.6957733, 13.4923865 ], [ 74.6956124, 13.4923969 ], [ 74.6955427, 13.4923239 ], [ 74.6954461, 13.4923135 ], [ 74.6952905, 13.4923187 ], [ 74.6951725, 13.4923239 ], [ 74.695076, 13.4923082 ], [ 74.6951082, 13.4921987 ], [ 74.6952047, 13.4921778 ], [ 74.6953549, 13.4921883 ], [ 74.6954448, 13.492171 ], [ 74.6955376, 13.4921883 ], [ 74.6957532, 13.4920839 ], [ 74.6960756, 13.4920928 ], [ 74.696236, 13.4918435 ], [ 74.6965674, 13.4917657 ], [ 74.6969763, 13.4917297 ], [ 74.6986738, 13.492026 ], [ 74.6988048, 13.4921555 ], [ 74.6986535, 13.4939038 ], [ 74.6988259, 13.4943452 ], [ 74.6990652, 13.494475 ], [ 74.6993283, 13.494733 ], [ 74.6993276, 13.4952484 ], [ 74.6989324, 13.4957635 ], [ 74.6986693, 13.4956338 ], [ 74.6981425, 13.4956331 ], [ 74.6978791, 13.4957621 ], [ 74.6978306, 13.4960577 ], [ 74.6978335, 13.4962145 ], [ 74.6974516, 13.4965079 ], [ 74.6973625, 13.4967103 ], [ 74.6974929, 13.496793 ], [ 74.6975801, 13.4968869 ], [ 74.6977826, 13.4969862 ], [ 74.697921, 13.4969158 ], [ 74.6979931, 13.4971239 ], [ 74.698043, 13.4972486 ], [ 74.6981495, 13.4973707 ], [ 74.6982276, 13.4974678 ], [ 74.6983627, 13.4974659 ], [ 74.6984124, 13.4973049 ], [ 74.6986039, 13.4974241 ], [ 74.698583, 13.4983385 ], [ 74.698326, 13.4985456 ], [ 74.6980956, 13.4986599 ], [ 74.6972542, 13.4985519 ], [ 74.6970851, 13.4988536 ], [ 74.6970245, 13.4995595 ], [ 74.6971869, 13.499904 ], [ 74.69714, 13.5004 ], [ 74.6968224, 13.5008549 ], [ 74.6962957, 13.5009825 ], [ 74.6959797, 13.5008569 ], [ 74.6957662, 13.5005266 ], [ 74.6949764, 13.5003974 ], [ 74.6949759, 13.5009128 ], [ 74.6944489, 13.5010405 ], [ 74.6941853, 13.5012978 ], [ 74.6933951, 13.5014261 ], [ 74.6936578, 13.5019419 ], [ 74.6939193, 13.5032307 ], [ 74.694183, 13.5031018 ], [ 74.6954998, 13.5031033 ], [ 74.6956307, 13.5032327 ], [ 74.6957593, 13.5060677 ], [ 74.696286, 13.5060683 ], [ 74.6964149, 13.5078725 ], [ 74.695756, 13.5086448 ], [ 74.6959781, 13.5088583 ], [ 74.6957149, 13.5093949 ], [ 74.695359, 13.5099328 ], [ 74.6949626, 13.5112208 ], [ 74.6944359, 13.5112203 ], [ 74.6943032, 13.5117355 ], [ 74.6937757, 13.5122501 ], [ 74.6937751, 13.5127655 ], [ 74.6943009, 13.5135393 ], [ 74.6944323, 13.5140549 ], [ 74.694959, 13.5140556 ], [ 74.6949585, 13.514571 ], [ 74.6944317, 13.5145703 ], [ 74.6941793, 13.5150346 ], [ 74.6946349, 13.5156259 ], [ 74.6947333, 13.5161172 ], [ 74.6946058, 13.516087 ], [ 74.69364, 13.5158579 ], [ 74.6936392, 13.5163733 ], [ 74.6931129, 13.516115 ], [ 74.6931136, 13.5155996 ], [ 74.6939037, 13.5156005 ], [ 74.6937734, 13.5140541 ], [ 74.6932488, 13.5125073 ], [ 74.6932501, 13.5114765 ], [ 74.6929878, 13.510703 ], [ 74.6929919, 13.5073529 ], [ 74.6927292, 13.5068372 ], [ 74.6929949, 13.5050335 ], [ 74.6932586, 13.5047761 ], [ 74.693262, 13.5021991 ], [ 74.6929995, 13.5014257 ], [ 74.6931346, 13.4991065 ], [ 74.6936614, 13.4991072 ], [ 74.6936619, 13.4985918 ], [ 74.6931354, 13.4985911 ], [ 74.6933992, 13.4982044 ], [ 74.693926, 13.4980766 ], [ 74.6935334, 13.4957568 ], [ 74.6935704, 13.4944777 ], [ 74.6935447, 13.4941955 ], [ 74.6934208, 13.49358 ], [ 74.693461, 13.4932315 ], [ 74.6935374, 13.4926644 ], [ 74.6938014, 13.4921494 ], [ 74.6939988, 13.491422 ], [ 74.6942053, 13.4914194 ], [ 74.6942721, 13.491368 ], [ 74.6942783, 13.4913012 ], [ 74.6942456, 13.4912464 ], [ 74.6939604, 13.4912324 ], [ 74.693777, 13.490387 ], [ 74.6937192, 13.4899064 ], [ 74.6938059, 13.4885414 ], [ 74.6938089, 13.4863011 ], [ 74.693809, 13.4862222 ], [ 74.6940736, 13.4851916 ], [ 74.6941348, 13.4849179 ], [ 74.694338, 13.4844189 ], [ 74.6950769, 13.4837752 ], [ 74.6959524, 13.4837733 ], [ 74.6964773, 13.482259 ], [ 74.6964485, 13.481329 ], [ 74.6963925, 13.4811423 ], [ 74.6961858, 13.4808132 ], [ 74.6960379, 13.4799496 ], [ 74.6963512, 13.4790313 ], [ 74.6968498, 13.478166 ], [ 74.6973783, 13.4774424 ], [ 74.6974546, 13.4771051 ], [ 74.6974422, 13.4769037 ], [ 74.6973848, 13.4767679 ], [ 74.6967945, 13.4759779 ], [ 74.6965537, 13.4757997 ], [ 74.6965266, 13.4756763 ], [ 74.6963963, 13.4754646 ], [ 74.6962074, 13.4752385 ], [ 74.6960186, 13.4750671 ], [ 74.6959604, 13.4750812 ], [ 74.6958664, 13.475033 ], [ 74.6956673, 13.475046 ], [ 74.6956515, 13.4749735 ], [ 74.6952553, 13.4748813 ], [ 74.6948418, 13.4743525 ], [ 74.695002, 13.4736505 ], [ 74.6956693, 13.4728238 ], [ 74.6960157, 13.4725602 ], [ 74.6963344, 13.472332 ], [ 74.6968555, 13.4721804 ], [ 74.6972317, 13.4718762 ], [ 74.6976867, 13.4718127 ], [ 74.6981406, 13.4717165 ], [ 74.6984708, 13.4714671 ], [ 74.6984183, 13.470494 ], [ 74.6986863, 13.4701827 ], [ 74.6978895, 13.4703802 ], [ 74.6972028, 13.4702481 ], [ 74.6967579, 13.4699409 ], [ 74.6968051, 13.4696997 ], [ 74.6968819, 13.4692524 ], [ 74.69679, 13.4687285 ], [ 74.6966337, 13.4686821 ], [ 74.6963594, 13.4686466 ], [ 74.6962832, 13.468521 ], [ 74.6964343, 13.4680948 ], [ 74.6964554, 13.4679096 ], [ 74.6963627, 13.467758 ], [ 74.6962113, 13.4677113 ], [ 74.6960711, 13.4677631 ], [ 74.6958951, 13.4679395 ], [ 74.6958522, 13.4683887 ], [ 74.6957473, 13.4690512 ], [ 74.6956596, 13.469096 ], [ 74.6955888, 13.4697259 ], [ 74.6950318, 13.4715291 ], [ 74.6946506, 13.4720767 ], [ 74.6938258, 13.4730793 ], [ 74.6932471, 13.4739836 ], [ 74.6929868, 13.4742188 ], [ 74.6922915, 13.4739441 ], [ 74.6915512, 13.4736694 ], [ 74.6915552, 13.4737489 ], [ 74.6918977, 13.47389 ], [ 74.6918465, 13.4739436 ], [ 74.6922865, 13.4741905 ], [ 74.6926763, 13.4743535 ], [ 74.692775, 13.4744674 ], [ 74.6927001, 13.4745231 ], [ 74.6924955, 13.4747341 ], [ 74.6921751, 13.4748523 ], [ 74.6919155, 13.4749167 ], [ 74.6917097, 13.4748732 ], [ 74.6919926, 13.4747067 ], [ 74.6923813, 13.4746122 ], [ 74.6923894, 13.4745225 ], [ 74.6922557, 13.474343 ], [ 74.6921654, 13.4742092 ], [ 74.6916443, 13.4739019 ], [ 74.6914651, 13.4737052 ], [ 74.6914736, 13.4736052 ], [ 74.691328, 13.4732134 ], [ 74.6912856, 13.472884 ], [ 74.6917198, 13.4725613 ], [ 74.6922478, 13.471531 ], [ 74.692248, 13.4712734 ], [ 74.6919855, 13.4707576 ], [ 74.6919878, 13.4689536 ], [ 74.6922514, 13.4686964 ], [ 74.6922533, 13.4671502 ], [ 74.6925177, 13.4663774 ], [ 74.6922573, 13.4640576 ], [ 74.692654, 13.4630273 ], [ 74.6939709, 13.4627712 ], [ 74.6938398, 13.4619979 ], [ 74.6936317, 13.4618874 ], [ 74.6934978, 13.4617288 ], [ 74.6935598, 13.4616761 ], [ 74.6935601, 13.4615066 ], [ 74.6934288, 13.4614323 ], [ 74.6933228, 13.4615081 ], [ 74.6932593, 13.4613631 ], [ 74.6933054, 13.4613377 ], [ 74.6930513, 13.4609661 ], [ 74.6930927, 13.4608448 ], [ 74.6931549, 13.4607997 ], [ 74.6932883, 13.4610417 ], [ 74.6933612, 13.4612309 ], [ 74.6935048, 13.4613716 ], [ 74.693556, 13.4614219 ], [ 74.69373, 13.461419 ], [ 74.6936975, 13.4615418 ], [ 74.6936235, 13.4617556 ], [ 74.6938957, 13.4619386 ], [ 74.6940771, 13.4619139 ], [ 74.694172, 13.4619737 ], [ 74.694409, 13.4619114 ], [ 74.6944451, 13.4618401 ], [ 74.694426, 13.4617363 ], [ 74.6943382, 13.4616764 ], [ 74.6943313, 13.4615863 ], [ 74.6942455, 13.4615654 ], [ 74.6941119, 13.4611941 ], [ 74.693674, 13.461257 ], [ 74.6935252, 13.4609757 ], [ 74.6939001, 13.4608632 ], [ 74.6941742, 13.4609793 ], [ 74.694172, 13.4611234 ], [ 74.6942552, 13.4611883 ], [ 74.6942102, 13.4612649 ], [ 74.6942495, 13.4613954 ], [ 74.6944547, 13.4614967 ], [ 74.694751, 13.461379 ], [ 74.6949652, 13.461296 ], [ 74.6952412, 13.4612305 ], [ 74.6954205, 13.4612258 ], [ 74.6956462, 13.4612235 ], [ 74.6958043, 13.4611381 ], [ 74.6959494, 13.4610473 ], [ 74.6962198, 13.461038 ], [ 74.6962931, 13.4609612 ], [ 74.6962432, 13.4608306 ], [ 74.6962343, 13.4606567 ], [ 74.6963239, 13.4605441 ], [ 74.6961945, 13.46049 ], [ 74.6960601, 13.460594 ], [ 74.6960093, 13.4607296 ], [ 74.6959581, 13.4606918 ], [ 74.6958435, 13.4606751 ], [ 74.6955902, 13.46063 ], [ 74.69541, 13.4605045 ], [ 74.6952671, 13.4604415 ], [ 74.6951989, 13.4602568 ], [ 74.6951349, 13.4601577 ], [ 74.6951431, 13.4599838 ], [ 74.6951492, 13.4597589 ], [ 74.6952158, 13.4594106 ], [ 74.6953978, 13.4594758 ], [ 74.6952564, 13.4597739 ], [ 74.6952876, 13.4601025 ], [ 74.6953552, 13.4601254 ], [ 74.6953041, 13.4601961 ], [ 74.6953632, 13.460402 ], [ 74.6955862, 13.4605578 ], [ 74.6956916, 13.4605828 ], [ 74.6958471, 13.4605248 ], [ 74.6958402, 13.4604252 ], [ 74.6958005, 13.4603637 ], [ 74.6958894, 13.4603506 ], [ 74.6960971, 13.4603558 ], [ 74.6964849, 13.4602643 ], [ 74.6965706, 13.4603433 ], [ 74.6965655, 13.4604966 ], [ 74.6964541, 13.4606967 ], [ 74.6963864, 13.4608143 ], [ 74.6962581, 13.4613258 ], [ 74.6960456, 13.4613188 ], [ 74.6959866, 13.4616244 ], [ 74.6961037, 13.4616655 ], [ 74.6960841, 13.4620652 ], [ 74.6962304, 13.4632114 ], [ 74.6959511, 13.464708 ], [ 74.6958779, 13.4658736 ], [ 74.6959256, 13.4663809 ], [ 74.6960048, 13.4666442 ], [ 74.6964795, 13.4669169 ], [ 74.6968696, 13.4671015 ], [ 74.6979157, 13.4665123 ], [ 74.698348, 13.4660897 ], [ 74.6980974, 13.4653664 ], [ 74.6977861, 13.4645798 ], [ 74.6973322, 13.4639238 ], [ 74.6969869, 13.4635586 ], [ 74.6968014, 13.4625223 ], [ 74.6968093, 13.4614978 ], [ 74.6969351, 13.4610292 ], [ 74.6970366, 13.4607134 ], [ 74.698895, 13.4604115 ], [ 74.6986748, 13.4590977 ], [ 74.6984057, 13.4583781 ], [ 74.6982252, 13.4581983 ], [ 74.6983035, 13.4580822 ], [ 74.6982414, 13.4579421 ], [ 74.6982273, 13.4578611 ], [ 74.6981021, 13.4578261 ], [ 74.697972, 13.457907 ], [ 74.6976202, 13.4580623 ], [ 74.6972531, 13.4582822 ], [ 74.6972495, 13.4581788 ], [ 74.6974614, 13.4580506 ], [ 74.697438, 13.45797 ], [ 74.69755, 13.4579134 ], [ 74.6977972, 13.4579233 ], [ 74.6980895, 13.4577916 ], [ 74.6981647, 13.4574738 ], [ 74.6981906, 13.4573645 ], [ 74.6980027, 13.4573643 ], [ 74.697664, 13.457364 ], [ 74.697536, 13.4540136 ], [ 74.6978014, 13.4524677 ], [ 74.6985926, 13.4514379 ], [ 74.6987271, 13.4493762 ], [ 74.6979371, 13.4495038 ], [ 74.6968832, 13.4501472 ], [ 74.6967504, 13.4506624 ], [ 74.6956959, 13.4516921 ], [ 74.6951677, 13.4529799 ], [ 74.694904, 13.4532373 ], [ 74.694376, 13.4545252 ], [ 74.6938487, 13.4550398 ], [ 74.6935841, 13.4560704 ], [ 74.6926615, 13.4571001 ], [ 74.692135, 13.4570995 ], [ 74.6918708, 13.4578722 ], [ 74.691344, 13.4579999 ], [ 74.6906606, 13.4590506 ], [ 74.6923796, 13.4532751 ], [ 74.6936711, 13.4486573 ], [ 74.6939432, 13.4493403 ], [ 74.6942657, 13.4497019 ], [ 74.694646, 13.449861 ], [ 74.695213, 13.4498798 ], [ 74.6956186, 13.4495584 ], [ 74.695802, 13.4492057 ], [ 74.6960188, 13.4481173 ], [ 74.6959367, 13.4469831 ], [ 74.6955226, 13.4446859 ], [ 74.6954705, 13.4436309 ], [ 74.6953654, 13.4401545 ], [ 74.6950945, 13.4373584 ], [ 74.695036, 13.4352276 ], [ 74.6949813, 13.4340494 ], [ 74.6955226, 13.4318904 ], [ 74.6957495, 13.4310571 ], [ 74.695861, 13.4298336 ], [ 74.6959549, 13.4285823 ], [ 74.6961277, 13.4276317 ], [ 74.6962103, 13.4263298 ], [ 74.696493, 13.4250337 ], [ 74.6965032, 13.4238227 ], [ 74.6965252, 13.4229268 ], [ 74.6963514, 13.4223413 ], [ 74.6963959, 13.4217783 ], [ 74.69664, 13.4192314 ], [ 74.6969661, 13.4169553 ], [ 74.6974446, 13.415644 ], [ 74.6978196, 13.4148389 ], [ 74.6986382, 13.4140301 ], [ 74.6989298, 13.413711 ], [ 74.6989169, 13.4136014 ], [ 74.6989188, 13.4133958 ], [ 74.6991755, 13.4132072 ], [ 74.6994072, 13.4131905 ], [ 74.6997194, 13.4133569 ], [ 74.6998323, 13.4135589 ], [ 74.7002255, 13.4135328 ], [ 74.7005239, 13.413254 ], [ 74.7011171, 13.4126457 ], [ 74.7022973, 13.4112593 ], [ 74.7030966, 13.4105919 ], [ 74.7040788, 13.4101729 ], [ 74.7044767, 13.4100948 ], [ 74.7046158, 13.4100675 ], [ 74.7055948, 13.410319 ], [ 74.7062079, 13.4102976 ], [ 74.7069016, 13.4097335 ], [ 74.707166, 13.4091308 ], [ 74.7078704, 13.4088444 ], [ 74.708485, 13.4087267 ] ], [ [ 74.7032681, 13.4234285 ], [ 74.7032708, 13.4234625 ], [ 74.7033486, 13.4234781 ], [ 74.7035176, 13.4234755 ], [ 74.7035792, 13.4235042 ], [ 74.7035041, 13.4235694 ], [ 74.7033834, 13.4236033 ], [ 74.7032949, 13.4235772 ], [ 74.7031581, 13.4235746 ], [ 74.7030911, 13.4237077 ], [ 74.7031876, 13.4238225 ], [ 74.703421, 13.4238773 ], [ 74.7035471, 13.4238825 ], [ 74.703649, 13.4237781 ], [ 74.7037992, 13.4237468 ], [ 74.7038957, 13.4236477 ], [ 74.7040781, 13.4234964 ], [ 74.7041076, 13.423379 ], [ 74.7040674, 13.4233007 ], [ 74.7041425, 13.4231911 ], [ 74.7039789, 13.4231546 ], [ 74.7038126, 13.4231729 ], [ 74.7035685, 13.4232094 ], [ 74.7033271, 13.4233085 ], [ 74.7032681, 13.4234285 ] ], [ [ 74.7033754, 13.4224293 ], [ 74.7034197, 13.422458 ], [ 74.7035551, 13.422411 ], [ 74.7037281, 13.422411 ], [ 74.7037737, 13.422548 ], [ 74.7039373, 13.4226667 ], [ 74.7039038, 13.4226954 ], [ 74.703775, 13.4227241 ], [ 74.7037053, 13.4226198 ], [ 74.703539, 13.4226041 ], [ 74.7034103, 13.4226511 ], [ 74.7033432, 13.4227659 ], [ 74.7032225, 13.4228494 ], [ 74.7030723, 13.4229511 ], [ 74.7030723, 13.4230476 ], [ 74.7033003, 13.422985 ], [ 74.7034787, 13.4228872 ], [ 74.7036798, 13.4228428 ], [ 74.7037348, 13.4228637 ], [ 74.7040299, 13.4228741 ], [ 74.7042055, 13.4228546 ], [ 74.7043692, 13.4227893 ], [ 74.7045287, 13.4226941 ], [ 74.7045797, 13.4225976 ], [ 74.7046132, 13.4224267 ], [ 74.7045287, 13.4224097 ], [ 74.7044959, 13.4223921 ], [ 74.7044644, 13.4223537 ], [ 74.7044402, 13.4222858 ], [ 74.7043195, 13.422231 ], [ 74.7041854, 13.4222102 ], [ 74.7039789, 13.4221136 ], [ 74.7037375, 13.4220928 ], [ 74.7035256, 13.4222102 ], [ 74.7033995, 13.4223406 ], [ 74.7033754, 13.4224293 ] ], [ [ 74.7028765, 13.4227059 ], [ 74.7028899, 13.4227711 ], [ 74.7029462, 13.4228311 ], [ 74.703142, 13.422745 ], [ 74.7032359, 13.4226406 ], [ 74.7032627, 13.4224371 ], [ 74.7032815, 13.422291 ], [ 74.7030991, 13.422325 ], [ 74.7030321, 13.422458 ], [ 74.7029248, 13.4225754 ], [ 74.7028765, 13.4227059 ] ], [ [ 74.7062411, 13.4184345 ], [ 74.7065249, 13.417956 ], [ 74.7063795, 13.4178224 ], [ 74.7061134, 13.4177389 ], [ 74.7058726, 13.4177974 ], [ 74.7051264, 13.4180729 ], [ 74.7039409, 13.4187961 ], [ 74.7027612, 13.4195464 ], [ 74.7025981, 13.4195736 ], [ 74.7022591, 13.4199435 ], [ 74.7020638, 13.4203526 ], [ 74.7018729, 13.4205775 ], [ 74.7017532, 13.4209365 ], [ 74.7020107, 13.4207946 ], [ 74.7022763, 13.4205608 ], [ 74.7027312, 13.4203354 ], [ 74.7032891, 13.4201434 ], [ 74.7040787, 13.4197426 ], [ 74.7046194, 13.4194426 ], [ 74.7057009, 13.4189662 ], [ 74.7062411, 13.4184345 ] ], [ [ 74.734592, 13.4073361 ], [ 74.7344032, 13.4075866 ], [ 74.734694, 13.4078204 ], [ 74.7356907, 13.4077045 ], [ 74.7371831, 13.4074196 ], [ 74.7386261, 13.4068352 ], [ 74.7398106, 13.406185 ], [ 74.7402225, 13.4052989 ], [ 74.74048, 13.4030446 ], [ 74.7405476, 13.4022932 ], [ 74.7403942, 13.402193 ], [ 74.7395531, 13.4028119 ], [ 74.7384877, 13.4040799 ], [ 74.7371831, 13.4050484 ], [ 74.7359653, 13.4060002 ], [ 74.7353039, 13.4066436 ], [ 74.7358269, 13.4065847 ], [ 74.7360587, 13.4063186 ], [ 74.736608, 13.4057519 ], [ 74.7369857, 13.4056851 ], [ 74.7371745, 13.4059011 ], [ 74.7375264, 13.4059001 ], [ 74.7371831, 13.4063342 ], [ 74.7366241, 13.406736 ], [ 74.7361445, 13.4069374 ], [ 74.7355694, 13.4070021 ], [ 74.734797, 13.4071357 ], [ 74.734592, 13.4073361 ] ], [ [ 74.7010983, 13.4133815 ], [ 74.7012378, 13.4136111 ], [ 74.7014095, 13.4136529 ], [ 74.701667, 13.4136529 ], [ 74.7020746, 13.4135276 ], [ 74.7026218, 13.4129328 ], [ 74.7032334, 13.4123379 ], [ 74.7037269, 13.4116491 ], [ 74.7044779, 13.4109186 ], [ 74.7048749, 13.4106472 ], [ 74.7047247, 13.4104802 ], [ 74.7043706, 13.4103446 ], [ 74.7039951, 13.4104281 ], [ 74.7032548, 13.4106785 ], [ 74.7028471, 13.4108977 ], [ 74.7024394, 13.4113047 ], [ 74.701624, 13.4124109 ], [ 74.7011734, 13.413058 ], [ 74.7010983, 13.4133815 ] ], [ [ 74.6937367, 13.4937953 ], [ 74.6937206, 13.493884 ], [ 74.6937206, 13.494004 ], [ 74.693785, 13.4940718 ], [ 74.6938923, 13.4941031 ], [ 74.6940157, 13.4940561 ], [ 74.6941498, 13.4939049 ], [ 74.6942464, 13.4936962 ], [ 74.694241, 13.4935032 ], [ 74.6941176, 13.4930233 ], [ 74.6939459, 13.4924756 ], [ 74.693844, 13.4924443 ], [ 74.6937528, 13.4925747 ], [ 74.693608, 13.4930076 ], [ 74.6936831, 13.4933884 ], [ 74.6937367, 13.4937953 ] ], [ [ 74.6978191, 13.495668 ], [ 74.6978512, 13.4955428 ], [ 74.697879, 13.4954319 ], [ 74.6978123, 13.495413 ], [ 74.697701, 13.4955428 ], [ 74.6975723, 13.4957306 ], [ 74.6974328, 13.4960435 ], [ 74.697465, 13.4961583 ], [ 74.6976045, 13.496054 ], [ 74.6978191, 13.495668 ] ], [ [ 74.6944287, 13.4936232 ], [ 74.6942893, 13.4939883 ], [ 74.6939889, 13.4944682 ], [ 74.6938172, 13.4949481 ], [ 74.6937957, 13.4953237 ], [ 74.6937957, 13.4958766 ], [ 74.6939996, 13.4965234 ], [ 74.6941283, 13.4968677 ], [ 74.6943644, 13.4970033 ], [ 74.6945575, 13.4971598 ], [ 74.6946433, 13.4974937 ], [ 74.694654, 13.4978066 ], [ 74.6945468, 13.4981196 ], [ 74.6942785, 13.4984117 ], [ 74.6942249, 13.4986204 ], [ 74.6942356, 13.4987873 ], [ 74.6942356, 13.4990794 ], [ 74.6942356, 13.499215 ], [ 74.6947184, 13.4992255 ], [ 74.6950296, 13.4994028 ], [ 74.6953192, 13.4995071 ], [ 74.6955124, 13.4994237 ], [ 74.6957377, 13.4991837 ], [ 74.6965101, 13.4986204 ], [ 74.696832, 13.4984326 ], [ 74.6970788, 13.4983387 ], [ 74.6972826, 13.4982657 ], [ 74.6973684, 13.4980883 ], [ 74.6973792, 13.497911 ], [ 74.6973363, 13.4976502 ], [ 74.6970895, 13.4975041 ], [ 74.6967569, 13.4972329 ], [ 74.6962526, 13.4964295 ], [ 74.6958986, 13.4959184 ], [ 74.6958879, 13.4956262 ], [ 74.6959844, 13.4948647 ], [ 74.6958986, 13.4944578 ], [ 74.6957806, 13.4943222 ], [ 74.6955553, 13.4940926 ], [ 74.6951154, 13.4938631 ], [ 74.6944287, 13.4936232 ] ], [ [ 74.6963277, 13.4948229 ], [ 74.6962526, 13.4952507 ], [ 74.6962956, 13.4956575 ], [ 74.6963385, 13.4962 ], [ 74.6965745, 13.4966486 ], [ 74.6967891, 13.4969929 ], [ 74.6970144, 13.4970659 ], [ 74.6969715, 13.4968677 ], [ 74.697068, 13.4965026 ], [ 74.6972504, 13.4960227 ], [ 74.6976581, 13.4953028 ], [ 74.6975616, 13.4951672 ], [ 74.6972075, 13.4950107 ], [ 74.6969071, 13.4949377 ], [ 74.6965745, 13.494896 ], [ 74.6963277, 13.4948229 ] ], [ [ 74.6963385, 13.4944787 ], [ 74.6965423, 13.4944891 ], [ 74.6966067, 13.4946038 ], [ 74.6967569, 13.4947708 ], [ 74.6968749, 13.4946664 ], [ 74.6967676, 13.4943535 ], [ 74.6965638, 13.4942283 ], [ 74.6963385, 13.4942596 ], [ 74.696317, 13.4943639 ], [ 74.6963385, 13.4944787 ] ], [ [ 74.7647153, 13.3823016 ], [ 74.7646294, 13.3823694 ], [ 74.764667, 13.3824373 ], [ 74.7649728, 13.3825103 ], [ 74.7654234, 13.3824738 ], [ 74.7658579, 13.3824373 ], [ 74.7663729, 13.382265 ], [ 74.7671024, 13.3819519 ], [ 74.7675155, 13.3817119 ], [ 74.7676711, 13.3816023 ], [ 74.7676818, 13.3814875 ], [ 74.767537, 13.3815449 ], [ 74.7673009, 13.381571 ], [ 74.7670595, 13.3815918 ], [ 74.7668771, 13.381644 ], [ 74.7665982, 13.3817327 ], [ 74.7664372, 13.3817327 ], [ 74.7662334, 13.3818162 ], [ 74.7659384, 13.3819363 ], [ 74.765638, 13.3820093 ], [ 74.7652303, 13.3821033 ], [ 74.7648708, 13.3822285 ], [ 74.7647153, 13.3823016 ] ], [ [ 74.6983458, 13.4155633 ], [ 74.6981735, 13.4156879 ], [ 74.6979411, 13.4159555 ], [ 74.6976738, 13.4164768 ], [ 74.6976092, 13.4167896 ], [ 74.6976692, 13.4170037 ], [ 74.6978574, 13.4172102 ], [ 74.6980399, 13.4172293 ], [ 74.6985115, 13.4167929 ], [ 74.6988701, 13.4164705 ], [ 74.6992171, 13.416088 ], [ 74.6995377, 13.4157835 ], [ 74.6996479, 13.4154921 ], [ 74.6996068, 13.415257 ], [ 74.6994158, 13.415204 ], [ 74.6989755, 13.4152663 ], [ 74.6983458, 13.4155633 ] ], [ [ 74.7190528, 13.4585543 ], [ 74.7185262, 13.4585538 ], [ 74.7181303, 13.4589403 ], [ 74.7182607, 13.4604867 ], [ 74.7193136, 13.4607456 ], [ 74.7195759, 13.461519 ], [ 74.7201021, 13.4619057 ], [ 74.7214181, 13.4624226 ], [ 74.722207, 13.4631965 ], [ 74.7229966, 13.4634551 ], [ 74.7243134, 13.4633281 ], [ 74.7243149, 13.4620397 ], [ 74.7237882, 13.4620391 ], [ 74.7237889, 13.4615237 ], [ 74.7235568, 13.4613244 ], [ 74.7227366, 13.4606201 ], [ 74.7216836, 13.4603612 ], [ 74.7206317, 13.4593292 ], [ 74.7201051, 13.4593287 ], [ 74.7190528, 13.4585543 ] ], [ [ 74.7406177, 13.4651244 ], [ 74.7409999, 13.464559 ], [ 74.741073, 13.4642031 ], [ 74.7417796, 13.4636669 ], [ 74.7423071, 13.4628943 ], [ 74.7423085, 13.4616059 ], [ 74.7419148, 13.4608323 ], [ 74.7405986, 13.4604439 ], [ 74.7398088, 13.4604431 ], [ 74.738321, 13.4607968 ], [ 74.7363841, 13.462115 ], [ 74.7348139, 13.4623026 ], [ 74.7339282, 13.4623654 ], [ 74.7323472, 13.4630784 ], [ 74.7313792, 13.4639137 ], [ 74.7311149, 13.4646866 ], [ 74.7292711, 13.4653284 ], [ 74.727691, 13.4655843 ], [ 74.7269014, 13.4653258 ], [ 74.7259354, 13.4651731 ], [ 74.7250581, 13.4654532 ], [ 74.7251881, 13.4664841 ], [ 74.725846, 13.4671286 ], [ 74.7274253, 13.4676457 ], [ 74.7276884, 13.4679037 ], [ 74.7361146, 13.467655 ], [ 74.7384852, 13.4668844 ], [ 74.7392842, 13.4659981 ], [ 74.7397599, 13.465583 ], [ 74.7401979, 13.4654692 ], [ 74.7406177, 13.4651244 ] ], [ [ 74.7279324, 13.4113985 ], [ 74.7275344, 13.4113307 ], [ 74.7269421, 13.4115642 ], [ 74.7262875, 13.411939 ], [ 74.7252339, 13.4125826 ], [ 74.7246289, 13.4131837 ], [ 74.7250051, 13.4132226 ], [ 74.725417, 13.4132544 ], [ 74.7265246, 13.4128428 ], [ 74.7272222, 13.4123428 ], [ 74.7277425, 13.4117978 ], [ 74.7279324, 13.4113985 ] ], [ [ 74.7006099, 13.4176546 ], [ 74.7004725, 13.4174538 ], [ 74.7002564, 13.4174928 ], [ 74.6999827, 13.4179123 ], [ 74.6996481, 13.418536 ], [ 74.6993431, 13.4187628 ], [ 74.6990478, 13.4193224 ], [ 74.6990023, 13.4198954 ], [ 74.6990272, 13.4202299 ], [ 74.6990266, 13.4207454 ], [ 74.6992559, 13.4207549 ], [ 74.6991918, 13.4210973 ], [ 74.69944, 13.4219383 ], [ 74.6995807, 13.4219834 ], [ 74.6998151, 13.4217771 ], [ 74.7000784, 13.4217773 ], [ 74.7007386, 13.4197164 ], [ 74.7006099, 13.4176546 ] ], [ [ 74.7039498, 13.4170144 ], [ 74.7033375, 13.4169444 ], [ 74.702658, 13.4170056 ], [ 74.7020568, 13.4174816 ], [ 74.7028176, 13.4176378 ], [ 74.7018692, 13.4177849 ], [ 74.7015526, 13.4185093 ], [ 74.7014202, 13.418674 ], [ 74.7014193, 13.4188027 ], [ 74.7030254, 13.4179706 ], [ 74.7032932, 13.417601 ], [ 74.7038497, 13.417248 ], [ 74.7039498, 13.4170144 ] ], [ [ 74.7086279, 13.4179031 ], [ 74.7073112, 13.4182877 ], [ 74.7062569, 13.4193174 ], [ 74.7055492, 13.4197965 ], [ 74.7046763, 13.4200887 ], [ 74.7040466, 13.4204351 ], [ 74.7037014, 13.4209356 ], [ 74.7028945, 13.4215803 ], [ 74.7024752, 13.4222734 ], [ 74.7024608, 13.4225441 ], [ 74.7025788, 13.4226641 ], [ 74.7024929, 13.4228754 ], [ 74.702509, 13.4230059 ], [ 74.7026271, 13.4230111 ], [ 74.7028282, 13.4226746 ], [ 74.7029731, 13.4223276 ], [ 74.7033137, 13.4222232 ], [ 74.7033781, 13.4220588 ], [ 74.7034505, 13.4220615 ], [ 74.7038367, 13.4219493 ], [ 74.7037107, 13.4219023 ], [ 74.7036624, 13.4217379 ], [ 74.7036731, 13.4216492 ], [ 74.7038823, 13.4214301 ], [ 74.7040066, 13.4212572 ], [ 74.704338, 13.4213037 ], [ 74.7044268, 13.421404 ], [ 74.7042052, 13.4214091 ], [ 74.7040674, 13.4215918 ], [ 74.703936, 13.4217223 ], [ 74.7040594, 13.4218553 ], [ 74.7042766, 13.4218971 ], [ 74.7044557, 13.4220324 ], [ 74.7045502, 13.4220354 ], [ 74.7044951, 13.4222034 ], [ 74.7044912, 13.4223563 ], [ 74.7047889, 13.4224006 ], [ 74.7056293, 13.4217506 ], [ 74.7065173, 13.4210169 ], [ 74.7072061, 13.4201468 ], [ 74.7076773, 13.4194922 ], [ 74.7084749, 13.4186138 ], [ 74.7087108, 13.4182835 ], [ 74.7087188, 13.4180772 ], [ 74.7086279, 13.4179031 ] ], [ [ 74.7000056, 13.422534 ], [ 74.6996759, 13.4231511 ], [ 74.6995514, 13.4238502 ], [ 74.699608, 13.4243376 ], [ 74.6998514, 13.4249898 ], [ 74.699947, 13.4256878 ], [ 74.7001287, 13.4256008 ], [ 74.7002653, 13.4253692 ], [ 74.7004106, 13.4249267 ], [ 74.7004928, 13.4246951 ], [ 74.7005439, 13.4244265 ], [ 74.7005299, 13.4243386 ], [ 74.7006664, 13.4235805 ], [ 74.7006261, 13.4227482 ], [ 74.7005362, 13.4223803 ], [ 74.7003777, 13.4222207 ], [ 74.7000056, 13.422534 ] ], [ [ 74.7202848, 13.4123333 ], [ 74.7202247, 13.4123154 ], [ 74.7201198, 13.4123843 ], [ 74.7199231, 13.412346 ], [ 74.7197186, 13.4122491 ], [ 74.7193436, 13.4123434 ], [ 74.7186099, 13.4125251 ], [ 74.7181504, 13.4127242 ], [ 74.7174922, 13.4130194 ], [ 74.7167618, 13.4133918 ], [ 74.7164431, 13.4134655 ], [ 74.7159057, 13.4136699 ], [ 74.7155386, 13.4138892 ], [ 74.7153183, 13.4140091 ], [ 74.7152067, 13.4141721 ], [ 74.7150377, 13.4142871 ], [ 74.7149984, 13.4143968 ], [ 74.7151067, 13.4144374 ], [ 74.7156435, 13.4144632 ], [ 74.7163384, 13.4144172 ], [ 74.7167701, 13.4143559 ], [ 74.7169497, 13.4143102 ], [ 74.7177807, 13.4139504 ], [ 74.7185089, 13.4136894 ], [ 74.7190552, 13.4133381 ], [ 74.719598, 13.4130347 ], [ 74.7204206, 13.4126931 ], [ 74.7204502, 13.4126011 ], [ 74.7202848, 13.4123333 ] ], [ [ 74.7183942, 13.4563248 ], [ 74.7186475, 13.456294 ], [ 74.7189196, 13.4572278 ], [ 74.7194462, 13.4572284 ], [ 74.7198395, 13.4582596 ], [ 74.7202345, 13.4586463 ], [ 74.7212874, 13.458905 ], [ 74.7220761, 13.4599368 ], [ 74.7226027, 13.4599373 ], [ 74.723129, 13.4601957 ], [ 74.7233923, 13.4601959 ], [ 74.7236862, 13.4599602 ], [ 74.7234838, 13.458609 ], [ 74.7232211, 13.4580934 ], [ 74.7226053, 13.4577474 ], [ 74.7225157, 13.4568855 ], [ 74.7220797, 13.4568443 ], [ 74.7215535, 13.4564576 ], [ 74.7211207, 13.4554848 ], [ 74.7202385, 13.455296 ], [ 74.7197113, 13.4556824 ], [ 74.7197108, 13.4561978 ], [ 74.7189215, 13.4556816 ], [ 74.7189221, 13.4551662 ], [ 74.7186586, 13.4552943 ], [ 74.7181321, 13.4552936 ], [ 74.7178686, 13.4554227 ], [ 74.7178675, 13.4564535 ], [ 74.7183942, 13.4563248 ] ], [ [ 74.7130306, 13.4488317 ], [ 74.7129887, 13.4491772 ], [ 74.7130241, 13.4496723 ], [ 74.7128448, 13.4508385 ], [ 74.7133047, 13.4515034 ], [ 74.7136861, 13.451538 ], [ 74.7144754, 13.4520543 ], [ 74.7150019, 13.4520549 ], [ 74.7151333, 13.4519265 ], [ 74.7151348, 13.4506381 ], [ 74.7146097, 13.449349 ], [ 74.7140838, 13.448833 ], [ 74.7139533, 13.4483174 ], [ 74.7131633, 13.4483165 ], [ 74.7130306, 13.4488317 ] ], [ [ 74.7115714, 13.4173021 ], [ 74.7111239, 13.4174183 ], [ 74.7109485, 13.4176165 ], [ 74.7106146, 13.4178147 ], [ 74.7102014, 13.4178863 ], [ 74.7098499, 13.4180525 ], [ 74.709587, 13.4183365 ], [ 74.7092941, 13.4186654 ], [ 74.7093786, 13.4188459 ], [ 74.7103882, 13.418723 ], [ 74.7110434, 13.41859 ], [ 74.7113786, 13.418189 ], [ 74.7115824, 13.4178752 ], [ 74.7116333, 13.4174679 ], [ 74.7115714, 13.4173021 ] ], [ [ 74.7320458, 13.4083181 ], [ 74.731779, 13.4083704 ], [ 74.7309742, 13.4084877 ], [ 74.7307064, 13.4084526 ], [ 74.7302187, 13.4084531 ], [ 74.7300125, 13.4087135 ], [ 74.7295878, 13.4090109 ], [ 74.7294045, 13.4092051 ], [ 74.7294762, 13.4093773 ], [ 74.7301818, 13.4093364 ], [ 74.73124, 13.4092028 ], [ 74.7313913, 13.4090466 ], [ 74.7321814, 13.4089191 ], [ 74.7326233, 13.4088894 ], [ 74.7330553, 13.4088848 ], [ 74.7332023, 13.4087801 ], [ 74.7329874, 13.4084473 ], [ 74.7320458, 13.4083181 ] ], [ [ 74.7126953, 13.4472278 ], [ 74.7128916, 13.4478428 ], [ 74.7130917, 13.4479596 ], [ 74.7135639, 13.4480452 ], [ 74.7138613, 13.4478412 ], [ 74.713748, 13.446932 ], [ 74.7138908, 13.4466772 ], [ 74.7140511, 13.4460757 ], [ 74.71414, 13.4453259 ], [ 74.7144042, 13.4445531 ], [ 74.7143403, 13.4437714 ], [ 74.714163, 13.4429982 ], [ 74.7138436, 13.4425969 ], [ 74.7134598, 13.4426115 ], [ 74.7130537, 13.442705 ], [ 74.7129584, 13.4430053 ], [ 74.7127795, 13.4437481 ], [ 74.7126274, 13.4446589 ], [ 74.7125154, 13.4462937 ], [ 74.7126953, 13.4472278 ] ], [ [ 74.7168392, 13.4102947 ], [ 74.7162797, 13.4102645 ], [ 74.7160386, 13.4102785 ], [ 74.7156344, 13.4103943 ], [ 74.7153747, 13.4105166 ], [ 74.7150221, 13.4107803 ], [ 74.7146849, 13.4111551 ], [ 74.7146553, 13.4113716 ], [ 74.7148592, 13.4115231 ], [ 74.7149853, 13.4116421 ], [ 74.7151003, 13.4118405 ], [ 74.7150743, 13.4119415 ], [ 74.714881, 13.412015 ], [ 74.7148852, 13.4122085 ], [ 74.7147369, 13.4123383 ], [ 74.7146404, 13.4126414 ], [ 74.714624, 13.4128903 ], [ 74.7144554, 13.413022 ], [ 74.7140842, 13.4132835 ], [ 74.7136243, 13.4135937 ], [ 74.7133795, 13.4138854 ], [ 74.7131245, 13.4141122 ], [ 74.7129011, 13.4144378 ], [ 74.712841, 13.4146255 ], [ 74.7129038, 13.414829 ], [ 74.7130235, 13.4149032 ], [ 74.7133594, 13.4148315 ], [ 74.7136567, 13.4146696 ], [ 74.7140545, 13.4144559 ], [ 74.7146138, 13.4141287 ], [ 74.7151668, 13.4136716 ], [ 74.7156787, 13.4134039 ], [ 74.7160944, 13.4131249 ], [ 74.716506, 13.4129503 ], [ 74.7170334, 13.41259 ], [ 74.7173595, 13.4125066 ], [ 74.7177779, 13.4123997 ], [ 74.7188756, 13.4120786 ], [ 74.7195291, 13.4119551 ], [ 74.7196395, 13.4117864 ], [ 74.7195853, 13.411566 ], [ 74.7192408, 13.4114036 ], [ 74.7188813, 13.4111456 ], [ 74.7184664, 13.4108685 ], [ 74.7181814, 13.4106634 ], [ 74.7178075, 13.4105058 ], [ 74.7168392, 13.4102947 ] ], [ [ 74.7145742, 13.4397954 ], [ 74.7144844, 13.4402994 ], [ 74.7147805, 13.4423001 ], [ 74.7150687, 13.4426426 ], [ 74.7151619, 13.4446989 ], [ 74.7148686, 13.4457481 ], [ 74.7148205, 13.4462392 ], [ 74.7146484, 13.4469886 ], [ 74.7147669, 13.4477336 ], [ 74.7148225, 13.4483855 ], [ 74.7151325, 13.4486762 ], [ 74.7154801, 13.4492878 ], [ 74.7157802, 13.4493959 ], [ 74.7158483, 13.4491711 ], [ 74.715902, 13.4490276 ], [ 74.7160072, 13.4489025 ], [ 74.7160976, 13.4457636 ], [ 74.7163174, 13.4451536 ], [ 74.7165425, 13.4443898 ], [ 74.7163514, 13.4421811 ], [ 74.7157539, 13.4403979 ], [ 74.7153861, 13.4399486 ], [ 74.7150437, 13.4397347 ], [ 74.7147565, 13.4397078 ], [ 74.7145742, 13.4397954 ] ], [ [ 74.7081619, 13.4113282 ], [ 74.7071076, 13.4111549 ], [ 74.7051494, 13.4115108 ], [ 74.7048864, 13.4113821 ], [ 74.7047021, 13.4118059 ], [ 74.7051119, 13.4122169 ], [ 74.7054112, 13.4126713 ], [ 74.7059372, 13.413058 ], [ 74.7063944, 13.4131139 ], [ 74.7070336, 13.4136263 ], [ 74.7086221, 13.4136931 ], [ 74.7098854, 13.4135779 ], [ 74.7101489, 13.4133205 ], [ 74.7106756, 13.4131928 ], [ 74.7110788, 13.4127166 ], [ 74.7109398, 13.4124199 ], [ 74.71094, 13.4121623 ], [ 74.7102119, 13.4119542 ], [ 74.7093611, 13.4117736 ], [ 74.7085717, 13.4115148 ], [ 74.7081619, 13.4113282 ] ], [ [ 74.7727249, 13.3802049 ], [ 74.773566, 13.3808008 ], [ 74.774607, 13.3816407 ], [ 74.7755337, 13.3818198 ], [ 74.7763907, 13.3815048 ], [ 74.7771397, 13.3811096 ], [ 74.7780665, 13.3803253 ], [ 74.7772667, 13.3800536 ], [ 74.7768335, 13.3798302 ], [ 74.7762637, 13.3794299 ], [ 74.7755909, 13.3792632 ], [ 74.774334, 13.3796584 ], [ 74.7727249, 13.3802049 ] ], [ [ 74.7190295, 13.410417 ], [ 74.7191111, 13.4106984 ], [ 74.7195338, 13.4112034 ], [ 74.7199195, 13.4114199 ], [ 74.7205055, 13.4115569 ], [ 74.7221224, 13.4107344 ], [ 74.7221951, 13.4105548 ], [ 74.7222661, 13.4101567 ], [ 74.7224339, 13.4098903 ], [ 74.7238728, 13.4091472 ], [ 74.7239396, 13.4090029 ], [ 74.7241621, 13.4088009 ], [ 74.7243104, 13.4088081 ], [ 74.7257568, 13.4080722 ], [ 74.7259793, 13.4082598 ], [ 74.7261647, 13.4085556 ], [ 74.7270622, 13.4080144 ], [ 74.7273218, 13.4077186 ], [ 74.7275369, 13.4077331 ], [ 74.7286123, 13.4072641 ], [ 74.7296655, 13.4065859 ], [ 74.7308745, 13.4061458 ], [ 74.7321503, 13.4057922 ], [ 74.7325805, 13.4055325 ], [ 74.7334705, 13.4048543 ], [ 74.7341084, 13.4041689 ], [ 74.7327585, 13.40414 ], [ 74.7322318, 13.4042338 ], [ 74.7316682, 13.4041472 ], [ 74.7312899, 13.4038442 ], [ 74.7305482, 13.4024301 ], [ 74.7300438, 13.4017158 ], [ 74.7294653, 13.4012901 ], [ 74.7290796, 13.4012035 ], [ 74.7278632, 13.4012179 ], [ 74.7270028, 13.4019539 ], [ 74.7256307, 13.4028774 ], [ 74.7246294, 13.4034329 ], [ 74.7237616, 13.4041544 ], [ 74.7230718, 13.4046379 ], [ 74.7226564, 13.4051429 ], [ 74.7223523, 13.4053882 ], [ 74.722026, 13.4059438 ], [ 74.7216477, 13.4069971 ], [ 74.7211953, 13.4079567 ], [ 74.7211804, 13.4082525 ], [ 74.7213288, 13.4082958 ], [ 74.7214623, 13.4082381 ], [ 74.7218257, 13.4085051 ], [ 74.7219666, 13.4085339 ], [ 74.7222411, 13.4083896 ], [ 74.7226935, 13.4084257 ], [ 74.7231385, 13.4083391 ], [ 74.7230199, 13.4086133 ], [ 74.7221966, 13.4088009 ], [ 74.721796, 13.4091688 ], [ 74.7217597, 13.4093069 ], [ 74.7214031, 13.4095416 ], [ 74.7211094, 13.4101436 ], [ 74.7209206, 13.410266 ], [ 74.7190295, 13.410417 ] ] ] } },
{ "type": "Feature", "properties": { "name": "Water Body 13", "type": "water", "source": "OpenStreetMap" }, "geometry": { "type": "LineString", "coordinates": [ [ 75.1526849, 13.172758 ], [ 75.1521361, 13.1726261 ], [ 75.151573, 13.172175 ], [ 75.151295, 13.1720015 ], [ 75.151179, 13.1720096 ], [ 75.150952, 13.1721009 ], [ 75.1504139, 13.1722355 ], [ 75.1500881, 13.1722114 ], [ 75.1495748, 13.1720672 ], [ 75.1484592, 13.1715385 ], [ 75.1479063, 13.1712646 ], [ 75.1476644, 13.1711444 ], [ 75.147541, 13.170981 ], [ 75.1473929, 13.1708849 ], [ 75.147235, 13.1708801 ], [ 75.147077, 13.1708801 ], [ 75.1468401, 13.1708608 ], [ 75.1466821, 13.1707599 ], [ 75.146534, 13.1706013 ], [ 75.1464106, 13.1703513 ], [ 75.1463079, 13.1701752 ], [ 75.1461345, 13.1700788 ], [ 75.1459116, 13.1700788 ], [ 75.1457382, 13.169926 ], [ 75.1454658, 13.1693633 ], [ 75.1451025, 13.1687122 ], [ 75.144764, 13.1682459 ], [ 75.144442, 13.1680289 ], [ 75.1441531, 13.1679565 ], [ 75.1438311, 13.1680449 ], [ 75.1434513, 13.1681495 ], [ 75.1431789, 13.1681093 ], [ 75.1429725, 13.1679485 ], [ 75.1427744, 13.167635 ], [ 75.1424524, 13.1674662 ], [ 75.1420644, 13.1674018 ], [ 75.141635, 13.167442 ], [ 75.1411149, 13.167426 ], [ 75.1406526, 13.1673858 ], [ 75.1404049, 13.1672813 ], [ 75.1402893, 13.1671366 ], [ 75.1402976, 13.1669677 ], [ 75.1405205, 13.1667909 ], [ 75.1407929, 13.1667427 ], [ 75.1409993, 13.1665658 ], [ 75.1410159, 13.1663407 ], [ 75.140859, 13.1662764 ], [ 75.1399426, 13.1663166 ], [ 75.1396712, 13.1663516 ], [ 75.1395609, 13.1663658 ], [ 75.1393812, 13.1663889 ], [ 75.1389354, 13.1663889 ], [ 75.1382749, 13.1663809 ], [ 75.1377465, 13.1663327 ], [ 75.1370365, 13.1663327 ], [ 75.1366155, 13.166405 ], [ 75.1363018, 13.1667025 ], [ 75.1361366, 13.167024 ], [ 75.1359467, 13.1673054 ], [ 75.1358477, 13.167442 ], [ 75.1354707, 13.1674059 ], [ 75.1350992, 13.1673657 ], [ 75.1343644, 13.1674943 ], [ 75.1339516, 13.167639 ], [ 75.1335801, 13.1679686 ], [ 75.13306, 13.1685555 ], [ 75.1327132, 13.1689494 ], [ 75.1324408, 13.1693031 ], [ 75.1324573, 13.169496 ], [ 75.1326224, 13.1696407 ], [ 75.1329526, 13.1696809 ], [ 75.133159, 13.1698015 ], [ 75.1332003, 13.1699221 ], [ 75.1330104, 13.1701069 ], [ 75.1328618, 13.1702275 ], [ 75.1326059, 13.1702195 ], [ 75.1320858, 13.1701311 ], [ 75.1314253, 13.1700426 ], [ 75.1310373, 13.169906 ], [ 75.1305337, 13.1697532 ], [ 75.1300631, 13.1697211 ], [ 75.1296833, 13.1697774 ], [ 75.1294274, 13.1699864 ], [ 75.1290641, 13.1705089 ], [ 75.1286018, 13.1710636 ], [ 75.1283624, 13.1714333 ], [ 75.128255, 13.1717629 ], [ 75.1283046, 13.1723015 ], [ 75.1284037, 13.1727195 ], [ 75.1284862, 13.1731215 ], [ 75.1286431, 13.173451 ], [ 75.1286844, 13.173644 ], [ 75.1286183, 13.1737887 ], [ 75.1283541, 13.1738851 ], [ 75.1279743, 13.1739334 ], [ 75.127446, 13.1738851 ], [ 75.127091, 13.1737887 ], [ 75.1268268, 13.1735877 ], [ 75.1265296, 13.1732903 ], [ 75.1261746, 13.1730491 ], [ 75.1256957, 13.1730411 ], [ 75.124672, 13.1731697 ], [ 75.1241436, 13.1733867 ], [ 75.12364, 13.1734993 ], [ 75.1233098, 13.1734591 ], [ 75.1231116, 13.1732983 ], [ 75.1229383, 13.1731616 ], [ 75.1226823, 13.1730491 ], [ 75.1224181, 13.173033 ], [ 75.1222778, 13.1731054 ], [ 75.1221044, 13.1731858 ], [ 75.1219888, 13.1731697 ], [ 75.1218155, 13.1729768 ], [ 75.121477, 13.1729124 ], [ 75.1212293, 13.1729446 ], [ 75.1211632, 13.1731295 ], [ 75.1212293, 13.1733385 ], [ 75.1213779, 13.1736761 ], [ 75.1215678, 13.1740057 ], [ 75.1218815, 13.1744639 ], [ 75.1220879, 13.1749543 ], [ 75.1221292, 13.1754928 ], [ 75.122154, 13.1758465 ], [ 75.1221457, 13.1762083 ], [ 75.1221127, 13.1764896 ], [ 75.1220301, 13.1769317 ], [ 75.1220053, 13.1772613 ], [ 75.1220796, 13.1774623 ], [ 75.1222695, 13.1777115 ], [ 75.1224347, 13.1779285 ], [ 75.1225585, 13.1781455 ], [ 75.1225585, 13.1783144 ], [ 75.1224264, 13.1784751 ], [ 75.1222283, 13.1786037 ], [ 75.1216999, 13.1788127 ], [ 75.1212128, 13.1789574 ], [ 75.1208991, 13.1790619 ], [ 75.1204615, 13.1790137 ], [ 75.1199744, 13.1788851 ], [ 75.1196689, 13.17866 ], [ 75.1195038, 13.1783947 ], [ 75.1192974, 13.1782259 ], [ 75.1189672, 13.1781938 ], [ 75.1183067, 13.1783385 ], [ 75.1180673, 13.1784349 ], [ 75.1178692, 13.1785635 ], [ 75.1178279, 13.1787324 ], [ 75.1178196, 13.1789172 ], [ 75.1179187, 13.1792388 ], [ 75.1180425, 13.1796889 ], [ 75.1180921, 13.1801552 ], [ 75.1182572, 13.1806535 ], [ 75.1183893, 13.1808304 ], [ 75.1186122, 13.1812805 ], [ 75.1185792, 13.1815217 ], [ 75.1184718, 13.1817548 ], [ 75.1182819, 13.1819718 ], [ 75.1180508, 13.1821487 ], [ 75.1178857, 13.1823577 ], [ 75.1178692, 13.1827274 ], [ 75.1177288, 13.1834107 ], [ 75.1177371, 13.1839412 ], [ 75.1178857, 13.1843914 ], [ 75.1181251, 13.185163 ], [ 75.1184718, 13.1858141 ], [ 75.118736, 13.1862482 ], [ 75.1190663, 13.1866983 ], [ 75.119446, 13.1870681 ], [ 75.1198671, 13.1873012 ], [ 75.1202799, 13.1875182 ], [ 75.1206927, 13.187687 ], [ 75.1210394, 13.1878639 ], [ 75.1213119, 13.1880889 ], [ 75.1215843, 13.1883461 ], [ 75.1218237, 13.1885953 ], [ 75.1221292, 13.1888204 ], [ 75.1223191, 13.1890857 ], [ 75.1223934, 13.1894715 ], [ 75.1223191, 13.1897367 ], [ 75.1222365, 13.1899618 ], [ 75.1219901, 13.1902604 ], [ 75.1212713, 13.1907618 ], [ 75.1210894, 13.1908329 ], [ 75.1208146, 13.1908646 ], [ 75.1205315, 13.1908015 ], [ 75.1200911, 13.1904589 ], [ 75.1195445, 13.1900494 ], [ 75.1193294, 13.1899471 ], [ 75.1190397, 13.1899053 ], [ 75.1188358, 13.1900306 ], [ 75.118654, 13.1903001 ], [ 75.1183852, 13.191023 ], [ 75.1182887, 13.1915557 ], [ 75.118375, 13.191773 ], [ 75.1186105, 13.1919004 ], [ 75.1190182, 13.1919004 ], [ 75.1192435, 13.1919944 ], [ 75.1193294, 13.1923287 ], [ 75.1193294, 13.1927361 ], [ 75.1192221, 13.193039 ], [ 75.1190933, 13.1932479 ], [ 75.1190933, 13.1934568 ], [ 75.1191899, 13.1936448 ], [ 75.1194689, 13.1938433 ], [ 75.1204023, 13.1944178 ], [ 75.1206705, 13.1947625 ], [ 75.1206598, 13.1950863 ], [ 75.1206598, 13.1951699 ], [ 75.1204672, 13.1952305 ], [ 75.1201233, 13.1951699 ], [ 75.1199946, 13.1952117 ], [ 75.1197043, 13.1952848 ], [ 75.1192967, 13.1955564 ], [ 75.1189533, 13.1957862 ], [ 75.1187602, 13.1960578 ], [ 75.118374, 13.1969979 ], [ 75.1182678, 13.19733 ], [ 75.1180521, 13.1974784 ], [ 75.1176444, 13.197541 ], [ 75.1166574, 13.1977499 ], [ 75.1156714, 13.1978732 ], [ 75.1151564, 13.1979985 ], [ 75.1149193, 13.1981678 ], [ 75.1148335, 13.1985438 ], [ 75.1152197, 13.1991914 ], [ 75.1153055, 13.1994003 ], [ 75.1152197, 13.1996301 ], [ 75.1147272, 13.1999623 ], [ 75.1143828, 13.2001106 ], [ 75.1139966, 13.2002151 ], [ 75.11359, 13.2006099 ], [ 75.1131383, 13.2008627 ], [ 75.1125386, 13.2011113 ], [ 75.1118294, 13.2014267 ], [ 75.1105215, 13.2018007 ], [ 75.1099196, 13.2019699 ], [ 75.1094905, 13.2023459 ], [ 75.1092759, 13.2027637 ], [ 75.1092115, 13.2031606 ], [ 75.109233, 13.2036411 ], [ 75.1094261, 13.2041216 ], [ 75.1098344, 13.2045707 ], [ 75.1100275, 13.2048736 ], [ 75.1100382, 13.2050303 ], [ 75.1100382, 13.205187 ], [ 75.1099631, 13.2053855 ], [ 75.1098236, 13.2055526 ], [ 75.1096627, 13.2057406 ], [ 75.1095339, 13.2059913 ], [ 75.1094374, 13.2062942 ], [ 75.1093301, 13.2066075 ], [ 75.1088264, 13.2072635 ], [ 75.1079139, 13.2081221 ], [ 75.1073667, 13.2089263 ], [ 75.1062724, 13.2099499 ], [ 75.1060262, 13.210209 ], [ 75.1053717, 13.2105328 ], [ 75.1042983, 13.21089 ], [ 75.1039871, 13.2110467 ], [ 75.1038369, 13.2112347 ], [ 75.1038477, 13.2114853 ], [ 75.103955, 13.2117465 ], [ 75.104095, 13.2120786 ], [ 75.1039657, 13.2124045 ], [ 75.1039233, 13.212486 ], [ 75.1034829, 13.2126656 ], [ 75.1032474, 13.2129142 ], [ 75.1031079, 13.21305 ], [ 75.1028499, 13.2134594 ], [ 75.1028284, 13.2138041 ], [ 75.1028821, 13.2141174 ], [ 75.1030215, 13.2146188 ], [ 75.1031074, 13.2152977 ], [ 75.1030537, 13.215893 ], [ 75.1030323, 13.2162691 ], [ 75.1028392, 13.2168226 ], [ 75.1025602, 13.2174702 ], [ 75.1023784, 13.2176874 ], [ 75.1021745, 13.2178023 ], [ 75.1018521, 13.2179715 ], [ 75.1015737, 13.2180217 ], [ 75.1012084, 13.2181595 ], [ 75.1008114, 13.2185146 ], [ 75.1003608, 13.2189847 ], [ 75.0997492, 13.2197158 ], [ 75.0996103, 13.2198599 ], [ 75.099149, 13.2200897 ], [ 75.0988486, 13.2201419 ], [ 75.0984403, 13.220144 ], [ 75.0981936, 13.2201231 ], [ 75.0979897, 13.2199664 ], [ 75.0977971, 13.219745 ], [ 75.0974962, 13.2193607 ], [ 75.0973782, 13.21911 ], [ 75.0970247, 13.218993 ], [ 75.0966813, 13.2188886 ], [ 75.0962838, 13.2190891 ], [ 75.0956836, 13.2192959 ], [ 75.0950607, 13.2196949 ], [ 75.0945994, 13.2199873 ], [ 75.0941166, 13.220708 ], [ 75.0939449, 13.2209587 ], [ 75.0937524, 13.2211341 ], [ 75.0935587, 13.2211258 ], [ 75.0932374, 13.2210088 ], [ 75.0926044, 13.2208312 ], [ 75.0919392, 13.2206119 ], [ 75.0915739, 13.220614 ], [ 75.0913271, 13.2206871 ], [ 75.0910696, 13.2208229 ], [ 75.0906834, 13.2213764 ], [ 75.0898787, 13.2217524 ], [ 75.0896105, 13.2220031 ], [ 75.0894281, 13.2222433 ], [ 75.0893745, 13.2225984 ], [ 75.0892672, 13.2232982 ], [ 75.0891062, 13.2242069 ], [ 75.088978, 13.2245077 ], [ 75.0886556, 13.2251155 ], [ 75.0885162, 13.2252617 ], [ 75.0881299, 13.2255437 ], [ 75.0878188, 13.225784 ], [ 75.0875296, 13.225949 ], [ 75.0872721, 13.2260639 ], [ 75.0868645, 13.2262414 ], [ 75.0866064, 13.2264211 ], [ 75.086306, 13.2267344 ], [ 75.0858232, 13.2271208 ], [ 75.085555, 13.2273193 ], [ 75.0854584, 13.2276848 ], [ 75.0854048, 13.2279459 ], [ 75.0854048, 13.2283115 ], [ 75.0855335, 13.2288546 ], [ 75.0856516, 13.2294394 ], [ 75.0856199, 13.2299125 ], [ 75.0854748, 13.2303374 ], [ 75.0853514, 13.2307656 ], [ 75.0851637, 13.2313609 ], [ 75.0850349, 13.2317055 ], [ 75.084815, 13.2322904 ], [ 75.084697, 13.2324575 ], [ 75.0846221, 13.232675 ], [ 75.0843268, 13.2330998 ], [ 75.0842088, 13.2332251 ], [ 75.0841447, 13.2333277 ], [ 75.0841122, 13.233481 ], [ 75.0841659, 13.2337055 ], [ 75.0841712, 13.233998 ], [ 75.0842839, 13.2345097 ], [ 75.0843107, 13.2347238 ], [ 75.0842142, 13.2351625 ], [ 75.0839513, 13.235669 ], [ 75.0838387, 13.2359092 ], [ 75.0831896, 13.2361337 ], [ 75.0828905, 13.2363296 ], [ 75.0823798, 13.2363356 ], [ 75.0820684, 13.2362486 ], [ 75.0816932, 13.2361006 ], [ 75.0816449, 13.2360588 ], [ 75.0814247, 13.2360606 ], [ 75.0813871, 13.2361755 ], [ 75.0813227, 13.2363426 ], [ 75.0812047, 13.236421 ], [ 75.0810223, 13.2365933 ], [ 75.080738, 13.2367813 ], [ 75.0802764, 13.2371888 ], [ 75.0800511, 13.237523 ], [ 75.07974, 13.2379617 ], [ 75.0792148, 13.2383773 ], [ 75.0786671, 13.2386614 ], [ 75.0779273, 13.2390144 ], [ 75.0770905, 13.2393486 ], [ 75.0765433, 13.2395261 ], [ 75.0759103, 13.2396724 ], [ 75.0754592, 13.2396536 ], [ 75.0748369, 13.2396118 ], [ 75.0741079, 13.2396201 ], [ 75.0719192, 13.2398186 ], [ 75.0709536, 13.2399857 ], [ 75.0700846, 13.2399648 ], [ 75.0686576, 13.2390771 ], [ 75.0682928, 13.2387846 ], [ 75.0676169, 13.2385653 ], [ 75.0667801, 13.2386906 ], [ 75.0665548, 13.2388264 ], [ 75.0664367, 13.2390875 ], [ 75.0663938, 13.2396306 ], [ 75.0662753, 13.2401026 ], [ 75.0660822, 13.2403115 ], [ 75.0658783, 13.240489 ], [ 75.0654706, 13.2407084 ], [ 75.0649669, 13.2408525 ], [ 75.064033, 13.2410321 ], [ 75.0625953, 13.2413454 ], [ 75.0624456, 13.2414373 ], [ 75.062252, 13.2415647 ], [ 75.0621447, 13.2417841 ], [ 75.062091, 13.2426091 ], [ 75.0620588, 13.2427971 ], [ 75.0619301, 13.2429642 ], [ 75.0617799, 13.2430268 ], [ 75.0615224, 13.2430268 ], [ 75.0610723, 13.2429621 ], [ 75.0604071, 13.2429412 ], [ 75.0595161, 13.2430895 ], [ 75.0578644, 13.243526 ], [ 75.0573703, 13.2436743 ], [ 75.0568344, 13.2438498 ], [ 75.0563618, 13.2441756 ], [ 75.0557079, 13.2444471 ], [ 75.0549247, 13.2447082 ], [ 75.0539484, 13.2449589 ], [ 75.0532832, 13.24522 ], [ 75.0525322, 13.2458883 ], [ 75.0522318, 13.2462016 ], [ 75.0520494, 13.2464941 ], [ 75.0520279, 13.2467865 ], [ 75.0521352, 13.2469828 ], [ 75.0522961, 13.2470684 ], [ 75.0526824, 13.2470998 ], [ 75.0532725, 13.2470998 ], [ 75.0538411, 13.2471186 ], [ 75.0544097, 13.247434 ], [ 75.0545063, 13.2477473 ], [ 75.0545385, 13.2479457 ], [ 75.0544312, 13.2482277 ], [ 75.0541737, 13.2486245 ], [ 75.0529291, 13.2494391 ], [ 75.052736, 13.249719 ], [ 75.0525429, 13.2499612 ], [ 75.0524785, 13.250379 ], [ 75.0519636, 13.2510995 ], [ 75.0517919, 13.2514651 ], [ 75.0517919, 13.2519768 ], [ 75.0519743, 13.2526138 ], [ 75.0519957, 13.2529898 ], [ 75.0519206, 13.2533114 ], [ 75.0516846, 13.2536372 ], [ 75.0514164, 13.2538461 ], [ 75.0508907, 13.2541072 ], [ 75.0500645, 13.2542722 ], [ 75.0489755, 13.2543786 ], [ 75.0470712, 13.2546189 ], [ 75.046288, 13.2548695 ], [ 75.0459661, 13.2552141 ], [ 75.0456657, 13.2557154 ], [ 75.0451611, 13.2560957 ], [ 75.0438951, 13.2566805 ], [ 75.0426291, 13.2572862 ], [ 75.04117, 13.2582261 ], [ 75.0397752, 13.2584715 ], [ 75.0375222, 13.2592652 ], [ 75.0352048, 13.2605235 ], [ 75.0339827, 13.2611866 ], [ 75.0313638, 13.2616304 ], [ 75.0306198, 13.2618166 ], [ 75.0302011, 13.2618331 ], [ 75.0298615, 13.2615963 ], [ 75.0291145, 13.2608802 ], [ 75.0282656, 13.2604451 ], [ 75.0273941, 13.2601752 ], [ 75.0263359, 13.260032 ], [ 75.0256342, 13.260043 ], [ 75.0236535, 13.2610124 ], [ 75.0223858, 13.2619543 ], [ 75.0211917, 13.2626318 ], [ 75.0203768, 13.2630009 ], [ 75.0198537, 13.2635161 ], [ 75.0184697, 13.2648792 ], [ 75.0169135, 13.2669998 ], [ 75.0157024, 13.268856 ], [ 75.0150799, 13.2693517 ], [ 75.0149894, 13.2697538 ], [ 75.0119256, 13.2732506 ], [ 75.0114502, 13.2737133 ], [ 75.0112805, 13.2743743 ], [ 75.0110315, 13.274859 ], [ 75.0089715, 13.276258 ], [ 75.0081, 13.2766545 ], [ 75.0079189, 13.2767977 ], [ 75.0072172, 13.2779434 ], [ 75.0065381, 13.2794195 ], [ 75.0061759, 13.2813692 ], [ 75.006108, 13.2815895 ], [ 75.0059156, 13.2818429 ], [ 75.0050894, 13.2822945 ], [ 75.0030408, 13.2830546 ], [ 75.0007432, 13.2847399 ], [ 74.9995887, 13.2852907 ], [ 74.9982305, 13.2855881 ], [ 74.9976873, 13.2859186 ], [ 74.99711, 13.2864914 ], [ 74.9969629, 13.2867227 ], [ 74.9964083, 13.2877361 ], [ 74.9961027, 13.2884851 ], [ 74.9959216, 13.2888266 ], [ 74.9957292, 13.2890249 ], [ 74.995367, 13.2892562 ], [ 74.9949482, 13.2893663 ], [ 74.9946313, 13.2892782 ], [ 74.9943823, 13.2890579 ], [ 74.994156, 13.2889478 ], [ 74.9937146, 13.2889588 ], [ 74.9932958, 13.2891791 ], [ 74.9930015, 13.2893994 ], [ 74.9925714, 13.2899612 ], [ 74.9924469, 13.2902255 ], [ 74.9923677, 13.291316 ], [ 74.9922206, 13.2915583 ], [ 74.9917452, 13.2919659 ], [ 74.9909416, 13.2921752 ], [ 74.9907605, 13.2923845 ], [ 74.990636, 13.2926488 ], [ 74.9902172, 13.2929462 ], [ 74.9892212, 13.2933097 ], [ 74.9888477, 13.2937173 ], [ 74.9885987, 13.294224 ], [ 74.9883497, 13.2945654 ], [ 74.9875688, 13.2950942 ], [ 74.9866746, 13.2958542 ], [ 74.9859616, 13.2958652 ], [ 74.9856673, 13.2958101 ], [ 74.9845128, 13.2953034 ], [ 74.9826114, 13.2940147 ], [ 74.981887, 13.2938715 ], [ 74.9811626, 13.2939706 ], [ 74.9807891, 13.294213 ], [ 74.9806194, 13.2944333 ], [ 74.9790801, 13.2967354 ], [ 74.9778238, 13.2983986 ], [ 74.9777332, 13.2986299 ], [ 74.9772352, 13.2992577 ], [ 74.9770202, 13.299423 ], [ 74.9762392, 13.2997314 ], [ 74.9737703, 13.2999377 ], [ 74.9731941, 13.2999065 ], [ 74.9728259, 13.3000155 ], [ 74.9722977, 13.3005763 ], [ 74.9711132, 13.3016356 ], [ 74.9684242, 13.3036761 ], [ 74.967944, 13.304159 ], [ 74.9676238, 13.3047665 ], [ 74.9673517, 13.3056232 ], [ 74.9674478, 13.3059348 ], [ 74.9678159, 13.3065578 ], [ 74.968008, 13.3088009 ], [ 74.9683761, 13.3101716 ], [ 74.968104, 13.3119317 ], [ 74.9673837, 13.3131311 ], [ 74.9671116, 13.3133336 ], [ 74.9667755, 13.3133959 ], [ 74.9665034, 13.3132246 ], [ 74.9664073, 13.3129286 ], [ 74.965655, 13.3128351 ], [ 74.9648547, 13.3131155 ], [ 74.9645186, 13.3132869 ], [ 74.9638416, 13.3137392 ], [ 74.9636492, 13.3138824 ], [ 74.9634568, 13.3143119 ], [ 74.9636153, 13.3147525 ], [ 74.9638303, 13.315138 ], [ 74.9638982, 13.3154133 ], [ 74.9639548, 13.3162174 ], [ 74.9639209, 13.3165147 ], [ 74.9637511, 13.316691 ], [ 74.9614874, 13.3171205 ], [ 74.9605141, 13.317517 ], [ 74.9600613, 13.3179576 ], [ 74.9597331, 13.3186184 ], [ 74.9589943, 13.3192156 ], [ 74.9573902, 13.3187395 ], [ 74.9564848, 13.3179465 ], [ 74.9558396, 13.3171756 ], [ 74.9544475, 13.3157327 ], [ 74.953542, 13.3152702 ], [ 74.9526253, 13.3152151 ], [ 74.9521725, 13.3153252 ], [ 74.9517198, 13.3155565 ], [ 74.9514934, 13.3157548 ], [ 74.9510973, 13.3163165 ], [ 74.9509162, 13.3165918 ], [ 74.9509049, 13.3168452 ], [ 74.9500673, 13.3197528 ], [ 74.9495241, 13.3204026 ], [ 74.9489355, 13.3207771 ], [ 74.9477358, 13.3210965 ], [ 74.9458456, 13.3211185 ], [ 74.942552, 13.3199951 ], [ 74.9401299, 13.3195876 ], [ 74.9377305, 13.3196867 ], [ 74.93412, 13.3202264 ], [ 74.9337238, 13.3203586 ], [ 74.9333164, 13.3205788 ], [ 74.9328976, 13.3208762 ], [ 74.9321619, 13.3216141 ], [ 74.9306453, 13.3224952 ], [ 74.930102, 13.3229137 ], [ 74.9291399, 13.323123 ], [ 74.9276007, 13.3237177 ], [ 74.9267744, 13.3241252 ], [ 74.924839, 13.3241362 ], [ 74.9240128, 13.3243014 ], [ 74.9235487, 13.3244887 ], [ 74.9232997, 13.3248081 ], [ 74.9231413, 13.3252046 ], [ 74.9231413, 13.3256231 ], [ 74.922847, 13.3261958 ], [ 74.9227451, 13.3265262 ], [ 74.9215794, 13.3275945 ], [ 74.9211945, 13.3278037 ], [ 74.9147884, 13.330513 ], [ 74.9104649, 13.3327597 ], [ 74.9091859, 13.3332333 ], [ 74.9074797, 13.3337285 ], [ 74.9062867, 13.3341273 ], [ 74.9047417, 13.3347954 ], [ 74.9033169, 13.3360252 ], [ 74.9024157, 13.3373197 ], [ 74.902081, 13.3389712 ], [ 74.9022526, 13.3412679 ], [ 74.9030594, 13.343625 ], [ 74.9034886, 13.3450865 ], [ 74.9032311, 13.3460469 ], [ 74.901772, 13.3469238 ], [ 74.8995404, 13.348093 ], [ 74.8980383, 13.3483435 ], [ 74.8952918, 13.3478007 ], [ 74.8919444, 13.3469656 ], [ 74.8903565, 13.3469238 ], [ 74.8895411, 13.3475084 ], [ 74.888554, 13.3500973 ], [ 74.8877387, 13.3523521 ], [ 74.8866658, 13.3533959 ], [ 74.8842167, 13.3536199 ], [ 74.8832802, 13.3541552 ], [ 74.8822455, 13.3560265 ], [ 74.8802285, 13.3602854 ], [ 74.8791985, 13.3617886 ], [ 74.878941, 13.3646278 ], [ 74.8789737, 13.3651694 ], [ 74.8790268, 13.3660474 ], [ 74.8782867, 13.3666152 ], [ 74.8770957, 13.3667989 ], [ 74.8752932, 13.3673 ], [ 74.8735337, 13.3678845 ], [ 74.8721604, 13.3686778 ], [ 74.8711304, 13.3693041 ], [ 74.8697142, 13.3693876 ], [ 74.8678259, 13.3691788 ], [ 74.8663498, 13.3689534 ], [ 74.8636515, 13.3687457 ], [ 74.8603158, 13.3686778 ], [ 74.859157, 13.3690118 ], [ 74.8572688, 13.3689701 ], [ 74.8558526, 13.368469 ], [ 74.8541359, 13.3683855 ], [ 74.8504452, 13.3701809 ], [ 74.8468833, 13.3720597 ], [ 74.8452954, 13.3723938 ], [ 74.8425059, 13.3719345 ], [ 74.8379569, 13.3697216 ], [ 74.8354678, 13.3677593 ], [ 74.8340516, 13.3655046 ], [ 74.8321633, 13.3640015 ], [ 74.8304665, 13.3642715 ], [ 74.8289232, 13.3650662 ], [ 74.8273568, 13.3663605 ], [ 74.8224215, 13.3680098 ], [ 74.8197822, 13.3689492 ], [ 74.8178939, 13.3693667 ], [ 74.8168854, 13.3705567 ], [ 74.816864, 13.3726025 ], [ 74.8171644, 13.3743352 ], [ 74.8173146, 13.3765063 ], [ 74.8165421, 13.3778005 ], [ 74.8149971, 13.3788443 ], [ 74.8125724, 13.3793871 ], [ 74.8103408, 13.3792201 ], [ 74.8077015, 13.3801386 ], [ 74.8057274, 13.381579 ], [ 74.8043112, 13.383249 ], [ 74.8027663, 13.3839796 ], [ 74.801393, 13.3836873 ], [ 74.8005132, 13.3826227 ], [ 74.7997622, 13.3792201 ], [ 74.7987537, 13.3775918 ], [ 74.7977452, 13.3767985 ], [ 74.7965319, 13.3769368 ], [ 74.7939257, 13.3762975 ], [ 74.791846, 13.3749628 ], [ 74.79079, 13.3746563 ], [ 74.7883896, 13.3739594 ], [ 74.785922, 13.3742934 ], [ 74.7819309, 13.3758382 ], [ 74.7810511, 13.3769238 ], [ 74.7792487, 13.3800133 ], [ 74.7779183, 13.381579 ], [ 74.7761373, 13.3822678 ], [ 74.7748713, 13.382247 ], [ 74.7724466, 13.3808692 ], [ 74.7707574, 13.3802811 ], [ 74.7678332, 13.3808901 ], [ 74.7651295, 13.3813285 ], [ 74.7602372, 13.3828315 ], [ 74.7582201, 13.3835412 ], [ 74.7523407, 13.3833742 ], [ 74.7489075, 13.384418 ], [ 74.7471909, 13.3856705 ], [ 74.7462039, 13.3879667 ], [ 74.7446589, 13.3928095 ], [ 74.742084, 13.3974435 ], [ 74.7397236, 13.4010338 ], [ 74.7351746, 13.404958 ], [ 74.7316985, 13.40692 ], [ 74.7259907, 13.409717 ], [ 74.7251388, 13.4104504 ], [ 74.7222571, 13.4129313 ], [ 74.7177081, 13.4153943 ], [ 74.7144894, 13.4157282 ], [ 74.7118287, 13.415603 ], [ 74.7098975, 13.4156447 ], [ 74.7050051, 13.4176067 ], [ 74.7029452, 13.4187338 ], [ 74.701529, 13.4200278 ], [ 74.7013144, 13.4217811 ], [ 74.7009282, 13.4242022 ], [ 74.7001128, 13.4286269 ], [ 74.6995549, 13.436349 ], [ 74.6981378, 13.4431124 ], [ 74.6972374, 13.44741 ], [ 74.6966366, 13.4489126 ], [ 74.6952204, 13.4503317 ], [ 74.6937613, 13.4522934 ], [ 74.6923796, 13.4532751 ] ] } },
{ "type": "Feature", "properties": { "name": "Water Body 14", "type": "water", "source": "OpenStreetMap" }, "geometry": { "type": "Polygon", "coordinates": [ [ [ 74.7485463, 13.3928238 ], [ 74.7486536, 13.3929282 ], [ 74.7487716, 13.3930534 ], [ 74.7489189, 13.3931093 ], [ 74.7490238, 13.3931943 ], [ 74.7491525, 13.3932048 ], [ 74.7492759, 13.3931891 ], [ 74.7493456, 13.3931787 ], [ 74.74941, 13.3933352 ], [ 74.7494446, 13.3934641 ], [ 74.7493105, 13.3935424 ], [ 74.7491686, 13.3935283 ], [ 74.7490989, 13.3934553 ], [ 74.7489808, 13.3933039 ], [ 74.748836, 13.3932152 ], [ 74.7486643, 13.39309 ], [ 74.7485356, 13.392923 ], [ 74.7484522, 13.3928901 ], [ 74.7483824, 13.3928275 ], [ 74.748243, 13.3926866 ], [ 74.7480474, 13.3924898 ], [ 74.7478275, 13.3922602 ], [ 74.7476934, 13.3921141 ], [ 74.7475968, 13.3918897 ], [ 74.7474759, 13.3917055 ], [ 74.7473608, 13.3915244 ], [ 74.7472481, 13.3913418 ], [ 74.7471355, 13.3911382 ], [ 74.7470121, 13.3910652 ], [ 74.7468697, 13.3909697 ], [ 74.7467975, 13.3908982 ], [ 74.7467356, 13.3908757 ], [ 74.7467758, 13.3906734 ], [ 74.7469394, 13.3908549 ], [ 74.7471087, 13.3909817 ], [ 74.747275, 13.3910913 ], [ 74.74739, 13.3912724 ], [ 74.7474759, 13.3914759 ], [ 74.7475915, 13.3917175 ], [ 74.7477881, 13.3919914 ], [ 74.7479569, 13.3921829 ], [ 74.7481464, 13.3923735 ], [ 74.7483317, 13.3925107 ], [ 74.7484629, 13.3927075 ], [ 74.7485463, 13.3928238 ] ] ] } },
{ "type": "Feature", "properties": { "name": "Water Body 15", "type": "water", "source": "OpenStreetMap" }, "geometry": { "type": "Polygon", "coordinates": [ [ [ 74.6964633, 13.3747566 ], [ 74.6964902, 13.3744643 ], [ 74.6964945, 13.3742411 ], [ 74.6965041, 13.3737442 ], [ 74.6965768, 13.3738051 ], [ 74.6967101, 13.3738886 ], [ 74.6968474, 13.3738844 ], [ 74.6969547, 13.3738218 ], [ 74.6970059, 13.3737338 ], [ 74.6970749, 13.3736339 ], [ 74.6970918, 13.3734875 ], [ 74.697066, 13.3732707 ], [ 74.6970534, 13.3730616 ], [ 74.6970749, 13.3728487 ], [ 74.6971733, 13.3727944 ], [ 74.6971991, 13.3728529 ], [ 74.6972079, 13.3731076 ], [ 74.6972189, 13.3732263 ], [ 74.6972575, 13.3735019 ], [ 74.6974439, 13.3738132 ], [ 74.6975126, 13.3739053 ], [ 74.697607, 13.3739303 ], [ 74.6976757, 13.3739426 ], [ 74.6978903, 13.373613 ], [ 74.6979715, 13.3734666 ], [ 74.698195, 13.3733873 ], [ 74.6987786, 13.3733333 ], [ 74.6998341, 13.3733622 ], [ 74.7007954, 13.3734082 ], [ 74.700963, 13.3734332 ], [ 74.7009525, 13.3734643 ], [ 74.7008238, 13.373481 ], [ 74.7006221, 13.3734768 ], [ 74.7003236, 13.3734416 ], [ 74.6997657, 13.3734126 ], [ 74.6989715, 13.3734457 ], [ 74.6983194, 13.3735752 ], [ 74.6980319, 13.3737046 ], [ 74.6978066, 13.3738943 ], [ 74.6977572, 13.3740219 ], [ 74.6977401, 13.3741848 ], [ 74.6978302, 13.3743228 ], [ 74.6979332, 13.3744981 ], [ 74.6982164, 13.3746276 ], [ 74.6989589, 13.3747901 ], [ 74.6993537, 13.3748697 ], [ 74.6995039, 13.3748987 ], [ 74.6996755, 13.375024 ], [ 74.6997828, 13.3751659 ], [ 74.6998598, 13.3754039 ], [ 74.6999073, 13.3756419 ], [ 74.6999545, 13.3757716 ], [ 74.7000446, 13.3758423 ], [ 74.7001945, 13.3759133 ], [ 74.7004008, 13.3758423 ], [ 74.7005553, 13.3757546 ], [ 74.7006154, 13.3754456 ], [ 74.7006497, 13.375049 ], [ 74.7007999, 13.3747693 ], [ 74.7009802, 13.3747567 ], [ 74.7014238, 13.3747672 ], [ 74.7013873, 13.374834 ], [ 74.7010059, 13.3748611 ], [ 74.7008514, 13.3749363 ], [ 74.7007999, 13.3750699 ], [ 74.7007508, 13.375293 ], [ 74.7007034, 13.3754809 ], [ 74.7006776, 13.375669 ], [ 74.7006712, 13.3758172 ], [ 74.700562, 13.3759195 ], [ 74.7003128, 13.3759821 ], [ 74.7001433, 13.3760176 ], [ 74.6999073, 13.3758715 ], [ 74.6997954, 13.375692 ], [ 74.6997828, 13.3755625 ], [ 74.6997013, 13.3754373 ], [ 74.6995594, 13.375312 ], [ 74.6993322, 13.3751787 ], [ 74.6990643, 13.3751302 ], [ 74.6988298, 13.3750908 ], [ 74.6985576, 13.3751051 ], [ 74.6984288, 13.3751012 ], [ 74.6982703, 13.3751638 ], [ 74.698019, 13.3750785 ], [ 74.6976971, 13.3748656 ], [ 74.6975856, 13.3746941 ], [ 74.697581, 13.374548 ], [ 74.6976714, 13.3744311 ], [ 74.6976266, 13.3742829 ], [ 74.6974182, 13.3741975 ], [ 74.6972849, 13.3740723 ], [ 74.6971822, 13.3740428 ], [ 74.697077, 13.3741114 ], [ 74.6970258, 13.3742283 ], [ 74.6969829, 13.3744332 ], [ 74.6969461, 13.3745608 ], [ 74.6968729, 13.3746398 ], [ 74.6967914, 13.3746983 ], [ 74.6966326, 13.3747528 ], [ 74.6964633, 13.3747566 ] ] ] } },
{ "type": "Feature", "properties": { "name": "Water Body 16", "type": "water", "source": "OpenStreetMap" }, "geometry": { "type": "Polygon", "coordinates": [ [ [ 74.7045253, 13.3699754 ], [ 74.7047376, 13.3698531 ], [ 74.7048443, 13.3697624 ], [ 74.7048322, 13.3696932 ], [ 74.7048988, 13.3696741 ], [ 74.7050096, 13.3697799 ], [ 74.7050674, 13.3697751 ], [ 74.7051927, 13.369999 ], [ 74.7051764, 13.3702134 ], [ 74.7050484, 13.3704449 ], [ 74.7049968, 13.3706114 ], [ 74.7049354, 13.370663 ], [ 74.704811, 13.370673 ], [ 74.704688, 13.3706524 ], [ 74.7045742, 13.3706025 ], [ 74.7044701, 13.3705853 ], [ 74.7044416, 13.3704613 ], [ 74.7043487, 13.370422 ], [ 74.7043246, 13.3703295 ], [ 74.7043489, 13.3700889 ], [ 74.7045253, 13.3699754 ] ] ] } },
{ "type": "Feature", "properties": { "name": "Water Body 17", "type": "water", "source": "OpenStreetMap" }, "geometry": { "type": "Polygon", "coordinates": [ [ [ 74.7034622, 13.36169 ], [ 74.703463, 13.3615112 ], [ 74.7036659, 13.3615185 ], [ 74.7036609, 13.361694 ], [ 74.7034622, 13.36169 ] ] ] } },
{ "type": "Feature", "properties": { "name": "Water Body 18", "type": "water", "source": "OpenStreetMap" }, "geometry": { "type": "LineString", "coordinates": [ [ 74.7024232, 13.3804425 ], [ 74.7023669, 13.3809827 ], [ 74.7022757, 13.3811653 ], [ 74.7022837, 13.3815228 ], [ 74.7024125, 13.3824309 ], [ 74.7025707, 13.3829632 ], [ 74.7027075, 13.3834146 ], [ 74.7028899, 13.3835738 ], [ 74.702957, 13.3848471 ], [ 74.702965, 13.3852438 ], [ 74.7029838, 13.3855986 ], [ 74.7030482, 13.3862327 ], [ 74.7030964, 13.3867728 ], [ 74.7032922, 13.3881245 ], [ 74.7032869, 13.3883567 ], [ 74.7033781, 13.3886542 ], [ 74.7033244, 13.3890612 ], [ 74.7033405, 13.3895048 ], [ 74.7033942, 13.3909608 ], [ 74.7033888, 13.3916731 ], [ 74.7034609, 13.3925845 ], [ 74.7035011, 13.3929732 ], [ 74.7035602, 13.3939275 ], [ 74.7035563, 13.3942823 ], [ 74.7035548, 13.3944873 ], [ 74.7035816, 13.3954624 ], [ 74.7035386, 13.3966629 ], [ 74.7035317, 13.39675 ], [ 74.7034505, 13.3974055 ], [ 74.7034451, 13.397857 ], [ 74.7034425, 13.3984258 ], [ 74.703429, 13.3990338 ], [ 74.7034478, 13.4010115 ], [ 74.7035336, 13.402003 ], [ 74.70348, 13.4031537 ], [ 74.703429, 13.4032763 ], [ 74.7035149, 13.4034798 ], [ 74.7035497, 13.4037955 ], [ 74.7034776, 13.4040772 ], [ 74.703628, 13.4050916 ], [ 74.7036578, 13.4058681 ], [ 74.7037482, 13.4066276 ], [ 74.7038094, 13.4067862 ], [ 74.7039124, 13.406907 ], [ 74.7039936, 13.4071118 ], [ 74.7039167, 13.4078254 ], [ 74.7039928, 13.4087817 ], [ 74.7041355, 13.4091991 ], [ 74.704422, 13.4099088 ], [ 74.7044767, 13.4100948 ] ] } },
{ "type": "Feature", "properties": { "name": "Water Body 19", "type": "water", "source": "OpenStreetMap" }, "geometry": { "type": "LineString", "coordinates": [ [ 74.6964945, 13.3742411 ], [ 74.6967337, 13.3742701 ], [ 74.6968796, 13.3741367 ], [ 74.6970043, 13.3739569 ], [ 74.6972873, 13.3738609 ], [ 74.6974721, 13.3740157 ], [ 74.6976652, 13.3742576 ], [ 74.6979056, 13.3746291 ], [ 74.6985278, 13.3748797 ], [ 74.6992316, 13.3749882 ], [ 74.6997037, 13.3753517 ], [ 74.6998582, 13.3757108 ], [ 74.7000213, 13.3759026 ], [ 74.7002742, 13.3759568 ], [ 74.7005406, 13.375836 ], [ 74.700639, 13.3756938 ], [ 74.7007165, 13.3750634 ], [ 74.7008581, 13.374863 ], [ 74.7009995, 13.3748298 ], [ 74.7012849, 13.3747737 ], [ 74.7016193, 13.3747192 ], [ 74.7017698, 13.3745647 ], [ 74.701817, 13.3744773 ], [ 74.7018792, 13.3744081 ], [ 74.7020767, 13.3743705 ], [ 74.7022143, 13.3743828 ], [ 74.7024414, 13.374458 ], [ 74.7025163, 13.3745772 ], [ 74.7025766, 13.3746941 ], [ 74.7027268, 13.3747818 ], [ 74.702877, 13.3747901 ], [ 74.7030039, 13.3747672 ], [ 74.7031238, 13.3747213 ], [ 74.7033773, 13.3746795 ], [ 74.703495, 13.3746607 ], [ 74.7035808, 13.3747609 ], [ 74.703628, 13.3748611 ], [ 74.7038509, 13.3749491 ], [ 74.7039968, 13.3749238 ], [ 74.7041411, 13.3748716 ], [ 74.704257, 13.3747711 ], [ 74.7043386, 13.3747046 ], [ 74.7044888, 13.3746124 ], [ 74.7045746, 13.3745793 ], [ 74.7047803, 13.3746458 ], [ 74.7048855, 13.3747278 ], [ 74.704997, 13.374882 ], [ 74.7052803, 13.3750576 ], [ 74.7054305, 13.3751659 ], [ 74.7055936, 13.3752285 ], [ 74.7057245, 13.3752512 ], [ 74.7058682, 13.3753916 ], [ 74.7058468, 13.3754874 ], [ 74.706027, 13.3755962 ], [ 74.706306, 13.375717 ], [ 74.7065975, 13.3757423 ], [ 74.7068145, 13.3756521 ], [ 74.7068896, 13.375525 ], [ 74.7069111, 13.3754456 ], [ 74.7071385, 13.3755083 ], [ 74.7074153, 13.3755602 ], [ 74.7076704, 13.3755709 ], [ 74.7080054, 13.3756085 ], [ 74.7082543, 13.3757298 ], [ 74.708574, 13.3758151 ], [ 74.7089753, 13.3759467 ], [ 74.7093511, 13.3760573 ], [ 74.7096343, 13.3760821 ], [ 74.7098529, 13.376099 ], [ 74.709928, 13.376306 ], [ 74.7098636, 13.3765687 ], [ 74.7100007, 13.377212 ], [ 74.7101126, 13.3773871 ], [ 74.7103185, 13.3774831 ], [ 74.7105656, 13.3775768 ], [ 74.7107131, 13.3775457 ], [ 74.7108531, 13.3774724 ], [ 74.7110095, 13.3774163 ], [ 74.7112369, 13.3773871 ], [ 74.7114279, 13.3774226 ], [ 74.7116186, 13.3774207 ], [ 74.7117388, 13.3774539 ], [ 74.7118933, 13.3776462 ], [ 74.7120805, 13.3777273 ], [ 74.7122736, 13.3777647 ], [ 74.7124667, 13.3778022 ], [ 74.7126403, 13.3779006 ], [ 74.7128546, 13.3781135 ], [ 74.7130906, 13.3783935 ], [ 74.7133226, 13.3785605 ], [ 74.7135651, 13.378704 ], [ 74.7138119, 13.378744 ], [ 74.7140264, 13.3788191 ], [ 74.7140777, 13.3790321 ], [ 74.7141509, 13.3791573 ], [ 74.7143352, 13.3794955 ], [ 74.7144296, 13.3796252 ] ] } },
{ "type": "Feature", "properties": { "name": "Water Body 20", "type": "water", "source": "OpenStreetMap" }, "geometry": { "type": "LineString", "coordinates": [ [ 74.816864, 13.3726025 ], [ 74.8171644, 13.3743352 ], [ 74.8173146, 13.3765063 ], [ 74.8165421, 13.3778005 ], [ 74.8149971, 13.3788443 ], [ 74.8125724, 13.3793871 ], [ 74.8103408, 13.3792201 ], [ 74.8077015, 13.3801386 ], [ 74.8057274, 13.381579 ], [ 74.8043112, 13.383249 ], [ 74.8027663, 13.3839796 ], [ 74.801393, 13.3836873 ], [ 74.8005132, 13.3826227 ], [ 74.7997622, 13.3792201 ], [ 74.7987537, 13.3775918 ], [ 74.7977452, 13.3767985 ], [ 74.7965319, 13.3769368 ], [ 74.7939257, 13.3762975 ], [ 74.791846, 13.3749628 ], [ 74.79079, 13.3746563 ], [ 74.7883896, 13.3739594 ], [ 74.785922, 13.3742934 ], [ 74.7819309, 13.3758382 ], [ 74.7810511, 13.3769238 ], [ 74.7792487, 13.3800133 ], [ 74.7779183, 13.381579 ], [ 74.7761373, 13.3822678 ], [ 74.7748713, 13.382247 ], [ 74.7724466, 13.3808692 ], [ 74.7707574, 13.3802811 ], [ 74.7678332, 13.3808901 ], [ 74.7651295, 13.3813285 ], [ 74.7602372, 13.3828315 ], [ 74.7582201, 13.3835412 ], [ 74.7523407, 13.3833742 ], [ 74.7489075, 13.384418 ], [ 74.7471909, 13.3856705 ], [ 74.7462039, 13.3879667 ], [ 74.7446589, 13.3928095 ], [ 74.742084, 13.3974435 ], [ 74.7397236, 13.4010338 ], [ 74.7351746, 13.404958 ], [ 74.7316985, 13.40692 ], [ 74.7259907, 13.409717 ], [ 74.7251388, 13.4104504 ], [ 74.7222571, 13.4129313 ], [ 74.7177081, 13.4153943 ], [ 74.7144894, 13.4157282 ], [ 74.7118287, 13.415603 ], [ 74.7098975, 13.4156447 ], [ 74.7050051, 13.4176067 ], [ 74.7029452, 13.4187338 ], [ 74.701529, 13.4200278 ], [ 74.7013144, 13.4217811 ], [ 74.7009282, 13.4242022 ], [ 74.7001128, 13.4286269 ], [ 74.6995549, 13.436349 ], [ 74.6981378, 13.4431124 ], [ 74.6972374, 13.44741 ], [ 74.6966366, 13.4489126 ], [ 74.6952204, 13.4503317 ], [ 74.6937613, 13.4522934 ], [ 74.6923796, 13.4532751 ] ] } }
]
}
