{"type":"FeatureCollection", "features": [
{"type":"Feature","geometry":{"type":"Polygon","coordinates":[[[74.70430427610833,13.355947103807765],[74.70425879610676,13.356195457848987],[74.70423189354437,13.356616818389401],[74.70416713640763,13.357626361722517],[74.7040914006375,13.35862113861334],[74.70405086778804,13.359299952436274],[74.70399796827824,13.360101365185598],[74.70395765728404,13.360597753280745],[74.70389029224516,13.360738231586298],[74.70379858444811,13.360803917404914],[74.70367641223015,13.360803773564365],[74.70299537304635,13.36074914566188],[74.70282124156365,13.360778847141809],[74.70268980939228,13.360859438365328],[74.70265308163147,13.36092219800125],[74.70261627233427,13.361050749697197],[74.70256070564487,13.361532167122036],[74.70253586765953,13.361861101446454],[74.70250222670805,13.361896948307537],[74.70244107114185,13.361953697685289],[74.70234635155825,13.361983492127669],[74.70217099384581,13.362016779702268],[74.70056795219573,13.362134512130572],[74.6993119721914,13.362176087905794],[74.69837868555182,13.362126005404393],[74.69845424831438,13.360895672131361],[74.69846502685843,13.360812081204841],[74.69849763288946,13.360559188309097],[74.69853023977029,13.360306295403756],[74.69856284473161,13.360053401581325],[74.69859110545214,13.359800547789584],[74.69861936518792,13.359547691274607],[74.69864762393446,13.359294835653332],[74.69867587892018,13.359041981826685],[74.69873368960778,13.35845835231912],[74.69877072907423,13.358214055741966],[74.69880776846082,13.35796975915312],[74.69883320397655,13.35772412133772],[74.6988586394376,13.357478481705463],[74.69888407391828,13.35723284206371],[74.69890950926553,13.356987202414658],[74.6989450771146,13.356741477143055],[74.6989705095685,13.356495836568454],[74.69900318120656,13.356250135865912],[74.69903147346128,13.356001591554806],[74.69908335198625,13.355536350817028],[74.69911590285734,13.355280577654218],[74.69914844996123,13.355024803572011],[74.69918099606274,13.354769033094854],[74.69921354024291,13.354513262604739],[74.69924608065142,13.354257494812131],[74.6992757277196,13.354001748893028],[74.6993053710267,13.353746002055349],[74.69934080355452,13.3534902123451],[74.69937455878068,13.35324652382697],[74.6993762341527,13.353234424429443],[74.69942338131429,13.352851276150691],[74.69991424434699,13.352912508711016],[74.70035703020733,13.352969853127794],[74.70067157797955,13.352997140418427],[74.70115409444118,13.353033597326007],[74.70153279102782,13.35305198557168],[74.70180463481063,13.353034363819036],[74.70187796807753,13.353007534634708],[74.70193300632198,13.352956759634488],[74.70195449558754,13.352867068442315],[74.70195792741357,13.352559041820781],[74.70197969545708,13.352242066739258],[74.70200150011944,13.351895184991083],[74.70204759921361,13.351661974363923],[74.70210591009595,13.351431768387608],[74.70215497855345,13.351267343737803],[74.70228348826748,13.351076097839252],[74.70254035238055,13.350819210359598],[74.70271772361926,13.350631011883788],[74.70287678503877,13.350430829668495],[74.70299308005612,13.350236577842432],[74.70305741427677,13.35007516209028],[74.70312183245184,13.349844962981157],[74.70319245778359,13.349534026445568],[74.70324487479623,13.349127368719605],[74.70324540436417,13.348693735623955],[74.70325463258331,13.34863991543722],[74.70328214193427,13.348622003981676],[74.70344095609364,13.348622189866251],[74.70396930960875,13.34863177939569],[74.7040578577868,13.348649825570448],[74.70407614632927,13.348679753636976],[74.70411553238219,13.34893998005333],[74.70414845488067,13.349493275450088],[74.70418440496188,13.350067508328214],[74.7041962864081,13.350342655955432],[74.70421674882786,13.351096306432352],[74.70421575756014,13.351909741614206],[74.70421803045355,13.352552717594751],[74.7042110286505,13.353285401914297],[74.70421350354995,13.353760907234404],[74.70421920444589,13.354095858254487],[74.70423385955063,13.354601283559063],[74.70427291708711,13.355133651912405],[74.70430894354523,13.355645082739143],[74.70431789379857,13.355820388342403],[74.70430995819332,13.355916077971985],[74.70430427610833,13.355947103807765]]]},"properties":{"KGISWardID":3019,"KGISWardCo":"1605001","LGD_WardCo":31747,"KGISWardNo":"1","KGISWardNa":"Kola","KGISTownCo":"1605","SHAPE_STAr":638825.619835,"SHAPE_STLe":3957.36278447}},
{"type":"Feature","geometry":{"type":"Polygon","coordinates":[[[74.71061052492936,13.36325653282334],[74.71004847194733,13.363272975301228],[74.71006494045747,13.36292308930114],[74.70884061398897,13.362702850250045],[74.7087833856096,13.362692532209673],[74.7085203303789,13.362674124001808],[74.70854355793216,13.364604897123934],[74.70838670183585,13.364578097605685],[74.70751041665095,13.364428256779982],[74.70750286110514,13.364426964036268],[74.70670945970717,13.364383944915652],[74.70667119857852,13.364292258139715],[74.70557563645367,13.364002073264885],[74.70555828001787,13.36411700037737],[74.70555406172355,13.364144914640836],[74.70555335324887,13.36414959865998],[74.70423500085715,13.36384359686675],[74.70414834017623,13.363920393583772],[74.70358270254552,13.364421333807133],[74.70354216187395,13.364591714766812],[74.70343963429487,13.365022584784104],[74.70339257500699,13.365220361819528],[74.70330893463884,13.36557191810759],[74.70317792399617,13.36612281619429],[74.7029369430907,13.367100327962795],[74.70285222122995,13.367402543176617],[74.70274202941556,13.36779584728032],[74.70262055661259,13.368826391198317],[74.70258034854301,13.369167979209776],[74.70242311336672,13.369660015444099],[74.70242146499577,13.369665176685908],[74.70241968498992,13.369683539599354],[74.70240240870369,13.36986178010872],[74.70251787815783,13.370302259164518],[74.70245798293232,13.370521628409945],[74.70247181885796,13.370589791416517],[74.70223005582777,13.371390189588567],[74.70161977364747,13.370768100613397],[74.70148066926744,13.37064235826716],[74.70145109954828,13.37064231705317],[74.70059180110505,13.37062145656786],[74.70058352566107,13.37061966905136],[74.69915589663435,13.37033665856404],[74.69914574090835,13.370334860627414],[74.6991348475633,13.370404320004974],[74.69906374817096,13.370857818413016],[74.69907058595489,13.371081222161605],[74.69890244780622,13.372825785569093],[74.69889192507627,13.37308233141417],[74.69881699023335,13.373109311377105],[74.6985854342263,13.373192693561851],[74.69788277365016,13.37267412629689],[74.69787642689681,13.37267277502647],[74.69724472715052,13.372538739446137],[74.69762292242373,13.370699989297043],[74.69781861063751,13.368361993269636],[74.6978800823628,13.36593211267983],[74.6983538213694,13.36253085691145],[74.69837868555182,13.362126005404393],[74.6993119721914,13.362176087905794],[74.70056795219573,13.362134512130572],[74.70217099384581,13.362016779702268],[74.70234635155825,13.361983492127669],[74.70244107114185,13.361953697685289],[74.70250222670805,13.361896948307537],[74.70253586765953,13.361861101446454],[74.70256070564487,13.361532167122036],[74.70261627233427,13.361050749697197],[74.70265308163147,13.36092219800125],[74.70268980939228,13.360859438365328],[74.70282124156365,13.360778847141809],[74.70299537304635,13.36074914566188],[74.70367641223015,13.360803773564365],[74.70379858444811,13.360803917404914],[74.70389029224516,13.360738231586298],[74.70395765728404,13.360597753280745],[74.70399796827824,13.360101365185598],[74.70405086778804,13.359299952436274],[74.7040914006375,13.35862113861334],[74.70416713640763,13.357626361722517],[74.70423189354437,13.356616818389401],[74.70425879610676,13.356195457848987],[74.70430427610833,13.355947103807765],[74.70488736460497,13.355987081881018],[74.70567533182624,13.356005942316244],[74.70639732863474,13.356024722942655],[74.70650361989516,13.356021258111053],[74.70661728416218,13.355981913552958],[74.7067287365884,13.355953333120075],[74.70682257823223,13.355940043683765],[74.70690271912294,13.355942050692468],[74.70705710357406,13.355972853039416],[74.70774486057239,13.35614205329515],[74.70774755172285,13.356142715588154],[74.70776058834066,13.356145922582009],[74.70801071679537,13.356207458556124],[74.70810256988729,13.356222875849099],[74.70817294597623,13.356217215038445],[74.70829417245558,13.356188645176056],[74.70857573186301,13.356120065566815],[74.70880251657238,13.356087789247672],[74.70903318738372,13.356074657154444],[74.7093967302022,13.356101869713669],[74.70986582458525,13.356131116939828],[74.71042681113511,13.356143242664409],[74.7109604017434,13.356180217757963],[74.71141580407904,13.356217222023965],[74.71148908757343,13.356232258858999],[74.7115287428853,13.35627417197204],[74.71154390792161,13.356363906663505],[74.71155287178716,13.35653138866637],[74.71150986668698,13.356737690025412],[74.71133537378238,13.357075426918138],[74.71133520314744,13.357218974224658],[74.71134095295167,13.357521029128769],[74.7113316052656,13.357676529015995],[74.71129470243255,13.35788881788539],[74.71123302262923,13.358388174375637],[74.7112082901916,13.358639354724685],[74.71117731362857,13.359004169623237],[74.71108510572975,13.359491529066664],[74.71089782442597,13.36030774279019],[74.71081175193147,13.36077118388993],[74.71076382490577,13.361040324706002],[74.71078134915048,13.36109776370227],[74.71081444945568,13.361206897567968],[74.71081631330554,13.361283458637356],[74.71082013128192,13.361360021937951],[74.71077861196669,13.361754253007218],[74.71081742256307,13.36178803075775],[74.71085159671141,13.3618167792735],[74.71085643166468,13.361859849027487],[74.7108564003184,13.361886165872054],[74.71070633799869,13.362532807913798],[74.71061999554206,13.363185239234358],[74.71061052492936,13.36325653282334]]]},"properties":{"KGISWardID":3020,"KGISWardCo":"1605002","LGD_WardCo":31748,"KGISWardNo":"2","KGISWardNa":"Vadabhandeshwara","KGISTownCo":"1605","SHAPE_STAr":1245431.67364,"SHAPE_STLe":6725.24378096}},
{"type":"Feature","geometry":{"type":"Polygon","coordinates":[[[74.7109750379665,13.350134078002375],[74.71026098534155,13.35027841427958],[74.70999953933897,13.350287685657925],[74.70989445856324,13.350301920138579],[74.70980405666138,13.350301816629523],[74.7096941298746,13.35028255074524],[74.70961839838614,13.350272894440215],[74.70959636233648,13.35031114823574],[74.7095865493472,13.350344631721624],[74.70955224344235,13.350428328327963],[74.70951789755715,13.350543127908022],[74.70947631646013,13.350581359285933],[74.70939320961021,13.350609974406634],[74.70927101475439,13.350633757628874],[74.70916103345004,13.350659949228177],[74.70908525317013,13.350690964360913],[74.70896545586567,13.350753030135252],[74.70880648160283,13.350884432900623],[74.70879666274507,13.350922701564574],[74.70880615184285,13.351159566364016],[74.70881581392419,13.351252883819887],[74.7088523601196,13.351339054337226],[74.70887905112713,13.35149459468562],[74.70890332069307,13.351630993179608],[74.70903973765905,13.351973272241219],[74.70904203214504,13.352097683340347],[74.70905364120865,13.35260489824184],[74.7090803831154,13.352717375263927],[74.7091169706457,13.352770051062826],[74.70915602940666,13.35279880540724],[74.70920243011629,13.352817998638876],[74.70922437768668,13.352853911161558],[74.70927304632266,13.353019047117636],[74.70931455155,13.353270711168735],[74.70935564683701,13.353415094330886],[74.70935310028202,13.353501219921526],[74.7093359337141,13.35355383401636],[74.70927724181912,13.353596831833592],[74.70920146922217,13.353620669157356],[74.70916477935012,13.353654121763546],[74.70914762991839,13.35369238111217],[74.70913289533556,13.353754568420406],[74.70911821231401,13.353773692436734],[74.70908154727373,13.353785611574986],[74.70903756410218,13.353787953674795],[74.70875414089767,13.353782842795287],[74.70872238579936,13.353775627556242],[74.7087029505833,13.353682300685756],[74.70863258054256,13.353275500610831],[74.70862045098828,13.35320371290418],[74.70858137982464,13.353184527996703],[74.70851784108498,13.353194025342205],[74.70785146887845,13.353386746295854],[74.70797201992605,13.353742942763809],[74.70792679618351,13.353797031775441],[74.70805533195752,13.354249977113565],[74.70808540194484,13.354644303048076],[74.708016592719,13.355102262763335],[74.70801624082965,13.355104604329329],[74.70800269306761,13.355194768182885],[74.70780877702123,13.355982772607941],[74.70779838533174,13.356008672409331],[74.70779033240453,13.35603414720449],[74.70778828911774,13.356033834694442],[74.70774486057239,13.35614205329515],[74.70705710357406,13.355972853039416],[74.70690271912294,13.355942050692468],[74.70682257823223,13.355940043683765],[74.7067287365884,13.355953333120075],[74.70661728416218,13.355981913552958],[74.70650361989516,13.356021258111053],[74.70639732863474,13.356024722942655],[74.70567533182624,13.356005942316244],[74.70488736460497,13.355987081881018],[74.70430427610833,13.355947103807765],[74.70430995819332,13.355916077971985],[74.70431789379857,13.355820388342403],[74.70430894354523,13.355645082739143],[74.70427291708711,13.355133651912405],[74.70423385955063,13.354601283559063],[74.70421920444589,13.354095858254487],[74.70421350354995,13.353760907234404],[74.7042110286505,13.353285401914297],[74.70421803045355,13.352552717594751],[74.70421575756014,13.351909741614206],[74.70421674882786,13.351096306432352],[74.7041962864081,13.350342655955432],[74.70418440496188,13.350067508328214],[74.70414845488067,13.349493275450088],[74.70411553238219,13.34893998005333],[74.70407614632927,13.348679753636976],[74.7040578577868,13.348649825570448],[74.70396930960875,13.34863177939569],[74.70344095609364,13.348622189866251],[74.70328214193427,13.348622003981676],[74.70325463258331,13.34863991543722],[74.70324540436417,13.348693735623955],[74.70324487479623,13.349127368719605],[74.70319245778359,13.349534026445568],[74.70312183245184,13.349844962981157],[74.70305741427677,13.35007516209028],[74.70299308005612,13.350236577842432],[74.70287678503877,13.350430829668495],[74.70271772361926,13.350631011883788],[74.70254035238055,13.350819210359598],[74.70228348826748,13.351076097839252],[74.70215497855345,13.351267343737803],[74.70210591009595,13.351431768387608],[74.70204759921361,13.351661974363923],[74.70200150011944,13.351895184991083],[74.70197969545708,13.352242066739258],[74.70195792741357,13.352559041820781],[74.70195449558754,13.352867068442315],[74.70193300632198,13.352956759634488],[74.70187796807753,13.353007534634708],[74.70180463481063,13.353034363819036],[74.70153279102782,13.35305198557168],[74.70115409444118,13.353033597326007],[74.70067157797955,13.352997140418427],[74.70035703020733,13.352969853127794],[74.69991424434699,13.352912508711016],[74.69942338131429,13.352851276150691],[74.69945172867777,13.35262090510385],[74.69946212889089,13.352581241387169],[74.69956427439077,13.352339393575654],[74.69966640857893,13.352097563785598],[74.69977431422912,13.351855719082582],[74.69988220207081,13.35161390956883],[74.69999006193376,13.351372145178908],[74.6994837508831,13.351122559366198],[74.6995413738825,13.350909798621808],[74.6996443528528,13.350530922011346],[74.69979610561062,13.350004924267337],[74.69979804692234,13.349263297584876],[74.70049167789342,13.349200819055314],[74.7005037380035,13.348983705444555],[74.70051519428782,13.34871328097581],[74.70054193466734,13.348442787753235],[74.70055339087376,13.348172360557125],[74.70058456207153,13.347810246306999],[74.7006037814491,13.34755044490068],[74.70063575743369,13.347272523193753],[74.70058919472875,13.347090174186102],[74.7005764916019,13.347029625994509],[74.70051929080067,13.346767168069375],[74.70046974824763,13.346504701997683],[74.70042484876986,13.346246809601796],[74.70036772287045,13.345989030239972],[74.70025777599106,13.345446174050354],[74.70025606328655,13.345437712895043],[74.7001842300399,13.34507669028826],[74.69979035444466,13.345073323355917],[74.69951868944655,13.345072226559816],[74.69947309673913,13.345072050441676],[74.69920675741336,13.34497453458895],[74.69857266416122,13.344762121429593],[74.69847867172591,13.34433586122447],[74.69843503659978,13.344090988274978],[74.69835804755147,13.343742334418906],[74.69844319315091,13.343366799695858],[74.69916483656748,13.342852014431992],[74.70257395807839,13.340487423819386],[74.7064725745511,13.337292838712791],[74.70660504955363,13.337352612873206],[74.70728646942909,13.337641203560846],[74.70678483134438,13.338131992087174],[74.70674815215057,13.3403643945996],[74.70674808435032,13.340368546777906],[74.7067290357333,13.341527895893593],[74.70727092298935,13.342736667690714],[74.70743235978364,13.343092733662065],[74.70743536678017,13.343131614799331],[74.70727926064124,13.343421521052102],[74.70709563840525,13.343735319705587],[74.70692736491128,13.343983343680332],[74.70683259879665,13.344057998221896],[74.70671643976765,13.344144591031954],[74.70664607956758,13.344240207719766],[74.70657868831822,13.344407603426362],[74.70645611714245,13.344745397416421],[74.70629495133625,13.345075608901693],[74.70616767445911,13.345264465867842],[74.70597191980431,13.345505878057626],[74.7059473910096,13.345584801221102],[74.70593745036759,13.345723552038118],[74.70590784165994,13.34596276423528],[74.70587102131337,13.346103877371776],[74.70575579954536,13.346424332595545],[74.70560388434907,13.346780634286493],[74.7054984144173,13.347117848958222],[74.70543944506304,13.347390521674509],[74.70535838109282,13.347749297208036],[74.70532633388405,13.347983721229122],[74.70530651162446,13.348210983435132],[74.70527927865491,13.348505223754392],[74.70529147467212,13.34852198529899],[74.70576793627592,13.34850818414162],[74.70625902488874,13.348520715939046],[74.70677454138405,13.348538060269162],[74.70748062745149,13.348562801407963],[74.70790085798117,13.348577639939426],[74.70832107421771,13.348604440809037],[74.70899045256431,13.348676984086147],[74.70963051931433,13.348744707704775],[74.70991882359058,13.348749823079531],[74.71035865271655,13.348721616604902],[74.71068548869633,13.348685106101097],[74.71080767298065,13.348668498182672],[74.71084674645581,13.348685290135142],[74.7108613521655,13.348730762782266],[74.71086256009647,13.34976909379964],[74.7109750379665,13.350134078002375]]]},"properties":{"KGISWardID":3021,"KGISWardCo":"1605003","LGD_WardCo":31749,"KGISWardNo":"3","KGISWardNa":"Malpe Center","KGISTownCo":"1605","SHAPE_STAr":1277458.41129,"SHAPE_STLe":7772.33036184}},
{"type":"Feature","geometry":{"type":"Polygon","coordinates":[[[74.73076551456678,13.363953467163892],[74.73088592355165,13.364302828725611],[74.73091306892371,13.364613878054373],[74.73095517966958,13.365200077285348],[74.73099124542694,13.365729448714928],[74.73103934294969,13.366426304818614],[74.73106053114431,13.366599781674783],[74.73105432261559,13.366689491656276],[74.7310084181138,13.36677018942501],[74.73089827839496,13.366934553949644],[74.73054043604625,13.367367807269178],[74.7302925003243,13.36784603637264],[74.73020068941422,13.36800742978227],[74.730023339414,13.368183685287542],[74.72983677170836,13.36840777941186],[74.72974802197453,13.368563194382888],[74.72951238417724,13.368966671665138],[74.7292737439394,13.369322295096781],[74.72918197276353,13.369447801700977],[74.72902911258001,13.36957324196237],[74.72895568931366,13.369677834142665],[74.72887602831271,13.369899051662792],[74.72877188120586,13.370165101177815],[74.72865862740677,13.370380301987845],[74.72849033987666,13.37064329227484],[74.72822106274671,13.371079628239002],[74.72798238588726,13.371465156092084],[74.72759729757047,13.37210451162625],[74.72759017270255,13.372100160908788],[74.72742915918225,13.372001733195294],[74.72739072276288,13.37204647408943],[74.72553287526355,13.370842119050065],[74.72526180860498,13.370691129406625],[74.72518756306242,13.370649176320283],[74.72326106610772,13.369527518556055],[74.72321874430278,13.369502401420586],[74.72234443070023,13.36861737109924],[74.72155430461191,13.367767852992722],[74.72152579894438,13.367735755607548],[74.72083384543782,13.36690223614232],[74.71967969257757,13.365463484588881],[74.71962927858779,13.365404413780547],[74.71976428184803,13.365163038150488],[74.7197940767928,13.365109846881566],[74.71982953064044,13.36504659320084],[74.72004194514683,13.364666839172662],[74.72008191606785,13.364595321206108],[74.71805100721845,13.362745138657024],[74.71689718358189,13.36256347320412],[74.71684291322673,13.362564704670856],[74.71635455887352,13.362576270298007],[74.716353550258,13.36263645965036],[74.71635624811555,13.362669400380188],[74.71635593331135,13.362678788711879],[74.71634886803461,13.363237112270058],[74.71629096356665,13.363826128289837],[74.71624398286542,13.363883666435175],[74.71614532969372,13.36385919843724],[74.7160693812453,13.363850361171767],[74.71601472791227,13.363844003676638],[74.71565399814858,13.363802139562383],[74.71552884221006,13.363807573580175],[74.71537782932691,13.363814207325117],[74.71537843634468,13.363821063925203],[74.71541440863889,13.364231672731568],[74.71536944834935,13.364305704434786],[74.71535774330559,13.364324981341234],[74.71535699413984,13.364333023678162],[74.71533654059874,13.364551557232478],[74.71524790090419,13.364552284922548],[74.71429186844104,13.364560197691626],[74.71419724519292,13.364561018630965],[74.71415125742497,13.364561429677915],[74.71397704203365,13.364563073931082],[74.71399399073398,13.364194418017561],[74.71414722365255,13.363494896919708],[74.71414904012974,13.363024444877015],[74.71394406269522,13.362959632836606],[74.71332366033396,13.36276509368772],[74.71299168533376,13.362841022444178],[74.71299147762893,13.362842513293785],[74.71272254127742,13.362879219572516],[74.71266319562989,13.363157862149718],[74.7131634928507,13.363235574327796],[74.71312940744734,13.363485303753157],[74.7121665722328,13.363426121940309],[74.71210469772615,13.36341704630439],[74.7115753153338,13.363369030175326],[74.71152417392024,13.363463271947781],[74.71124699168094,13.363399766165601],[74.71061052492936,13.36325653282334],[74.71061999554206,13.363185239234358],[74.71070633799869,13.362532807913798],[74.7108564003184,13.361886165872054],[74.71085643166468,13.361859849027487],[74.71085159671141,13.3618167792735],[74.71081742256307,13.36178803075775],[74.71077861196669,13.361754253007218],[74.71082013128192,13.361360021937951],[74.71081631330554,13.361283458637356],[74.71081444945568,13.361206897567968],[74.71078134915048,13.36109776370227],[74.71076382490577,13.361040324706002],[74.71081175193147,13.36077118388993],[74.71089782442597,13.36030774279019],[74.71108510572975,13.359491529066664],[74.71117731362857,13.359004169623237],[74.7112082901916,13.358639354724685],[74.71123302262923,13.358388174375637],[74.71129470243255,13.35788881788539],[74.7113316052656,13.357676529015995],[74.71134095295167,13.357521029128769],[74.71133520314744,13.357218974224658],[74.71133537378238,13.357075426918138],[74.71150986668698,13.356737690025412],[74.71155287178716,13.35653138866637],[74.71154390792161,13.356363906663505],[74.7115287428853,13.35627417197204],[74.71148908757343,13.356232258858999],[74.71141580407904,13.356217222023965],[74.7109604017434,13.356180217757963],[74.71042681113511,13.356143242664409],[74.70986582458525,13.356131116939828],[74.7093967302022,13.356101869713669],[74.70903318738372,13.356074657154444],[74.70880251657238,13.356087789247672],[74.70857573186301,13.356120065566815],[74.70829417245558,13.356188645176056],[74.70817294597623,13.356217215038445],[74.70810256988729,13.356222875849099],[74.70801071679537,13.356207458556124],[74.70776058834066,13.356145922582009],[74.70774755172285,13.356142715588154],[74.70774486057239,13.35614205329515],[74.70778828911774,13.356033834694442],[74.70779033240453,13.35603414720449],[74.70779838533174,13.356008672409331],[74.70780877702123,13.355982772607941],[74.70800269306761,13.355194768182885],[74.70801624082965,13.355104604329329],[74.708016592719,13.355102262763335],[74.70808540194484,13.354644303048076],[74.70805533195752,13.354249977113565],[74.70792679618351,13.353797031775441],[74.70797201992605,13.353742942763809],[74.70785146887845,13.353386746295854],[74.70851784108498,13.353194025342205],[74.70858137982464,13.353184527996703],[74.70862045098828,13.35320371290418],[74.70863258054256,13.353275500610831],[74.7087029505833,13.353682300685756],[74.70872238579936,13.353775627556242],[74.70875414089767,13.353782842795287],[74.70903756410218,13.353787953674795],[74.70908154727373,13.353785611574986],[74.70911821231401,13.353773692436734],[74.70913289533556,13.353754568420406],[74.70914762991839,13.35369238111217],[74.70916477935012,13.353654121763546],[74.70920146922217,13.353620669157356],[74.70927724181912,13.353596831833592],[74.7093359337141,13.35355383401636],[74.70935310028202,13.353501219921526],[74.70935564683701,13.353415094330886],[74.70931455155,13.353270711168735],[74.70927304632266,13.353019047117636],[74.70922437768668,13.352853911161558],[74.70920243011629,13.352817998638876],[74.70915602940666,13.35279880540724],[74.7091169706457,13.352770051062826],[74.7090803831154,13.352717375263927],[74.70905364120865,13.35260489824184],[74.70904203214504,13.352097683340347],[74.70903973765905,13.351973272241219],[74.70890332069307,13.351630993179608],[74.70887905112713,13.35149459468562],[74.7088523601196,13.351339054337226],[74.70881581392419,13.351252883819887],[74.70880615184285,13.351159566364016],[74.70879666274507,13.350922701564574],[74.70880648160283,13.350884432900623],[74.70896545586567,13.350753030135252],[74.70908525317013,13.350690964360913],[74.70916103345004,13.350659949228177],[74.70927101475439,13.350633757628874],[74.70939320961021,13.350609974406634],[74.70947631646013,13.350581359285933],[74.70951789755715,13.350543127908022],[74.70955224344235,13.350428328327963],[74.7095865493472,13.350344631721624],[74.70959636233648,13.35031114823574],[74.70961839838614,13.350272894440215],[74.7096941298746,13.35028255074524],[74.70980405666138,13.350301816629523],[74.70989445856324,13.350301920138579],[74.70999953933897,13.350287685657925],[74.71026098534155,13.35027841427958],[74.7109750379665,13.350134078002375],[74.71100859529516,13.350242968287043],[74.71114515957483,13.350463230573048],[74.71142347703422,13.350650160423976],[74.71171657315814,13.35073662258005],[74.71209284509419,13.3507370503676],[74.71235675860312,13.350708640563274],[74.71258657755288,13.35058449372355],[74.71270889183371,13.35046022390855],[74.71284606289043,13.350168498972742],[74.71294413435459,13.34988151398019],[74.71310569329887,13.34962809556258],[74.71332093003308,13.349436942023354],[74.7135996597683,13.349274569576789],[74.71406412500355,13.349074127376154],[74.71456763797214,13.348912007354006],[74.71535457911601,13.348745419582249],[74.71596062527439,13.348655185720883],[74.7164590147846,13.348694022870268],[74.71672281967165,13.348756522158304],[74.71710871677143,13.348881361772976],[74.71759711719275,13.34910679841156],[74.71811959100494,13.349447110154914],[74.71852165053998,13.349708186253919],[74.71890941085451,13.349959974720676],[74.71942818126413,13.35033736337926],[74.71955016796511,13.350493008236212],[74.71960488012196,13.350720353341451],[74.71956172164705,13.351067212586404],[74.71940861969269,13.351407970369614],[74.71910273259677,13.351814350105563],[74.71896810006442,13.352029523190273],[74.71890682276509,13.352196927166354],[74.71884539308786,13.352495917344852],[74.71880247456234,13.352633436728762],[74.71866188587475,13.352717016628317],[74.71850306189334,13.352722821748984],[74.71830766361263,13.352662792918467],[74.71815507932587,13.352554962057088],[74.71800868027832,13.352381345702772],[74.71791723544158,13.352225733227344],[74.71783801418766,13.352064153707826],[74.7178260130283,13.35187872472678],[74.71782615196963,13.351759101551796],[74.71788127256349,13.35163355806964],[74.71797299489677,13.351549924204583],[74.718021972873,13.351454279684296],[74.71799159781207,13.35131069823963],[74.71786964645455,13.351125145954358],[74.71779039083883,13.350993472209385],[74.71768665373858,13.350903639153337],[74.71752175005602,13.350885512602577],[74.7173140595707,13.350891261617576],[74.71710628643001,13.35096878509208],[74.71691068084391,13.351088189970932],[74.71674556790654,13.351249496764877],[74.71669653367971,13.351392989574407],[74.7166902524512,13.351542511704698],[74.71670839354537,13.351698042666678],[74.71678145824744,13.351901483627188],[74.71687890454773,13.352146819791002],[74.71704360791931,13.352338401808302],[74.71717177937755,13.352428262400718],[74.71733056838274,13.352452363902257],[74.71751379142559,13.352476493451984],[74.71761752912104,13.352566325675552],[74.71764181714231,13.352691957591656],[74.7176476607818,13.352919247686179],[74.71765969844489,13.353074771774757],[74.71758612505371,13.353307954877126],[74.717445396419,13.353511158141119],[74.71722409266415,13.353665224685153],[74.71711036423598,13.353761993033508],[74.71701128236904,13.353869542628859],[74.716934237063,13.353937642345905],[74.71679853866218,13.354016441419247],[74.71670691683033,13.354012750971295],[74.71663732844137,13.353973196879936],[74.7165714653762,13.353879817719108],[74.71650923922655,13.353811562310247],[74.71640667290396,13.353764794325274],[74.71632602180517,13.353782647708744],[74.71624531854131,13.353843565285986],[74.71614622041183,13.353965470179585],[74.7160984289013,13.354091021447644],[74.71607263035555,13.35421300843795],[74.71605764719122,13.354489320069689],[74.71609704045599,13.355278877718302],[74.71612949670887,13.355731090303403],[74.71615135329695,13.35584595285195],[74.71618789111608,13.355942888175225],[74.71630136103084,13.356068620084582],[74.71648077335364,13.356219546358934],[74.71652831143825,13.356312905030723],[74.71657950882074,13.356409857607526],[74.71660504680571,13.356510368574108],[74.71661223828754,13.356628803588626],[74.71657531580017,13.35686202819998],[74.7165970503115,13.357080963681534],[74.71667363615371,13.357407620737701],[74.71673205141784,13.35760147572968],[74.7167869237553,13.357691255445717],[74.71687114520834,13.357755944650844],[74.71698104393288,13.357802720660036],[74.71705799755868,13.357813571574768],[74.71715695564902,13.357813683007917],[74.71724130771042,13.35776712400934],[74.7173146763176,13.357709786882424],[74.71738074023868,13.357630909900244],[74.71749812737066,13.357541323403177],[74.71760818888465,13.35744813976682],[74.71769991215653,13.35736570238802],[74.71778424218436,13.357337085945789],[74.71794550162015,13.357340853583688],[74.71808108071926,13.357366126933655],[74.7181836581384,13.357405716443544],[74.7182532486845,13.357445269220811],[74.71830448954633,13.357506334160249],[74.71835569205071,13.357599696573006],[74.71840315112767,13.357761240589232],[74.71852377064572,13.358044882705247],[74.7187103959088,13.358299887661492],[74.71887153136292,13.358411315714969],[74.71907301697506,13.35849407981793],[74.7193332107154,13.358519488895501],[74.7194724882085,13.358516054288037],[74.71960079641751,13.358491075775039],[74.71972546412539,13.358444560578684],[74.71983913579835,13.358398033156478],[74.71994183306155,13.35833354987321],[74.72004454774327,13.358254712711906],[74.72015089781105,13.35820099922165],[74.72026454035094,13.358179593078086],[74.72043314759573,13.358169013403604],[74.7206969725397,13.358223134603762],[74.72094246868949,13.358280824252622],[74.72105237259316,13.35832400960206],[74.72119888173452,13.358406710565713],[74.72134899041377,13.358546835349427],[74.72146249809353,13.358643856419938],[74.72155764307708,13.358773152975392],[74.72166734893334,13.358988594960321],[74.72172218640434,13.359110671129555],[74.72172569133832,13.359250634562954],[74.72172546923417,13.359444424020179],[74.72172516897713,13.359706398266967],[74.72171034715514,13.359846341555208],[74.72166985826637,13.359997021570429],[74.72162567105,13.360176407931604],[74.72159250361219,13.360334274712088],[74.7215996994514,13.360452709601718],[74.72165086588015,13.360578369753119],[74.72184462243565,13.361012815206365],[74.72214098546193,13.361461727880432],[74.72223986111418,13.361533610146997],[74.72234613418016,13.361548080553549],[74.72243777539136,13.361537416086152],[74.72255510202606,13.361501657321904],[74.72264673091307,13.361501757702866],[74.72272729808662,13.36155926496945],[74.72281145784171,13.361681373005805],[74.72292497892575,13.361767625798665],[74.72311178358161,13.361871902363026],[74.72322533759528,13.361929446447986],[74.7233315781803,13.361972625925274],[74.7234231663628,13.362008613331332],[74.72351846492163,13.362005127588908],[74.7236210483776,13.36204112783415],[74.7237089508225,13.362095053884438],[74.72382615915,13.362163366629416],[74.72387370343857,13.362253135948318],[74.72387725544935,13.362353624033593],[74.72387712389548,13.362468461954803],[74.72393562770829,13.362590541644572],[74.7240088584488,13.362655217438306],[74.72412609883621,13.362694820566862],[74.72428733755123,13.362720117703526],[74.72438262823259,13.362723810367852],[74.7244559722757,13.362688002849461],[74.72449634588124,13.362637804677249],[74.72450376627634,13.362558862031491],[74.72453317310229,13.36248353131772],[74.7246211736239,13.362451328610009],[74.72469444021687,13.362483706718455],[74.72479335145117,13.362526879428692],[74.72489955191584,13.362605945561914],[74.7249727616692,13.36268856473353],[74.72504595114579,13.362789128441278],[74.72512278169938,13.362911226863172],[74.72522507328917,13.363205610904478],[74.72529446044958,13.36342818540989],[74.72537862934001,13.363543114789104],[74.72546284701832,13.363614980822645],[74.72558373324047,13.363672530913657],[74.72595380412206,13.363773415074778],[74.72605711899965,13.363812045564757],[74.72613769855654,13.363859982240056],[74.7262622100071,13.36395342237785],[74.7263525560022,13.364008547377125],[74.72649911041837,13.364056554337727],[74.72674825957169,13.364130989781122],[74.7268215713944,13.364123891970905],[74.72691691786778,13.364078537946991],[74.72720788639741,13.363904201907632],[74.72729835893558,13.363846880335284],[74.72736923511268,13.363832601908683],[74.72744985079278,13.363849436078644],[74.72756710443068,13.363878271800775],[74.72766481106446,13.363907086443145],[74.7277772070546,13.363909599028785],[74.72792869896271,13.363912153582206],[74.72808019891436,13.363907532933819],[74.72820726461033,13.363902884155857],[74.72831966596426,13.363900612188928],[74.72844427733666,13.36390553110179],[74.72856400057239,13.363910443808436],[74.72869594103713,13.363917763066329],[74.72879121131481,13.363939397736988],[74.7288864674237,13.36397538621439],[74.72896214702988,13.364035278904597],[74.72902801934805,13.364126263210174],[74.72912809419208,13.364222069317782],[74.72923304833637,13.364325058438103],[74.72930386317911,13.364365804937012],[74.72936493385241,13.364380224991642],[74.72941625233425,13.364375494624726],[74.72949449139644,13.364332513949833],[74.72954587825764,13.36426558026341],[74.72958997608076,13.364162751422612],[74.72965117730341,13.36405993993304],[74.72970747526483,13.363971478858913],[74.72976129760929,13.36391172465387],[74.72981265859778,13.363868715183838],[74.7298639840286,13.363856807801977],[74.72992260659909,13.363876010331177],[74.73000560928627,13.36394308655111],[74.73009836517842,13.36402931584034],[74.73018624455256,13.364105967645802],[74.73028879271308,13.364175459024034],[74.73035229106722,13.36420423619023],[74.73040848343636,13.364211472964072],[74.73046468285582,13.364211532803587],[74.73052823702257,13.364190068766524],[74.73064803307084,13.364130384585227],[74.73069207904335,13.364073012389298],[74.73072635412602,13.364013237181496],[74.73076551456678,13.363953467163892]]]},"properties":{"KGISWardID":3022,"KGISWardCo":"1605004","LGD_WardCo":31750,"KGISWardNo":"4","KGISWardNa":"Kodavoor","KGISTownCo":"1605","SHAPE_STAr":2328302.16558,"SHAPE_STLe":11135.7618514}},
{"type":"Feature","geometry":{"type":"Polygon","coordinates":[[[74.71852165053998,13.349708186253919],[74.71811959100494,13.349447110154914],[74.71759711719275,13.34910679841156],[74.71710871677143,13.348881361772976],[74.71672281967165,13.348756522158304],[74.7164590147846,13.348694022870268],[74.71596062527439,13.348655185720883],[74.71535457911601,13.348745419582249],[74.71456763797214,13.348912007354006],[74.71406412500355,13.349074127376154],[74.7135996597683,13.349274569576789],[74.71332093003308,13.349436942023354],[74.71310569329887,13.34962809556258],[74.71294413435459,13.34988151398019],[74.71284606289043,13.350168498972742],[74.71270889183371,13.35046022390855],[74.71258657755288,13.35058449372355],[74.71235675860312,13.350708640563274],[74.71209284509419,13.3507370503676],[74.71171657315814,13.35073662258005],[74.71142347703422,13.350650160423976],[74.71114515957483,13.350463230573048],[74.71100859529516,13.350242968287043],[74.7109750379665,13.350134078002375],[74.71086256009647,13.34976909379964],[74.7108613521655,13.348730762782266],[74.71084674645581,13.348685290135142],[74.71080767298065,13.348668498182672],[74.71068548869633,13.348685106101097],[74.71035865271655,13.348721616604902],[74.70991882359058,13.348749823079531],[74.70963051931433,13.348744707704775],[74.70899045256431,13.348676984086147],[74.70832107421771,13.348604440809037],[74.70790085798117,13.348577639939426],[74.70748062745149,13.348562801407963],[74.70677454138405,13.348538060269162],[74.70625902488874,13.348520715939046],[74.70576793627592,13.34850818414162],[74.70529147467212,13.34852198529899],[74.70527927865491,13.348505223754392],[74.70530651162446,13.348210983435132],[74.70532633388405,13.347983721229122],[74.70535838109282,13.347749297208036],[74.70543944506304,13.347390521674509],[74.7054984144173,13.347117848958222],[74.70560388434907,13.346780634286493],[74.70575579954536,13.346424332595545],[74.70587102131337,13.346103877371776],[74.70590784165994,13.34596276423528],[74.70593745036759,13.345723552038118],[74.7059473910096,13.345584801221102],[74.70597191980431,13.345505878057626],[74.70616767445911,13.345264465867842],[74.70629495133625,13.345075608901693],[74.70645611714245,13.344745397416421],[74.70657868831822,13.344407603426362],[74.70664607956758,13.344240207719766],[74.70671643976765,13.344144591031954],[74.70683259879665,13.344057998221896],[74.70692736491128,13.343983343680332],[74.70709563840525,13.343735319705587],[74.70727926064124,13.343421521052102],[74.70743536678017,13.343131614799331],[74.70743235978364,13.343092733662065],[74.70727092298935,13.342736667690714],[74.7067290357333,13.341527895893593],[74.70674808435032,13.340368546777906],[74.70674815215057,13.3403643945996],[74.70678483134438,13.338131992087174],[74.70728646942909,13.337641203560846],[74.70762229837842,13.337692550113964],[74.7116655986199,13.338119762562883],[74.71171953293957,13.338124759201696],[74.71179850497106,13.338131848656005],[74.71222594333264,13.338089162991412],[74.71342500494514,13.338086183039946],[74.71366371024503,13.33837063828951],[74.71385312495161,13.338486510404003],[74.71443621818311,13.338843209425287],[74.71470943259261,13.339622740169862],[74.71477485027475,13.339809389642445],[74.71478168011474,13.33982887641267],[74.71471664791886,13.339914983444201],[74.71466398009245,13.339984719583287],[74.71466752818283,13.340020655268265],[74.71469706734048,13.340319840164826],[74.71480953676958,13.340564368552775],[74.71491141725434,13.34069571602752],[74.71538544232884,13.340874217859461],[74.71562255368309,13.34060878539178],[74.71573788117324,13.340633006304984],[74.7157475923857,13.340616781602902],[74.71604878445504,13.340641907820896],[74.71629996509562,13.340724668103537],[74.71641631186469,13.34094709243466],[74.7165297702214,13.340952620307073],[74.71667054933941,13.341232052376768],[74.7167691232895,13.34142770933649],[74.71668526536612,13.342220758705285],[74.71658906360184,13.342506612732336],[74.71659428160851,13.34266767323411],[74.71679544443587,13.34275808938452],[74.71819867725543,13.34265446925424],[74.71848337510717,13.34242197684842],[74.71852754442065,13.342386238867425],[74.7184330997961,13.342621396778041],[74.71840445718742,13.342692838633104],[74.71838364142101,13.342805856082721],[74.7183713528099,13.34287246034013],[74.71835828190098,13.342943174392186],[74.71830847465442,13.343211041982789],[74.71833770594807,13.343412659787184],[74.71837389208898,13.343665727393518],[74.71855111016585,13.344369257431396],[74.71882230911524,13.344349100896066],[74.71881814788809,13.344691762564429],[74.7187764128759,13.34468556202872],[74.7186612281984,13.344668455355153],[74.71862185797443,13.344697481091053],[74.71859782042358,13.34468909473289],[74.71838241255607,13.344841479084419],[74.7182748337027,13.345398447661578],[74.71825112964437,13.345827251446488],[74.71875202141894,13.345951086912585],[74.71852858044356,13.346626507772484],[74.71821897529263,13.347637707061196],[74.71823535765594,13.347639778796927],[74.71838356165851,13.347658467717691],[74.71854938544537,13.347679255864769],[74.71857239910075,13.347682130671378],[74.7185730237842,13.347676973594812],[74.71857753079543,13.347639793644074],[74.71859764897921,13.347474788130743],[74.71922491910065,13.347456528248946],[74.71943750644772,13.347556369937703],[74.71946991488267,13.347571586148632],[74.71946363570133,13.347590547388286],[74.71945211522322,13.347625330599055],[74.71944775412386,13.347640223084177],[74.7195222994422,13.347667561113894],[74.71951185875845,13.347698903994342],[74.71949946837663,13.34773610055837],[74.71948745422837,13.347772156390322],[74.7194434517761,13.347904183322521],[74.7194232681991,13.347964724091453],[74.7193084929868,13.348497546405001],[74.71933874719723,13.34860864286923],[74.71934928929717,13.349003663410999],[74.71964163160743,13.349064041003734],[74.71958977942946,13.349452300237049],[74.71920569193122,13.349453695189105],[74.71917922318731,13.349374338927909],[74.71887724657493,13.349252987335642],[74.71882473325151,13.349341647417958],[74.71869774293464,13.349357888558295],[74.7186321287259,13.349501333548272],[74.71852165053998,13.349708186253919]]]},"properties":{"KGISWardID":3023,"KGISWardCo":"1605005","LGD_WardCo":31751,"KGISWardNo":"5","KGISWardNa":"Kalmady","KGISTownCo":"1605","SHAPE_STAr":1452753.44115,"SHAPE_STLe":5960.23476642}},
{"type":"Feature","geometry":{"type":"Polygon","coordinates":[[[74.73076551456678,13.363953467163892],[74.73072635412602,13.364013237181496],[74.73069207904335,13.364073012389298],[74.73064803307084,13.364130384585227],[74.73052823702257,13.364190068766524],[74.73046468285582,13.364211532803587],[74.73040848343636,13.364211472964072],[74.73035229106722,13.36420423619023],[74.73028879271308,13.364175459024034],[74.73018624455256,13.364105967645802],[74.73009836517842,13.36402931584034],[74.73000560928627,13.36394308655111],[74.72992260659909,13.363876010331177],[74.7298639840286,13.363856807801977],[74.72981265859778,13.363868715183838],[74.72976129760929,13.36391172465387],[74.72970747526483,13.363971478858913],[74.72965117730341,13.36405993993304],[74.72958997608076,13.364162751422612],[74.72954587825764,13.36426558026341],[74.72949449139644,13.364332513949833],[74.72941625233425,13.364375494624726],[74.72936493385241,13.364380224991642],[74.72930386317911,13.364365804937012],[74.72923304833637,13.364325058438103],[74.72912809419208,13.364222069317782],[74.72902801934805,13.364126263210174],[74.72896214702988,13.364035278904597],[74.7288864674237,13.36397538621439],[74.72879121131481,13.363939397736988],[74.72869594103713,13.363917763066329],[74.72856400057239,13.363910443808436],[74.72844427733666,13.36390553110179],[74.72831966596426,13.363900612188928],[74.72820726461033,13.363902884155857],[74.72808019891436,13.363907532933819],[74.72792869896271,13.363912153582206],[74.7277772070546,13.363909599028785],[74.72766481106446,13.363907086443145],[74.72756710443068,13.363878271800775],[74.72744985079278,13.363849436078644],[74.72736923511268,13.363832601908683],[74.72729835893558,13.363846880335284],[74.72720788639741,13.363904201907632],[74.72691691786778,13.364078537946991],[74.7268215713944,13.364123891970905],[74.72674825957169,13.364130989781122],[74.72649911041837,13.364056554337727],[74.7263525560022,13.364008547377125],[74.7262622100071,13.36395342237785],[74.72613769855654,13.363859982240056],[74.72605711899965,13.363812045564757],[74.72595380412206,13.363773415074778],[74.72558373324047,13.363672530913657],[74.72546284701832,13.363614980822645],[74.72537862934001,13.363543114789104],[74.72529446044958,13.36342818540989],[74.72522507328917,13.363205610904478],[74.72512278169938,13.362911226863172],[74.72504595114579,13.362789128441278],[74.7249727616692,13.36268856473353],[74.72489955191584,13.362605945561914],[74.72479335145117,13.362526879428692],[74.72469444021687,13.362483706718455],[74.7246211736239,13.362451328610009],[74.72453317310229,13.36248353131772],[74.72450376627634,13.362558862031491],[74.72449634588124,13.362637804677249],[74.7244559722757,13.362688002849461],[74.72438262823259,13.362723810367852],[74.72428733755123,13.362720117703526],[74.72412609883621,13.362694820566862],[74.7240088584488,13.362655217438306],[74.72393562770829,13.362590541644572],[74.72387712389548,13.362468461954803],[74.72387725544935,13.362353624033593],[74.72387370343857,13.362253135948318],[74.72382615915,13.362163366629416],[74.7237089508225,13.362095053884438],[74.7236210483776,13.36204112783415],[74.72351846492163,13.362005127588908],[74.7234231663628,13.362008613331332],[74.7233315781803,13.361972625925274],[74.72322533759528,13.361929446447986],[74.72311178358161,13.361871902363026],[74.72292497892575,13.361767625798665],[74.72281145784171,13.361681373005805],[74.72272729808662,13.36155926496945],[74.72264673091307,13.361501757702866],[74.72255510202606,13.361501657321904],[74.72243777539136,13.361537416086152],[74.72234613418016,13.361548080553549],[74.72223986111418,13.361533610146997],[74.72214098546193,13.361461727880432],[74.72184462243565,13.361012815206365],[74.72165086588015,13.360578369753119],[74.7215996994514,13.360452709601718],[74.72159250361219,13.360334274712088],[74.72162567105,13.360176407931604],[74.72166985826637,13.359997021570429],[74.72171034715514,13.359846341555208],[74.72172516897713,13.359706398266967],[74.72172546923417,13.359444424020179],[74.72172569133832,13.359250634562954],[74.72172218640434,13.359110671129555],[74.72166734893334,13.358988594960321],[74.72155764307708,13.358773152975392],[74.72146249809353,13.358643856419938],[74.72134899041377,13.358546835349427],[74.72119888173452,13.358406710565713],[74.72105237259316,13.35832400960206],[74.72094246868949,13.358280824252622],[74.7206969725397,13.358223134603762],[74.72043314759573,13.358169013403604],[74.72026454035094,13.358179593078086],[74.72015089781105,13.35820099922165],[74.72004454774327,13.358254712711906],[74.71994183306155,13.35833354987321],[74.71983913579835,13.358398033156478],[74.71972546412539,13.358444560578684],[74.71960079641751,13.358491075775039],[74.7194724882085,13.358516054288037],[74.7193332107154,13.358519488895501],[74.71907301697506,13.35849407981793],[74.71887153136292,13.358411315714969],[74.7187103959088,13.358299887661492],[74.71852377064572,13.358044882705247],[74.71840315112767,13.357761240589232],[74.71835569205071,13.357599696573006],[74.71830448954633,13.357506334160249],[74.7182532486845,13.357445269220811],[74.7181836581384,13.357405716443544],[74.71808108071926,13.357366126933655],[74.71794550162015,13.357340853583688],[74.71778424218436,13.357337085945789],[74.71769991215653,13.35736570238802],[74.71760818888465,13.35744813976682],[74.71749812737066,13.357541323403177],[74.71738074023868,13.357630909900244],[74.7173146763176,13.357709786882424],[74.71724130771042,13.35776712400934],[74.71715695564902,13.357813683007917],[74.71705799755868,13.357813571574768],[74.71698104393288,13.357802720660036],[74.71687114520834,13.357755944650844],[74.7167869237553,13.357691255445717],[74.71673205141784,13.35760147572968],[74.71667363615371,13.357407620737701],[74.7165970503115,13.357080963681534],[74.71657531580017,13.35686202819998],[74.71661223828754,13.356628803588626],[74.71660504680571,13.356510368574108],[74.71657950882074,13.356409857607526],[74.71652831143825,13.356312905030723],[74.71648077335364,13.356219546358934],[74.71630136103084,13.356068620084582],[74.71618789111608,13.355942888175225],[74.71615135329695,13.35584595285195],[74.71612949670887,13.355731090303403],[74.71609704045599,13.355278877718302],[74.71605764719122,13.354489320069689],[74.71607263035555,13.35421300843795],[74.7160984289013,13.354091021447644],[74.71614622041183,13.353965470179585],[74.71624531854131,13.353843565285986],[74.71632602180517,13.353782647708744],[74.71640667290396,13.353764794325274],[74.71650923922655,13.353811562310247],[74.7165714653762,13.353879817719108],[74.71663732844137,13.353973196879936],[74.71670691683033,13.354012750971295],[74.71679853866218,13.354016441419247],[74.716934237063,13.353937642345905],[74.71701128236904,13.353869542628859],[74.71711036423598,13.353761993033508],[74.71722409266415,13.353665224685153],[74.717445396419,13.353511158141119],[74.71758612505371,13.353307954877126],[74.71765969844489,13.353074771774757],[74.7176476607818,13.352919247686179],[74.71764181714231,13.352691957591656],[74.71761752912104,13.352566325675552],[74.71751379142559,13.352476493451984],[74.71733056838274,13.352452363902257],[74.71717177937755,13.352428262400718],[74.71704360791931,13.352338401808302],[74.71687890454773,13.352146819791002],[74.71678145824744,13.351901483627188],[74.71670839354537,13.351698042666678],[74.7166902524512,13.351542511704698],[74.71669653367971,13.351392989574407],[74.71674556790654,13.351249496764877],[74.71691068084391,13.351088189970932],[74.71710628643001,13.35096878509208],[74.7173140595707,13.350891261617576],[74.71752175005602,13.350885512602577],[74.71768665373858,13.350903639153337],[74.71779039083883,13.350993472209385],[74.71786964645455,13.351125145954358],[74.71799159781207,13.35131069823963],[74.718021972873,13.351454279684296],[74.71797299489677,13.351549924204583],[74.71788127256349,13.35163355806964],[74.71782615196963,13.351759101551796],[74.7178260130283,13.35187872472678],[74.71783801418766,13.352064153707826],[74.71791723544158,13.352225733227344],[74.71800868027832,13.352381345702772],[74.71815507932587,13.352554962057088],[74.71830766361263,13.352662792918467],[74.71850306189334,13.352722821748984],[74.71866188587475,13.352717016628317],[74.71880247456234,13.352633436728762],[74.71884539308786,13.352495917344852],[74.71890682276509,13.352196927166354],[74.71896810006442,13.352029523190273],[74.71910273259677,13.351814350105563],[74.71940861969269,13.351407970369614],[74.71956172164705,13.351067212586404],[74.71960488012196,13.350720353341451],[74.71955016796511,13.350493008236212],[74.71942818126413,13.35033736337926],[74.71890941085451,13.349959974720676],[74.71852165053998,13.349708186253919],[74.7186321287259,13.349501333548272],[74.71869774293464,13.349357888558295],[74.71882473325151,13.349341647417958],[74.71887724657493,13.349252987335642],[74.71917922318731,13.349374338927909],[74.71920569193122,13.349453695189105],[74.71958977942946,13.349452300237049],[74.71964163160743,13.349064041003734],[74.71934928929717,13.349003663410999],[74.71933874719723,13.34860864286923],[74.7193084929868,13.348497546405001],[74.7194232681991,13.347964724091453],[74.72002841854132,13.34817228915266],[74.72002974803057,13.34819818255718],[74.72008914367511,13.34821408859386],[74.72008149024757,13.348527421933445],[74.72026711409569,13.348578287690234],[74.72028105535001,13.348652197362897],[74.72034982594695,13.348661750568187],[74.72039751606299,13.348886291890565],[74.72045791726079,13.348898429186987],[74.72040402755626,13.349540987770254],[74.72053862229033,13.349540218428908],[74.72057647618996,13.34960645577355],[74.72088293085366,13.34961382302765],[74.72118058993868,13.349571010427841],[74.72148318135825,13.349652854745957],[74.72185288622231,13.349679828194112],[74.72214949489002,13.349667226590062],[74.72234085680519,13.349426973342466],[74.72293767491657,13.349583212360496],[74.72302925309943,13.349641675575281],[74.72381125068445,13.34991230380805],[74.72419968767434,13.349839234938145],[74.72440612211355,13.3498856922885],[74.72527258103068,13.349943755595902],[74.72528220714472,13.349957658739555],[74.72538159193529,13.350101193932353],[74.72550609316959,13.350077920819261],[74.72582112669377,13.350019011685069],[74.72584207854379,13.350011283226841],[74.72586125207225,13.35001150742258],[74.72612597017215,13.350014577798765],[74.72613331065327,13.350014662591967],[74.72616314519786,13.350020906946025],[74.72656994503888,13.350105916850397],[74.72658922842011,13.350207944720795],[74.72685979933767,13.350247434305206],[74.72708791523863,13.350296744022218],[74.72713328316078,13.350471741191345],[74.72719075861374,13.350491330993602],[74.72755887754734,13.350616812962015],[74.72776207527266,13.34996720442576],[74.72783738610299,13.349395888345374],[74.72816787744087,13.34938601883748],[74.72884677855116,13.349385551639273],[74.72891634907948,13.349407853140956],[74.72897545333642,13.34940598490421],[74.72909205866608,13.349469393581371],[74.7291139759891,13.349534014868444],[74.7291016715623,13.349612953448029],[74.72909914007361,13.349691901569386],[74.72911373594033,13.34974933628378],[74.72913323475385,13.34979242055555],[74.72916741746096,13.349813990612814],[74.72969257917202,13.349950921261437],[74.7299368342811,13.350020563863186],[74.730332469321,13.350186065590677],[74.7305962150926,13.350305969577706],[74.73076472774224,13.35037552995163],[74.73091861235763,13.350416365124136],[74.73141451209203,13.350503019888553],[74.73194460055096,13.350606457249974],[74.73243313468024,13.350726597030588],[74.73240952741344,13.35081536286176],[74.7323547731133,13.350810655443048],[74.73235044427523,13.35083967329767],[74.7323183944268,13.35128236074956],[74.73229935885028,13.351510505226125],[74.732460070999,13.351654224568035],[74.73246320031046,13.351657025584737],[74.7324792306478,13.351671378300205],[74.73239119244846,13.351997951279559],[74.73224179583963,13.352539991743324],[74.73218809876121,13.352746161835674],[74.73257056320976,13.352872705208826],[74.73239737665432,13.353316005859552],[74.73252065945167,13.35343827417745],[74.7326352028177,13.353415218557661],[74.7327949378784,13.35338316003388],[74.73285280432577,13.353371568142121],[74.73309523563867,13.353407322229113],[74.73293772461635,13.354108541978437],[74.73300573488062,13.354119452762651],[74.73311678945971,13.354131019237924],[74.73333529043063,13.35415349628947],[74.73354983700925,13.354175235657278],[74.73377136729788,13.354261534827959],[74.7344738587934,13.35455490430119],[74.73457012856453,13.354534561268284],[74.73475199821974,13.35461140943726],[74.7348437224403,13.354614087058053],[74.73489279817021,13.354615501105908],[74.73496863192115,13.354599743627691],[74.73489656532347,13.354790375638107],[74.73506779392623,13.355158560646357],[74.73523626300488,13.355292709585436],[74.7351890631876,13.355543267998419],[74.73519836326608,13.35575189988755],[74.735198581459,13.355756751352299],[74.73527796954346,13.355731273329196],[74.73551187574145,13.355670754676753],[74.73558532180951,13.355709150244905],[74.73559701658658,13.35571526424981],[74.73560366556329,13.355718739846676],[74.735623181223,13.355935318882876],[74.73558592789134,13.35604054867118],[74.73547038091213,13.3562413949171],[74.73538636734978,13.356430083111627],[74.73531291268398,13.35657056382051],[74.73523339054822,13.356672159550284],[74.73509891055235,13.356758746209904],[74.73500114187793,13.356788549802417],[74.73486061818704,13.35681531829146],[74.73446352770196,13.356850789713306],[74.7341153280762,13.356865376922448],[74.73393816189567,13.356883134583084],[74.73379151044661,13.356927838829426],[74.73368758442899,13.357002494675111],[74.73357140126353,13.357113024067914],[74.73344287645475,13.357337182302851],[74.73326832789058,13.357752690186269],[74.73317959658229,13.357896143554221],[74.73293499409264,13.358135132568332],[74.73284015355755,13.358278581173478],[74.73280952212447,13.358359294567181],[74.73279109857751,13.358448992682098],[74.73280321670839,13.358538723018333],[74.73288970701806,13.358766457876651],[74.7330921948463,13.359053766793688],[74.73351676064074,13.35959012657788],[74.73360700173001,13.359740947073046],[74.7336337872782,13.359824711264068],[74.73365323255587,13.359918038182373],[74.73365561483809,13.359973067160531],[74.73364822205362,13.360030479374219],[74.73361880916039,13.360114184450731],[74.7335747225997,13.360209836243834],[74.73354938140403,13.360253956266433],[74.73351841642535,13.360307868686109],[74.73347679870528,13.36037959874112],[74.73343271729199,13.360470466190403],[74.73342287297984,13.360535052746485],[74.7334228020511,13.36059964868628],[74.73343984312824,13.360657085706261],[74.73350086323896,13.360716961625254],[74.7336351599027,13.360800839839037],[74.73374504014394,13.360867944023944],[74.73391339055769,13.361093012987233],[74.73396944599884,13.361224657429393],[74.73398643389109,13.361329943892038],[74.73397169464972,13.361401702257572],[74.7339447593646,13.361454308717082],[74.73388604617035,13.361518843031536],[74.73382979489428,13.361566633441704],[74.73375646301842,13.361592873273255],[74.73363670217337,13.361621456859215],[74.73343630409217,13.361654740735597],[74.73330189138096,13.361676131804488],[74.73316747509404,13.361699915409966],[74.73300126595,13.361749981442117],[74.73283258774154,13.361823969975273],[74.73271523075886,13.361888442125514],[74.73263940237847,13.36196252942595],[74.73257334832248,13.362036625217486],[74.73253172211099,13.362115532924172],[74.73248519471211,13.36220879021236],[74.73245333754613,13.362292493449102],[74.73241897083204,13.362436003901122],[74.73239446721789,13.362498182296555],[74.73238950973233,13.362562773960715],[74.73241127080634,13.362770942436494],[74.73241104662391,13.362974300640737],[74.73240361124085,13.363069990924286],[74.73238153269399,13.36314891925536],[74.73234236394137,13.363215867362587],[74.73228853617887,13.363280406447233],[74.73222004332287,13.363349716136932],[74.73215401159203,13.363402280129021],[74.73210511412339,13.363428545314141],[74.73205375362664,13.363471555260176],[74.73200968166717,13.363552852887922],[74.7319362538784,13.36366522066455],[74.73187258896327,13.363787169203592],[74.73184076837587,13.36383737763113],[74.73178206990612,13.363887556676143],[74.73173315815376,13.363925784828334],[74.7316769297008,13.363952042158754],[74.73163539015633,13.363951998129554],[74.73157675511847,13.363944758134231],[74.73152058221976,13.363920774264653],[74.73145708644202,13.363889604780972],[74.73138627401214,13.36384646536572],[74.73132033995887,13.363810508038325],[74.73126170496495,13.363803268875019],[74.73118594708392,13.363812757989553],[74.73111750677413,13.363834217910124],[74.73104173827335,13.363853277415512],[74.73093419406545,13.363881872670635],[74.73083886165726,13.363915265181397],[74.73076551456678,13.363953467163892]]]},"properties":{"KGISWardID":3024,"KGISWardCo":"1605006","LGD_WardCo":31752,"KGISWardNo":"6","KGISWardNa":"Moodabettu","KGISTownCo":"1605","SHAPE_STAr":2319882.48763,"SHAPE_STLe":8321.2791229}},
{"type":"Feature","geometry":{"type":"Polygon","coordinates":[[[74.74233714912795,13.359486486840437],[74.74199081221906,13.359623761986244],[74.74193801918007,13.359638062974994],[74.74171662385649,13.359657933964556],[74.74167849129242,13.359672249850442],[74.74167260418409,13.35969377556294],[74.74169008987586,13.359794277761873],[74.74168713028439,13.35982011334658],[74.74164165628547,13.359844469631387],[74.74142903106944,13.359888752889772],[74.74125233561335,13.35992242527865],[74.74091629130288,13.35999086528293],[74.7407177347035,13.360017577615318],[74.7405222448542,13.360032329864762],[74.74039398381677,13.360014255616914],[74.74004892763571,13.359942127761302],[74.73970083918647,13.359849061404606],[74.73907787237894,13.359749730880344],[74.73841522941493,13.359623443211174],[74.73821367599776,13.359596319396212],[74.73803652189498,13.35960211773993],[74.73781661133431,13.359604879574809],[74.73767916844282,13.359604738148619],[74.73751734021002,13.359559712135034],[74.7373097265748,13.359487722083017],[74.73714788322859,13.359457648296482],[74.73698908096212,13.3594395406318],[74.73649114335068,13.359522759047149],[74.73642390115954,13.359567548307437],[74.73645733885103,13.359714121166604],[74.73645409656955,13.359887571391505],[74.73644484598768,13.359968306578146],[74.73639898910871,13.36000713655085],[74.73632873730483,13.360010056441775],[74.73603553032986,13.360006758864195],[74.73584614502768,13.36002450508031],[74.73565677039251,13.360033279319085],[74.7354856881121,13.360071978376073],[74.73532371981435,13.360155545168228],[74.73519534917097,13.36023914789331],[74.73503949754723,13.3603137490492],[74.73489897926734,13.360334535990054],[74.73481653327329,13.360316505975794],[74.73474328617831,13.360265589406445],[74.73464869425544,13.360181754286874],[74.73458461671426,13.360124865748652],[74.7344563514339,13.360112769123466],[74.73422420527048,13.360130469280444],[74.73354938140403,13.360253956266433],[74.7335747225997,13.360209836243834],[74.73361880916039,13.360114184450731],[74.73364822205362,13.360030479374219],[74.73365561483809,13.359973067160531],[74.73365323255587,13.359918038182373],[74.7336337872782,13.359824711264068],[74.73360700173001,13.359740947073046],[74.73351676064074,13.35959012657788],[74.7330921948463,13.359053766793688],[74.73288970701806,13.358766457876651],[74.73280321670839,13.358538723018333],[74.73279109857751,13.358448992682098],[74.73280952212447,13.358359294567181],[74.73284015355755,13.358278581173478],[74.73293499409264,13.358135132568332],[74.73317959658229,13.357896143554221],[74.73326832789058,13.357752690186269],[74.73344287645475,13.357337182302851],[74.73357140126353,13.357113024067914],[74.73368758442899,13.357002494675111],[74.73379151044661,13.356927838829426],[74.73393816189567,13.356883134583084],[74.7341153280762,13.356865376922448],[74.73446352770196,13.356850789713306],[74.73486061818704,13.35681531829146],[74.73500114187793,13.356788549802417],[74.73509891055235,13.356758746209904],[74.73523339054822,13.356672159550284],[74.73531291268398,13.35657056382051],[74.73538636734978,13.356430083111627],[74.73547038091213,13.3562413949171],[74.73558592789134,13.35604054867118],[74.735623181223,13.355935318882876],[74.73560366556329,13.355718739846676],[74.73559701658658,13.35571526424981],[74.73558532180951,13.355709150244905],[74.73551187574145,13.355670754676753],[74.73527796954346,13.355731273329196],[74.735198581459,13.355756751352299],[74.73519836326608,13.35575189988755],[74.7351890631876,13.355543267998419],[74.73523626300488,13.355292709585436],[74.73506779392623,13.355158560646357],[74.73489656532347,13.354790375638107],[74.73496863192115,13.354599743627691],[74.73489279817021,13.354615501105908],[74.7348437224403,13.354614087058053],[74.73475199821974,13.35461140943726],[74.73457012856453,13.354534561268284],[74.7344738587934,13.35455490430119],[74.73377136729788,13.354261534827959],[74.73354983700925,13.354175235657278],[74.73333529043063,13.35415349628947],[74.73311678945971,13.354131019237924],[74.73300573488062,13.354119452762651],[74.73293772461635,13.354108541978437],[74.73309523563867,13.353407322229113],[74.73285280432577,13.353371568142121],[74.7327949378784,13.35338316003388],[74.7326352028177,13.353415218557661],[74.73252065945167,13.35343827417745],[74.73239737665432,13.353316005859552],[74.73257056320976,13.352872705208826],[74.73218809876121,13.352746161835674],[74.73224179583963,13.352539991743324],[74.73239119244846,13.351997951279559],[74.7324792306478,13.351671378300205],[74.73246320031046,13.351657025584737],[74.732460070999,13.351654224568035],[74.73229935885028,13.351510505226125],[74.7323183944268,13.35128236074956],[74.73235044427523,13.35083967329767],[74.7323547731133,13.350810655443048],[74.73240952741344,13.35081536286176],[74.73336924699353,13.350897877110253],[74.73357255264175,13.349319062182929],[74.73371233979398,13.34929820455037],[74.73375030131712,13.348728423269941],[74.73447198933341,13.348802990683135],[74.73447463836548,13.348073972018557],[74.73474689771436,13.348063210022802],[74.7348028525645,13.348827212627828],[74.73501604928079,13.34881663269217],[74.73502357206256,13.34883497399204],[74.73515957498617,13.348835705715144],[74.73516576069417,13.348621810050505],[74.73565205864338,13.348605352423535],[74.73568344301727,13.348853390648184],[74.73604723142704,13.348921747732827],[74.73607084740092,13.348669675151536],[74.73613044607053,13.348676638358596],[74.73636261861863,13.348731662368271],[74.7367598085483,13.348866402582868],[74.73682332079902,13.348887947827036],[74.73692614559849,13.349027105676216],[74.73732827938943,13.349964174670236],[74.73756595361033,13.350474017185388],[74.73793885255427,13.351335692059394],[74.73811795890428,13.351780875577658],[74.7384545297754,13.352348238583794],[74.73849020244135,13.352400579267156],[74.7389176732891,13.353226501160677],[74.73910358069716,13.35359752534918],[74.73951204487868,13.354342602220667],[74.73990223819688,13.355039809191473],[74.74025583287118,13.355689129363345],[74.74075576831618,13.356586816782894],[74.74127701060193,13.35755629979509],[74.74153003607206,13.35800514619271],[74.74224638920177,13.359321733617934],[74.74233714912795,13.359486486840437]]]},"properties":{"KGISWardID":3025,"KGISWardCo":"1605007","LGD_WardCo":31753,"KGISWardNo":"7","KGISWardNa":"Kodankooru","KGISTownCo":"1605","SHAPE_STAr":803602.688897,"SHAPE_STLe":4918.7399416}},
{"type":"Feature","geometry":{"type":"Polygon","coordinates":[[[74.74991268009583,13.3610691290768],[74.74997481223213,13.361407377444984],[74.74998055683623,13.361760272134255],[74.74994677491286,13.3619396740488],[74.74991001592996,13.362044307867288],[74.74978766475054,13.362217640721218],[74.74961945195099,13.362435787431009],[74.74955519437144,13.362549365849254],[74.74935930453967,13.362949910562833],[74.74915417371443,13.363425211082047],[74.74893983876679,13.363939379096363],[74.74878975828365,13.36434295903019],[74.74868866866622,13.364629955233944],[74.74857215697658,13.365060483878228],[74.74844338515848,13.36553286829758],[74.74838515992548,13.365718227166134],[74.74815249178513,13.366235366451091],[74.7481119188282,13.366331313661039],[74.74785904136485,13.36626853293321],[74.74719331223604,13.366151236696803],[74.74633519970062,13.365994867390697],[74.74594127482511,13.365910736285235],[74.74588020738824,13.365892731290433],[74.74585276487437,13.36584784540052],[74.74580414245102,13.365611540004839],[74.74577671564671,13.365551700739342],[74.7457339768232,13.36553072380181],[74.74565150312512,13.36553662157842],[74.74525750796955,13.365521272921638],[74.74474129068273,13.365550658775403],[74.74468937307202,13.365544624884873],[74.74466191286218,13.365517683451833],[74.74451898082445,13.364925402675553],[74.74423910673823,13.36385748092395],[74.744053496049,13.363190393422553],[74.74390748209937,13.362628015894455],[74.74391669469563,13.362580175648178],[74.74396875359724,13.362451632986184],[74.74396278654751,13.362317051010967],[74.74392031122734,13.362047855265669],[74.7438202227404,13.361380853107628],[74.74374450875615,13.36077069697319],[74.74371408580002,13.36065702424544],[74.74369275005795,13.360615134615761],[74.74366525577665,13.360621087416956],[74.74318851739712,13.360874804707665],[74.74315186010193,13.360880748159296],[74.74311523668925,13.360853796361797],[74.74269145762528,13.360129644664438],[74.74233714912795,13.359486486840437],[74.74224638920177,13.359321733617934],[74.74153003607206,13.35800514619271],[74.74127701060193,13.35755629979509],[74.74075576831618,13.356586816782894],[74.74025583287118,13.355689129363345],[74.73990223819688,13.355039809191473],[74.73951204487868,13.354342602220667],[74.73910358069716,13.35359752534918],[74.7389176732891,13.353226501160677],[74.73849020244135,13.352400579267156],[74.73852779913187,13.352377024679623],[74.73863414745118,13.352319714360519],[74.73886157542984,13.352136925571575],[74.73911474945601,13.35186803255518],[74.73932384755446,13.351688813380797],[74.73947418696049,13.351620782990594],[74.73963182028726,13.351585057596767],[74.73984442159443,13.351556566391713],[74.74007898644703,13.351553218190032],[74.74039778474217,13.351607376139416],[74.74088881897082,13.351679652682925],[74.74116732957805,13.351708646910351],[74.74135424073387,13.351712426694094],[74.74149353808504,13.351687447286752],[74.74166962327892,13.351533313114007],[74.74173569966452,13.35143289604199],[74.74182743456687,13.351328917075735],[74.74190813072855,13.351267992104034],[74.7419998206867,13.351207077395284],[74.74211709296424,13.351214373714985],[74.74225260289845,13.35130422925262],[74.74240646479757,13.351368982719475],[74.74257132155115,13.351433746360067],[74.74276553640178,13.35146265317646],[74.74299643973778,13.351455711439405],[74.7431724622059,13.3513589943956],[74.74327519308417,13.35125502603835],[74.74335597421236,13.351111559052834],[74.74339639598546,13.351011116450167],[74.74345885176704,13.350867631773047],[74.74356523146025,13.350778021774385],[74.74366790134434,13.350731472352468],[74.7437192978082,13.350648983605259],[74.74374873126655,13.350541352881597],[74.74375253744797,13.350408574675079],[74.74372334155663,13.350290117886408],[74.74364650919793,13.350164435060437],[74.74354400335271,13.350056669947843],[74.7435074591664,13.349956149413877],[74.74341977346127,13.349697674378849],[74.7433906498211,13.349511031677443],[74.74339447419723,13.349360309769411],[74.74343125984136,13.349231153873506],[74.74349002054593,13.349116375006911],[74.74358540099983,13.349030342765627],[74.74369545638052,13.348929969630001],[74.74387886006996,13.348783018176794],[74.74415762378676,13.348567977817913],[74.74421269327988,13.348478315708338],[74.74420911875315,13.348392183329981],[74.74420557822728,13.348273751565635],[74.74423863857561,13.34820201185757],[74.74428267842268,13.34814463620955],[74.7443157576105,13.34805495188415],[74.74430483095898,13.347990344732452],[74.74427192171729,13.347918537550985],[74.74429764031387,13.347857555390913],[74.74435266428752,13.347810957584374],[74.74463139344844,13.347628214240853],[74.74484774168825,13.34751718267983],[74.74496506878828,13.347470647447473],[74.7450750250163,13.347463580212525],[74.74525455469873,13.347514002958837],[74.74546390328096,13.347554167092833],[74.74554013701453,13.347552330269103],[74.74564766634359,13.34752947142864],[74.74572784015285,13.347497012823933],[74.74582955157582,13.34743012608595],[74.74590584037973,13.347374696755239],[74.74596840931136,13.347355620344649],[74.74605833388466,13.347344226616867],[74.74624989067807,13.347342504189251],[74.74646686202088,13.347336979394877],[74.7466252113595,13.34731417006102],[74.74695365860946,13.347249422790766],[74.7471648207935,13.34719030004482],[74.74726063396602,13.347155944082862],[74.7473251726783,13.347121556909217],[74.74737019856107,13.347054613026234],[74.7473898068641,13.346995299094692],[74.747413338037,13.346922590955657],[74.74745248895579,13.346867125041541],[74.74752290139743,13.346823174101866],[74.74761478859958,13.346804125576826],[74.74769493502099,13.346798463446898],[74.7478512365629,13.346865607748823],[74.74794696125059,13.346915466867863],[74.74805053443798,13.346938538426368],[74.7481638934583,13.3469482197419],[74.74826163266121,13.346940660637388],[74.74840047658151,13.346877637370696],[74.74852759357084,13.346814602392245],[74.74857846315868,13.346766803216354],[74.74863130455597,13.346701781127637],[74.74867240218447,13.346653972240752],[74.74873696523727,13.346596617042099],[74.74878978176105,13.34655647594717],[74.74886214986729,13.346510612291976],[74.74894233769089,13.346464754552212],[74.74906943258927,13.346422773584921],[74.74918281709432,13.346407574316686],[74.7492825050661,13.34640575956757],[74.7493939306698,13.346394385912896],[74.74947212988171,13.346381065096578],[74.74955815683923,13.346358182422913],[74.74969703755244,13.346258792665871],[74.74980461022004,13.346193822553543],[74.74986524135325,13.346157516588107],[74.74992975777808,13.346144183934719],[74.74999457516539,13.346147980572123],[74.74999783917717,13.346192330413382],[74.74999611480926,13.346360494668383],[74.75000183869379,13.346531614992463],[74.74999425137379,13.346869422362138],[74.74998415535116,13.347327181852336],[74.75018530966501,13.347319084698276],[74.75022393232433,13.347755487948985],[74.75022785631879,13.347774116436714],[74.7502997447347,13.348120605936082],[74.75030730087151,13.348157026199418],[74.74995602583654,13.348222273414438],[74.74994288996501,13.348224712751952],[74.74980623677321,13.34845927956067],[74.74984460691162,13.34863811540695],[74.74986281028822,13.348642385107462],[74.74986639285169,13.348712791818794],[74.75027165045228,13.34879640138843],[74.7502758104079,13.348831654548393],[74.75027651257611,13.34883761236954],[74.75028350235166,13.348896789067021],[74.75047588175894,13.348936933273976],[74.75052492619345,13.34894716690986],[74.75052940255553,13.349093424808029],[74.75053714921218,13.349346404257428],[74.75053868423129,13.349396550363936],[74.75052939573862,13.349396889352748],[74.75049268134838,13.349398231269552],[74.75047895960876,13.349501716999427],[74.75047181954436,13.349555555615666],[74.75002908490325,13.349537382644122],[74.74997168327421,13.349535027441599],[74.75000906510361,13.349664968248181],[74.75032473497221,13.349755690724685],[74.75026559700142,13.350054501639498],[74.75023693188508,13.35012004972897],[74.7500772954603,13.35048500156415],[74.75005511991489,13.350535699378087],[74.74994149025365,13.35056026215617],[74.74991038202832,13.350566987028508],[74.74983663731915,13.35087615773288],[74.75000059556369,13.351016176419789],[74.75025465029773,13.351102024036585],[74.7503581108295,13.351435307403634],[74.75024477045788,13.351620043008792],[74.75020699923707,13.351681607072292],[74.75001149612699,13.351630056192153],[74.74979307057448,13.35157246029567],[74.74954475691318,13.351507021141275],[74.74953263374451,13.351543651642352],[74.7495249450138,13.351566890222838],[74.74951894389487,13.351598659255131],[74.74950348472201,13.351680491181009],[74.74949192445095,13.351741692222324],[74.74951085483627,13.351822077000692],[74.74952249864924,13.35187152326577],[74.74919780884967,13.351921994106595],[74.74901113967006,13.351882954114053],[74.74882138129833,13.351938837943976],[74.7487783364299,13.35195151429684],[74.74878582344095,13.35211271409365],[74.74878733926639,13.352145356819118],[74.7487634994013,13.352158360554329],[74.74871848722417,13.352182912125722],[74.74878718345435,13.352722002576488],[74.74878886987763,13.352735237786996],[74.74872403823102,13.352802476010401],[74.74868427707113,13.352843713277469],[74.74866010855473,13.353140369221055],[74.74865716743085,13.353175938161653],[74.74866803059358,13.353190769415418],[74.74866390890772,13.353329330910986],[74.74873160057031,13.353497916553646],[74.7487400993086,13.353673785900561],[74.74863195193758,13.354074646206298],[74.7486444608614,13.354130442021717],[74.74859205241586,13.354309119172541],[74.74873444905397,13.354824024666538],[74.74863649744064,13.354986477092659],[74.74865331489121,13.355010605308767],[74.74859845218559,13.35511470471878],[74.74869583343911,13.355229563721597],[74.74868292566605,13.355294098198843],[74.74867043468143,13.355356552434888],[74.74823882487964,13.355381255360474],[74.74820164886913,13.355383383158346],[74.74818912975465,13.35555033569831],[74.74819808960251,13.355550114928041],[74.74871079927277,13.355537583118057],[74.74873265198887,13.355729137952176],[74.7486975316651,13.355750837397679],[74.74871215244276,13.355842571558384],[74.74871821085713,13.355880596289397],[74.74864141592413,13.355923366550131],[74.74863214619599,13.355928531406137],[74.74859571686856,13.355948823446255],[74.74863329727786,13.356561602781497],[74.74855770271422,13.35695928971686],[74.74857978975938,13.357324993917441],[74.74856238599287,13.357633302142505],[74.7485579814217,13.35771132814255],[74.7480690764138,13.357596725587229],[74.74802836043257,13.357587182441161],[74.74800867713219,13.357887129560092],[74.74800959473927,13.357887459615894],[74.74799433467078,13.357985642939111],[74.74852799213654,13.358094655774895],[74.7484517684159,13.358425063025082],[74.74844624845899,13.358450255960094],[74.74845607497545,13.358453286781176],[74.74844528571255,13.35848725463954],[74.74857668618534,13.358567165187088],[74.74876850703676,13.358575857192093],[74.7486981207152,13.358691389747383],[74.74868887971266,13.359001508196002],[74.7485771084465,13.359228701135741],[74.74862575121671,13.359413843439826],[74.74867107592506,13.359420565322305],[74.74867148720405,13.3594862722254],[74.7491194173766,13.35957016582907],[74.74910182556411,13.359896466397995],[74.74914918880431,13.359919018911977],[74.74914886603214,13.360030307752071],[74.74917837823365,13.360034823815939],[74.7490733209637,13.360305612423947],[74.74919700729069,13.360350162904625],[74.7491696720827,13.360440064159972],[74.74939068104094,13.360507517632438],[74.7496043959502,13.360572638904081],[74.74948176818002,13.360891930833544],[74.74956931399952,13.360911048936703],[74.74956250506058,13.36093338864909],[74.74991268009583,13.3610691290768]]]},"properties":{"KGISWardID":3026,"KGISWardCo":"1605008","LGD_WardCo":31754,"KGISWardNo":"8","KGISWardNa":"Nitturu","KGISTownCo":"1605","SHAPE_STAr":1554401.73604,"SHAPE_STLe":6951.88865664}},
{"type":"Feature","geometry":{"type":"Polygon","coordinates":[[[74.7467489996208,13.371241119584944],[74.74663133183407,13.371174225654947],[74.74650677719319,13.371110939913905],[74.74640420436081,13.371057724030988],[74.74631188043202,13.37101743812881],[74.74624446299244,13.370994402896779],[74.74615943111417,13.370991446658195],[74.74561981575097,13.371069855563727],[74.74559036790373,13.37107233883499],[74.74548287228019,13.371053090741192],[74.74517242457364,13.37116522475379],[74.74483021485909,13.371274932835929],[74.74466404167127,13.371286727368327],[74.7446176285652,13.371272325760435],[74.74456880637494,13.371226819560498],[74.74450057582338,13.37104731741088],[74.74432605858586,13.370834799056494],[74.74400241012052,13.370747754568113],[74.74358230474104,13.37057507108568],[74.7434723531819,13.370567782716254],[74.74326712989107,13.370536472442357],[74.74285679160035,13.370370976417293],[74.74271021821164,13.370334940060909],[74.7426051820744,13.370301337580514],[74.7425587194294,13.370334785983612],[74.7425391074547,13.370394576813814],[74.74248038921823,13.370463899201832],[74.7424388342057,13.370478211678915],[74.74236555801676,13.370449427550781],[74.74212863513517,13.370355879785345],[74.74199919213399,13.370295936162432],[74.74189173025822,13.370245584438692],[74.74180136305111,13.370204820560431],[74.74167924522271,13.370149668569518],[74.74156448558652,13.370068208015184],[74.74151810187048,13.370027488950562],[74.74137883186792,13.370017777116644],[74.74098298065513,13.37001737226313],[74.74083392832208,13.370014827048706],[74.74074352559147,13.370007556614242],[74.74062873820661,13.369952413439522],[74.74054715571681,13.369923141030892],[74.74046798569402,13.369923059850292],[74.74039759944114,13.36993590558967],[74.74033743831247,13.369981780929894],[74.74027433971504,13.370033393338703],[74.74019514659909,13.370054843746294],[74.74008371283765,13.370063342179346],[74.74000161516223,13.370058951867291],[74.73991806784498,13.370038769343685],[74.73983308414155,13.36999131080786],[74.73974809954818,13.369943852242992],[74.7396674700355,13.369938027404386],[74.73955600703304,13.369973800083384],[74.7394797291439,13.370011043961318],[74.73934482587158,13.370029566695042],[74.73928371241452,13.370053906390531],[74.7391780793924,13.370120787049771],[74.73911111029953,13.370136028562476],[74.73899626903686,13.370132123197877],[74.73865810573403,13.370112634208104],[74.73858577514886,13.370114473770766],[74.73852515077101,13.370137378762077],[74.73848601966952,13.370169874588223],[74.73843707670724,13.370236814414614],[74.73838813784745,13.370299924790684],[74.73834117679655,13.370341983848538],[74.73825315834148,13.37038974143485],[74.73814951101156,13.370427914181166],[74.7379657195756,13.370462175369621],[74.73769981302887,13.370509749402741],[74.73767242309502,13.370530774362457],[74.73764501360358,13.370569025014953],[74.73760780224882,13.370634061661882],[74.73748045038553,13.370899972392161],[74.73733550274376,13.371167777245006],[74.73722187585892,13.371395422102275],[74.73708475969738,13.37165175201875],[74.73697701643788,13.371862177149152],[74.73693193640408,13.371971225565801],[74.73686130085412,13.372212313909897],[74.73674948482909,13.372572024198272],[74.7366769145469,13.372793969574719],[74.73651612683324,13.373245499220756],[74.73642776376552,13.3736090622825],[74.73639051531688,13.373706635833802],[74.73637283756699,13.373783176427695],[74.73638839997656,13.373854008849074],[74.73644304654606,13.373936366698995],[74.73652895438937,13.374034069440148],[74.73658361883385,13.37409920066444],[74.73661285633507,13.374177704386673],[74.73661865228809,13.374240871357106],[74.73662235058555,13.374436099917789],[74.73663171505285,13.374813162812305],[74.73663934355139,13.374989254573727],[74.73666636205142,13.37531083107076],[74.73668772894264,13.375437175173786],[74.73670525409734,13.37550035434541],[74.73674426579237,13.375578868220494],[74.73676955462611,13.375693732591161],[74.73679675202378,13.37585070743624],[74.73684147145406,13.376074688163897],[74.7368745958417,13.376174249234099],[74.73691359316062,13.376266160236495],[74.73695847056642,13.376344679273542],[74.73707364965848,13.376490260851362],[74.73714587840736,13.376584120626788],[74.73725905369535,13.376775635258467],[74.73735268842812,13.376959474283202],[74.73755167191199,13.377342474916697],[74.73773698398527,13.377713977413116],[74.73784620756754,13.37794376673089],[74.73788328736505,13.378003138450994],[74.73788518875244,13.378052904175869],[74.73788514116035,13.378096925074416],[74.73782233184703,13.378330364591772],[74.73771054530393,13.378661365629181],[74.73769878078834,13.378693890569963],[74.73766944093585,13.378709171575665],[74.73763816038434,13.378711053396891],[74.73760103796215,13.378691875815218],[74.7373002071869,13.378486768427676],[74.73697593287231,13.378268239141146],[74.7365383455761,13.377984515346476],[74.73612030098373,13.377708468270153],[74.73587807009372,13.377547441291082],[74.73553429730254,13.37728486797556],[74.73527063800397,13.377056828564811],[74.73485266671105,13.37671570522326],[74.73470615622406,13.376619853548245],[74.73459089798156,13.37654700128462],[74.73434667401527,13.376424250716509],[74.73370384921989,13.376124995031864],[74.73315335369738,13.375862201727882],[74.73258855245417,13.375610395771808],[74.73219474270836,13.375412601550828],[74.73191393335036,13.37522987895408],[74.73152629369008,13.374978259247525],[74.73079684654482,13.374463103808068],[74.73022613899023,13.374034843636531],[74.72964624242675,13.373630495760485],[74.72883674442912,13.37305781211761],[74.7287893100283,13.373021564696154],[74.72789929669915,13.372336249629942],[74.72768882077577,13.372160391574164],[74.72759729757047,13.37210451162625],[74.72798238588726,13.371465156092084],[74.72822106274671,13.371079628239002],[74.72849033987666,13.37064329227484],[74.72865862740677,13.370380301987845],[74.72877188120586,13.370165101177815],[74.72887602831271,13.369899051662792],[74.72895568931366,13.369677834142665],[74.72902911258001,13.36957324196237],[74.72918197276353,13.369447801700977],[74.7292737439394,13.369322295096781],[74.72951238417724,13.368966671665138],[74.72974802197453,13.368563194382888],[74.72983677170836,13.36840777941186],[74.730023339414,13.368183685287542],[74.73020068941422,13.36800742978227],[74.7302925003243,13.36784603637264],[74.73054043604625,13.367367807269178],[74.73089827839496,13.366934553949644],[74.7310084181138,13.36677018942501],[74.73105432261559,13.366689491656276],[74.73106053114431,13.366599781674783],[74.73103934294969,13.366426304818614],[74.73099124542694,13.365729448714928],[74.73095517966958,13.365200077285348],[74.73091306892371,13.364613878054373],[74.73088592355165,13.364302828725611],[74.73076551456678,13.363953467163892],[74.73083886165726,13.363915265181397],[74.73093419406545,13.363881872670635],[74.73104173827335,13.363853277415512],[74.73111750677413,13.363834217910124],[74.73118594708392,13.363812757989553],[74.73126170496495,13.363803268875019],[74.73132033995887,13.363810508038325],[74.73138627401214,13.36384646536572],[74.73145708644202,13.363889604780972],[74.73152058221976,13.363920774264653],[74.73157675511847,13.363944758134231],[74.73163539015633,13.363951998129554],[74.7316769297008,13.363952042158754],[74.73173315815376,13.363925784828334],[74.73178206990612,13.363887556676143],[74.73184076837587,13.36383737763113],[74.73187258896327,13.363787169203592],[74.7319362538784,13.36366522066455],[74.73200968166717,13.363552852887922],[74.73205375362664,13.363471555260176],[74.73210511412339,13.363428545314141],[74.73215401159203,13.363402280129021],[74.73222004332287,13.363349716136932],[74.73228853617887,13.363280406447233],[74.73234236394137,13.363215867362587],[74.73238153269399,13.36314891925536],[74.73240361124085,13.363069990924286],[74.73241104662391,13.362974300640737],[74.73241127080634,13.362770942436494],[74.73238950973233,13.362562773960715],[74.73239446721789,13.362498182296555],[74.73241897083204,13.362436003901122],[74.73245333754613,13.362292493449102],[74.73248519471211,13.36220879021236],[74.73253172211099,13.362115532924172],[74.73257334832248,13.362036625217486],[74.73263940237847,13.36196252942595],[74.73271523075886,13.361888442125514],[74.73283258774154,13.361823969975273],[74.73300126595,13.361749981442117],[74.73316747509404,13.361699915409966],[74.73330189138096,13.361676131804488],[74.73343630409217,13.361654740735597],[74.73363670217337,13.361621456859215],[74.73375646301842,13.361592873273255],[74.73382979489428,13.361566633441704],[74.73388604617035,13.361518843031536],[74.7339447593646,13.361454308717082],[74.73397169464972,13.361401702257572],[74.73398643389109,13.361329943892038],[74.73396944599884,13.361224657429393],[74.73391339055769,13.361093012987233],[74.73374504014394,13.360867944023944],[74.7336351599027,13.360800839839037],[74.73350086323896,13.360716961625254],[74.73343984312824,13.360657085706261],[74.7334228020511,13.36059964868628],[74.73342287297984,13.360535052746485],[74.73343271729199,13.360470466190403],[74.73347679870528,13.36037959874112],[74.73351841642535,13.360307868686109],[74.73354938140403,13.360253956266433],[74.73422420527048,13.360130469280444],[74.7344563514339,13.360112769123466],[74.73458461671426,13.360124865748652],[74.73464869425544,13.360181754286874],[74.73474328617831,13.360265589406445],[74.73481653327329,13.360316505975794],[74.73489897926734,13.360334535990054],[74.73503949754723,13.3603137490492],[74.73519534917097,13.36023914789331],[74.73532371981435,13.360155545168228],[74.7354856881121,13.360071978376073],[74.73565677039251,13.360033279319085],[74.73584614502768,13.36002450508031],[74.73603553032986,13.360006758864195],[74.73632873730483,13.360010056441775],[74.73639898910871,13.36000713655085],[74.73644484598768,13.359968306578146],[74.73645409656955,13.359887571391505],[74.73645733885103,13.359714121166604],[74.73642390115954,13.359567548307437],[74.73649114335068,13.359522759047149],[74.73698908096212,13.3594395406318],[74.73714788322859,13.359457648296482],[74.7373097265748,13.359487722083017],[74.73751734021002,13.359559712135034],[74.73767916844282,13.359604738148619],[74.73781661133431,13.359604879574809],[74.73803652189498,13.35960211773993],[74.73821367599776,13.359596319396212],[74.73841522941493,13.359623443211174],[74.73907787237894,13.359749730880344],[74.73970083918647,13.359849061404606],[74.74004892763571,13.359942127761302],[74.74039398381677,13.360014255616914],[74.7405222448542,13.360032329864762],[74.7407177347035,13.360017577615318],[74.74091629130288,13.35999086528293],[74.74125233561335,13.35992242527865],[74.74142903106944,13.359888752889772],[74.74164165628547,13.359844469631387],[74.74168713028439,13.35982011334658],[74.74169008987586,13.359794277761873],[74.74167260418409,13.35969377556294],[74.74167849129242,13.359672249850442],[74.74171662385649,13.359657933964556],[74.74193801918007,13.359638062974994],[74.74199081221906,13.359623761986244],[74.74233714912795,13.359486486840437],[74.74269145762528,13.360129644664438],[74.74311523668925,13.360853796361797],[74.74315186010193,13.360880748159296],[74.74318851739712,13.360874804707665],[74.74366525577665,13.360621087416956],[74.74369275005795,13.360615134615761],[74.74371408580002,13.36065702424544],[74.74374450875615,13.36077069697319],[74.7438202227404,13.361380853107628],[74.74392031122734,13.362047855265669],[74.74396278654751,13.362317051010967],[74.74396875359724,13.362451632986184],[74.74391669469563,13.362580175648178],[74.74390748209937,13.362628015894455],[74.744053496049,13.363190393422553],[74.74423910673823,13.36385748092395],[74.74451898082445,13.364925402675553],[74.74466191286218,13.365517683451833],[74.74468937307202,13.365544624884873],[74.74474129068273,13.365550658775403],[74.74525750796955,13.365521272921638],[74.74565150312512,13.36553662157842],[74.7457339768232,13.36553072380181],[74.74577671564671,13.365551700739342],[74.74580414245102,13.365611540004839],[74.74585276487437,13.36584784540052],[74.74588020738824,13.365892731290433],[74.74594127482511,13.365910736285235],[74.74633519970062,13.365994867390697],[74.74719331223604,13.366151236696803],[74.74785904136485,13.36626853293321],[74.7481119188282,13.366331313661039],[74.74787692183561,13.366887039590765],[74.74769620778456,13.367374325161055],[74.74759817495429,13.367655342331373],[74.74754298489982,13.367858646775145],[74.74751518709563,13.368154687325664],[74.74749338943393,13.368555403902848],[74.74746855856331,13.368981198281814],[74.74745607113205,13.369195351831035],[74.74742504144734,13.369661850588393],[74.74738202057077,13.369910027238436],[74.74731762908407,13.370149209786327],[74.74720121902456,13.370478057910189],[74.74711855662048,13.370663391061342],[74.7469563573218,13.370965277749782],[74.74681871218006,13.371153547019363],[74.7467489996208,13.371241119584944]]]},"properties":{"KGISWardID":3027,"KGISWardCo":"1605009","LGD_WardCo":31755,"KGISWardNo":"9","KGISWardNa":"Subramyamanya Nagar","KGISTownCo":"1605","SHAPE_STAr":2348878.2463,"SHAPE_STLe":7905.92620263}},
{"type":"Feature","geometry":{"type":"Polygon","coordinates":[[[74.7467489996208,13.371241119584944],[74.74649757531256,13.371556954019189],[74.74624983837533,13.371870717561695],[74.7460603075661,13.372020055752845],[74.74576074988144,13.372232087079439],[74.74569650664733,13.37232772068298],[74.74561067942625,13.372617721012169],[74.7454515238842,13.372925591226524],[74.7452434135884,13.373314157721696],[74.74510573655749,13.373529340571837],[74.74484263271563,13.373929813443631],[74.74460403576991,13.37426152723676],[74.74424620962031,13.374691809630901],[74.74395413669579,13.374985548606457],[74.7437309326556,13.375200644064302],[74.7437308757681,13.375254475051273],[74.74375219063567,13.375317298623967],[74.74385285890253,13.375440014225799],[74.74424952773478,13.375832181729065],[74.7449177665599,13.376490784815703],[74.74503976379562,13.376664361287308],[74.74513428619025,13.37682295755391],[74.7452409416703,13.377062311665643],[74.74536895456816,13.377325612441785],[74.74545134437524,13.3774034498128],[74.74555819813571,13.377454397151679],[74.7457780662659,13.377508448373582],[74.7463705772109,13.377568854879271],[74.74677675143694,13.377641035671285],[74.74701493696263,13.377704076907909],[74.74728363339953,13.377800043653115],[74.74769883188351,13.378006808706402],[74.74822400523576,13.378201720433799],[74.74834921515368,13.378225768449687],[74.74847748335796,13.378246830941377],[74.74855995512937,13.37824691294401],[74.74875547480055,13.378217201406173],[74.74926570212885,13.378098084381472],[74.74990119354923,13.377949184372685],[74.75043589027624,13.377797192101125],[74.75057643475989,13.377761444268772],[74.75064363030295,13.37776450083724],[74.75208454411504,13.378561412949425],[74.75217918193493,13.378612346447557],[74.75228912554594,13.378630396032218],[74.75242353734642,13.378618564582272],[74.75282070410688,13.378541198581539],[74.7529092835645,13.378541285136674],[74.75299476584793,13.378586227856678],[74.75319316601774,13.378726978929027],[74.75330308634081,13.378768954175598],[74.75342523068763,13.378804960666331],[74.7535626694249,13.378820047095818],[74.75368790362153,13.378820169093887],[74.75382229421429,13.378829271787232],[74.75399331029469,13.378865325571383],[74.75423421273402,13.37893356567944],[74.75433828636537,13.378958069450523],[74.75442185310223,13.378962456588324],[74.754480499283,13.378963948553045],[74.75453477173717,13.378939598575963],[74.7546139665838,13.378918143723553],[74.75470779787082,13.378922541630004],[74.75477961493571,13.378947013932883],[74.75480891506066,13.378970009974434],[74.75483671028954,13.379031762887758],[74.75484086300199,13.379274362993494],[74.75487876859825,13.379486850341657],[74.75487448669904,13.379734585566323],[74.75487673935582,13.379923593278516],[74.75484474466796,13.380148454262399],[74.75482997402975,13.38025610116775],[74.75483967805627,13.380325491811249],[74.75489336588646,13.380397317701563],[74.75493237412385,13.38048587673678],[74.75493962231042,13.380567228057188],[74.75492731482076,13.380655737358168],[74.7548144241407,13.38113412142895],[74.75478006771955,13.381277635799309],[74.75477996606115,13.381378119079349],[74.75481871061571,13.38172745721363],[74.75484534944647,13.381966728871594],[74.75500565667957,13.383672432199106],[74.75407822831961,13.383605887793745],[74.75292006263044,13.383475565727782],[74.75205506457219,13.383417299864552],[74.75116072928788,13.383373356938614],[74.75006102178922,13.383429691244952],[74.74894842066043,13.38377480221912],[74.74855710128733,13.383997530155884],[74.74803028355944,13.384300594107943],[74.74784253244795,13.38440959621269],[74.74783897639963,13.38442400981625],[74.74776951005093,13.384706424973368],[74.74760204144472,13.38513561291686],[74.74721932978974,13.386213990215053],[74.7469691912393,13.387127949292603],[74.74666802683117,13.38861536609685],[74.74658491614231,13.388923375992217],[74.74634473513257,13.389504908022014],[74.74588372040735,13.390331528051362],[74.74563795457532,13.391304685572228],[74.74522519105794,13.392113058249638],[74.74481970064873,13.392707065764368],[74.74437161079098,13.393632538615181],[74.74400972054379,13.394211375929302],[74.7432788731057,13.393906882556461],[74.74327686101833,13.393908156388568],[74.74323141278462,13.393897043261346],[74.74304064322932,13.393844692084668],[74.7428700112738,13.393797864439525],[74.7425770755479,13.393951690403986],[74.74242161074895,13.393922860445668],[74.74241628817057,13.3938140555695],[74.74240081096639,13.393498001264172],[74.74233473812306,13.393493120642471],[74.74237532681288,13.393399400020481],[74.74140194333431,13.393337637361203],[74.74128175097398,13.393298828398464],[74.74117516173067,13.39326440438991],[74.74110544653921,13.392228507446674],[74.74110278359132,13.392203591214829],[74.74106385017474,13.392180295280617],[74.74042014084297,13.391841846700492],[74.73936882004774,13.39131145657406],[74.73852815562327,13.39089568770204],[74.73842414988509,13.390827413353696],[74.73790747713986,13.390559844558078],[74.7378628635763,13.390537007927664],[74.73761562018112,13.390474087804865],[74.73761339991754,13.390359742188735],[74.7376122589198,13.390300368890752],[74.737609032444,13.390131825055018],[74.73766126279558,13.389771894915006],[74.73770671122267,13.388454610757698],[74.73771654803191,13.388329690843387],[74.73778161488326,13.387506479656427],[74.73779902885865,13.38728851990797],[74.73770770659696,13.386549900428548],[74.73769308241869,13.386433795826873],[74.73763283830796,13.385963482684032],[74.73560735602946,13.386114671025455],[74.73541414934122,13.386153020964782],[74.73494464577874,13.386376146607258],[74.73483912224108,13.386520165689943],[74.7348291807226,13.386461847427274],[74.73474996204786,13.386281111571932],[74.73437808444838,13.385289660585801],[74.73377096977606,13.385223571547746],[74.73362127338079,13.385286045743399],[74.73343155026677,13.385365238558073],[74.73342398474746,13.38536556514748],[74.73324600254331,13.385369817197647],[74.73292967896828,13.385377318411903],[74.73285013697003,13.385379192035977],[74.73284897396205,13.385365972689486],[74.7327780779457,13.384287249419621],[74.7329649254501,13.383699136564237],[74.73300109423924,13.38358497701171],[74.73304511567889,13.382852553564195],[74.7330502033338,13.382766526315896],[74.73306919836608,13.38231063604724],[74.7329995147578,13.382311683725634],[74.73299198401881,13.381835355022513],[74.73338217173479,13.37951467504354],[74.73329506329938,13.379508712893243],[74.73033844633333,13.37929415183531],[74.73025891062193,13.379288015869124],[74.7301285479432,13.37853527666698],[74.73003632570118,13.378002222440344],[74.72984738667792,13.37681407333594],[74.7298059841052,13.376554873234348],[74.72979849188786,13.376507897398422],[74.72970445771345,13.375915545770823],[74.72976684355172,13.375835607416327],[74.72979257269884,13.375802674587996],[74.7298154051057,13.375773467732929],[74.72928777319228,13.374494342591861],[74.72928390317331,13.374484713760157],[74.72883674442912,13.37305781211761],[74.72964624242675,13.373630495760485],[74.73022613899023,13.374034843636531],[74.73079684654482,13.374463103808068],[74.73152629369008,13.374978259247525],[74.73191393335036,13.37522987895408],[74.73219474270836,13.375412601550828],[74.73258855245417,13.375610395771808],[74.73315335369738,13.375862201727882],[74.73370384921989,13.376124995031864],[74.73434667401527,13.376424250716509],[74.73459089798156,13.37654700128462],[74.73470615622406,13.376619853548245],[74.73485266671105,13.37671570522326],[74.73527063800397,13.377056828564811],[74.73553429730254,13.37728486797556],[74.73587807009372,13.377547441291082],[74.73612030098373,13.377708468270153],[74.7365383455761,13.377984515346476],[74.73697593287231,13.378268239141146],[74.7373002071869,13.378486768427676],[74.73760103796215,13.378691875815218],[74.73763816038434,13.378711053396891],[74.73766944093585,13.378709171575665],[74.73769878078834,13.378693890569963],[74.73771054530393,13.378661365629181],[74.73782233184703,13.378330364591772],[74.73788514116035,13.378096925074416],[74.73788518875244,13.378052904175869],[74.73788328736505,13.378003138450994],[74.73784620756754,13.37794376673089],[74.73773698398527,13.377713977413116],[74.73755167191199,13.377342474916697],[74.73735268842812,13.376959474283202],[74.73725905369535,13.376775635258467],[74.73714587840736,13.376584120626788],[74.73707364965848,13.376490260851362],[74.73695847056642,13.376344679273542],[74.73691359316062,13.376266160236495],[74.7368745958417,13.376174249234099],[74.73684147145406,13.376074688163897],[74.73679675202378,13.37585070743624],[74.73676955462611,13.375693732591161],[74.73674426579237,13.375578868220494],[74.73670525409734,13.37550035434541],[74.73668772894264,13.375437175173786],[74.73666636205142,13.37531083107076],[74.73663934355139,13.374989254573727],[74.73663171505285,13.374813162812305],[74.73662235058555,13.374436099917789],[74.73661865228809,13.374240871357106],[74.73661285633507,13.374177704386673],[74.73658361883385,13.37409920066444],[74.73652895438937,13.374034069440148],[74.73644304654606,13.373936366698995],[74.73638839997656,13.373854008849074],[74.73637283756699,13.373783176427695],[74.73639051531688,13.373706635833802],[74.73642776376552,13.3736090622825],[74.73651612683324,13.373245499220756],[74.7366769145469,13.372793969574719],[74.73674948482909,13.372572024198272],[74.73686130085412,13.372212313909897],[74.73693193640408,13.371971225565801],[74.73697701643788,13.371862177149152],[74.73708475969738,13.37165175201875],[74.73722187585892,13.371395422102275],[74.73733550274376,13.371167777245006],[74.73748045038553,13.370899972392161],[74.73760780224882,13.370634061661882],[74.73764501360358,13.370569025014953],[74.73767242309502,13.370530774362457],[74.73769981302887,13.370509749402741],[74.7379657195756,13.370462175369621],[74.73814951101156,13.370427914181166],[74.73825315834148,13.37038974143485],[74.73834117679655,13.370341983848538],[74.73838813784745,13.370299924790684],[74.73843707670724,13.370236814414614],[74.73848601966952,13.370169874588223],[74.73852515077101,13.370137378762077],[74.73858577514886,13.370114473770766],[74.73865810573403,13.370112634208104],[74.73899626903686,13.370132123197877],[74.73911111029953,13.370136028562476],[74.7391780793924,13.370120787049771],[74.73928371241452,13.370053906390531],[74.73934482587158,13.370029566695042],[74.7394797291439,13.370011043961318],[74.73955600703304,13.369973800083384],[74.7396674700355,13.369938027404386],[74.73974809954818,13.369943852242992],[74.73983308414155,13.36999131080786],[74.73991806784498,13.370038769343685],[74.74000161516223,13.370058951867291],[74.74008371283765,13.370063342179346],[74.74019514659909,13.370054843746294],[74.74027433971504,13.370033393338703],[74.74033743831247,13.369981780929894],[74.74039759944114,13.36993590558967],[74.74046798569402,13.369923059850292],[74.74054715571681,13.369923141030892],[74.74062873820661,13.369952413439522],[74.74074352559147,13.370007556614242],[74.74083392832208,13.370014827048706],[74.74098298065513,13.37001737226313],[74.74137883186792,13.370017777116644],[74.74151810187048,13.370027488950562],[74.74156448558652,13.370068208015184],[74.74167924522271,13.370149668569518],[74.74180136305111,13.370204820560431],[74.74189173025822,13.370245584438692],[74.74199919213399,13.370295936162432],[74.74212863513517,13.370355879785345],[74.74236555801676,13.370449427550781],[74.7424388342057,13.370478211678915],[74.74248038921823,13.370463899201832],[74.7425391074547,13.370394576813814],[74.7425587194294,13.370334785983612],[74.7426051820744,13.370301337580514],[74.74271021821164,13.370334940060909],[74.74285679160035,13.370370976417293],[74.74326712989107,13.370536472442357],[74.7434723531819,13.370567782716254],[74.74358230474104,13.37057507108568],[74.74400241012052,13.370747754568113],[74.74432605858586,13.370834799056494],[74.74450057582338,13.37104731741088],[74.74456880637494,13.371226819560498],[74.7446176285652,13.371272325760435],[74.74466404167127,13.371286727368327],[74.74483021485909,13.371274932835929],[74.74517242457364,13.37116522475379],[74.74548287228019,13.371053090741192],[74.74559036790373,13.37107233883499],[74.74561981575097,13.371069855563727],[74.74615943111417,13.370991446658195],[74.74624446299244,13.370994402896779],[74.74631188043202,13.37101743812881],[74.74640420436081,13.371057724030988],[74.74650677719319,13.371110939913905],[74.74663133183407,13.371174225654947],[74.7467489996208,13.371241119584944]]]},"properties":{"KGISWardID":3028,"KGISWardCo":"1605010","LGD_WardCo":31756,"KGISWardNo":"10","KGISWardNa":"Gopalapura","KGISTownCo":"1605","SHAPE_STAr":3498718.67688,"SHAPE_STLe":11420.2277366}},
{"type":"Feature","geometry":{"type":"Polygon","coordinates":[[[74.76301653411073,13.382178873314363],[74.76239117922873,13.382303136348067],[74.76208769912095,13.382409910918147],[74.7607467804084,13.382881684911611],[74.76063109937566,13.382920004614522],[74.75894627986378,13.38333783540623],[74.75673196209588,13.38369458463792],[74.75529508670152,13.383693197993512],[74.75500565667957,13.383672432199106],[74.75484534944647,13.381966728871594],[74.75481871061571,13.38172745721363],[74.75477996606115,13.381378119079349],[74.75478006771955,13.381277635799309],[74.7548144241407,13.38113412142895],[74.75492731482076,13.380655737358168],[74.75493962231042,13.380567228057188],[74.75493237412385,13.38048587673678],[74.75489336588646,13.380397317701563],[74.75483967805627,13.380325491811249],[74.75482997402975,13.38025610116775],[74.75484474466796,13.380148454262399],[74.75487673935582,13.379923593278516],[74.75487448669904,13.379734585566323],[74.75487876859825,13.379486850341657],[74.75484086300199,13.379274362993494],[74.75483671028954,13.379031762887758],[74.75480891506066,13.378970009974434],[74.75477961493571,13.378947013932883],[74.75470779787082,13.378922541630004],[74.7546139665838,13.378918143723553],[74.75453477173717,13.378939598575963],[74.754480499283,13.378963948553045],[74.75442185310223,13.378962456588324],[74.75433828636537,13.378958069450523],[74.75423421273402,13.37893356567944],[74.75399331029469,13.378865325571383],[74.75382229421429,13.378829271787232],[74.75368790362153,13.378820169093887],[74.7535626694249,13.378820047095818],[74.75342523068763,13.378804960666331],[74.75330308634081,13.378768954175598],[74.75319316601774,13.378726978929027],[74.75299476584793,13.378586227856678],[74.7529092835645,13.378541285136674],[74.75282070410688,13.378541198581539],[74.75242353734642,13.378618564582272],[74.75228912554594,13.378630396032218],[74.75217918193493,13.378612346447557],[74.75208454411504,13.378561412949425],[74.75064363030295,13.37776450083724],[74.75057643475989,13.377761444268772],[74.75043589027624,13.377797192101125],[74.74990119354923,13.377949184372685],[74.74926570212885,13.378098084381472],[74.74875547480055,13.378217201406173],[74.74855995512937,13.37824691294401],[74.74847748335796,13.378246830941377],[74.74834921515368,13.378225768449687],[74.74822400523576,13.378201720433799],[74.74769883188351,13.378006808706402],[74.74728363339953,13.377800043653115],[74.74701493696263,13.377704076907909],[74.74677675143694,13.377641035671285],[74.7463705772109,13.377568854879271],[74.7457780662659,13.377508448373582],[74.74555819813571,13.377454397151679],[74.74545134437524,13.3774034498128],[74.74536895456816,13.377325612441785],[74.7452409416703,13.377062311665643],[74.74513428619025,13.37682295755391],[74.74503976379562,13.376664361287308],[74.7449177665599,13.376490784815703],[74.74424952773478,13.375832181729065],[74.74385285890253,13.375440014225799],[74.74375219063567,13.375317298623967],[74.7437308757681,13.375254475051273],[74.7437309326556,13.375200644064302],[74.74395413669579,13.374985548606457],[74.74424620962031,13.374691809630901],[74.74460403576991,13.37426152723676],[74.74484263271563,13.373929813443631],[74.74510573655749,13.373529340571837],[74.7452434135884,13.373314157721696],[74.7454515238842,13.372925591226524],[74.74561067942625,13.372617721012169],[74.74569650664733,13.37232772068298],[74.74576074988144,13.372232087079439],[74.7460603075661,13.372020055752845],[74.74624983837533,13.371870717561695],[74.74649757531256,13.371556954019189],[74.7467489996208,13.371241119584944],[74.74681871218006,13.371153547019363],[74.7469563573218,13.370965277749782],[74.74711855662048,13.370663391061342],[74.74720121902456,13.370478057910189],[74.74731762908407,13.370149209786327],[74.74738202057077,13.369910027238436],[74.74742504144734,13.369661850588393],[74.74745607113205,13.369195351831035],[74.74746855856331,13.368981198281814],[74.74791445515055,13.369028988708076],[74.74805189945909,13.369032116792997],[74.74817410857433,13.368999341348212],[74.74844305109804,13.368850080421707],[74.74854694993903,13.368802334115932],[74.74872720905073,13.368754663591286],[74.74913656043262,13.368695257956443],[74.74941761565078,13.368644697415746],[74.74964065955562,13.368573143360072],[74.75020899925153,13.368358382349658],[74.7511286505602,13.368084154903867],[74.75201469856931,13.36781587178568],[74.75218577168866,13.367789123788343],[74.75268368400694,13.367741762136847],[74.75350533345319,13.36772162873963],[74.75436667565585,13.367716484586056],[74.75468126410225,13.367728752766185],[74.75518513718053,13.3678279301181],[74.75555156683032,13.367923983448993],[74.75585993006045,13.368052876441604],[74.75639113196323,13.36831356841903],[74.75707797707213,13.368705995316404],[74.75763049970566,13.369029509067227],[74.75817996970078,13.369353017806189],[74.75874167554223,13.36965859332472],[74.75910186754935,13.36988921162319],[74.75951078782427,13.370263423582509],[74.75998072083485,13.370715448231897],[74.76033786939473,13.3709370909593],[74.76042637708743,13.37100894869686],[74.76077427463885,13.371320298788687],[74.76086280231532,13.371371222370215],[74.76097578370765,13.37140422531367],[74.76106994239481,13.371410983902333],[74.76100000556535,13.372819441884117],[74.76099908703165,13.373752503745106],[74.7610811873293,13.374747847406562],[74.76116845846039,13.375456101141658],[74.76132399095486,13.376327106139861],[74.76151868293124,13.377135943578804],[74.76192785856644,13.378509606219952],[74.76222987280678,13.379524296152105],[74.7625708410684,13.380687356156193],[74.76284848907531,13.381635033728617],[74.76301653411073,13.382178873314363]]]},"properties":{"KGISWardID":3029,"KGISWardCo":"1605011","LGD_WardCo":31757,"KGISWardNo":"11","KGISWardNa":"Kakunje","KGISTownCo":"1605","SHAPE_STAr":2214806.07151,"SHAPE_STLe":6459.6743771}},
{"type":"Feature","geometry":{"type":"Polygon","coordinates":[[[74.77112486134133,13.36619729945055],[74.77063415162357,13.366484674680919],[74.77017647376806,13.366754129778963],[74.76966206614985,13.367065640120268],[74.76911829060347,13.367423058857565],[74.76886402598566,13.36757020331552],[74.76870757017106,13.36764470533674],[74.76829299635828,13.367807014146939],[74.7680661728014,13.367875709417508],[74.76773569537603,13.367995986647323],[74.76740913977373,13.368102869837525],[74.7672761573668,13.368160166775098],[74.76702383772323,13.368314966422748],[74.76673041988091,13.368519491825008],[74.76647806636176,13.368708742386568],[74.76612009454357,13.36895914282559],[74.76575625293061,13.369213365856412],[74.76546283942335,13.369410233554676],[74.76511858569845,13.369622365197484],[74.76468048896027,13.369845893851595],[74.76424827542118,13.370048372916596],[74.76406200832078,13.370121169580598],[74.76395199392036,13.370177888443822],[74.76390000492059,13.37024363235352],[74.76386326422724,13.370333315732688],[74.76383540246078,13.370716084712882],[74.7638075920864,13.371045022589959],[74.76378918089252,13.371131733645441],[74.76374024870387,13.37119449004976],[74.76367912809366,13.371227329177115],[74.76337968945278,13.371334710710771],[74.76302222777248,13.371430073571032],[74.76269230864445,13.371471634240569],[74.76169352440454,13.3714557421864],[74.76106994239481,13.371410983902333],[74.76097578370765,13.37140422531367],[74.76086280231532,13.371371222370215],[74.76077427463885,13.371320298788687],[74.76042637708743,13.37100894869686],[74.76033786939473,13.3709370909593],[74.75998072083485,13.370715448231897],[74.75951078782427,13.370263423582509],[74.75910186754935,13.36988921162319],[74.75874167554223,13.36965859332472],[74.75817996970078,13.369353017806189],[74.75763049970566,13.369029509067227],[74.75707797707213,13.368705995316404],[74.75639113196323,13.36831356841903],[74.75585993006045,13.368052876441604],[74.75555156683032,13.367923983448993],[74.75518513718053,13.3678279301181],[74.75468126410225,13.367728752766185],[74.75436667565585,13.367716484586056],[74.75350533345319,13.36772162873963],[74.75268368400694,13.367741762136847],[74.75218577168866,13.367789123788343],[74.75201469856931,13.36781587178568],[74.7511286505602,13.368084154903867],[74.75020899925153,13.368358382349658],[74.74964065955562,13.368573143360072],[74.74941761565078,13.368644697415746],[74.74913656043262,13.368695257956443],[74.74872720905073,13.368754663591286],[74.74854694993903,13.368802334115932],[74.74844305109804,13.368850080421707],[74.74817410857433,13.368999341348212],[74.74805189945909,13.369032116792997],[74.74791445515055,13.369028988708076],[74.74746855856331,13.368981198281814],[74.74749338943393,13.368555403902848],[74.74751518709563,13.368154687325664],[74.74754298489982,13.367858646775145],[74.74759817495429,13.367655342331373],[74.74769620778456,13.367374325161055],[74.74787692183561,13.366887039590765],[74.7481119188282,13.366331313661039],[74.74815249178513,13.366235366451091],[74.74838515992548,13.365718227166134],[74.74844338515848,13.36553286829758],[74.74857215697658,13.365060483878228],[74.74868866866622,13.364629955233944],[74.74878975828365,13.36434295903019],[74.74893983876679,13.363939379096363],[74.74915417371443,13.363425211082047],[74.74935930453967,13.362949910562833],[74.74955519437144,13.362549365849254],[74.74961945195099,13.362435787431009],[74.74978766475054,13.362217640721218],[74.74991001592996,13.362044307867288],[74.74994677491286,13.3619396740488],[74.74998055683623,13.361760272134255],[74.74997481223213,13.361407377444984],[74.74991268009583,13.3610691290768],[74.74984668502744,13.360714835679486],[74.75034141722065,13.36077633199505],[74.75075914181137,13.36087722700348],[74.7508471200273,13.360862958794726],[74.75086188740866,13.36075890088692],[74.75093535227148,13.360601069583044],[74.7510270095472,13.36057245014001],[74.75120651432863,13.360658756197862],[74.75175964782322,13.360957161582744],[74.7522175752845,13.361169342994254],[74.75259133146096,13.361259426106937],[74.75295417757431,13.361263369292455],[74.75331342124362,13.361206300366579],[74.7535114163702,13.36113113030357],[74.75367283225441,13.360984150551284],[74.75379756055753,13.360873021548038],[74.75387089985918,13.360837206318495],[74.75402855998115,13.360779940348124],[74.75409457937735,13.360733351170829],[74.75413133304242,13.360632903321584],[74.7541942947091,13.359986997016515],[74.7542631127855,13.359589315344522],[74.75432768602425,13.359161725434392],[74.75435828928174,13.3591019424269],[74.75440716599901,13.359093017970727],[74.7553234089695,13.359132782588476],[74.75578154412626,13.35913920542779],[74.75641079598012,13.359068036565784],[74.75711947672583,13.3589790004083],[74.7578342629175,13.358892958415657],[74.75875067528519,13.358762247232876],[74.75947768908519,13.35866424914247],[74.75964567640668,13.358661417399516],[74.75984416796773,13.358697493145147],[74.76053122784832,13.358850663572284],[74.7611388782383,13.359003757264372],[74.76167632408135,13.35911192504203],[74.7621771079347,13.35923201944321],[74.7629068264219,13.359492884980915],[74.7630289558621,13.35953486738363],[74.76312669031357,13.359537949137296],[74.76355740195001,13.3594785407146],[74.76415001065615,13.359398347428211],[74.76489230986846,13.35928539461962],[74.76507864465235,13.35926164316521],[74.76512144775762,13.359216824445824],[74.76514299538692,13.359043389576968],[74.76523521062533,13.358436384879484],[74.7653045627738,13.358066058128552],[74.7657331102895,13.358380025303592],[74.76631003034704,13.358730457445404],[74.7665694589885,13.358922094392454],[74.7666091014057,13.358987923406575],[74.7666182097074,13.35904475331672],[74.76654772836231,13.359286926021777],[74.76644675008089,13.359481221833134],[74.76645586699185,13.35952907898478],[74.76648331266117,13.359573963621193],[74.76692292245498,13.359789690662888],[74.76756706431811,13.36011625656536],[74.76788757555725,13.36031392978247],[74.76794858707991,13.360391741265202],[74.76807665063613,13.360619143740763],[74.76834481955994,13.361256384429867],[74.7686189809855,13.36201923641146],[74.76872868765982,13.362279517106295],[74.76901811972563,13.363045372899075],[74.76910348403987,13.363209932835106],[74.76925908679868,13.36338651985354],[74.76958248268528,13.363769609710259],[74.7696251637251,13.363853384745974],[74.7696525082851,13.364005930414702],[74.7698441376608,13.364843469326981],[74.76998110674361,13.365346012752054],[74.77003596859323,13.365468676555464],[74.77011832000444,13.36559136621604],[74.77020984883232,13.365699109869817],[74.77059139838843,13.365959637264188],[74.77077150633059,13.36606447156311],[74.77112486134133,13.36619729945055]]]},"properties":{"KGISWardID":3030,"KGISWardCo":"1605012","LGD_WardCo":31758,"KGISWardNo":"12","KGISWardNa":"Karamballi","KGISTownCo":"1605","SHAPE_STAr":2326969.07754,"SHAPE_STLe":7098.06561457}},
{"type":"Feature","geometry":{"type":"Polygon","coordinates":[[[74.78538226418944,13.374637954211885],[74.7847464020219,13.374896006600556],[74.78381069742413,13.375034429031253],[74.7826768499178,13.375451940427402],[74.78170364843956,13.376200670764776],[74.78136798917984,13.377244189433174],[74.78044807598499,13.379123522677371],[74.77932069755877,13.380223569890564],[74.77891089436042,13.38062343619291],[74.77840650700682,13.380844326141506],[74.77750974271753,13.381445795155534],[74.7762630751455,13.382059164172475],[74.77503584689008,13.382382588395027],[74.77431370544934,13.382157636756986],[74.77364437238651,13.381584367064205],[74.77230298078655,13.380742916359301],[74.77146106546168,13.380360023913104],[74.77041195861324,13.380136192429287],[74.76947152173354,13.380162870041639],[74.76765012274812,13.380969095635297],[74.76748963782754,13.38123583582133],[74.76720628459223,13.381357581257443],[74.76616512691619,13.381561677375798],[74.76549431114553,13.382164842971552],[74.76442518588615,13.381901762131784],[74.76340214055465,13.382102249426913],[74.76301653411073,13.382178873314363],[74.76284848907531,13.381635033728617],[74.7625708410684,13.380687356156193],[74.76222987280678,13.379524296152105],[74.76192785856644,13.378509606219952],[74.76151868293124,13.377135943578804],[74.76132399095486,13.376327106139861],[74.76116845846039,13.375456101141658],[74.7610811873293,13.374747847406562],[74.76099908703165,13.373752503745106],[74.76100000556535,13.372819441884117],[74.76106994239481,13.371410983902333],[74.76169352440454,13.3714557421864],[74.76269230864445,13.371471634240569],[74.76302222777248,13.371430073571032],[74.76337968945278,13.371334710710771],[74.76367912809366,13.371227329177115],[74.76374024870387,13.37119449004976],[74.76378918089252,13.371131733645441],[74.7638075920864,13.371045022589959],[74.76383540246078,13.370716084712882],[74.76386326422724,13.370333315732688],[74.76390000492059,13.37024363235352],[74.76395199392036,13.370177888443822],[74.76406200832078,13.370121169580598],[74.76424827542118,13.370048372916596],[74.76468048896027,13.369845893851595],[74.76511858569845,13.369622365197484],[74.76546283942335,13.369410233554676],[74.76575625293061,13.369213365856412],[74.76612009454357,13.36895914282559],[74.76647806636176,13.368708742386568],[74.76673041988091,13.368519491825008],[74.76702383772323,13.368314966422748],[74.7672761573668,13.368160166775098],[74.76740913977373,13.368102869837525],[74.76773569537603,13.367995986647323],[74.7680661728014,13.367875709417508],[74.76829299635828,13.367807014146939],[74.76870757017106,13.36764470533674],[74.76886402598566,13.36757020331552],[74.76911829060347,13.367423058857565],[74.76966206614985,13.367065640120268],[74.77017647376806,13.366754129778963],[74.77063415162357,13.366484674680919],[74.77112486134133,13.36619729945055],[74.77130583093823,13.366265324374327],[74.7718157021683,13.366487088072388],[74.77191342272133,13.366508110192365],[74.77199589064439,13.366508183584836],[74.77213337618866,13.366466440197293],[74.77248477225041,13.366314236401683],[74.77305309104507,13.3660934420893],[74.77339226501894,13.36594421727908],[74.77356950985241,13.365845686275621],[74.77373150271582,13.365726206557504],[74.7740830860421,13.36537064079375],[74.77437353031635,13.365068850324754],[74.77443774928463,13.364985171341393],[74.77447447969467,13.364901466949235],[74.77448989826549,13.364742980124142],[74.77447214167212,13.364129891578457],[74.77448768892756,13.363833838340755],[74.77451834621301,13.363711251636966],[74.77456425523502,13.3636096125643],[74.77470491305519,13.363439274099532],[74.77493114703002,13.363209199791036],[74.77507786535178,13.36308970557141],[74.77531926831404,13.36297029711345],[74.77556681508625,13.36281201516782],[74.7758356892342,13.362710573389329],[74.77626038112818,13.362558429072696],[74.77667586725312,13.36245113435635],[74.77690496744127,13.362424420714923],[74.7772561882261,13.362451646448495],[74.77789139359707,13.362553884443567],[74.7784471787367,13.362665022334985],[74.77876785868175,13.362692218348363],[74.77905792555909,13.362794151624781],[74.77986090955349,13.363129796975791],[74.78008383238868,13.363177840379185],[74.78019073442542,13.363177933211814],[74.78045348187041,13.363094424932251],[74.78121737700374,13.362748177137693],[74.78207907215028,13.36233023711672],[74.7822135371919,13.362246617445866],[74.78229303643332,13.362150986443606],[74.7823480933121,13.36206131505105],[74.78238180136687,13.3619387299386],[74.78242473582728,13.36174437867003],[74.7824462258117,13.361621783045912],[74.78247990335291,13.361532094153231],[74.78256556388942,13.361376655558818],[74.78274902220159,13.361152519810103],[74.78295386914868,13.360919428571233],[74.78314336719357,13.36077305242883],[74.78356515631673,13.360441457557094],[74.78400524628897,13.36013679228778],[74.78412444643533,13.360044185761174],[74.78426199541481,13.359924679183429],[74.78446376993321,13.359709528702329],[74.78469309301126,13.359425616793072],[74.78502940057301,13.359046096991907],[74.78526057469543,13.358772848913262],[74.78527776225265,13.358804802172388],[74.78563379054243,13.359608975572216],[74.78571414722755,13.359923654228108],[74.78576524022344,13.360171318334684],[74.78577602102014,13.360415359397383],[74.7857610215748,13.360799339719625],[74.78573064264691,13.361309208950995],[74.78572381842996,13.361423743328103],[74.78573821934852,13.361718030653227],[74.7857782097595,13.362087701739464],[74.78574842275889,13.362615216768864],[74.78569260880077,13.363562589258432],[74.78563012276281,13.363763504689452],[74.78547199928222,13.364351919097784],[74.78546089828546,13.364470337142384],[74.78544232137918,13.364753829673083],[74.78551501126404,13.365450101128742],[74.78546721719913,13.365615141441904],[74.7853935540698,13.366020602712869],[74.78530494939992,13.36674185896],[74.78519424284072,13.367588700745847],[74.7851130569212,13.368209479442333],[74.78505144973445,13.368795581729836],[74.78499294406537,13.369327857201663],[74.78487612641798,13.370174095748727],[74.78478695367593,13.37084391156058],[74.78478992384969,13.370939613405016],[74.78482340557464,13.371071227761702],[74.7849488075438,13.37133729842341],[74.78498233274466,13.371421063136246],[74.78500363245492,13.37151378932453],[74.78501574929814,13.371627441764232],[74.7850187053913,13.371738096098644],[74.78503390914197,13.371815864594348],[74.78507960339711,13.371953470832812],[74.78513142815414,13.372067156988315],[74.78525346027742,13.372231742704864],[74.78532382523217,13.373100029897365],[74.78538226418944,13.374637954211885]]]},"properties":{"KGISWardID":3031,"KGISWardCo":"1605013","LGD_WardCo":31759,"KGISWardNo":"13","KGISWardNa":"Muduperampalli","KGISTownCo":"1605","SHAPE_STAr":4194324.59032,"SHAPE_STLe":9247.18878125}},
{"type":"Feature","geometry":{"type":"Polygon","coordinates":[[[74.79767854007137,13.352743562742148],[74.79754691764334,13.35309335757415],[74.79738780664762,13.353443130341509],[74.79726721818957,13.353746280376095],[74.7971691952438,13.354090718903302],[74.79701974367823,13.354576271914674],[74.79687758996532,13.35509915323429],[74.79687756915628,13.355124035233208],[74.79689319940077,13.355133618258321],[74.79727627378936,13.355191344444428],[74.797301675673,13.355202848639351],[74.79731337195636,13.355241137257385],[74.79730159420886,13.355300460549925],[74.79725842741338,13.355495652667484],[74.79719561018992,13.355815237307906],[74.79713076422948,13.356222863581682],[74.79709344367524,13.356439113789866],[74.79707965001644,13.356571167210223],[74.79708546458814,13.356630504577609],[74.79709521799465,13.356655395307893],[74.79714016976709,13.35666308842934],[74.79752517612067,13.356751437951047],[74.79759357429003,13.356772546975407],[74.79763265238006,13.356791718279064],[74.79765999260265,13.356822363163275],[74.79766581756022,13.356868303284452],[74.79766355659916,13.357237700400631],[74.797675012236,13.3575650006519],[74.79763562685008,13.357913313731613],[74.79754721893292,13.358447243740985],[74.7975313021014,13.358782177391028],[74.79753708742885,13.358877880590846],[74.7976445640502,13.359210282414343],[74.79766587167566,13.359297026128571],[74.79763827408266,13.359428591083223],[74.79757709609099,13.35953919419967],[74.79749754472843,13.359706603322529],[74.79745774156187,13.359823205053111],[74.7974332227612,13.359924865564405],[74.79745452288425,13.360020582071407],[74.79750942498721,13.360110343890744],[74.79758875707195,13.360206105877724],[74.7976436567735,13.360298857991774],[74.79768330791165,13.360364683170951],[74.79769546760572,13.360433476708572],[74.79768319327168,13.360502250725201],[74.79754551329013,13.360786246951879],[74.79752407339326,13.360858003955668],[74.79753319400079,13.360908851305695],[74.79755452417062,13.360968680297926],[74.79755752084104,13.361037467417276],[74.79755747345857,13.361094288087417],[74.79750846964589,13.361255740955299],[74.797505308348,13.361384334181254],[74.79738896532514,13.361719187409788],[74.79728489808397,13.361982276261815],[74.79718387343677,13.362262114948951],[74.79709810895065,13.362551536303295],[74.79704663283282,13.362747678281735],[74.79702695283333,13.362905565597561],[74.79699009039483,13.363156745955118],[74.79697764111332,13.363434262909028],[74.79692358696613,13.363790697574764],[74.79688680635934,13.363943787712367],[74.7967913002913,13.364194920960335],[74.79665170417276,13.364575212172713],[74.79658065613617,13.364797655319098],[74.79649739164627,13.365020088619683],[74.79647284989619,13.36514687058464],[74.79640172015232,13.365467404740984],[74.79635998433524,13.36570183357855],[74.79635008931122,13.365845374748913],[74.79632050038947,13.366163549655786],[74.79630552615893,13.366536763881575],[74.79629298456061,13.366921942253034],[74.79627331064252,13.367072651589387],[74.79625373513174,13.367106131620975],[74.7962170600609,13.367132419117752],[74.79615106899897,13.367151506042449],[74.79611197329146,13.367151474553264],[74.7957919302761,13.367084226785265],[74.79556716221343,13.367043374411276],[74.79548897596378,13.36703613158027],[74.79542788226539,13.36704326097758],[74.79539854009572,13.367067161660474],[74.79535693820094,13.367141294751471],[74.79526633675087,13.367368506889223],[74.7951977181371,13.367605306354946],[74.79514130759505,13.367854077875926],[74.79509233610761,13.367973662029002],[74.79498704876231,13.36822957179167],[74.79490136421823,13.36842090025357],[74.7947569006675,13.36877008402033],[74.79460518245824,13.369030741180643],[74.79441190410287,13.369312896255622],[74.79417453112697,13.369726601280503],[74.79416472282077,13.369767265132133],[74.7941842359166,13.369807952831456],[74.79421352577465,13.369846256763724],[74.79421837144545,13.369896502108919],[74.79418407759898,13.36999456621795],[74.79415714818086,13.370054356199342],[74.79411802561543,13.370085426625945],[74.79404714825404,13.370102114580574],[74.79399581629295,13.370123606379503],[74.79398358161728,13.37014273557122],[74.7939786495492,13.370195365579061],[74.79398101694932,13.370286283448943],[74.79396625822467,13.370401109053457],[74.79390741737728,13.370630739089027],[74.79383871199822,13.370968021727647],[74.79375050964622,13.371244280258246],[74.79348974625424,13.371861326383721],[74.79321423544847,13.372578842923188],[74.79318477416304,13.372740310708059],[74.79312606758147,13.372812037679527],[74.79301971655146,13.37287654690277],[74.79290236539993,13.372948224934573],[74.79283630915307,13.37304147758505],[74.79275164165306,13.37346846455949],[74.79264123590633,13.373988737112864],[74.7925050455544,13.374656124563334],[74.79233744033706,13.37531612288318],[74.79217307037443,13.375220675588146],[74.79201983595163,13.375131616755127],[74.78981816991144,13.37425899516177],[74.78823823218475,13.373882202006543],[74.78614749218575,13.374327397307013],[74.78538226418944,13.374637954211885],[74.78532382523217,13.373100029897365],[74.78525346027742,13.372231742704864],[74.78513142815414,13.372067156988315],[74.78507960339711,13.371953470832812],[74.78503390914197,13.371815864594348],[74.7850187053913,13.371738096098644],[74.78501574929814,13.371627441764232],[74.78500363245492,13.37151378932453],[74.78498233274466,13.371421063136246],[74.7849488075438,13.37133729842341],[74.78482340557464,13.371071227761702],[74.78478992384969,13.370939613405016],[74.78478695367593,13.37084391156058],[74.78487612641798,13.370174095748727],[74.78499294406537,13.369327857201663],[74.78505144973445,13.368795581729836],[74.7851130569212,13.368209479442333],[74.78519424284072,13.367588700745847],[74.78530494939992,13.36674185896],[74.7853935540698,13.366020602712869],[74.78546721719913,13.365615141441904],[74.78551501126404,13.365450101128742],[74.78544232137918,13.364753829673083],[74.78546089828546,13.364470337142384],[74.78547199928222,13.364351919097784],[74.78563012276281,13.363763504689452],[74.78569260880077,13.363562589258432],[74.78574842275889,13.362615216768864],[74.7857782097595,13.362087701739464],[74.78573821934852,13.361718030653227],[74.78572381842996,13.361423743328103],[74.78573064264691,13.361309208950995],[74.78653587692524,13.361020350300223],[74.78657561097657,13.360987488422628],[74.78657565304317,13.360939637852217],[74.78644772534078,13.360538790438941],[74.78645695146065,13.360467024116835],[74.78650278742964,13.360443138365254],[74.78681135169798,13.360350690143436],[74.78734597979064,13.360207591448424],[74.78745597031914,13.360165814729694],[74.78749570764899,13.360129960571916],[74.78752631601755,13.36005522182167],[74.78752636836157,13.359995409956868],[74.78752646781419,13.359881767774699],[74.78757865022106,13.359585144620784],[74.78807796986766,13.3585998626655],[74.78841077091442,13.35803073227678],[74.78843532743257,13.357891988879187],[74.78841586233484,13.357796273182068],[74.78832802903415,13.357647866297588],[74.7883329953954,13.357556957157088],[74.78854883470039,13.357177371595302],[74.78875682557002,13.356830635786059],[74.78889628469555,13.356617822273474],[74.78891099288886,13.35656280694088],[74.78890123741661,13.356541267022562],[74.78886705456604,13.356512528878604],[74.78881332936092,13.356478989193919],[74.78877671015003,13.356443071140983],[74.78877917774165,13.356414364448817],[74.78901892442671,13.356077224450855],[74.78905808067373,13.356005482922573],[74.78910707338626,13.355861975437485],[74.789217314849,13.355529512618478],[74.78932508156933,13.355230542582573],[74.78936176892643,13.355189901226195],[74.78945465291352,13.355149306576912],[74.78969663077392,13.35505380811072],[74.78978953329074,13.354991680655772],[74.78989469181296,13.354884107123814],[74.79003662036705,13.35463779916007],[74.79020980282282,13.354276080643215],[74.79043619167923,13.353839642429095],[74.79057993142891,13.353618455447874],[74.79063190615747,13.353555696128705],[74.79066856645358,13.353543764212493],[74.79072354024112,13.353546799954438],[74.79088535856498,13.35360973674996],[74.79093115934506,13.353624727084874],[74.7909922436003,13.35362477658063],[74.79104112405072,13.353609865269394],[74.7910808803489,13.353550086104962],[74.79110230346069,13.353499263701407],[74.79124303699761,13.35321945911032],[74.79133866793359,13.352965213652395],[74.79200247644576,13.352935658176861],[74.79215271244244,13.352971669003898],[74.79225161202913,13.353036346416816],[74.79272757528251,13.353614520337196],[74.7928996058089,13.353880225891118],[74.79310836413285,13.354056243390485],[74.79343799445718,13.354322077235452],[74.79357356215365,13.354368841169313],[74.79405360936403,13.354458949804028],[74.79411225031436,13.354458996564142],[74.7941562523157,13.354433911587927],[74.79420395000393,13.354372942069503],[74.79426287362445,13.354039239810975],[74.79435576524216,13.353267143576584],[74.79442036743072,13.35271991643017],[74.79444182933804,13.352621244007175],[74.79445713530525,13.352579388228063],[74.79448464362454,13.352555486116893],[74.79460985796173,13.352564558631736],[74.79542829006019,13.35267587281106],[74.79585887190711,13.352747995189077],[74.79590468540862,13.352748032097383],[74.7959413553839,13.35272413630227],[74.79598426062786,13.352550715591503],[74.79606391010682,13.352263682962809],[74.79616797341777,13.35200059436959],[74.79642501756702,13.351414644355325],[74.7965107222689,13.351190417817618],[74.7966514701921,13.350885490240227],[74.79668510092465,13.350843649018682],[74.79672788176299,13.350816767676244],[74.7967981004487,13.350849720313795],[74.79725472504599,13.351186229854246],[74.79731821827515,13.351226953448041],[74.79736707342974,13.35124134555236],[74.79739395601237,13.35123419008043],[74.79743309304475,13.351181587258337],[74.79747222407735,13.351136161392885],[74.79750887862733,13.351131405438426],[74.79771402755244,13.351241623669585],[74.79799484377124,13.351445208078891],[74.79811938316594,13.351531436373355],[74.79821706098183,13.351598504033616],[74.79823902571665,13.35162962382843],[74.79824388794897,13.351658337380204],[74.79821941108727,13.351710952001746],[74.79801876569996,13.352060094445138],[74.79790865330796,13.352253797427622],[74.79778137430708,13.35252404519417],[74.79767854007137,13.352743562742148]]]},"properties":{"KGISWardID":3032,"KGISWardCo":"1605014","LGD_WardCo":31760,"KGISWardNo":"14","KGISWardNa":"Saralebettu","KGISTownCo":"1605","SHAPE_STAr":2436727.72693,"SHAPE_STLe":7678.10701986}},
{"type":"Feature","geometry":{"type":"Polygon","coordinates":[[[74.797505308348,13.361384334181254],[74.79774923226765,13.361156047272903],[74.79800240127923,13.360829676310138],[74.79819244309476,13.360604934897966],[74.79831232462296,13.36042081023776],[74.7983930398479,13.360322782416208],[74.79845906264056,13.360263023025592],[74.7985739673072,13.36018655504949],[74.79871088307307,13.360086180099717],[74.79889231139386,13.359934641377782],[74.79904097355806,13.35981226543295],[74.79919157637612,13.359707114926128],[74.79940866175716,13.359575223418517],[74.79968638544993,13.359395528139258],[74.79979394754618,13.35933245193115],[74.79990540075099,13.359292345578925],[74.80001098024628,13.359263720213557],[74.80013415235551,13.359235107784118],[74.80045966858923,13.35917268245106],[74.80068693669307,13.35913697297409],[74.80085113340593,13.359138537175564],[74.80099333744097,13.359142955860838],[74.80121761810393,13.359174712634733],[74.80138178666786,13.359210728976425],[74.80148878083908,13.359245263563134],[74.80158110654259,13.359288401321844],[74.80179456080917,13.35941345597902],[74.80215209184061,13.359643412895114],[74.80246078114574,13.359840793894765],[74.80290819315836,13.360118669596769],[74.80310503227638,13.360243710227767],[74.80326134587766,13.360326133067058],[74.80371270604269,13.360558074958336],[74.8041757770547,13.360812993747869],[74.8042168135476,13.360828337000745],[74.8042480877056,13.360832188833065],[74.8042813197047,13.360830301145214],[74.80430283554165,13.360813091972556],[74.80433613633588,13.3607269877941],[74.80442036667029,13.360508859374129],[74.80452812469612,13.360202704886987],[74.80461235990825,13.359976920179541],[74.80469266361337,13.359779842077957],[74.80477885203015,13.359555973089627],[74.8048376336363,13.35938375855016],[74.80489245800017,13.359268963004626],[74.80495903626009,13.359123551640186],[74.80504320091595,13.358985810008617],[74.80512931898278,13.358849983224879],[74.80527413176877,13.358647212603524],[74.80541698559423,13.358450182323168],[74.80556571410574,13.358239758315621],[74.80564594597757,13.358130723123718],[74.80567723328333,13.358115435604287],[74.80573588067479,13.35810973865895],[74.80616594736401,13.358077529922646],[74.80670356791856,13.35799181176333],[74.80697528002155,13.357986277048557],[74.80743459838143,13.358042131764597],[74.80752646425658,13.358049857809892],[74.80757729995516,13.358034584908825],[74.80762423618917,13.35800591088336],[74.80766726688796,13.357971491947154],[74.80779249344013,13.357816553829567],[74.80789220268663,13.357793661732028],[74.80821865326355,13.357780510975772],[74.80869558126805,13.35781340989619],[74.80908511081032,13.357751259573877],[74.80919820792789,13.357637702376154],[74.80927763313758,13.357619818417728],[74.80985179739122,13.357668099890251],[74.80994091280225,13.357627767051225],[74.81013900119818,13.35753672913512],[74.81024284604077,13.357536806955737],[74.81087503001082,13.357600082117242],[74.81147060222577,13.357612488347037],[74.81227387586466,13.357610094656964],[74.81257929331477,13.357622283059609],[74.81265871367046,13.35761037959604],[74.81271068224596,13.357550606026765],[74.81274741221563,13.357448952959324],[74.81279938534557,13.357383197811677],[74.8129032462674,13.357362340441528],[74.81314148077654,13.357359525978529],[74.8131964870625,13.357320688658731],[74.81324535546038,13.35732072469523],[74.81330643245404,13.357332731941609],[74.81363310222027,13.357509418203206],[74.8137765838172,13.357599241745667],[74.81383153824851,13.35762918814736],[74.81387737013374,13.357605297390013],[74.8139355091827,13.357464781981138],[74.81402420590793,13.357303353978665],[74.81413731197902,13.357174841996372],[74.81420760585021,13.357115081558494],[74.81426564623449,13.357103160999909],[74.81430838283272,13.35713309833922],[74.81437859207028,13.357183990823161],[74.8144580007774,13.357187039333935],[74.81456493601944,13.357139267855342],[74.81465660494206,13.357085505406092],[74.81472384696129,13.357022750451685],[74.81478807145612,13.356912145290224],[74.81483698673759,13.356849378711072],[74.8148889272623,13.356825492231605],[74.81496527412094,13.356837510236812],[74.81503854195167,13.356882422306722],[74.81513011733307,13.356951273066016],[74.81519423466031,13.356981225861334],[74.8152461524271,13.356987245298829],[74.8153721154507,13.356818667013085],[74.81541980834699,13.356757693444672],[74.81548946227467,13.356736212373502],[74.81561772686477,13.356754249558714],[74.81634679274252,13.357138772074846],[74.81698071907662,13.357322255007478],[74.81705768656641,13.357322310610584],[74.81710167326284,13.357315165405232],[74.81714569238446,13.357264954767258],[74.81727788465156,13.35693488774898],[74.81734215835375,13.356757292967416],[74.8174185547873,13.3567035175897],[74.81751020719679,13.356670686392864],[74.81770263888028,13.356652882074341],[74.81802641930423,13.356614236983926],[74.81831963154866,13.356608465897109],[74.81855174172681,13.356626576060924],[74.81930904988214,13.356824497286201],[74.8194067855885,13.356824566987902],[74.8194953615754,13.356821638890326],[74.81958089376475,13.356803756039078],[74.81962673345222,13.356770892342075],[74.81966648682467,13.356705127959543],[74.81975521277684,13.356498839341995],[74.81979188638714,13.356468959420983],[74.81984074797603,13.356477966072914],[74.82050940790441,13.356777500922384],[74.82087586957806,13.356965989284806],[74.82096168454518,13.35709810102276],[74.82140704613408,13.35791372484381],[74.82145506521786,13.357946198400104],[74.82362963178089,13.359707739752626],[74.82415131326282,13.360248264461124],[74.82456492840826,13.362130627102154],[74.82472791221846,13.36243523997845],[74.82528196951961,13.362517382697483],[74.82527459659866,13.36279908347028],[74.82506068213046,13.362837722330742],[74.8251107108339,13.362945211627972],[74.82490947319059,13.36308128941732],[74.82533947455849,13.363644546893244],[74.82539740643774,13.363846543040758],[74.82542706964203,13.363946936199333],[74.8254271128015,13.363947278032674],[74.82542469819592,13.36394801513364],[74.82435140238768,13.36427231529222],[74.8242678326515,13.364491122793524],[74.8243438775401,13.364606655435553],[74.8242059024056,13.364836557278766],[74.82444101503792,13.365032080147818],[74.82446604761905,13.365217779113385],[74.82460254305859,13.365207929771667],[74.82476392627424,13.365731725240142],[74.82437480001663,13.365933531978037],[74.82454191643754,13.366522497548962],[74.82455020899427,13.366603965560223],[74.82452107045968,13.366820221975605],[74.82451766532803,13.366848430158196],[74.82451351495871,13.366882953050412],[74.82450879970052,13.366922152290625],[74.82449525281034,13.367035301554377],[74.82449070641896,13.367073407682195],[74.82448453588542,13.367125077218146],[74.82447941333426,13.367168115586145],[74.8245401251105,13.3673152145579],[74.82303016202464,13.367748216639493],[74.82182282959793,13.368194481924295],[74.82148384802193,13.368317984028655],[74.81996626858181,13.368455396413434],[74.81989198232954,13.36848511300602],[74.81973618825933,13.368547559340316],[74.81802495593683,13.369246417572787],[74.81690635497462,13.37036278486408],[74.81645922499646,13.371235538587447],[74.81658396154968,13.371487438551423],[74.81660581626512,13.371531518073319],[74.81683083603777,13.37198337041285],[74.81688137434756,13.372818998299966],[74.81740085245656,13.374508154570728],[74.81754563854732,13.37626842496549],[74.81743762185624,13.376564457942258],[74.8169084930007,13.377428852691391],[74.81565874232685,13.37856058076631],[74.81451665240344,13.379310957310775],[74.81352931756398,13.379313434073389],[74.80914079521523,13.379546257417255],[74.80805382673685,13.3800412812956],[74.80726418821696,13.380562169659957],[74.80701145657143,13.380785396594058],[74.80645769986575,13.381274306579737],[74.8054058650504,13.382310279327296],[74.80487898311003,13.382777994730354],[74.80381093937154,13.383662792586383],[74.80245493620852,13.384328455323574],[74.80241922766523,13.38430986156789],[74.80111485825718,13.383630661716545],[74.80043033057068,13.382142809728334],[74.80028162480134,13.380433602068077],[74.79978973355219,13.378933224570243],[74.79788148122965,13.37707283886592],[74.79781914334156,13.37701404780244],[74.7966654843847,13.376914002955198],[74.79548008046207,13.376790202648653],[74.79541948623698,13.376783676576984],[74.79480434059828,13.376624860359396],[74.79339805457327,13.376245720773058],[74.79304969484514,13.376114862865785],[74.7925144679941,13.375418919265764],[74.79233744033706,13.37531612288318],[74.7925050455544,13.374656124563334],[74.79264123590633,13.373988737112864],[74.79275164165306,13.37346846455949],[74.79283630915307,13.37304147758505],[74.79290236539993,13.372948224934573],[74.79301971655146,13.37287654690277],[74.79312606758147,13.372812037679527],[74.79318477416304,13.372740310708059],[74.79321423544847,13.372578842923188],[74.79348974625424,13.371861326383721],[74.79375050964622,13.371244280258246],[74.79383871199822,13.370968021727647],[74.79390741737728,13.370630739089027],[74.79396625822467,13.370401109053457],[74.79398101694932,13.370286283448943],[74.7939786495492,13.370195365579061],[74.79398358161728,13.37014273557122],[74.79399581629295,13.370123606379503],[74.79404714825404,13.370102114580574],[74.79411802561543,13.370085426625945],[74.79415714818086,13.370054356199342],[74.79418407759898,13.36999456621795],[74.79421837144545,13.369896502108919],[74.79421352577465,13.369846256763724],[74.7941842359166,13.369807952831456],[74.79416472282077,13.369767265132133],[74.79417453112697,13.369726601280503],[74.79441190410287,13.369312896255622],[74.79460518245824,13.369030741180643],[74.7947569006675,13.36877008402033],[74.79490136421823,13.36842090025357],[74.79498704876231,13.36822957179167],[74.79509233610761,13.367973662029002],[74.79514130759505,13.367854077875926],[74.7951977181371,13.367605306354946],[74.79526633675087,13.367368506889223],[74.79535693820094,13.367141294751471],[74.79539854009572,13.367067161660474],[74.79542788226539,13.36704326097758],[74.79548897596378,13.36703613158027],[74.79556716221343,13.367043374411276],[74.7957919302761,13.367084226785265],[74.79611197329146,13.367151474553264],[74.79615106899897,13.367151506042449],[74.7962170600609,13.367132419117752],[74.79625373513174,13.367106131620975],[74.79627331064252,13.367072651589387],[74.79629298456061,13.366921942253034],[74.79630552615893,13.366536763881575],[74.79632050038947,13.366163549655786],[74.79635008931122,13.365845374748913],[74.79635998433524,13.36570183357855],[74.79640172015232,13.365467404740984],[74.79647284989619,13.36514687058464],[74.79649739164627,13.365020088619683],[74.79658065613617,13.364797655319098],[74.79665170417276,13.364575212172713],[74.7967913002913,13.364194920960335],[74.79688680635934,13.363943787712367],[74.79692358696613,13.363790697574764],[74.79697764111332,13.363434262909028],[74.79699009039483,13.363156745955118],[74.79702695283333,13.362905565597561],[74.79704663283282,13.362747678281735],[74.79709810895065,13.362551536303295],[74.79718387343677,13.362262114948951],[74.79728489808397,13.361982276261815],[74.79738896532514,13.361719187409788],[74.797505308348,13.361384334181254]]]},"properties":{"KGISWardID":3033,"KGISWardCo":"1605015","LGD_WardCo":31761,"KGISWardNo":"15","KGISWardNa":"Settibettu","KGISTownCo":"1605","SHAPE_STAr":6593197.06962,"SHAPE_STLe":11598.9979544}},
{"type":"Feature","geometry":{"type":"Polygon","coordinates":[[[74.82087586957806,13.356965989284806],[74.82050940790441,13.356777500922384],[74.81984074797603,13.356477966072914],[74.81979188638714,13.356468959420983],[74.81975521277684,13.356498839341995],[74.81966648682467,13.356705127959543],[74.81962673345222,13.356770892342075],[74.81958089376475,13.356803756039078],[74.8194953615754,13.356821638890326],[74.8194067855885,13.356824566987902],[74.81930904988214,13.356824497286201],[74.81855174172681,13.356626576060924],[74.81831963154866,13.356608465897109],[74.81802641930423,13.356614236983926],[74.81770263888028,13.356652882074341],[74.81751020719679,13.356670686392864],[74.8174185547873,13.3567035175897],[74.81734215835375,13.356757292967416],[74.81727788465156,13.35693488774898],[74.81714569238446,13.357264954767258],[74.81710167326284,13.357315165405232],[74.81705768656641,13.357322310610584],[74.81698071907662,13.357322255007478],[74.81634679274252,13.357138772074846],[74.81561772686477,13.356754249558714],[74.81548946227467,13.356736212373502],[74.81541980834699,13.356757693444672],[74.8153721154507,13.356818667013085],[74.8152461524271,13.356987245298829],[74.81519423466031,13.356981225861334],[74.81513011733307,13.356951273066016],[74.81503854195167,13.356882422306722],[74.81496527412094,13.356837510236812],[74.8148889272623,13.356825492231605],[74.81483698673759,13.356849378711072],[74.81478807145612,13.356912145290224],[74.81472384696129,13.357022750451685],[74.81465660494206,13.357085505406092],[74.81456493601944,13.357139267855342],[74.8144580007774,13.357187039333935],[74.81437859207028,13.357183990823161],[74.81430838283272,13.35713309833922],[74.81426564623449,13.357103160999909],[74.81420760585021,13.357115081558494],[74.81413731197902,13.357174841996372],[74.81402420590793,13.357303353978665],[74.8139355091827,13.357464781981138],[74.81387737013374,13.357605297390013],[74.81383153824851,13.35762918814736],[74.8137765838172,13.357599241745667],[74.81363310222027,13.357509418203206],[74.81330643245404,13.357332731941609],[74.81324535546038,13.35732072469523],[74.8131964870625,13.357320688658731],[74.81314148077654,13.357359525978529],[74.8129032462674,13.357362340441528],[74.81279938534557,13.357383197811677],[74.81274741221563,13.357448952959324],[74.81271068224596,13.357550606026765],[74.81265871367046,13.35761037959604],[74.81257929331477,13.357622283059609],[74.81227387586466,13.357610094656964],[74.81147060222577,13.357612488347037],[74.81087503001082,13.357600082117242],[74.81024284604077,13.357536806955737],[74.81013900119818,13.35753672913512],[74.80994091280225,13.357627767051225],[74.80985179739122,13.357668099890251],[74.80927763313758,13.357619818417728],[74.80919820792789,13.357637702376154],[74.80908511081032,13.357751259573877],[74.80869558126805,13.35781340989619],[74.80821865326355,13.357780510975772],[74.80789220268663,13.357793661732028],[74.80779249344013,13.357816553829567],[74.80766726688796,13.357971491947154],[74.80762423618917,13.35800591088336],[74.80757729995516,13.358034584908825],[74.80752646425658,13.358049857809892],[74.80743459838143,13.358042131764597],[74.80697528002155,13.357986277048557],[74.80670356791856,13.35799181176333],[74.80616594736401,13.358077529922646],[74.80573588067479,13.35810973865895],[74.80567723328333,13.358115435604287],[74.80564594597757,13.358130723123718],[74.80556571410574,13.358239758315621],[74.80541698559423,13.358450182323168],[74.80527413176877,13.358647212603524],[74.80512931898278,13.358849983224879],[74.80504320091595,13.358985810008617],[74.80495903626009,13.359123551640186],[74.80489245800017,13.359268963004626],[74.8048376336363,13.35938375855016],[74.80477885203015,13.359555973089627],[74.80469266361337,13.359779842077957],[74.80461235990825,13.359976920179541],[74.80452812469612,13.360202704886987],[74.80442036667029,13.360508859374129],[74.80433613633588,13.3607269877941],[74.80430283554165,13.360813091972556],[74.8042813197047,13.360830301145214],[74.8042480877056,13.360832188833065],[74.8042168135476,13.360828337000745],[74.8041757770547,13.360812993747869],[74.80371270604269,13.360558074958336],[74.80326134587766,13.360326133067058],[74.80310503227638,13.360243710227767],[74.80290819315836,13.360118669596769],[74.80246078114574,13.359840793894765],[74.80215209184061,13.359643412895114],[74.80179456080917,13.35941345597902],[74.80158110654259,13.359288401321844],[74.80148878083908,13.359245263563134],[74.80138178666786,13.359210728976425],[74.80121761810393,13.359174712634733],[74.80099333744097,13.359142955860838],[74.80085113340593,13.359138537175564],[74.80068693669307,13.35913697297409],[74.80045966858923,13.35917268245106],[74.80013415235551,13.359235107784118],[74.80001098024628,13.359263720213557],[74.79990540075099,13.359292345578925],[74.79979394754618,13.35933245193115],[74.79968638544993,13.359395528139258],[74.79940866175716,13.359575223418517],[74.79919157637612,13.359707114926128],[74.79904097355806,13.35981226543295],[74.79889231139386,13.359934641377782],[74.79871088307307,13.360086180099717],[74.7985739673072,13.36018655504949],[74.79845906264056,13.360263023025592],[74.7983930398479,13.360322782416208],[74.79831232462296,13.36042081023776],[74.79819244309476,13.360604934897966],[74.79800240127923,13.360829676310138],[74.79774923226765,13.361156047272903],[74.797505308348,13.361384334181254],[74.79750846964589,13.361255740955299],[74.79755747345857,13.361094288087417],[74.79755752084104,13.361037467417276],[74.79755452417062,13.360968680297926],[74.79753319400079,13.360908851305695],[74.79752407339326,13.360858003955668],[74.79754551329013,13.360786246951879],[74.79768319327168,13.360502250725201],[74.79769546760572,13.360433476708572],[74.79768330791165,13.360364683170951],[74.7976436567735,13.360298857991774],[74.79758875707195,13.360206105877724],[74.79750942498721,13.360110343890744],[74.79745452288425,13.360020582071407],[74.7974332227612,13.359924865564405],[74.79745774156187,13.359823205053111],[74.79749754472843,13.359706603322529],[74.79757709609099,13.35953919419967],[74.79763827408266,13.359428591083223],[74.79766587167566,13.359297026128571],[74.7976445640502,13.359210282414343],[74.79753708742885,13.358877880590846],[74.7975313021014,13.358782177391028],[74.79754721893292,13.358447243740985],[74.79763562685008,13.357913313731613],[74.797675012236,13.3575650006519],[74.79766355659916,13.357237700400631],[74.79766581756022,13.356868303284452],[74.79765999260265,13.356822363163275],[74.79763265238006,13.356791718279064],[74.79759357429003,13.356772546975407],[74.79752517612067,13.356751437951047],[74.79714016976709,13.35666308842934],[74.79709521799465,13.356655395307893],[74.79708546458814,13.356630504577609],[74.79707965001644,13.356571167210223],[74.79709344367524,13.356439113789866],[74.79713076422948,13.356222863581682],[74.79719561018992,13.355815237307906],[74.79725842741338,13.355495652667484],[74.79730159420886,13.355300460549925],[74.79731337195636,13.355241137257385],[74.797301675673,13.355202848639351],[74.79727627378936,13.355191344444428],[74.79689319940077,13.355133618258321],[74.79687756915628,13.355124035233208],[74.79687758996532,13.35509915323429],[74.79701974367823,13.354576271914674],[74.7971691952438,13.354090718903302],[74.79726721818957,13.353746280376095],[74.79738780664762,13.353443130341509],[74.79754691764334,13.35309335757415],[74.79767854007137,13.352743562742148],[74.79837414516322,13.352914581298885],[74.79852803756435,13.352961357171047],[74.79857570503928,13.35293627432914],[74.79862705972543,13.352882483826436],[74.79872984223522,13.352688775619127],[74.7989572559563,13.352470043734582],[74.79978658254844,13.351221827435552],[74.79994102269909,13.350604689388826],[74.80092024744171,13.349792017918075],[74.80093746560293,13.349650875624283],[74.8009350868051,13.349571921658663],[74.80089376608419,13.349308716743563],[74.80086704954483,13.349112512268649],[74.80086719843847,13.348933076369175],[74.80087464463953,13.34878953376646],[74.80084301862287,13.348622035115795],[74.80084801536258,13.34848806018136],[74.80085802842778,13.348196185881076],[74.80086788566437,13.34809331707799],[74.8008948540493,13.347980891215869],[74.80089489325394,13.347933040553107],[74.80089250075564,13.34787083584614],[74.8008950441857,13.347748821196495],[74.80088533595672,13.347669860556989],[74.80084143787843,13.3475693430443],[74.80082864046123,13.347534641731754],[74.80074646478081,13.347184676958651],[74.80074956522245,13.34712785861572],[74.80077706985644,13.347106946121142],[74.80086260235522,13.347086079219928],[74.80090843042636,13.347068171435483],[74.80094512507496,13.347011378569846],[74.80096657003051,13.346930649279718],[74.80101247794452,13.346814051621434],[74.80107056694567,13.346739332648614],[74.80113472141166,13.346718448874256],[74.80121108882324,13.346700564991464],[74.80125692320973,13.346673685254025],[74.80128750757194,13.346619878778089],[74.80135485027395,13.34643451484678],[74.80154149345502,13.346015976899938],[74.80161490685553,13.345875476203679],[74.80166691065274,13.345773836639056],[74.80171588067878,13.34564527900724],[74.80177701906399,13.345576542904261],[74.80180455513533,13.345516752410077],[74.80181074176254,13.345421057644884],[74.80182910958135,13.345367242447415],[74.80208262037048,13.34534351514876],[74.80214068039928,13.34530468256424],[74.80218350590722,13.345220978605564],[74.80222033565784,13.34499970301882],[74.8022327781846,13.344721587602566],[74.80226033501667,13.344634881383245],[74.80246943840774,13.344386226671718],[74.80287298923916,13.343880531113012],[74.80397243817812,13.342451507205126],[74.80398069310323,13.342440778416236],[74.80402066061504,13.342388828912512],[74.80413139667384,13.342244896626289],[74.80415828259217,13.342211490248435],[74.8041805699754,13.34221455656892],[74.80429649059559,13.342230511009218],[74.8043427640864,13.342382870048008],[74.8043969010957,13.342561118191105],[74.80441442580602,13.342618818786775],[74.80442035978362,13.342638357722311],[74.80445577974957,13.342627199558077],[74.80445806487991,13.342627663388546],[74.80449748432541,13.342820803887715],[74.8046133772056,13.342893492168992],[74.80473742645998,13.342971295651504],[74.80491996183393,13.343783109832895],[74.806127146602,13.3441709098155],[74.80642696457083,13.34476868788412],[74.80701640743568,13.344146055193445],[74.80851255457715,13.344637351726922],[74.81045402309954,13.345674224106064],[74.81074910438221,13.34672489178859],[74.81087013326288,13.347299910570808],[74.8112080460121,13.34890966941939],[74.81224628676561,13.348574653772108],[74.81259368577173,13.348701182071098],[74.8125917520781,13.348654444852093],[74.81259020786136,13.348596023295391],[74.81321273009635,13.348600589029031],[74.81369128959705,13.34902932361158],[74.8132507162073,13.34967888586739],[74.81339997568787,13.349893915329002],[74.81343924441309,13.34994527358057],[74.81286146065291,13.350897348785082],[74.81329126729277,13.351038071213093],[74.81465879954575,13.35169095004388],[74.81629885458673,13.35251077791217],[74.81661176114623,13.353054640716323],[74.81744741643858,13.354556130577851],[74.8175407113799,13.354721817959325],[74.81882832988218,13.354558808305383],[74.81922711739126,13.354507422042047],[74.82085242212133,13.353873605554993],[74.82087070445968,13.353938424659646],[74.82089524081492,13.354025512450322],[74.82089921246073,13.354039616020238],[74.8209162264061,13.354100074869875],[74.82094420004503,13.354199611986777],[74.82100646037689,13.354317137014181],[74.82139260954463,13.355050235016696],[74.82149724412656,13.355243495708102],[74.82035897344126,13.356209113974927],[74.82045563194748,13.356351816831085],[74.82059359442606,13.3565559334171],[74.82076613581691,13.356812009571335],[74.82087586957806,13.356965989284806]]]},"properties":{"KGISWardID":3034,"KGISWardCo":"1605016","LGD_WardCo":31762,"KGISWardNo":"16","KGISWardNa":"Parkala","KGISTownCo":"1605","SHAPE_STAr":2639895.49179,"SHAPE_STLe":9024.96844367}},
{"type":"Feature","geometry":{"type":"Polygon","coordinates":[[[74.79589408799326,13.341726770090608],[74.79705665006472,13.341431268113789],[74.7975390873794,13.341272543249183],[74.7977674393839,13.341140771156148],[74.79799003265163,13.340625519423208],[74.7983441842511,13.340626131352117],[74.79859961378598,13.34031376477196],[74.79897519618434,13.340471441711168],[74.79914511713193,13.340542777333829],[74.7993293035539,13.34057463494834],[74.79938660145147,13.340584545572591],[74.79941247497398,13.340589021244314],[74.79940979331859,13.340600240775483],[74.79941323123488,13.340665171740566],[74.79942046075386,13.340801739813488],[74.79943296037904,13.341037832102238],[74.79976667839436,13.341054834277994],[74.79978392586129,13.341065351580319],[74.79982553774393,13.341218653574337],[74.79996701455077,13.341249054638508],[74.80005048990026,13.341266991928972],[74.80014947615331,13.34128826270104],[74.80017032507324,13.341300977412889],[74.80020589887543,13.34168470637401],[74.80027399275124,13.341688072260407],[74.80054282059348,13.34170136102661],[74.80078917488972,13.341713538623347],[74.80112292206779,13.341730035386536],[74.80117414924223,13.341732567653635],[74.80151162145559,13.34174924767531],[74.80170957177263,13.341847004710186],[74.801916522431,13.34204287534632],[74.80235218072534,13.341910011312814],[74.8024194578762,13.34161515218874],[74.80290612958298,13.341597979590237],[74.80303206604042,13.342056496916086],[74.80415828259217,13.342211490248435],[74.80413139667384,13.342244896626289],[74.80402066061504,13.342388828912512],[74.80398069310323,13.342440778416236],[74.80397243817812,13.342451507205126],[74.80287298923916,13.343880531113012],[74.80246943840774,13.344386226671718],[74.80226033501667,13.344634881383245],[74.8022327781846,13.344721587602566],[74.80222033565784,13.34499970301882],[74.80218350590722,13.345220978605564],[74.80214068039928,13.34530468256424],[74.80208262037048,13.34534351514876],[74.80182910958135,13.345367242447415],[74.80181074176254,13.345421057644884],[74.80180455513533,13.345516752410077],[74.80177701906399,13.345576542904261],[74.80171588067878,13.34564527900724],[74.80166691065274,13.345773836639056],[74.80161490685553,13.345875476203679],[74.80154149345502,13.346015976899938],[74.80135485027395,13.34643451484678],[74.80128750757194,13.346619878778089],[74.80125692320973,13.346673685254025],[74.80121108882324,13.346700564991464],[74.80113472141166,13.346718448874256],[74.80107056694567,13.346739332648614],[74.80101247794452,13.346814051621434],[74.80096657003051,13.346930649279718],[74.80094512507496,13.347011378569846],[74.80090843042636,13.347068171435483],[74.80086260235522,13.347086079219928],[74.80077706985644,13.347106946121142],[74.80074956522245,13.34712785861572],[74.80074646478081,13.347184676958651],[74.80082864046123,13.347534641731754],[74.80084143787843,13.3475693430443],[74.80088533595672,13.347669860556989],[74.8008950441857,13.347748821196495],[74.80089250075564,13.34787083584614],[74.80089489325394,13.347933040553107],[74.8008948540493,13.347980891215869],[74.80086788566437,13.34809331707799],[74.80085802842778,13.348196185881076],[74.80084801536258,13.34848806018136],[74.80084301862287,13.348622035115795],[74.80087464463953,13.34878953376646],[74.80086719843847,13.348933076369175],[74.80086704954483,13.349112512268649],[74.80089376608419,13.349308716743563],[74.8009350868051,13.349571921658663],[74.80093746560293,13.349650875624283],[74.80092024744171,13.349792017918075],[74.79994102269909,13.350604689388826],[74.79978658254844,13.351221827435552],[74.7989572559563,13.352470043734582],[74.79872984223522,13.352688775619127],[74.79862705972543,13.352882483826436],[74.79857570503928,13.35293627432914],[74.79852803756435,13.352961357171047],[74.79837414516322,13.352914581298885],[74.79767854007137,13.352743562742148],[74.79778137430708,13.35252404519417],[74.79790865330796,13.352253797427622],[74.79801876569996,13.352060094445138],[74.79821941108727,13.351710952001746],[74.79824388794897,13.351658337380204],[74.79823902571665,13.35162962382843],[74.79821706098183,13.351598504033616],[74.79811938316594,13.351531436373355],[74.79799484377124,13.351445208078891],[74.79771402755244,13.351241623669585],[74.79750887862733,13.351131405438426],[74.79747222407735,13.351136161392885],[74.79743309304475,13.351181587258337],[74.79739395601237,13.35123419008043],[74.79736707342974,13.35124134555236],[74.79731821827515,13.351226953448041],[74.79725472504599,13.351186229854246],[74.7967981004487,13.350849720313795],[74.79672788176299,13.350816767676244],[74.79668510092465,13.350843649018682],[74.7966514701921,13.350885490240227],[74.7965107222689,13.351190417817618],[74.79642501756702,13.351414644355325],[74.79616797341777,13.35200059436959],[74.79606391010682,13.352263682962809],[74.79598426062786,13.352550715591503],[74.7959413553839,13.35272413630227],[74.79590468540862,13.352748032097383],[74.79585887190711,13.352747995189077],[74.79542829006019,13.35267587281106],[74.79460985796173,13.352564558631736],[74.79448464362454,13.352555486116893],[74.79445713530525,13.352579388228063],[74.79444182933804,13.352621244007175],[74.79442036743072,13.35271991643017],[74.79435576524216,13.353267143576584],[74.79426287362445,13.354039239810975],[74.79420395000393,13.354372942069503],[74.7941562523157,13.354433911587927],[74.79411225031436,13.354458996564142],[74.79405360936403,13.354458949804028],[74.79357356215365,13.354368841169313],[74.79343799445718,13.354322077235452],[74.79310836413285,13.354056243390485],[74.7928996058089,13.353880225891118],[74.79272757528251,13.353614520337196],[74.79225161202913,13.353036346416816],[74.79215271244244,13.352971669003898],[74.79200247644576,13.352935658176861],[74.79133866793359,13.352965213652395],[74.79144140346206,13.35269208168155],[74.7916654661512,13.352114482821104],[74.79184307856096,13.351565555237341],[74.79189701512304,13.351352668730973],[74.79190933003618,13.351237840161255],[74.79190949191921,13.351048834808356],[74.79189272335297,13.350658846940734],[74.79188080101595,13.350314320173904],[74.79189825898047,13.349900435964871],[74.7919179975711,13.349675559122074],[74.79194742491151,13.349551174994012],[74.79208212515508,13.349180450576952],[74.79217515985458,13.348960419971608],[74.79223391811516,13.348821704108053],[74.79226822301662,13.348706894424476],[74.79229277354307,13.348568149598165],[74.79234194975484,13.348206926295674],[74.79238626157331,13.347816988403139],[74.79241339620617,13.347515558086172],[74.79240123093933,13.34745573613786],[74.79239148460805,13.34742462585049],[74.79235731691264,13.34737914071705],[74.79226938669089,13.347345574642883],[74.79191266760326,13.347340496787128],[74.79138734891889,13.347349634559022],[74.79114055830273,13.347368571404534],[74.79108436664421,13.347363739847113],[74.791035533229,13.347325420321916],[74.79093798673857,13.347110016389633],[74.79077457187793,13.34677732762072],[74.79053551010965,13.34633452186888],[74.79026230069668,13.345824697779557],[74.79016713396265,13.34568346324225],[74.79016473389956,13.34563321886222],[74.79019653804238,13.34558539541747],[74.79026013183788,13.345506496871938],[74.79037019669377,13.34537021557137],[74.79056113016524,13.344956475620823],[74.79061741811755,13.344848860354372],[74.79065165107252,13.344817786318961],[74.79073963988304,13.344781971409065],[74.79079095117987,13.344779622039187],[74.79082025812743,13.34479400106513],[74.79100561554826,13.345179342951873],[74.79103002632965,13.345205680134624],[74.79106179322885,13.3452009210707],[74.79141864577008,13.345045704304708],[74.79197836632491,13.34480213099346],[74.79222278856136,13.344692277946953],[74.79235964902273,13.344649325551659],[74.79246960907086,13.344635059844276],[74.79261864484877,13.344639967054471],[74.79301686902461,13.34467618006654],[74.79332470329021,13.34469796303128],[74.79361786263917,13.344738874674409],[74.79408932258843,13.344849311559924],[74.79447528368127,13.344940539081069],[74.79490325755741,13.345046633200829],[74.79515144333335,13.345108081815946],[74.79520422069686,13.34510621017776],[74.79524527584644,13.345096672841944],[74.79527070467674,13.345073725627412],[74.79529615054393,13.345031639233172],[74.79539808121895,13.344687204325304],[74.79548241521337,13.34434849710655],[74.79554317354284,13.344151405923897],[74.79561172732002,13.343983030700416],[74.79562745817925,13.34387203226587],[74.79562762230907,13.343676805575871],[74.79566893942663,13.343355290300744],[74.79566311099231,13.343313177749428],[74.79563967821113,13.343286363448698],[74.79563579343639,13.343257650622387],[74.79569180423763,13.343040458768117],[74.79575905878158,13.342962757151904],[74.79586302035291,13.342816301162797],[74.7959303510115,13.342648882435299],[74.79593974175549,13.342376744670197],[74.79589408799326,13.341726770090608]]]},"properties":{"KGISWardID":3035,"KGISWardCo":"1605017","LGD_WardCo":31763,"KGISWardNo":"17","KGISWardNa":"Eshwarnagar","KGISTownCo":"1605","SHAPE_STAr":1170626.30862,"SHAPE_STLe":6025.76213193}},
{"type":"Feature","geometry":{"type":"Polygon","coordinates":[[[74.79133866793359,13.352965213652395],[74.79124303699761,13.35321945911032],[74.79110230346069,13.353499263701407],[74.7910808803489,13.353550086104962],[74.79104112405072,13.353609865269394],[74.7909922436003,13.35362477658063],[74.79093115934506,13.353624727084874],[74.79088535856498,13.35360973674996],[74.79072354024112,13.353546799954438],[74.79066856645358,13.353543764212493],[74.79063190615747,13.353555696128705],[74.79057993142891,13.353618455447874],[74.79043619167923,13.353839642429095],[74.79020980282282,13.354276080643215],[74.79003662036705,13.35463779916007],[74.78989469181296,13.354884107123814],[74.78978953329074,13.354991680655772],[74.78969663077392,13.35505380811072],[74.78945465291352,13.355149306576912],[74.78936176892643,13.355189901226195],[74.78932508156933,13.355230542582573],[74.789217314849,13.355529512618478],[74.78910707338626,13.355861975437485],[74.78905808067373,13.356005482922573],[74.78901892442671,13.356077224450855],[74.78877917774165,13.356414364448817],[74.78877671015003,13.356443071140983],[74.78881332936092,13.356478989193919],[74.78886705456604,13.356512528878604],[74.78890123741661,13.356541267022562],[74.78891099288886,13.35656280694088],[74.78889628469555,13.356617822273474],[74.78875682557002,13.356830635786059],[74.78854883470039,13.357177371595302],[74.7883329953954,13.357556957157088],[74.78832802903415,13.357647866297588],[74.78841586233484,13.357796273182068],[74.78843532743257,13.357891988879187],[74.78841077091442,13.35803073227678],[74.78807796986766,13.3585998626655],[74.78757865022106,13.359585144620784],[74.78752646781419,13.359881767774699],[74.78752636836157,13.359995409956868],[74.78752631601755,13.36005522182167],[74.78749570764899,13.360129960571916],[74.78745597031914,13.360165814729694],[74.78734597979064,13.360207591448424],[74.78681135169798,13.360350690143436],[74.78650278742964,13.360443138365254],[74.78645695146065,13.360467024116835],[74.78644772534078,13.360538790438941],[74.78657565304317,13.360939637852217],[74.78657561097657,13.360987488422628],[74.78653587692524,13.361020350300223],[74.78573064264691,13.361309208950995],[74.7857610215748,13.360799339719625],[74.78577602102014,13.360415359397383],[74.78576524022344,13.360171318334684],[74.78571414722755,13.359923654228108],[74.78563379054243,13.359608975572216],[74.78527776225265,13.358804802172388],[74.78526057469543,13.358772848913262],[74.78490697227308,13.358115455198742],[74.78468751102375,13.357612848147989],[74.78437696102546,13.356778807044385],[74.78419716918994,13.35631810237748],[74.78392289377213,13.355636013089656],[74.78386807756286,13.3554565305751],[74.78384989037185,13.355301003709526],[74.78388668788678,13.355136552780802],[74.78398454771418,13.354996078325943],[74.78418935100183,13.354804854914308],[74.78432083245889,13.354637493324363],[74.7843820142462,13.354526893437109],[74.78440350254834,13.354404297552412],[74.78441584665669,13.354260759799876],[74.7844037733052,13.354099256603963],[74.78432768121162,13.353803123436819],[74.78417171392871,13.353343036660004],[74.78408030141628,13.35310251565035],[74.78401088612338,13.35285483458905],[74.78398902630144,13.352707678748962],[74.78400382363075,13.35255337719662],[74.78402235000787,13.352327303777596],[74.78413632042597,13.351929053745934],[74.78418411481447,13.351760425451893],[74.78420264095263,13.351534351097866],[74.78416659341497,13.350856531935525],[74.78413750508605,13.35059572760338],[74.7841134282807,13.350193770950343],[74.78410908643505,13.349581292976607],[74.78411447956138,13.34900949604259],[74.78413935632403,13.348511881556641],[74.78417653886507,13.34791140197882],[74.78421596164326,13.347540601605575],[74.78421609759918,13.347387482896403],[74.78419664011828,13.34728698159221],[74.7841527287285,13.347210385692225],[74.78410633140764,13.347181637413826],[74.78403059326408,13.347176787645267],[74.78392795255105,13.347200624588664],[74.78349295319475,13.347303129843711],[74.78314589307705,13.347427242300366],[74.78285252814459,13.347615996575774],[74.78263979133503,13.347804819660992],[74.78250038335463,13.347960210590267],[74.78219707618008,13.348335569253878],[74.78208458157206,13.348447918575669],[74.78206424031933,13.348458519590423],[74.78191741634498,13.348349334561691],[74.78184724878389,13.348262546584797],[74.78182289026135,13.348178789257041],[74.78178651770183,13.347870727241023],[74.78176884795072,13.347141006451073],[74.78166825502814,13.346925596443112],[74.7814729121135,13.346790851671162],[74.78129888629164,13.34672490807201],[74.78095374323112,13.346754516015704],[74.78086214916112,13.346721541449634],[74.78081642407011,13.346625802436154],[74.78080750974563,13.346350659402166],[74.78086252396957,13.346305847554486],[74.7811924043472,13.346267255571542],[74.78129932762606,13.346234452448373],[74.78130241106909,13.34620155699806],[74.7812629739007,13.34590545443866],[74.7812205772048,13.34550467794086],[74.78118718689454,13.345277364414772],[74.78114460462368,13.345082938346238],[74.78085999611365,13.34436734161353],[74.7808165188179,13.343811052619156],[74.78075819767153,13.34345930828928],[74.78076607069303,13.342856411113468],[74.78075906502337,13.342497533257246],[74.78071947665285,13.3416936263761],[74.7806290313119,13.341066121044397],[74.78060213282136,13.340414147607342],[74.78061458178401,13.340156966695217],[74.7806482595916,13.340064288437915],[74.78070330476797,13.33998358906011],[74.78076745371953,13.339968691982918],[74.78083520056721,13.339976065857902],[74.78088351045419,13.339965801056417],[74.7809018743683,13.3399209583904],[74.78086892986249,13.339574047384108],[74.78091267378927,13.33918815203775],[74.78098712138647,13.338994903892987],[74.78109877412884,13.338727042666914],[74.78124716377098,13.338358729184613],[74.78138821182188,13.338004764111963],[74.78155276312489,13.337595313196346],[74.7816722845397,13.337268124795752],[74.78178005437913,13.336969636806181],[74.7818564691794,13.336761077609266],[74.78190539684755,13.336690303058477],[74.78194648709245,13.336640574325038],[74.78199538554698,13.336602337074693],[74.78203254716978,13.336573659323633],[74.78206778320887,13.336514355944264],[74.78219702190083,13.336248424441997],[74.78240362138904,13.33580838410611],[74.78255783406257,13.33548122587257],[74.78273113397195,13.335121066377273],[74.78286611953985,13.334846674793518],[74.78297336886821,13.334581200549144],[74.78301301820319,13.334502284164156],[74.78303943389115,13.334469290156726],[74.78308488883852,13.334456410116536],[74.78319627564792,13.33448090812053],[74.78352159445728,13.334607508587288],[74.78378390097475,13.334709652154396],[74.7838264040655,13.334718301284724],[74.78386891573419,13.33471833841108],[74.78388651423121,13.334709739591128],[74.78390705983513,13.334683918367608],[74.78395554857478,13.334556201070694],[74.78403196540103,13.334342378451897],[74.7842356157516,13.333777807132986],[74.78425095763083,13.333697074042513],[74.78424183543837,13.3336522077211],[74.78418689370177,13.333619263746213],[74.7840983515456,13.333592273636],[74.78405257712102,13.333553356773962],[74.78401599388393,13.333481551388157],[74.78400693454095,13.333364909962475],[74.7840317092068,13.33297914323495],[74.78406575719212,13.332467779672735],[74.78409047499785,13.332144816123533],[74.78411497780398,13.332064090825346],[74.78416388613518,13.332013292299996],[74.78421276261881,13.331998381316723],[74.7843318638942,13.332001472908788],[74.78456697744784,13.332046531212594],[74.7853119847634,13.332220618109163],[74.78596845309553,13.332367711568498],[74.78611501407669,13.332400732409754],[74.78665852155066,13.332508850932594],[74.78718068337038,13.332581064618362],[74.78751041793308,13.332686011595044],[74.78769056727658,13.332725040320183],[74.78817913058906,13.332803205409217],[74.78865546654401,13.332896310125879],[74.78906751761909,13.333002324644346],[74.78917827366227,13.333342321548741],[74.78918315682405,13.33358822356499],[74.78919572942745,13.333895621373744],[74.78920409118302,13.334198936637389],[74.78921468992226,13.334640234851143],[74.78945308796276,13.337516420576007],[74.7897485790952,13.339410163751388],[74.79006777333204,13.34273931457685],[74.79007917990346,13.342798859321817],[74.79024238494112,13.34435519136878],[74.79083214826541,13.344064385213299],[74.79327897316595,13.34273062293618],[74.79454145958825,13.342025364406451],[74.79452190178745,13.342073930788846],[74.7957357521037,13.341767016109932],[74.79589408799326,13.341726770090608],[74.79593974175549,13.342376744670197],[74.7959303510115,13.342648882435299],[74.79586302035291,13.342816301162797],[74.79575905878158,13.342962757151904],[74.79569180423763,13.343040458768117],[74.79563579343639,13.343257650622387],[74.79563967821113,13.343286363448698],[74.79566311099231,13.343313177749428],[74.79566893942663,13.343355290300744],[74.79562762230907,13.343676805575871],[74.79562745817925,13.34387203226587],[74.79561172732002,13.343983030700416],[74.79554317354284,13.344151405923897],[74.79548241521337,13.34434849710655],[74.79539808121895,13.344687204325304],[74.79529615054393,13.345031639233172],[74.79527070467674,13.345073725627412],[74.79524527584644,13.345096672841944],[74.79520422069686,13.34510621017776],[74.79515144333335,13.345108081815946],[74.79490325755741,13.345046633200829],[74.79447528368127,13.344940539081069],[74.79408932258843,13.344849311559924],[74.79361786263917,13.344738874674409],[74.79332470329021,13.34469796303128],[74.79301686902461,13.34467618006654],[74.79261864484877,13.344639967054471],[74.79246960907086,13.344635059844276],[74.79235964902273,13.344649325551659],[74.79222278856136,13.344692277946953],[74.79197836632491,13.34480213099346],[74.79141864577008,13.345045704304708],[74.79106179322885,13.3452009210707],[74.79103002632965,13.345205680134624],[74.79100561554826,13.345179342951873],[74.79082025812743,13.34479400106513],[74.79079095117987,13.344779622039187],[74.79073963988304,13.344781971409065],[74.79065165107252,13.344817786318961],[74.79061741811755,13.344848860354372],[74.79056113016524,13.344956475620823],[74.79037019669377,13.34537021557137],[74.79026013183788,13.345506496871938],[74.79019653804238,13.34558539541747],[74.79016473389956,13.34563321886222],[74.79016713396265,13.34568346324225],[74.79026230069668,13.345824697779557],[74.79053551010965,13.34633452186888],[74.79077457187793,13.34677732762072],[74.79093798673857,13.347110016389633],[74.791035533229,13.347325420321916],[74.79108436664421,13.347363739847113],[74.79114055830273,13.347368571404534],[74.79138734891889,13.347349634559022],[74.79191266760326,13.347340496787128],[74.79226938669089,13.347345574642883],[74.79235731691264,13.34737914071705],[74.79239148460805,13.34742462585049],[74.79240123093933,13.34745573613786],[74.79241339620617,13.347515558086172],[74.79238626157331,13.347816988403139],[74.79234194975484,13.348206926295674],[74.79229277354307,13.348568149598165],[74.79226822301662,13.348706894424476],[74.79223391811516,13.348821704108053],[74.79217515985458,13.348960419971608],[74.79208212515508,13.349180450576952],[74.79194742491151,13.349551174994012],[74.7919179975711,13.349675559122074],[74.79189825898047,13.349900435964871],[74.79188080101595,13.350314320173904],[74.79189272335297,13.350658846940734],[74.79190949191921,13.351048834808356],[74.79190933003618,13.351237840161255],[74.79189701512304,13.351352668730973],[74.79184307856096,13.351565555237341],[74.7916654661512,13.352114482821104],[74.79144140346206,13.35269208168155],[74.79133866793359,13.352965213652395]]]},"properties":{"KGISWardID":3036,"KGISWardCo":"1605018","LGD_WardCo":31764,"KGISWardNo":"18","KGISWardNa":"Manipal","KGISTownCo":"1605","SHAPE_STAr":2501245.43529,"SHAPE_STLe":9868.09784996}},
{"type":"Feature","geometry":{"type":"Polygon","coordinates":[[[74.78526057469543,13.358772848913262],[74.78502940057301,13.359046096991907],[74.78469309301126,13.359425616793072],[74.78446376993321,13.359709528702329],[74.78426199541481,13.359924679183429],[74.78412444643533,13.360044185761174],[74.78400524628897,13.36013679228778],[74.78356515631673,13.360441457557094],[74.78314336719357,13.36077305242883],[74.78295386914868,13.360919428571233],[74.78274902220159,13.361152519810103],[74.78256556388942,13.361376655558818],[74.78247990335291,13.361532094153231],[74.7824462258117,13.361621783045912],[74.78242473582728,13.36174437867003],[74.78238180136687,13.3619387299386],[74.7823480933121,13.36206131505105],[74.78229303643332,13.362150986443606],[74.7822135371919,13.362246617445866],[74.78207907215028,13.36233023711672],[74.78121737700374,13.362748177137693],[74.78045348187041,13.363094424932251],[74.78019073442542,13.363177933211814],[74.78008383238868,13.363177840379185],[74.77986090955349,13.363129796975791],[74.77905792555909,13.362794151624781],[74.77876785868175,13.362692218348363],[74.7784471787367,13.362665022334985],[74.77789139359707,13.362553884443567],[74.7772561882261,13.362451646448495],[74.77690496744127,13.362424420714923],[74.77667586725312,13.36245113435635],[74.77626038112818,13.362558429072696],[74.7758356892342,13.362710573389329],[74.77556681508625,13.36281201516782],[74.77531926831404,13.36297029711345],[74.77507786535178,13.36308970557141],[74.77493114703002,13.363209199791036],[74.77470491305519,13.363439274099532],[74.77456425523502,13.3636096125643],[74.77451834621301,13.363711251636966],[74.77448768892756,13.363833838340755],[74.77447214167212,13.364129891578457],[74.77448989826549,13.364742980124142],[74.77447447969467,13.364901466949235],[74.77443774928463,13.364985171341393],[74.77437353031635,13.365068850324754],[74.7740830860421,13.36537064079375],[74.77373150271582,13.365726206557504],[74.77356950985241,13.365845686275621],[74.77339226501894,13.36594421727908],[74.77305309104507,13.3660934420893],[74.77248477225041,13.366314236401683],[74.77213337618866,13.366466440197293],[74.77199589064439,13.366508183584836],[74.77191342272133,13.366508110192365],[74.7718157021683,13.366487088072388],[74.77130583093823,13.366265324374327],[74.77112486134133,13.36619729945055],[74.77077150633059,13.36606447156311],[74.77059139838843,13.365959637264188],[74.77020984883232,13.365699109869817],[74.77011832000444,13.36559136621604],[74.77003596859323,13.365468676555464],[74.76998110674361,13.365346012752054],[74.7698441376608,13.364843469326981],[74.7696525082851,13.364005930414702],[74.7696251637251,13.363853384745974],[74.76958248268528,13.363769609710259],[74.76925908679868,13.36338651985354],[74.76910348403987,13.363209932835106],[74.76901811972563,13.363045372899075],[74.76872868765982,13.362279517106295],[74.7686189809855,13.36201923641146],[74.76834481955994,13.361256384429867],[74.76807665063613,13.360619143740763],[74.76794858707991,13.360391741265202],[74.76788757555725,13.36031392978247],[74.76756706431811,13.36011625656536],[74.76692292245498,13.359789690662888],[74.76648331266117,13.359573963621193],[74.76645586699185,13.35952907898478],[74.76644675008089,13.359481221833134],[74.76654772836231,13.359286926021777],[74.7666182097074,13.35904475331672],[74.7666091014057,13.358987923406575],[74.7665694589885,13.358922094392454],[74.76631003034704,13.358730457445404],[74.7657331102895,13.358380025303592],[74.7653045627738,13.358066058128552],[74.76526308671183,13.358035671600081],[74.765180658379,13.357996718311618],[74.76498217231234,13.357954665202778],[74.76418815232394,13.357864209427646],[74.76321396255804,13.357740686563226],[74.76315900960536,13.357716710812609],[74.7631437912819,13.357662865392074],[74.76313783700047,13.357504359287033],[74.76312876656554,13.357408652417474],[74.76305550058265,13.357372696428587],[74.76289975434545,13.357351615728428],[74.76195901821562,13.357377648956017],[74.76155586515397,13.357368297883191],[74.76139399935863,13.3573591735865],[74.76118023396802,13.357326075888672],[74.7610611384205,13.357305030423959],[74.76085719268148,13.35722588518551],[74.76023441135649,13.356935807782802],[74.76020024608265,13.356892711036549],[74.76019789703555,13.356797010439303],[74.76019307609687,13.356730016199586],[74.76015158443808,13.356684519892784],[74.75970699993144,13.35656926011679],[74.75912071065605,13.356441901763331],[74.7586516792974,13.356340971699247],[74.75750339571223,13.356229820947117],[74.75746188222128,13.35620585683762],[74.7574668338071,13.35614126543357],[74.75763043324997,13.355551328976059],[74.75755782906872,13.355550411322879],[74.75647299301272,13.355523053758542],[74.75596721106118,13.35552495963864],[74.75595011207531,13.355520157931547],[74.75594279831218,13.355503402565226],[74.75593551912998,13.355453155112984],[74.755926584082,13.35461817372544],[74.75594139333724,13.354469854760616],[74.7559560895953,13.354433980562145],[74.75599030664299,13.354424444860667],[74.7560831356435,13.35444367428943],[74.75677932396435,13.354616601239867],[74.75682329740589,13.354623821306355],[74.75685996515679,13.35460710908322],[74.75686978142856,13.354564054102479],[74.75686311755517,13.35389893981758],[74.7568632037668,13.353812811091787],[74.75688767297767,13.353776948021887],[74.75693413766719,13.353736319913477],[74.75704904719213,13.353664656123676],[74.75712977417432,13.353569035145716],[74.75717387180435,13.353451846380372],[74.75727198918571,13.353069144161337],[74.75743149976104,13.352375480231357],[74.75782442660903,13.35160428377571],[74.75803248078098,13.350987913127511],[74.75828346388087,13.350443865429503],[74.75835374045532,13.350414025627169],[74.75868965615578,13.35045621474473],[74.75968213344125,13.350585752563758],[74.75977680756628,13.350588833556133],[74.75981044046168,13.350552977965298],[74.75992382871739,13.350164308377416],[74.75996055197722,13.350089578801112],[74.76006132759545,13.350101636427906],[74.76087373690096,13.350099414014291],[74.76124939305954,13.350105748855748],[74.76155479956073,13.350115008276086],[74.76168917464793,13.350124106547858],[74.76179914227743,13.350106266199],[74.76195051662091,13.3500954029355],[74.76204877243383,13.350061043669635],[74.76213237811814,13.350016622698865],[74.76222330485027,13.349980820551497],[74.762299563196,13.349953618403509],[74.76236261260486,13.349942193686173],[74.76242858605387,13.349937948647687],[74.76248870254321,13.349926521149257],[74.76256202837845,13.349900751201975],[74.76262215699546,13.349877839833875],[74.76269547066333,13.349863553685205],[74.76317045468905,13.349862562089251],[74.76333526045252,13.34986035417824],[74.7634071090195,13.349844631425562],[74.76345991690354,13.349811664201672],[74.76350099823132,13.349777250089797],[74.76355380888106,13.349741412790092],[74.76363005863155,13.349722822212906],[74.7637707938771,13.349722953440212],[74.76379278980292,13.349717232018005],[74.76380012488345,13.34971149692968],[74.76381481642497,13.349679930034593],[74.76384432786897,13.349481861120159],[74.76384439902084,13.34940865118815],[74.76382250869159,13.349306711163804],[74.76380352338762,13.349231570098693],[74.76376274642455,13.34895400539928],[74.7637356170481,13.348710904964783],[74.76372021094052,13.348473555570331],[74.7636853092979,13.348182599098891],[74.76363892094783,13.347644728188708],[74.76362541966463,13.347459059690115],[74.76363718844597,13.347416962906397],[74.76365872079451,13.347384445705783],[74.76371737108016,13.347373017439773],[74.76422174271067,13.347296926901567],[74.76432533442961,13.347302765170571],[74.764366353043,13.347331512938858],[74.76439947023506,13.347446382250922],[74.76457668437247,13.348126009389942],[74.76470530814713,13.348522322632826],[74.76473849606661,13.348564461200482],[74.76479320611303,13.348585565407305],[74.76488311833991,13.348587563111634],[74.76511971143724,13.348505481247077],[74.76531329816338,13.348425273615502],[74.76549127838595,13.348314426580922],[74.76562623104404,13.348230337699889],[74.76575927201367,13.348100309757744],[74.7658062129686,13.34806972922723],[74.76585314284604,13.348050633434918],[74.76593719096195,13.348052624440617],[74.76602710485207,13.348052706556583],[74.76610921091363,13.348041299390632],[74.76620306968807,13.348005020151561],[74.76629495783634,13.347984050563367],[74.76639855543098,13.347984146972898],[74.7666936543976,13.34803801040781],[74.76692624468967,13.348051621632312],[74.76696925081748,13.34804783443165],[74.76699467341037,13.348034458769495],[74.76699471011307,13.347996179591316],[74.76691880580435,13.347655421825237],[74.76689547129263,13.347529077063903],[74.76690335624504,13.347460181189089],[74.7670245875569,13.347414357233223],[74.76706170580877,13.347435444780727],[74.76712411179152,13.347584793139493],[74.76717489910395,13.347619291361019],[74.7672804349887,13.347634699788612],[74.76737227070144,13.347669235657586],[74.7674758544278,13.347682728839585],[74.76756967533204,13.347684729171942],[74.7677104524387,13.347640836185116],[74.76806430560147,13.347574171385524],[74.76808778867283,13.347545483235395],[74.76809173509642,13.347507206725998],[74.76807819661221,13.34735598994185],[74.76798482898002,13.346879323582865],[74.7679498849659,13.346628560139038],[74.76788790277315,13.346035169613632],[74.76787633769534,13.345864814549032],[74.76787641263874,13.34578634189883],[74.76788629604815,13.34567151238182],[74.76793889829068,13.345406467008312],[74.76864782056465,13.345355459336577],[74.76931633576478,13.345321616995607],[74.76983676782362,13.34530773523265],[74.77014705376112,13.345319978968552],[74.77042799236963,13.345360905396609],[74.7708237388443,13.34543064588598],[74.77134898462143,13.345495715550097],[74.77162991691252,13.345543819414626],[74.77178868143828,13.345596596449687],[74.771962089082,13.345666134909694],[74.7722502735461,13.345797980037874],[74.77252622191041,13.345951346551093],[74.7727484065474,13.346116625872288],[74.77294128768597,13.346265132211773],[74.77313657230614,13.346456705031954],[74.7734221953954,13.346717740878784],[74.77367367858719,13.346906970897939],[74.77395448394401,13.34709383510503],[74.77423530177222,13.347268735908305],[74.77435252673405,13.347326259595372],[74.77455769496541,13.347400608912045],[74.7749754140494,13.347494286926631],[74.7760917351661,13.34778715731694],[74.77688563710774,13.3479768627934],[74.77756965801353,13.348092302632828],[74.77794589155079,13.3481333053049],[74.77887181663851,13.348232206018597],[74.77992721577037,13.348357533757891],[74.78096552906064,13.348463702277286],[74.78174246069736,13.348512221369768],[74.781908610457,13.348507580058572],[74.78201124884012,13.348486135662423],[74.78206424031933,13.348458519590423],[74.78208458157206,13.348447918575669],[74.78219707618008,13.348335569253878],[74.78250038335463,13.347960210590267],[74.78263979133503,13.347804819660992],[74.78285252814459,13.347615996575774],[74.78314589307705,13.347427242300366],[74.78349295319475,13.347303129843711],[74.78392795255105,13.347200624588664],[74.78403059326408,13.347176787645267],[74.78410633140764,13.347181637413826],[74.7841527287285,13.347210385692225],[74.78419664011828,13.34728698159221],[74.78421609759918,13.347387482896403],[74.78421596164326,13.347540601605575],[74.78417653886507,13.34791140197882],[74.78413935632403,13.348511881556641],[74.78411447956138,13.34900949604259],[74.78410908643505,13.349581292976607],[74.7841134282807,13.350193770950343],[74.78413750508605,13.35059572760338],[74.78416659341497,13.350856531935525],[74.78420264095263,13.351534351097866],[74.78418411481447,13.351760425451893],[74.78413632042597,13.351929053745934],[74.78402235000787,13.352327303777596],[74.78400382363075,13.35255337719662],[74.78398902630144,13.352707678748962],[74.78401088612338,13.35285483458905],[74.78408030141628,13.35310251565035],[74.78417171392871,13.353343036660004],[74.78432768121162,13.353803123436819],[74.7844037733052,13.354099256603963],[74.78441584665669,13.354260759799876],[74.78440350254834,13.354404297552412],[74.7843820142462,13.354526893437109],[74.78432083245889,13.354637493324363],[74.78418935100183,13.354804854914308],[74.78398454771418,13.354996078325943],[74.78388668788678,13.355136552780802],[74.78384989037185,13.355301003709526],[74.78386807756286,13.3554565305751],[74.78392289377213,13.355636013089656],[74.78419716918994,13.35631810237748],[74.78437696102546,13.356778807044385],[74.78468751102375,13.357612848147989],[74.78490697227308,13.358115455198742],[74.78526057469543,13.358772848913262]]]},"properties":{"KGISWardID":3037,"KGISWardCo":"1605019","LGD_WardCo":31765,"KGISWardNo":"19","KGISWardNa":"Sagri","KGISTownCo":"1605","SHAPE_STAr":4260731.7542,"SHAPE_STLe":10152.92159}},
{"type":"Feature","geometry":{"type":"Polygon","coordinates":[[[74.78551863386599,13.324107565599183],[74.78557783888684,13.324171729166679],[74.78562201693639,13.324275924441334],[74.78572506837045,13.324525395383219],[74.78583851906436,13.324771611641058],[74.78594397442428,13.325020061819558],[74.7860498818858,13.325263897076516],[74.78607840383397,13.325363714291106],[74.78614684363062,13.325510197856456],[74.7861755482136,13.325572465612922],[74.78626200919135,13.325759320696482],[74.78635508991057,13.325989357121422],[74.7864744128548,13.326240668916652],[74.78658597475366,13.326481829425992],[74.78669850330036,13.326722327887005],[74.78680760489692,13.326956044308137],[74.7869224706863,13.327203162785185],[74.78702714665246,13.327436176414006],[74.78714446758559,13.327664931671803],[74.7872443003634,13.327932287913457],[74.78730223266481,13.328056486323005],[74.78736217578361,13.328188498159003],[74.78747030084519,13.328464456084248],[74.78757416095064,13.328724653957229],[74.78768304808695,13.32899870899344],[74.78840978213101,13.33076151814537],[74.78852201121093,13.331206383449617],[74.78855081329795,13.331319414298203],[74.788589992822,13.331469266419475],[74.788663855599,13.331736482876595],[74.78872510887487,13.33196303857426],[74.78873569712407,13.332001686589962],[74.7888207913282,13.332270135786763],[74.7889367458501,13.332602199690319],[74.7890129008741,13.332834661560112],[74.78906751761909,13.333002324644346],[74.78865546654401,13.332896310125879],[74.78817913058906,13.332803205409217],[74.78769056727658,13.332725040320183],[74.78751041793308,13.332686011595044],[74.78718068337038,13.332581064618362],[74.78665852155066,13.332508850932594],[74.78611501407669,13.332400732409754],[74.78596845309553,13.332367711568498],[74.7853119847634,13.332220618109163],[74.78456697744784,13.332046531212594],[74.7843318638942,13.332001472908788],[74.78421276261881,13.331998381316723],[74.78416388613518,13.332013292299996],[74.78411497780398,13.332064090825346],[74.78409047499785,13.332144816123533],[74.78406575719212,13.332467779672735],[74.7840317092068,13.33297914323495],[74.78400693454095,13.333364909962475],[74.78401599388393,13.333481551388157],[74.78405257712102,13.333553356773962],[74.7840983515456,13.333592273636],[74.78418689370177,13.333619263746213],[74.78424183543837,13.3336522077211],[74.78425095763083,13.333697074042513],[74.7842356157516,13.333777807132986],[74.78403196540103,13.334342378451897],[74.78395554857478,13.334556201070694],[74.78390705983513,13.334683918367608],[74.78388651423121,13.334709739591128],[74.78386891573419,13.33471833841108],[74.7838264040655,13.334718301284724],[74.78378390097475,13.334709652154396],[74.78352159445728,13.334607508587288],[74.78319627564792,13.33448090812053],[74.78308488883852,13.334456410116536],[74.78303943389115,13.334469290156726],[74.78301301820319,13.334502284164156],[74.78297336886821,13.334581200549144],[74.78286611953985,13.334846674793518],[74.78273113397195,13.335121066377273],[74.78255783406257,13.33548122587257],[74.78240362138904,13.33580838410611],[74.78219702190083,13.336248424441997],[74.78206778320887,13.336514355944264],[74.78203254716978,13.336573659323633],[74.78199538554698,13.336602337074693],[74.78194648709245,13.336640574325038],[74.78190539684755,13.336690303058477],[74.7818564691794,13.336761077609266],[74.78178005437913,13.336969636806181],[74.7816722845397,13.337268124795752],[74.78155276312489,13.337595313196346],[74.78138821182188,13.338004764111963],[74.78124716377098,13.338358729184613],[74.78109877412884,13.338727042666914],[74.78098712138647,13.338994903892987],[74.78091267378927,13.33918815203775],[74.78086892986249,13.339574047384108],[74.7809018743683,13.3399209583904],[74.78088351045419,13.339965801056417],[74.78083520056721,13.339976065857902],[74.78076745371953,13.339968691982918],[74.78070330476797,13.33998358906011],[74.7806482595916,13.340064288437915],[74.78061458178401,13.340156966695217],[74.78060213282136,13.340414147607342],[74.7806290313119,13.341066121044397],[74.78071947665285,13.3416936263761],[74.78075906502337,13.342497533257246],[74.78076607069303,13.342856411113468],[74.78075819767153,13.34345930828928],[74.7808165188179,13.343811052619156],[74.78085999611365,13.34436734161353],[74.78114460462368,13.345082938346238],[74.78118718689454,13.345277364414772],[74.7812205772048,13.34550467794086],[74.7812629739007,13.34590545443866],[74.78130241106909,13.34620155699806],[74.78129932762606,13.346234452448373],[74.7811924043472,13.346267255571542],[74.78086252396957,13.346305847554486],[74.78080750974563,13.346350659402166],[74.78081642407011,13.346625802436154],[74.78086214916112,13.346721541449634],[74.78095374323112,13.346754516015704],[74.78129888629164,13.34672490807201],[74.7814729121135,13.346790851671162],[74.78166825502814,13.346925596443112],[74.78176884795072,13.347141006451073],[74.78178651770183,13.347870727241023],[74.78182289026135,13.348178789257041],[74.78184724878389,13.348262546584797],[74.78191741634498,13.348349334561691],[74.78206424031933,13.348458519590423],[74.78201124884012,13.348486135662423],[74.781908610457,13.348507580058572],[74.78174246069736,13.348512221369768],[74.78096552906064,13.348463702277286],[74.77992721577037,13.348357533757891],[74.77887181663851,13.348232206018597],[74.77794589155079,13.3481333053049],[74.77756965801353,13.348092302632828],[74.77688563710774,13.3479768627934],[74.7760917351661,13.34778715731694],[74.7749754140494,13.347494286926631],[74.77455769496541,13.347400608912045],[74.77435252673405,13.347326259595372],[74.77423530177222,13.347268735908305],[74.77395448394401,13.34709383510503],[74.77367367858719,13.346906970897939],[74.7734221953954,13.346717740878784],[74.77313657230614,13.346456705031954],[74.77294128768597,13.346265132211773],[74.7727484065474,13.346116625872288],[74.77252622191041,13.345951346551093],[74.7722502735461,13.345797980037874],[74.771962089082,13.345666134909694],[74.77178868143828,13.345596596449687],[74.77162991691252,13.345543819414626],[74.77134898462143,13.345495715550097],[74.7708237388443,13.34543064588598],[74.77042799236963,13.345360905396609],[74.77014705376112,13.345319978968552],[74.76983676782362,13.34530773523265],[74.76931633576478,13.345321616995607],[74.76864782056465,13.345355459336577],[74.76793889829068,13.345406467008312],[74.76780727257444,13.345415937759636],[74.76722278496707,13.345472821000163],[74.76659528590773,13.345539233772156],[74.76603032864634,13.345611443741351],[74.76554356925972,13.345670327555654],[74.76487385407955,13.345801562693369],[74.76488701622237,13.345525387295],[74.76489594035846,13.345442361876671],[74.76503496105529,13.343122924585696],[74.7650398552505,13.34305892244274],[74.76504136838584,13.343039245758616],[74.76514147466769,13.343072316168287],[74.76554192261085,13.343328681869828],[74.76561518108598,13.343369421449578],[74.76567381232731,13.343376654413197],[74.765715366909,13.343357551848726],[74.76573250121335,13.343324072796465],[74.76575969822856,13.342991544401873],[74.76580663183005,13.34246045842649],[74.76584367410868,13.342051378828213],[74.76588788655029,13.341807387657214],[74.76597121390546,13.341541899888984],[74.76606440025772,13.341185506992145],[74.76612327492609,13.340939135758086],[74.76617479861292,13.340714290415123],[74.76620427242474,13.34055402189353],[74.76621171896352,13.340432013196269],[74.76620944442847,13.340257359668211],[74.76619991934886,13.339998964024451],[74.76620245013726,13.33990805215913],[74.76620508581117,13.339707086120297],[74.76623205399855,13.339611412441167],[74.7662614301185,13.339551627591344],[74.76627369204752,13.33950378916988],[74.76627374033679,13.339453547773857],[74.76617862462683,13.339276416028593],[74.76610540869603,13.339192612175692],[74.76609082534888,13.339113646726585],[74.7660591600777,13.339013133731605],[74.76602257219386,13.338950895427697],[74.76583014306406,13.338674245213832],[74.76566702589625,13.338540922447864],[74.76554567214545,13.337982485732198],[74.76553983458616,13.337979325438651],[74.76533475063881,13.337876644563492],[74.76528457338097,13.337500383194824],[74.76528282783376,13.33748729268924],[74.7651409274459,13.336423217631438],[74.76542943127534,13.336468154109033],[74.76554551522955,13.336435365137886],[74.76582962486293,13.336342918442694],[74.76594262045985,13.336346013962993],[74.76643738072434,13.336331516575783],[74.7665259572809,13.336319635912401],[74.76657789603554,13.336298749623444],[74.76657538555455,13.336175303909895],[74.76686571731345,13.336028955421169],[74.76709624604335,13.336148784753815],[74.76715431655369,13.336256735757498],[74.767332833766,13.336329145734322],[74.76752224094079,13.336303893036083],[74.76759411524145,13.336347610245477],[74.76766230609613,13.336343947240177],[74.76772027135848,13.336368063997822],[74.76779575904548,13.336306320078538],[74.76790569637046,13.33605679401442],[74.76786437717449,13.335856866413973],[74.76804447480781,13.335678874808556],[74.76835504226987,13.33556185407544],[74.76884702987938,13.335566630569119],[74.76900535474977,13.33542922971572],[74.7691507589833,13.335336758708253],[74.76956678027274,13.335279201298098],[74.76959131654927,13.335275793797106],[74.76969663310334,13.335413039362107],[74.76971075579176,13.335431455306868],[74.76978454433744,13.335416763252875],[74.76980816767977,13.335412059124458],[74.769923100375,13.335176786605935],[74.76998788930932,13.335066402199297],[74.77049499525326,13.335004263556309],[74.7705710893928,13.334606721976876],[74.77055417798633,13.334382730549624],[74.77059487390856,13.33417836623971],[74.77060294114514,13.33413779388131],[74.77057223222621,13.333891338554155],[74.77063704857923,13.333509263715245],[74.77066348873902,13.333416686935628],[74.7708382065655,13.333218032796266],[74.77086603417409,13.332920864408681],[74.77110199307883,13.331966308357911],[74.77101207195408,13.331673090098176],[74.77102038767502,13.331189706169193],[74.77098676442776,13.330936392242323],[74.77103682400943,13.330785406409548],[74.77095406891664,13.330636345208628],[74.7709359825496,13.33060392989434],[74.77089338443436,13.330527820276549],[74.77082096968235,13.330399269340736],[74.77086032753994,13.330225363092637],[74.7708583547881,13.330043384424485],[74.77079936496703,13.32987891012138],[74.770769680369,13.329796141550847],[74.77077433792762,13.329484393862447],[74.77076220396704,13.329079286998585],[74.77076369754977,13.329009181558398],[74.77079035356574,13.328898584279829],[74.77073291457341,13.328717275269193],[74.7708265495573,13.328606971776104],[74.77086825923374,13.328606365616002],[74.7712595066211,13.328605485158816],[74.77131599963542,13.328689379204752],[74.77146423736733,13.328635307941585],[74.77211784604053,13.328424263215346],[74.77225351433974,13.327947897290317],[74.77238768464852,13.327869170442352],[74.77259028732345,13.327836884334054],[74.77258359364275,13.327585987286206],[74.77256735284449,13.327399691596629],[74.77256151742496,13.327350929625197],[74.77242033312793,13.326102677433889],[74.7724901513127,13.325064021426702],[74.77213246663771,13.32348736096601],[74.77207311227794,13.323225726603633],[74.7720636747005,13.323044144422472],[74.77206859826676,13.32300347601333],[74.77208327542608,13.322984349087514],[74.77271594818737,13.323068652724825],[74.7736051533988,13.323143614074116],[74.77415235679014,13.323189558612711],[74.77458962906695,13.323228227423673],[74.7746433737765,13.32323066776061],[74.7746678173137,13.323216334603769],[74.77467030037802,13.32317327134605],[74.77466547909242,13.32310388543079],[74.77457543145084,13.322730578421863],[74.77452923486689,13.322491289249538],[74.77450732229703,13.322409925923393],[74.7745171562137,13.322342944739052],[74.77455385997357,13.32228077357032],[74.77460276993263,13.32222818192835],[74.77489840740246,13.322197341866735],[74.77557267664764,13.322212293603906],[74.77566546200603,13.322267403295431],[74.77582659515112,13.322384777073696],[74.77593404993266,13.322427935583175],[74.77617591216588,13.322428149813769],[74.77651063909309,13.322397342331833],[74.77671585731844,13.322395130259412],[74.77694548472176,13.322416864827545],[74.77718000295395,13.322433817323247],[74.77741946137718,13.32239096278839],[74.77768828745373,13.322293106944134],[74.77812569520098,13.322181043325129],[74.77868270754298,13.322183921179409],[74.779674633178,13.322134542304738],[74.78070318122542,13.322109115645203],[74.78131149027813,13.322121603443062],[74.78180492188105,13.32219380134831],[74.78234502787322,13.322253359015976],[74.78399288130205,13.323159410961162],[74.78557828354289,13.324036941242113],[74.7855139863933,13.32410252865513],[74.78551863386599,13.324107565599183]]]},"properties":{"KGISWardID":3038,"KGISWardCo":"1605020","LGD_WardCo":31766,"KGISWardNo":"20","KGISWardNa":"Indrali","KGISTownCo":"1605","SHAPE_STAr":4364623.06222,"SHAPE_STLe":10822.4128347}},
{"type":"Feature","geometry":{"type":"Polygon","coordinates":[[[74.77191898739613,13.319991584319615],[74.77207157834977,13.320012972837072],[74.77209569608004,13.320016065291288],[74.77213887128444,13.320021594597609],[74.77226710532709,13.32003798871076],[74.77327859929841,13.320165861235877],[74.77559328634972,13.320717924827356],[74.77607574809905,13.320629834394305],[74.77610941999835,13.320623734221915],[74.77650083961905,13.320477663106864],[74.77647449540106,13.320354047989818],[74.77713464883266,13.319795134177902],[74.77730851211828,13.319794456606186],[74.77759034412117,13.319703977268416],[74.77806978776192,13.319398795996841],[74.77887679503495,13.31917920371024],[74.7792898753228,13.319074736842216],[74.77944980209966,13.319034252652726],[74.7796530886738,13.320003597888046],[74.78005340785643,13.319845607423078],[74.7808925439441,13.319720183654555],[74.78099691728171,13.319687351093314],[74.78272491597242,13.320023677635575],[74.78431624941331,13.32032409733587],[74.7846147441915,13.320386015567975],[74.78569466966407,13.320604407936587],[74.78561743269086,13.322949061169115],[74.7856168074698,13.322968058792604],[74.7863601499445,13.323204132248113],[74.7863677148127,13.323195974200821],[74.7864635440878,13.323237978250297],[74.78551863386599,13.324107565599183],[74.7855139863933,13.32410252865513],[74.78557828354289,13.324036941242113],[74.78399288130205,13.323159410961162],[74.78234502787322,13.322253359015976],[74.78180492188105,13.32219380134831],[74.78131149027813,13.322121603443062],[74.78070318122542,13.322109115645203],[74.779674633178,13.322134542304738],[74.77868270754298,13.322183921179409],[74.77812569520098,13.322181043325129],[74.77768828745373,13.322293106944134],[74.77741946137718,13.32239096278839],[74.77718000295395,13.322433817323247],[74.77694548472176,13.322416864827545],[74.77671585731844,13.322395130259412],[74.77651063909309,13.322397342331833],[74.77617591216588,13.322428149813769],[74.77593404993266,13.322427935583175],[74.77582659515112,13.322384777073696],[74.77566546200603,13.322267403295431],[74.77557267664764,13.322212293603906],[74.77489840740246,13.322197341866735],[74.77460276993263,13.32222818192835],[74.77455385997357,13.32228077357032],[74.7745171562137,13.322342944739052],[74.77450732229703,13.322409925923393],[74.77452923486689,13.322491289249538],[74.77457543145084,13.322730578421863],[74.77466547909242,13.32310388543079],[74.77467030037802,13.32317327134605],[74.7746678173137,13.323216334603769],[74.7746433737765,13.32323066776061],[74.77458962906695,13.323228227423673],[74.77415235679014,13.323189558612711],[74.7736051533988,13.323143614074116],[74.77271594818737,13.323068652724825],[74.77208327542608,13.322984349087514],[74.77206859826676,13.32300347601333],[74.7720636747005,13.323044144422472],[74.77207311227794,13.323225726603633],[74.77213246663771,13.32348736096601],[74.77192139885078,13.323432494607184],[74.77158799242476,13.323356831683945],[74.77092843954622,13.323277285327608],[74.77041911155071,13.32322299481418],[74.7697471429543,13.323194316796048],[74.76991143199632,13.322991844907149],[74.77047973432785,13.322683728682897],[74.77053840810662,13.322640717168715],[74.77056409370924,13.322604853709622],[74.77054946923259,13.322568952918086],[74.77016869144875,13.322209736383849],[74.7701101091896,13.32215585288981],[74.77009182678545,13.322112771787488],[74.77017985180929,13.322033899352114],[74.77054665322284,13.321668181957255],[74.77082911345573,13.321363395337782],[74.77105288342008,13.321115975786228],[74.77134268019374,13.320800429264342],[74.77153345882398,13.320563744562149],[74.77169120645121,13.32038086319673],[74.77179395145691,13.320233818081077],[74.77191898739613,13.319991584319615]]]},"properties":{"KGISWardID":3039,"KGISWardCo":"1605021","LGD_WardCo":31767,"KGISWardNo":"21","KGISWardNa":"Indiranagar","KGISTownCo":"1605","SHAPE_STAr":475814.849856,"SHAPE_STLe":4636.04645664}},
{"type":"Feature","geometry":{"type":"Polygon","coordinates":[[[74.7405920632961,13.321935567338077],[74.74071484585849,13.321608124310197],[74.74077421155152,13.32144969141345],[74.74080904314908,13.320084158774723],[74.74063109104942,13.319612637010382],[74.74050464923192,13.31962469158082],[74.74020804654413,13.31974447603456],[74.73982470781523,13.319604432632328],[74.73928640819764,13.319688840320046],[74.73883599823357,13.31951362665544],[74.73886370813442,13.319414273663822],[74.73910781485026,13.31854321708423],[74.73923325127795,13.318228708061396],[74.73934912392228,13.317554785026491],[74.73942503094831,13.317328236619582],[74.73943813637918,13.31728631317679],[74.7394530383034,13.317238639699136],[74.73946347632739,13.317205237798019],[74.73947076237707,13.317143069661926],[74.73928620310548,13.31707428456691],[74.73935045359757,13.317056814563438],[74.7394004085461,13.31704323077234],[74.73942616046158,13.317036226718809],[74.73944955811004,13.31702986316298],[74.73946136244835,13.316969896966697],[74.73955764609921,13.316480058035552],[74.73946086707616,13.316487734354336],[74.739423473542,13.316490700789164],[74.73933471710804,13.31649774056587],[74.73889664369834,13.31572929431829],[74.73887318644954,13.31520385370287],[74.73874754312887,13.315194900933209],[74.73871872519476,13.314575803427328],[74.73866091601501,13.313359201424802],[74.7389199958525,13.313704185338132],[74.73896777970855,13.313767884880463],[74.7391871450774,13.314060631298144],[74.7392657672219,13.314066466592394],[74.74039340419702,13.314150256393825],[74.74036348944011,13.313723921277575],[74.74389990161396,13.313781656757508],[74.74400586924116,13.31343654041967],[74.7443484240837,13.313625073390385],[74.7443719625747,13.31363804943147],[74.74533287244114,13.313914561297752],[74.7455014497376,13.314001503059448],[74.74597747186965,13.31424968290208],[74.74624508063475,13.31439181138712],[74.74665081946169,13.314680261607045],[74.74669321554177,13.314710744274398],[74.74789537694652,13.315614287405662],[74.74791530637175,13.315629196426544],[74.74812210508189,13.315783243810676],[74.74859759884683,13.316241649946948],[74.74911988750665,13.316728382491723],[74.74919150560534,13.31677712945051],[74.74945024488328,13.31695247130518],[74.74956494417714,13.317029880804734],[74.75138682009964,13.317975207942233],[74.75153538171882,13.318052114397672],[74.75246437000577,13.318529338078454],[74.7525382485973,13.318567309557174],[74.75279552535697,13.318699571263563],[74.75458109391619,13.318659764854342],[74.75474078753432,13.318650819736842],[74.75505933813565,13.318632986264559],[74.75522649643526,13.318623627567801],[74.75541798142471,13.317694381577574],[74.7554639387261,13.317759703959348],[74.75561902209705,13.317980246827634],[74.75555305067175,13.318120761311564],[74.75563163145856,13.318149356721776],[74.75555045141444,13.318226622027762],[74.75620771581677,13.318520688437916],[74.75625638514961,13.318225425105572],[74.75673355742488,13.318777270366224],[74.75693562809766,13.319011436447541],[74.7568980065673,13.31906036694676],[74.75671257059213,13.319301576750592],[74.75860008596827,13.31977806883709],[74.75928405988697,13.319085412203558],[74.7593349017758,13.319281844586088],[74.75946538254193,13.319852919294823],[74.75948367357647,13.319902944820427],[74.75949545467856,13.31990563072616],[74.75964930965971,13.320099795082587],[74.76034806365797,13.320273908996834],[74.76155867843784,13.320591153572128],[74.76211792632434,13.32068392344191],[74.7627745630187,13.32041952695052],[74.76361501019416,13.320088504430984],[74.76446379954206,13.319754478408404],[74.76512151365407,13.319504208248498],[74.76604532560381,13.31916125083098],[74.76895171787662,13.320096004930962],[74.76898574663686,13.320085632578822],[74.77012435528869,13.31974599964686],[74.7714177068065,13.319921249199295],[74.77146825433023,13.31992837943502],[74.77150035581256,13.31993290331249],[74.77191898739613,13.319991584319615],[74.77179395145691,13.320233818081077],[74.77169120645121,13.32038086319673],[74.77153345882398,13.320563744562149],[74.77134268019374,13.320800429264342],[74.77105288342008,13.321115975786228],[74.77082911345573,13.321363395337782],[74.77054665322284,13.321668181957255],[74.77017985180929,13.322033899352114],[74.77009182678545,13.322112771787488],[74.77005809738047,13.321952550164848],[74.770014176848,13.321895090987686],[74.76993607831488,13.321811283763553],[74.7697798972438,13.321626920878852],[74.76947225098108,13.321440028710537],[74.76915477800709,13.321310546638994],[74.76907659828443,13.321312868177664],[74.76881854699354,13.321416944969759],[74.7682727780048,13.32163116889303],[74.76802845320402,13.321906207132866],[74.76774561685468,13.321937897268583],[74.76771676982356,13.322202665595135],[74.76764375816754,13.322228827243867],[74.76759481462446,13.322246365441645],[74.76715517407081,13.322205934552308],[74.76666177538388,13.322057145172689],[74.7661628474386,13.32200344619721],[74.7661494849002,13.321656076451271],[74.76435591345975,13.321530766769632],[74.76446604608213,13.322449475014121],[74.76400766129235,13.322482749573826],[74.76376667421783,13.322359143443013],[74.76322758679368,13.322276064103272],[74.763213014819,13.321919537696632],[74.76321266398664,13.32191094797368],[74.76314675742265,13.321905525251687],[74.76263860201145,13.321907443349074],[74.7619642563971,13.321973801925987],[74.76174925177158,13.321990346833715],[74.76162711110744,13.321978269978365],[74.76149764321505,13.321963793557574],[74.76143656937965,13.321961343557971],[74.76139257354237,13.321982834932003],[74.7613461157443,13.322023463170167],[74.76130639476948,13.322046154858993],[74.7612238912167,13.32209691738667],[74.76114752294649,13.322120769991935],[74.76104675590005,13.322111703290583],[74.7602376467184,13.321958420250068],[74.75978883430369,13.321859306181757],[74.75973996232325,13.321871222158169],[74.75971242761173,13.321922036198918],[74.7596634661409,13.322023670956119],[74.75962059490736,13.322143253435602],[74.75958388975457,13.322203030666198],[74.75951669759397,13.322211938922608],[74.75911368876373,13.322115858270033],[74.75863435124309,13.322004750988343],[74.7576451049143,13.321815400866623],[74.75649082339407,13.32175747485436],[74.7563259240803,13.321751336003356],[74.75628624754299,13.32172737259235],[74.75626803919758,13.321613712729388],[74.7562314120733,13.321595733796034],[74.75610010743121,13.321586635818532],[74.75576728461988,13.321544447707598],[74.75571840144246,13.321568326014779],[74.75566646796217,13.321586218914234],[74.75556875490523,13.32157715298402],[74.75553213292055,13.321553193301193],[74.7555291394418,13.321493378449201],[74.75552307442577,13.321451504411526],[74.75548949397725,13.32143950986429],[74.75528184789925,13.321427346709616],[74.75520247594908,13.321400355448116],[74.75491238041738,13.321385122164006],[74.75436575686655,13.321378613310753],[74.75434433719956,13.321420460784253],[74.75436239773732,13.321680660214074],[74.75432268914382,13.321689593681795],[74.75396448607357,13.321681471272635],[74.75262693355597,13.32166820858524],[74.75222993913808,13.321667822412133],[74.75099015090218,13.321612778299894],[74.75074892780414,13.32158562687793],[74.75034578973856,13.321621116548403],[74.74993050625245,13.321587811594839],[74.74916404239242,13.321548178634927],[74.74908462889985,13.321563052706246],[74.74893797806043,13.321628701244986],[74.74880970042581,13.321646518139769],[74.74827228982282,13.321589164312607],[74.74775009009755,13.321588646075858],[74.74668738638965,13.321569644359501],[74.74580485117315,13.321556800182968],[74.74566746498168,13.321523766318789],[74.74482182579507,13.321271707976248],[74.74422335783115,13.32119933171176],[74.74408293963033,13.321145358954793],[74.7438723816448,13.320998608075193],[74.74376854028753,13.321010466420535],[74.74325099075305,13.32116173585905],[74.7432369882033,13.321165177709158],[74.74317034470722,13.32118155754991],[74.74313132016579,13.321717314272236],[74.74321262402572,13.321711307351157],[74.74327778513015,13.321738368449235],[74.74323402207264,13.322232076792247],[74.74331423870193,13.322377309356149],[74.74330156007487,13.322529743407394],[74.74329548775353,13.322602753811818],[74.74193421204463,13.322718928753039],[74.74186132440788,13.322573208601046],[74.74171269956149,13.322306479139245],[74.7414850576893,13.322057528811284],[74.74126334828934,13.322165372410172],[74.74089641760078,13.321832829017834],[74.74078201642882,13.321871452637208],[74.74072652511265,13.32189018429375],[74.7406442422935,13.321917956299211],[74.7405920632961,13.321935567338077]]]},"properties":{"KGISWardID":3040,"KGISWardCo":"1605022","LGD_WardCo":31768,"KGISWardNo":"22","KGISWardNa":"Badagubettu","KGISTownCo":"1605","SHAPE_STAr":1520638.73201,"SHAPE_STLe":9753.29842941}},
{"type":"Feature","geometry":{"type":"Polygon","coordinates":[[[74.7697471429543,13.323194316796048],[74.76974266405453,13.323199836750836],[74.76959226992065,13.323354015601605],[74.76955554641441,13.323436523323219],[74.76948791033435,13.323698757310096],[74.76945115919668,13.32380937607363],[74.76942354979742,13.323940937247333],[74.76940201725326,13.324105400271316],[74.76939883056029,13.324245956417476],[74.76939869176246,13.32439249508485],[74.7694350380108,13.324709531026297],[74.7695110467456,13.325065481770654],[74.76952916144323,13.325286801559093],[74.76951983655833,13.325457258124636],[74.76954709596379,13.325696530894996],[74.76954681568182,13.325992599428238],[74.76953151759928,13.32602249244498],[74.76948569314538,13.326040393712706],[74.76844136754384,13.326067196192989],[74.76794884010961,13.326068660695617],[74.76738395229452,13.326115993438021],[74.76729795513275,13.326115913711204],[74.76719439980889,13.326083281415281],[74.76681336955804,13.325987232118191],[74.76678208679425,13.325998687252312],[74.76676446359178,13.326033122681146],[74.76667620991127,13.326348848999368],[74.76661142433132,13.32664928532582],[74.76658978413957,13.326796640590606],[74.76667518343032,13.327420678598168],[74.76671136837291,13.327646442289156],[74.76675383307406,13.327948531566923],[74.76679928936977,13.328316417123098],[74.76684588170069,13.328772823556426],[74.76686509915938,13.329114967432943],[74.7669039732726,13.329339895311335],[74.76694774774437,13.329550473747148],[74.76694037990168,13.329591138871873],[74.76692567994643,13.329634189886004],[74.76688169005446,13.329648504318577],[74.76666181070787,13.329645909617026],[74.76620738275577,13.329652669246864],[74.76596310475153,13.329616557443659],[74.7656773538628,13.329518201616011],[74.76543554702413,13.32945338101145],[74.76512041912284,13.329417202905667],[74.76462937216162,13.329395215244288],[74.76428857623087,13.32937528141658],[74.76383905529822,13.329361465352166],[74.76371398233398,13.329346037408078],[74.76364753672007,13.329338319320225],[74.76331936442769,13.329150443020582],[74.76327054188583,13.32910828966493],[74.7632490325662,13.329117839188916],[74.76323530519733,13.329165676134929],[74.76316407110015,13.329389363342452],[74.76272290773761,13.329232579852086],[74.76233844510512,13.329093883804502],[74.76240751775882,13.328777039844269],[74.76212018060585,13.328726465011616],[74.76201074563068,13.32870716717389],[74.76182069139173,13.328673569922392],[74.76169983769813,13.329240153675483],[74.76121124026245,13.329175877570684],[74.7605423566059,13.329252221778924],[74.76039697734426,13.328425984043454],[74.75913464283882,13.328412137013933],[74.7581726004451,13.328553753202993],[74.75763206164736,13.328635047900903],[74.75700316223202,13.328845063307075],[74.75587065886182,13.329116605142755],[74.7562082166335,13.32797458181087],[74.75517954042375,13.327980650133615],[74.75512255134984,13.32646538341675],[74.75479854831904,13.325155643289374],[74.75457948999926,13.32524698332688],[74.75457413338403,13.325332324967993],[74.7539602444342,13.325663272589068],[74.75385094637845,13.32542934429844],[74.7534761654457,13.32566081993],[74.75338572944594,13.32662183922522],[74.75352009786616,13.327111290808988],[74.75367118233103,13.328113846645092],[74.75349060683054,13.328113591748291],[74.75267212236054,13.327985137420855],[74.75221169098339,13.32773338979133],[74.75225025902982,13.327616814708893],[74.75243788870768,13.327049680556003],[74.75240072616708,13.327016530093811],[74.75221652990038,13.326852217023685],[74.75219371641585,13.326856467291172],[74.75217498682767,13.32708037255439],[74.75114987659238,13.326867317828574],[74.75099548708695,13.326728930570102],[74.7509002847926,13.32672696357062],[74.75026440396701,13.326391715308421],[74.75035084214694,13.325758280025155],[74.74978897035679,13.32550956419114],[74.74940957006177,13.326315577587186],[74.74740230353835,13.325844000374483],[74.7473904559126,13.325841216182104],[74.7472914179766,13.325835155945187],[74.74722602692833,13.325044516647456],[74.74725808631105,13.324808700833369],[74.74731559061514,13.324602390401399],[74.74729583880419,13.324379231199284],[74.7470849411916,13.324238416231973],[74.74669278010879,13.324212418946676],[74.74668791576342,13.323779398418448],[74.7467419239393,13.323771531149744],[74.74706100541073,13.323725056589462],[74.74706753491812,13.323634876809992],[74.74709645113539,13.323235485177365],[74.74661982122953,13.323289972426634],[74.74623575618305,13.323246869779354],[74.74620560532696,13.323062130335325],[74.74627874580226,13.323060905851984],[74.74639453785758,13.323058967105203],[74.74640629439978,13.322963773121142],[74.74646954395674,13.322451637998073],[74.7459345077904,13.322424585405914],[74.74565444461844,13.322317770044314],[74.74558853365583,13.322521046108493],[74.74576220517015,13.322546460149997],[74.7457155766858,13.32267282182449],[74.74553099677313,13.322683421777672],[74.74548589284298,13.32305689499802],[74.74526168483978,13.323401132579905],[74.74533911778853,13.323547649363876],[74.74521650856282,13.32373819819896],[74.74505230854767,13.323629463871047],[74.74504614385486,13.323625379553992],[74.74491182764709,13.323873542844662],[74.74486419155382,13.323961553567047],[74.74467003539179,13.323778436779946],[74.744767487547,13.32333122761258],[74.74449818557626,13.32320685510466],[74.74364018101109,13.322926597862484],[74.74351202142002,13.322774403147802],[74.74329548775353,13.322602753811818],[74.74330156007487,13.322529743407394],[74.74331423870193,13.322377309356149],[74.74323402207264,13.322232076792247],[74.74327778513015,13.321738368449235],[74.74321262402572,13.321711307351157],[74.74313132016579,13.321717314272236],[74.74317034470722,13.32118155754991],[74.7432369882033,13.321165177709158],[74.74325099075305,13.32116173585905],[74.74376854028753,13.321010466420535],[74.7438723816448,13.320998608075193],[74.74408293963033,13.321145358954793],[74.74422335783115,13.32119933171176],[74.74482182579507,13.321271707976248],[74.74566746498168,13.321523766318789],[74.74580485117315,13.321556800182968],[74.74668738638965,13.321569644359501],[74.74775009009755,13.321588646075858],[74.74827228982282,13.321589164312607],[74.74880970042581,13.321646518139769],[74.74893797806043,13.321628701244986],[74.74908462889985,13.321563052706246],[74.74916404239242,13.321548178634927],[74.74993050625245,13.321587811594839],[74.75034578973856,13.321621116548403],[74.75074892780414,13.32158562687793],[74.75099015090218,13.321612778299894],[74.75222993913808,13.321667822412133],[74.75262693355597,13.32166820858524],[74.75396448607357,13.321681471272635],[74.75432268914382,13.321689593681795],[74.75436239773732,13.321680660214074],[74.75434433719956,13.321420460784253],[74.75436575686655,13.321378613310753],[74.75491238041738,13.321385122164006],[74.75520247594908,13.321400355448116],[74.75528184789925,13.321427346709616],[74.75548949397725,13.32143950986429],[74.75552307442577,13.321451504411526],[74.7555291394418,13.321493378449201],[74.75553213292055,13.321553193301193],[74.75556875490523,13.32157715298402],[74.75566646796217,13.321586218914234],[74.75571840144246,13.321568326014779],[74.75576728461988,13.321544447707598],[74.75610010743121,13.321586635818532],[74.7562314120733,13.321595733796034],[74.75626803919758,13.321613712729388],[74.75628624754299,13.32172737259235],[74.7563259240803,13.321751336003356],[74.75649082339407,13.32175747485436],[74.7576451049143,13.321815400866623],[74.75863435124309,13.322004750988343],[74.75911368876373,13.322115858270033],[74.75951669759397,13.322211938922608],[74.75958388975457,13.322203030666198],[74.75962059490736,13.322143253435602],[74.7596634661409,13.322023670956119],[74.75971242761173,13.321922036198918],[74.75973996232325,13.321871222158169],[74.75978883430369,13.321859306181757],[74.7602376467184,13.321958420250068],[74.76104675590005,13.322111703290583],[74.76114752294649,13.322120769991935],[74.7612238912167,13.32209691738667],[74.76130639476948,13.322046154858993],[74.7613461157443,13.322023463170167],[74.76139257354237,13.321982834932003],[74.76143656937965,13.321961343557971],[74.76149764321505,13.321963793557574],[74.76162711110744,13.321978269978365],[74.76174925177158,13.321990346833715],[74.7619642563971,13.321973801925987],[74.76263860201145,13.321907443349074],[74.76314675742265,13.321905525251687],[74.76321266398664,13.32191094797368],[74.763213014819,13.321919537696632],[74.76322758679368,13.322276064103272],[74.76376667421783,13.322359143443013],[74.76400766129235,13.322482749573826],[74.76446604608213,13.322449475014121],[74.76435591345975,13.321530766769632],[74.7661494849002,13.321656076451271],[74.7661628474386,13.32200344619721],[74.76666177538388,13.322057145172689],[74.76715517407081,13.322205934552308],[74.76759481462446,13.322246365441645],[74.76764375816754,13.322228827243867],[74.76771676982356,13.322202665595135],[74.76774561685468,13.321937897268583],[74.76802845320402,13.321906207132866],[74.7682727780048,13.32163116889303],[74.76881854699354,13.321416944969759],[74.76907659828443,13.321312868177664],[74.76915477800709,13.321310546638994],[74.76947225098108,13.321440028710537],[74.7697798972438,13.321626920878852],[74.76993607831488,13.321811283763553],[74.770014176848,13.321895090987686],[74.77005809738047,13.321952550164848],[74.77009182678545,13.322112771787488],[74.7701101091896,13.32215585288981],[74.77016869144875,13.322209736383849],[74.77054946923259,13.322568952918086],[74.77056409370924,13.322604853709622],[74.77053840810662,13.322640717168715],[74.77047973432785,13.322683728682897],[74.76991143199632,13.322991844907149],[74.7697471429543,13.323194316796048]]]},"properties":{"KGISWardID":3041,"KGISWardCo":"1605023","LGD_WardCo":31769,"KGISWardNo":"23","KGISWardNa":"Chitpadi","KGISTownCo":"1605","SHAPE_STAr":1670644.33285,"SHAPE_STLe":9353.87078524}},
{"type":"Feature","geometry":{"type":"Polygon","coordinates":[[[74.77213246663771,13.32348736096601],[74.7724901513127,13.325064021426702],[74.77242033312793,13.326102677433889],[74.77256151742496,13.327350929625197],[74.77256735284449,13.327399691596629],[74.77258359364275,13.327585987286206],[74.77259028732345,13.327836884334054],[74.77238768464852,13.327869170442352],[74.77225351433974,13.327947897290317],[74.77211784604053,13.328424263215346],[74.77146423736733,13.328635307941585],[74.77131599963542,13.328689379204752],[74.7712595066211,13.328605485158816],[74.77086825923374,13.328606365616002],[74.7708265495573,13.328606971776104],[74.77073291457341,13.328717275269193],[74.77079035356574,13.328898584279829],[74.77076369754977,13.329009181558398],[74.77076220396704,13.329079286998585],[74.77077433792762,13.329484393862447],[74.770769680369,13.329796141550847],[74.77079936496703,13.32987891012138],[74.7708583547881,13.330043384424485],[74.77086032753994,13.330225363092637],[74.77082096968235,13.330399269340736],[74.77089338443436,13.330527820276549],[74.7709359825496,13.33060392989434],[74.77095406891664,13.330636345208628],[74.77103682400943,13.330785406409548],[74.77098676442776,13.330936392242323],[74.77102038767502,13.331189706169193],[74.77101207195408,13.331673090098176],[74.77110199307883,13.331966308357911],[74.77086603417409,13.332920864408681],[74.7708382065655,13.333218032796266],[74.77066348873902,13.333416686935628],[74.77063704857923,13.333509263715245],[74.77057223222621,13.333891338554155],[74.77060294114514,13.33413779388131],[74.77059487390856,13.33417836623971],[74.77055417798633,13.334382730549624],[74.7705710893928,13.334606721976876],[74.77049499525326,13.335004263556309],[74.76998788930932,13.335066402199297],[74.769923100375,13.335176786605935],[74.76980816767977,13.335412059124458],[74.76978454433744,13.335416763252875],[74.76971075579176,13.335431455306868],[74.76969663310334,13.335413039362107],[74.76959131654927,13.335275793797106],[74.76956678027274,13.335279201298098],[74.7691507589833,13.335336758708253],[74.76900535474977,13.33542922971572],[74.76884702987938,13.335566630569119],[74.76835504226987,13.33556185407544],[74.76804447480781,13.335678874808556],[74.76786437717449,13.335856866413973],[74.76790569637046,13.33605679401442],[74.76779575904548,13.336306320078538],[74.76772027135848,13.336368063997822],[74.76766230609613,13.336343947240177],[74.76759411524145,13.336347610245477],[74.76752224094079,13.336303893036083],[74.767332833766,13.336329145734322],[74.76715431655369,13.336256735757498],[74.76709624604335,13.336148784753815],[74.76686571731345,13.336028955421169],[74.76657538555455,13.336175303909895],[74.76657789603554,13.336298749623444],[74.7665259572809,13.336319635912401],[74.76643738072434,13.336331516575783],[74.76594262045985,13.336346013962993],[74.76582962486293,13.336342918442694],[74.76554551522955,13.336435365137886],[74.76542943127534,13.336468154109033],[74.7651409274459,13.336423217631438],[74.76528282783376,13.33748729268924],[74.76528457338097,13.337500383194824],[74.76533475063881,13.337876644563492],[74.76553983458616,13.337979325438651],[74.76554567214545,13.337982485732198],[74.76566702589625,13.338540922447864],[74.76583014306406,13.338674245213832],[74.76602257219386,13.338950895427697],[74.7660591600777,13.339013133731605],[74.76609082534888,13.339113646726585],[74.76610540869603,13.339192612175692],[74.76617862462683,13.339276416028593],[74.76627374033679,13.339453547773857],[74.76627369204752,13.33950378916988],[74.7662614301185,13.339551627591344],[74.76623205399855,13.339611412441167],[74.76620508581117,13.339707086120297],[74.76620245013726,13.33990805215913],[74.76619991934886,13.339998964024451],[74.76620944442847,13.340257359668211],[74.76621171896352,13.340432013196269],[74.76620427242474,13.34055402189353],[74.76617479861292,13.340714290415123],[74.76612327492609,13.340939135758086],[74.76606440025772,13.341185506992145],[74.76597121390546,13.341541899888984],[74.76588788655029,13.341807387657214],[74.76584367410868,13.342051378828213],[74.76580663183005,13.34246045842649],[74.76575969822856,13.342991544401873],[74.76573250121335,13.343324072796465],[74.765715366909,13.343357551848726],[74.76567381232731,13.343376654413197],[74.76561518108598,13.343369421449578],[74.76554192261085,13.343328681869828],[74.76514147466769,13.343072316168287],[74.76504136838584,13.343039245758616],[74.76501038217565,13.343040557125923],[74.76477473055353,13.342893799164822],[74.7644949407159,13.34271960692538],[74.76271998342425,13.34257975965681],[74.76257090237897,13.342330269418227],[74.76217554607285,13.341662697716542],[74.76211900556713,13.341366157733434],[74.76200937977458,13.341164310635973],[74.76191736228579,13.340994306583042],[74.76170702283068,13.340752445261494],[74.7613794208479,13.340398540209524],[74.76103906696466,13.339686057827857],[74.76084538141524,13.339126036303732],[74.76134109768438,13.338750214333652],[74.76133137692231,13.33872286094407],[74.7612721867724,13.338556305567261],[74.76127117473138,13.338553458064542],[74.76121206754051,13.338387136045009],[74.76135587540398,13.338290740980714],[74.76168778106717,13.33806826168414],[74.76168319803311,13.338058960877387],[74.76141106703398,13.33750673017399],[74.7615382323033,13.337103535709494],[74.76171268586684,13.336816343643225],[74.76181229220356,13.336789196939],[74.761944398332,13.33675319201042],[74.76195013439742,13.336728829003642],[74.76207732522876,13.336188646254056],[74.76208691527587,13.33607206964441],[74.7612984306209,13.33601279374789],[74.76030330942402,13.336050470068177],[74.76017756227024,13.335822128939386],[74.76014186262299,13.335757303609288],[74.76004302616025,13.335731598413295],[74.7599422902851,13.334904920162527],[74.75992656831045,13.334775898125946],[74.76005309028858,13.334565251907552],[74.75992519797916,13.334524201344562],[74.75991768810691,13.334171291569998],[74.76003256759788,13.334193681663386],[74.76017101517304,13.334220664020513],[74.76016336663409,13.334122322383475],[74.76010650974621,13.333391281039495],[74.76025794272287,13.332982424162848],[74.76032598032494,13.33297691289334],[74.76036827341909,13.332973486885983],[74.76038245922888,13.332884754439808],[74.76042359876358,13.332627420933548],[74.7604240642468,13.332624514237683],[74.76055348528207,13.331814969781409],[74.76061775812401,13.331833615297006],[74.76098260466294,13.331939454358922],[74.76102360706732,13.331860406230152],[74.76108823297886,13.331735817428514],[74.76110057843414,13.331667462985608],[74.76103842930397,13.33137811958793],[74.76132088113764,13.330277106256489],[74.76120862079856,13.330155338580761],[74.76110799721656,13.329996743015984],[74.76103789614575,13.32985611901709],[74.76102267606962,13.329805264615338],[74.76102270543721,13.329775358666573],[74.76106550105574,13.329733530777323],[74.76138018546109,13.329599250421158],[74.7616215233079,13.329518730277337],[74.76174677993056,13.329470999060979],[74.76182317387904,13.329423221023447],[74.7618904186265,13.329363472167337],[74.7619393397494,13.329303706104591],[74.76195283791428,13.329272394936213],[74.76169983769813,13.329240153675483],[74.76182069139173,13.328673569922392],[74.76201074563068,13.32870716717389],[74.76212018060585,13.328726465011616],[74.76240751775882,13.328777039844269],[74.76233844510512,13.329093883804502],[74.76272290773761,13.329232579852086],[74.76316407110015,13.329389363342452],[74.76323530519733,13.329165676134929],[74.7632490325662,13.329117839188916],[74.76327054188583,13.32910828966493],[74.76331936442769,13.329150443020582],[74.76364753672007,13.329338319320225],[74.76371398233398,13.329346037408078],[74.76383905529822,13.329361465352166],[74.76428857623087,13.32937528141658],[74.76462937216162,13.329395215244288],[74.76512041912284,13.329417202905667],[74.76543554702413,13.32945338101145],[74.7656773538628,13.329518201616011],[74.76596310475153,13.329616557443659],[74.76620738275577,13.329652669246864],[74.76666181070787,13.329645909617026],[74.76688169005446,13.329648504318577],[74.76692567994643,13.329634189886004],[74.76694037990168,13.329591138871873],[74.76694774774437,13.329550473747148],[74.7669039732726,13.329339895311335],[74.76686509915938,13.329114967432943],[74.76684588170069,13.328772823556426],[74.76679928936977,13.328316417123098],[74.76675383307406,13.327948531566923],[74.76671136837291,13.327646442289156],[74.76667518343032,13.327420678598168],[74.76658978413957,13.326796640590606],[74.76661142433132,13.32664928532582],[74.76667620991127,13.326348848999368],[74.76676446359178,13.326033122681146],[74.76678208679425,13.325998687252312],[74.76681336955804,13.325987232118191],[74.76719439980889,13.326083281415281],[74.76729795513275,13.326115913711204],[74.76738395229452,13.326115993438021],[74.76794884010961,13.326068660695617],[74.76844136754384,13.326067196192989],[74.76948569314538,13.326040393712706],[74.76953151759928,13.32602249244498],[74.76954681568182,13.325992599428238],[74.76954709596379,13.325696530894996],[74.76951983655833,13.325457258124636],[74.76952916144323,13.325286801559093],[74.7695110467456,13.325065481770654],[74.7694350380108,13.324709531026297],[74.76939869176246,13.32439249508485],[74.76939883056029,13.324245956417476],[74.76940201725326,13.324105400271316],[74.76942354979742,13.323940937247333],[74.76945115919668,13.32380937607363],[74.76948791033435,13.323698757310096],[74.76955554641441,13.323436523323219],[74.76959226992065,13.323354015601605],[74.76974266405453,13.323199836750836],[74.7697471429543,13.323194316796048],[74.77041911155071,13.32322299481418],[74.77092843954622,13.323277285327608],[74.77158799242476,13.323356831683945],[74.77192139885078,13.323432494607184],[74.77213246663771,13.32348736096601]]]},"properties":{"KGISWardID":3042,"KGISWardCo":"1605024","LGD_WardCo":31770,"KGISWardNo":"24","KGISWardNa":"Kasturba Nagar","KGISTownCo":"1605","SHAPE_STAr":1441810.29686,"SHAPE_STLe":7388.11276489}},
{"type":"Feature","geometry":{"type":"Polygon","coordinates":[[[74.76487385407955,13.345801562693369],[74.7648339037887,13.345809390717902],[74.76440770776242,13.345898952430124],[74.76353374998023,13.346143128136253],[74.76307623844659,13.346274765232414],[74.76292961144905,13.346305252048841],[74.76282209070396,13.346320462967942],[74.76270872006329,13.346322271140068],[74.76261099361056,13.346317394396376],[74.76218101341418,13.346276797865265],[74.7612878364109,13.346184086586716],[74.76070734131797,13.346152916252567],[74.75978479306347,13.346113763567656],[74.75902448354682,13.34607093506989],[74.75816645098078,13.34602035397835],[74.75801009937244,13.34600106561983],[74.757189316406,13.345839505947554],[74.75690792236772,13.345766506416252],[74.75669885943582,13.345684003723742],[74.75651715621927,13.345607269969799],[74.75640382427898,13.345570795266864],[74.75628069753932,13.345555365421315],[74.75609892157254,13.345551362941222],[74.75539917162651,13.345544946781306],[74.7545743305603,13.345532665688054],[74.75345630711897,13.345510525559222],[74.75286405804358,13.345508036390205],[74.75231090111183,13.345505582229068],[74.75202358658211,13.345489989839706],[74.75189882692288,13.345464317566744],[74.75180862359437,13.345445756552918],[74.75154895567093,13.345369199723562],[74.75135513468943,13.344863178877082],[74.75127917495539,13.344598975926212],[74.75115841442192,13.344183523808962],[74.75106891757673,13.34377767280086],[74.75103971412858,13.343664719038571],[74.75103405417084,13.343465659548482],[74.75107749383724,13.343036971340224],[74.75109730469424,13.342778604242119],[74.75112483231416,13.342619770781402],[74.751173945412,13.342376743922497],[74.75126613118577,13.342064855316602],[74.75136631545416,13.341576889142612],[74.75147613405346,13.34122291087954],[74.75149376640819,13.34118273469098],[74.75154069211231,13.3411674691786],[74.75159933554723,13.341161784708872],[74.75167166138633,13.341156113625424],[74.75173619397849,13.341125552917763],[74.7518105108944,13.341083517921428],[74.75186722767954,13.341051036157657],[74.75194348577398,13.34102240114601],[74.75200214283255,13.341003317566196],[74.7520764196055,13.34100147682682],[74.75219563980653,13.341011163839653],[74.75227967944726,13.341018901249983],[74.75234222194526,13.341022790893723],[74.75242238494093,13.340997987199055],[74.75245954768296,13.340973142409517],[74.75250064460589,13.340923418574905],[74.75252415026127,13.34087367756568],[74.75254574089541,13.340785656392168],[74.75257128229539,13.340655530416315],[74.7525615720212,13.340594274044065],[74.75254791886323,13.340565550192554],[74.75247953416634,13.340540602379878],[74.75235251114601,13.340515596385526],[74.75186983688535,13.340409855627563],[74.75183858869829,13.340384943074403],[74.75181711896536,13.340354299067299],[74.7518171580364,13.34031601900457],[74.75186100054376,13.340089614862993],[74.75198671987783,13.33959628856875],[74.75206960846043,13.339174697095924],[74.75209744858253,13.338827816165905],[74.75213540554822,13.338381297832047],[74.75215493059224,13.337923396971364],[74.7521681541263,13.337893265233909],[74.75222532691348,13.337891885159982],[74.75227076503343,13.33789767056708],[74.75256243091779,13.337949634424877],[74.75306075571929,13.338037684021785],[74.75319560292685,13.338055041056913],[74.75339497395758,13.338049493061224],[74.75345948994065,13.33803520096714],[74.7534756344441,13.338016555851405],[74.75348154085397,13.337973497144167],[74.75344517999645,13.337690670564102],[74.75344378783282,13.337617460099228],[74.75345114116674,13.337594500445155],[74.75379858544167,13.337574740298418],[74.75411088594788,13.33751523136594],[74.75477550400102,13.337448885062972],[74.75482927902954,13.337425012653627],[74.75485864077568,13.337381976579458],[74.7548638424361,13.337068567321152],[74.75483965198288,13.33682929636212],[74.75498313214628,13.336611479568198],[74.7552876417807,13.336281612680034],[74.75551516945679,13.335973202997634],[74.7556705561612,13.33572932076484],[74.7558687085784,13.335475909104556],[74.75599101166509,13.335332477660472],[74.75625264544128,13.335119798580449],[74.75635713829877,13.335025360589658],[74.75648006596317,13.334914265146631],[74.75670754445301,13.334651309550612],[74.7570230624088,13.334302311845258],[74.75722118598388,13.334075216057533],[74.75738511988494,13.333833732587019],[74.75754421836719,13.333539610322953],[74.75769594218873,13.333290938001044],[74.75776692543818,13.333159419731647],[74.75781596172949,13.332984816013619],[74.7578576984586,13.332781495663909],[74.75789198763448,13.33269539942891],[74.75794824415156,13.332630855933738],[74.75807297359636,13.332501780552244],[74.75816101722367,13.332410951186926],[74.75824171042017,13.332341645669905],[74.75831749796231,13.332291476428564],[74.75837615242854,13.332272392220867],[74.75871576475232,13.332258360577748],[74.75902360325041,13.3322562614145],[74.7591879177647,13.332243855700161],[74.75925819392579,13.332208035771066],[74.75930711922854,13.332145279927099],[74.75936540068503,13.331885153376659],[74.75941761314661,13.331586143201125],[74.7594573645778,13.331535340831],[74.76008644955812,13.33155986083013],[74.76048045673403,13.33150939300091],[74.76059348436341,13.33147660337104],[74.76067293668387,13.331425838260598],[74.76073410143718,13.33133916835273],[74.7608534449332,13.331094052424753],[74.7609392041539,13.330839932007708],[74.76106473467816,13.330514075750871],[74.76116270691928,13.330262957969556],[74.76118719068174,13.330209149713271],[74.76120862079856,13.330155338580761],[74.76132088113764,13.330277106256489],[74.76103842930397,13.33137811958793],[74.76110057843414,13.331667462985608],[74.76108823297886,13.331735817428514],[74.76102360706732,13.331860406230152],[74.76098260466294,13.331939454358922],[74.76061775812401,13.331833615297006],[74.76055348528207,13.331814969781409],[74.7604240642468,13.332624514237683],[74.76042359876358,13.332627420933548],[74.76038245922888,13.332884754439808],[74.76036827341909,13.332973486885983],[74.76032598032494,13.33297691289334],[74.76025794272287,13.332982424162848],[74.76010650974621,13.333391281039495],[74.76016336663409,13.334122322383475],[74.76017101517304,13.334220664020513],[74.76003256759788,13.334193681663386],[74.75991768810691,13.334171291569998],[74.75992519797916,13.334524201344562],[74.76005309028858,13.334565251907552],[74.75992656831045,13.334775898125946],[74.7599422902851,13.334904920162527],[74.76004302616025,13.335731598413295],[74.76014186262299,13.335757303609288],[74.76017756227024,13.335822128939386],[74.76030330942402,13.336050470068177],[74.7612984306209,13.33601279374789],[74.76208691527587,13.33607206964441],[74.76207732522876,13.336188646254056],[74.76195013439742,13.336728829003642],[74.761944398332,13.33675319201042],[74.76181229220356,13.336789196939],[74.76171268586684,13.336816343643225],[74.7615382323033,13.337103535709494],[74.76141106703398,13.33750673017399],[74.76168319803311,13.338058960877387],[74.76168778106717,13.33806826168414],[74.76135587540398,13.338290740980714],[74.76121206754051,13.338387136045009],[74.76127117473138,13.338553458064542],[74.7612721867724,13.338556305567261],[74.76133137692231,13.33872286094407],[74.76134109768438,13.338750214333652],[74.76084538141524,13.339126036303732],[74.76103906696466,13.339686057827857],[74.7613794208479,13.340398540209524],[74.76170702283068,13.340752445261494],[74.76191736228579,13.340994306583042],[74.76200937977458,13.341164310635973],[74.76211900556713,13.341366157733434],[74.76217554607285,13.341662697716542],[74.76257090237897,13.342330269418227],[74.76271998342425,13.34257975965681],[74.7644949407159,13.34271960692538],[74.76477473055353,13.342893799164822],[74.76501038217565,13.343040557125923],[74.76504136838584,13.343039245758616],[74.7650398552505,13.34305892244274],[74.76503496105529,13.343122924585696],[74.76489594035846,13.345442361876671],[74.76488701622237,13.345525387295],[74.76487385407955,13.345801562693369]]]},"properties":{"KGISWardID":3043,"KGISWardCo":"1605025","LGD_WardCo":31771,"KGISWardNo":"25","KGISWardNa":"Kunjibettu","KGISTownCo":"1605","SHAPE_STAr":1398322.90813,"SHAPE_STLe":6399.88521997}},
{"type":"Feature","geometry":{"type":"Polygon","coordinates":[[[74.76793889829068,13.345406467008312],[74.76788629604815,13.34567151238182],[74.76787641263874,13.34578634189883],[74.76787633769534,13.345864814549032],[74.76788790277315,13.346035169613632],[74.7679498849659,13.346628560139038],[74.76798482898002,13.346879323582865],[74.76807819661221,13.34735598994185],[74.76809173509642,13.347507206725998],[74.76808778867283,13.347545483235395],[74.76806430560147,13.347574171385524],[74.7677104524387,13.347640836185116],[74.76756967533204,13.347684729171942],[74.7674758544278,13.347682728839585],[74.76737227070144,13.347669235657586],[74.7672804349887,13.347634699788612],[74.76717489910395,13.347619291361019],[74.76712411179152,13.347584793139493],[74.76706170580877,13.347435444780727],[74.7670245875569,13.347414357233223],[74.76690335624504,13.347460181189089],[74.76689547129263,13.347529077063903],[74.76691880580435,13.347655421825237],[74.76699471011307,13.347996179591316],[74.76699467341037,13.348034458769495],[74.76696925081748,13.34804783443165],[74.76692624468967,13.348051621632312],[74.7666936543976,13.34803801040781],[74.76639855543098,13.347984146972898],[74.76629495783634,13.347984050563367],[74.76620306968807,13.348005020151561],[74.76610921091363,13.348041299390632],[74.76602710485207,13.348052706556583],[74.76593719096195,13.348052624440617],[74.76585314284604,13.348050633434918],[74.7658062129686,13.34806972922723],[74.76575927201367,13.348100309757744],[74.76562623104404,13.348230337699889],[74.76549127838595,13.348314426580922],[74.76531329816338,13.348425273615502],[74.76511971143724,13.348505481247077],[74.76488311833991,13.348587563111634],[74.76479320611303,13.348585565407305],[74.76473849606661,13.348564461200482],[74.76470530814713,13.348522322632826],[74.76457668437247,13.348126009389942],[74.76439947023506,13.347446382250922],[74.764366353043,13.347331512938858],[74.76432533442961,13.347302765170571],[74.76422174271067,13.347296926901567],[74.76371737108016,13.347373017439773],[74.76365872079451,13.347384445705783],[74.76363718844597,13.347416962906397],[74.76362541966463,13.347459059690115],[74.76363892094783,13.347644728188708],[74.7636853092979,13.348182599098891],[74.76372021094052,13.348473555570331],[74.7637356170481,13.348710904964783],[74.76376274642455,13.34895400539928],[74.76380352338762,13.349231570098693],[74.76382250869159,13.349306711163804],[74.76384439902084,13.34940865118815],[74.76384432786897,13.349481861120159],[74.76381481642497,13.349679930034593],[74.76380012488345,13.34971149692968],[74.76379278980292,13.349717232018005],[74.7637707938771,13.349722953440212],[74.76363005863155,13.349722822212906],[74.76355380888106,13.349741412790092],[74.76350099823132,13.349777250089797],[74.76345991690354,13.349811664201672],[74.7634071090195,13.349844631425562],[74.76333526045252,13.34986035417824],[74.76317045468905,13.349862562089251],[74.76269547066333,13.349863553685205],[74.76262215699546,13.349877839833875],[74.76256202837845,13.349900751201975],[74.76248870254321,13.349926521149257],[74.76242858605387,13.349937948647687],[74.76236261260486,13.349942193686173],[74.762299563196,13.349953618403509],[74.76222330485027,13.349980820551497],[74.76213237811814,13.350016622698865],[74.76204877243383,13.350061043669635],[74.76195051662091,13.3500954029355],[74.76179914227743,13.350106266199],[74.76168917464793,13.350124106547858],[74.76155479956073,13.350115008276086],[74.76124939305954,13.350105748855748],[74.76087373690096,13.350099414014291],[74.76006132759545,13.350101636427906],[74.75996055197722,13.350089578801112],[74.75992382871739,13.350164308377416],[74.75981044046168,13.350552977965298],[74.75977680756628,13.350588833556133],[74.75968213344125,13.350585752563758],[74.75868965615578,13.35045621474473],[74.75835374045532,13.350414025627169],[74.75828346388087,13.350443865429503],[74.75803248078098,13.350987913127511],[74.75783098568844,13.35090697474692],[74.75759592497154,13.350796098180732],[74.7574341792646,13.350670338176808],[74.75731819889695,13.350592471557091],[74.757138027577,13.350568374571752],[74.75687837802317,13.350612984019383],[74.75659434633431,13.35060673071322],[74.75613932405682,13.350558443587733],[74.75496378402612,13.35024628825459],[74.75483860588258,13.350204299080751],[74.75475925785605,13.35014440956724],[74.75439614281527,13.349818084052467],[74.75429550372041,13.349671448140574],[74.75418869043561,13.34959059867387],[74.75407881334331,13.349518717150785],[74.753990340435,13.349422932892406],[74.753831586862,13.34935997658219],[74.75366061577138,13.34929999861838],[74.7535050121325,13.349144336195286],[74.75337680734174,13.349075427769783],[74.75328215637325,13.34904842095275],[74.7530317007415,13.349063130418562],[74.75251861960817,13.349047675590317],[74.75206669167203,13.3489634976752],[74.75155065176396,13.348855331747709],[74.7515048758367,13.348819399411386],[74.75150795509221,13.3487954780621],[74.75160353811407,13.347910357431415],[74.7516837463462,13.347126900662982],[74.75181599812265,13.346220881680356],[74.75188301855255,13.345571909337146],[74.75189882692288,13.345464317566744],[74.75202358658211,13.345489989839706],[74.75231090111183,13.345505582229068],[74.75286405804358,13.345508036390205],[74.75345630711897,13.345510525559222],[74.7545743305603,13.345532665688054],[74.75539917162651,13.345544946781306],[74.75609892157254,13.345551362941222],[74.75628069753932,13.345555365421315],[74.75640382427898,13.345570795266864],[74.75651715621927,13.345607269969799],[74.75669885943582,13.345684003723742],[74.75690792236772,13.345766506416252],[74.757189316406,13.345839505947554],[74.75801009937244,13.34600106561983],[74.75816645098078,13.34602035397835],[74.75902448354682,13.34607093506989],[74.75978479306347,13.346113763567656],[74.76070734131797,13.346152916252567],[74.7612878364109,13.346184086586716],[74.76218101341418,13.346276797865265],[74.76261099361056,13.346317394396376],[74.76270872006329,13.346322271140068],[74.76282209070396,13.346320462967942],[74.76292961144905,13.346305252048841],[74.76307623844659,13.346274765232414],[74.76353374998023,13.346143128136253],[74.76440770776242,13.345898952430124],[74.7648339037887,13.345809390717902],[74.76487385407955,13.345801562693369],[74.76554356925972,13.345670327555654],[74.76603032864634,13.345611443741351],[74.76659528590773,13.345539233772156],[74.76722278496707,13.345472821000163],[74.76780727257444,13.345415937759636],[74.76793889829068,13.345406467008312]]]},"properties":{"KGISWardID":3044,"KGISWardCo":"1605026","LGD_WardCo":31772,"KGISWardNo":"26","KGISWardNa":"Kadiyali","KGISTownCo":"1605","SHAPE_STAr":715670.742221,"SHAPE_STLe":4814.99828849}},
{"type":"Feature","geometry":{"type":"Polygon","coordinates":[[[74.7653045627738,13.358066058128552],[74.76523521062533,13.358436384879484],[74.76514299538692,13.359043389576968],[74.76512144775762,13.359216824445824],[74.76507864465235,13.35926164316521],[74.76489230986846,13.35928539461962],[74.76415001065615,13.359398347428211],[74.76355740195001,13.3594785407146],[74.76312669031357,13.359537949137296],[74.7630289558621,13.35953486738363],[74.7629068264219,13.359492884980915],[74.7621771079347,13.35923201944321],[74.76167632408135,13.35911192504203],[74.7611388782383,13.359003757264372],[74.76053122784832,13.358850663572284],[74.75984416796773,13.358697493145147],[74.75964567640668,13.358661417399516],[74.75947768908519,13.35866424914247],[74.75875067528519,13.358762247232876],[74.7578342629175,13.358892958415657],[74.75711947672583,13.3589790004083],[74.75641079598012,13.359068036565784],[74.75578154412626,13.35913920542779],[74.7553234089695,13.359132782588476],[74.75440716599901,13.359093017970727],[74.75435828928174,13.3591019424269],[74.75432768602425,13.359161725434392],[74.7542631127855,13.359589315344522],[74.7541942947091,13.359986997016515],[74.75413133304242,13.360632903321584],[74.75409457937735,13.360733351170829],[74.75402855998115,13.360779940348124],[74.75387089985918,13.360837206318495],[74.75379756055753,13.360873021548038],[74.75367283225441,13.360984150551284],[74.7535114163702,13.36113113030357],[74.75331342124362,13.361206300366579],[74.75295417757431,13.361263369292455],[74.75259133146096,13.361259426106937],[74.7522175752845,13.361169342994254],[74.75175964782322,13.360957161582744],[74.75120651432863,13.360658756197862],[74.7510270095472,13.36057245014001],[74.75093535227148,13.360601069583044],[74.75086188740866,13.36075890088692],[74.7508471200273,13.360862958794726],[74.75075914181137,13.36087722700348],[74.75034141722065,13.36077633199505],[74.74984668502744,13.360714835679486],[74.74991268009583,13.3610691290768],[74.74956250506058,13.36093338864909],[74.74956931399952,13.360911048936703],[74.74948176818002,13.360891930833544],[74.7496043959502,13.360572638904081],[74.74939068104094,13.360507517632438],[74.7491696720827,13.360440064159972],[74.74919700729069,13.360350162904625],[74.7490733209637,13.360305612423947],[74.74917837823365,13.360034823815939],[74.74914886603214,13.360030307752071],[74.74914918880431,13.359919018911977],[74.74910182556411,13.359896466397995],[74.7491194173766,13.35957016582907],[74.74867148720405,13.3594862722254],[74.74867107592506,13.359420565322305],[74.74862575121671,13.359413843439826],[74.7485771084465,13.359228701135741],[74.74868887971266,13.359001508196002],[74.7486981207152,13.358691389747383],[74.74876850703676,13.358575857192093],[74.74857668618534,13.358567165187088],[74.74844528571255,13.35848725463954],[74.74845607497545,13.358453286781176],[74.74844624845899,13.358450255960094],[74.7484517684159,13.358425063025082],[74.74852799213654,13.358094655774895],[74.74799433467078,13.357985642939111],[74.74800959473927,13.357887459615894],[74.74800867713219,13.357887129560092],[74.74802836043257,13.357587182441161],[74.7480690764138,13.357596725587229],[74.7485579814217,13.35771132814255],[74.74856238599287,13.357633302142505],[74.74857978975938,13.357324993917441],[74.74855770271422,13.35695928971686],[74.74863329727786,13.356561602781497],[74.74859571686856,13.355948823446255],[74.74863214619599,13.355928531406137],[74.74864141592413,13.355923366550131],[74.74871821085713,13.355880596289397],[74.74871215244276,13.355842571558384],[74.7486975316651,13.355750837397679],[74.74873265198887,13.355729137952176],[74.74871079927277,13.355537583118057],[74.74819808960251,13.355550114928041],[74.74818912975465,13.35555033569831],[74.74820164886913,13.355383383158346],[74.74823882487964,13.355381255360474],[74.74867043468143,13.355356552434888],[74.74868292566605,13.355294098198843],[74.74869583343911,13.355229563721597],[74.74859845218559,13.35511470471878],[74.74865331489121,13.355010605308767],[74.74863649744064,13.354986477092659],[74.74873444905397,13.354824024666538],[74.74859205241586,13.354309119172541],[74.7486444608614,13.354130442021717],[74.74863195193758,13.354074646206298],[74.7487400993086,13.353673785900561],[74.74873160057031,13.353497916553646],[74.74866390890772,13.353329330910986],[74.74866803059358,13.353190769415418],[74.74865716743085,13.353175938161653],[74.74866010855473,13.353140369221055],[74.74868427707113,13.352843713277469],[74.74872403823102,13.352802476010401],[74.74878886987763,13.352735237786996],[74.74878718345435,13.352722002576488],[74.74871848722417,13.352182912125722],[74.7487634994013,13.352158360554329],[74.74878733926639,13.352145356819118],[74.74878582344095,13.35211271409365],[74.7487783364299,13.35195151429684],[74.74882138129833,13.351938837943976],[74.74901113967006,13.351882954114053],[74.74919780884967,13.351921994106595],[74.74952249864924,13.35187152326577],[74.74951085483627,13.351822077000692],[74.74949192445095,13.351741692222324],[74.74950348472201,13.351680491181009],[74.74951894389487,13.351598659255131],[74.7495249450138,13.351566890222838],[74.74953263374451,13.351543651642352],[74.74954475691318,13.351507021141275],[74.74979307057448,13.35157246029567],[74.75001149612699,13.351630056192153],[74.75020699923707,13.351681607072292],[74.75024477045788,13.351620043008792],[74.7503581108295,13.351435307403634],[74.75025465029773,13.351102024036585],[74.75000059556369,13.351016176419789],[74.74983663731915,13.35087615773288],[74.74991038202832,13.350566987028508],[74.74994149025365,13.35056026215617],[74.75005511991489,13.350535699378087],[74.7500772954603,13.35048500156415],[74.75023693188508,13.35012004972897],[74.75026559700142,13.350054501639498],[74.75032473497221,13.349755690724685],[74.75000906510361,13.349664968248181],[74.74997168327421,13.349535027441599],[74.75002908490325,13.349537382644122],[74.75047181954436,13.349555555615666],[74.75047895960876,13.349501716999427],[74.75049268134838,13.349398231269552],[74.75052939573862,13.349396889352748],[74.75053868423129,13.349396550363936],[74.75053714921218,13.349346404257428],[74.75052940255553,13.349093424808029],[74.75052492619345,13.34894716690986],[74.75047588175894,13.348936933273976],[74.75028350235166,13.348896789067021],[74.75027651257611,13.34883761236954],[74.7502758104079,13.348831654548393],[74.75027165045228,13.34879640138843],[74.74986639285169,13.348712791818794],[74.74986281028822,13.348642385107462],[74.74984460691162,13.34863811540695],[74.74980623677321,13.34845927956067],[74.74994288996501,13.348224712751952],[74.74995602583654,13.348222273414438],[74.75030730087151,13.348157026199418],[74.7502997447347,13.348120605936082],[74.75022785631879,13.347774116436714],[74.75022393232433,13.347755487948985],[74.75018530966501,13.347319084698276],[74.74998415535116,13.347327181852336],[74.74999425137379,13.346869422362138],[74.75000183869379,13.346531614992463],[74.74999611480926,13.346360494668383],[74.74999783917717,13.346192330413382],[74.74999457516539,13.346147980572123],[74.7500294377683,13.346150024174399],[74.75011543600105,13.3461558508878],[74.75019558517627,13.346146359414606],[74.75026596939242,13.346129203003091],[74.75032269057579,13.346092893978753],[74.75038137939346,13.346045102131564],[74.7504420221968,13.345997312193939],[74.7505378394254,13.345957213056641],[74.75064341845824,13.3459305216042],[74.7511517359624,13.345818096061398],[74.75139612318013,13.345760916635841],[74.75145478730016,13.345736092198404],[74.7515877795584,13.345659663297093],[74.75188301855255,13.345571909337146],[74.75181599812265,13.346220881680356],[74.7516837463462,13.347126900662982],[74.75160353811407,13.347910357431415],[74.75150795509221,13.3487954780621],[74.7515048758367,13.348819399411386],[74.75155065176396,13.348855331747709],[74.75206669167203,13.3489634976752],[74.75251861960817,13.349047675590317],[74.7530317007415,13.349063130418562],[74.75328215637325,13.34904842095275],[74.75337680734174,13.349075427769783],[74.7535050121325,13.349144336195286],[74.75366061577138,13.34929999861838],[74.753831586862,13.34935997658219],[74.753990340435,13.349422932892406],[74.75407881334331,13.349518717150785],[74.75418869043561,13.34959059867387],[74.75429550372041,13.349671448140574],[74.75439614281527,13.349818084052467],[74.75475925785605,13.35014440956724],[74.75483860588258,13.350204299080751],[74.75496378402612,13.35024628825459],[74.75613932405682,13.350558443587733],[74.75659434633431,13.35060673071322],[74.75687837802317,13.350612984019383],[74.757138027577,13.350568374571752],[74.75731819889695,13.350592471557091],[74.7574341792646,13.350670338176808],[74.75759592497154,13.350796098180732],[74.75783098568844,13.35090697474692],[74.75803248078098,13.350987913127511],[74.75782442660903,13.35160428377571],[74.75743149976104,13.352375480231357],[74.75727198918571,13.353069144161337],[74.75717387180435,13.353451846380372],[74.75712977417432,13.353569035145716],[74.75704904719213,13.353664656123676],[74.75693413766719,13.353736319913477],[74.75688767297767,13.353776948021887],[74.7568632037668,13.353812811091787],[74.75686311755517,13.35389893981758],[74.75686978142856,13.354564054102479],[74.75685996515679,13.35460710908322],[74.75682329740589,13.354623821306355],[74.75677932396435,13.354616601239867],[74.7560831356435,13.35444367428943],[74.75599030664299,13.354424444860667],[74.7559560895953,13.354433980562145],[74.75594139333724,13.354469854760616],[74.755926584082,13.35461817372544],[74.75593551912998,13.355453155112984],[74.75594279831218,13.355503402565226],[74.75595011207531,13.355520157931547],[74.75596721106118,13.35552495963864],[74.75647299301272,13.355523053758542],[74.75755782906872,13.355550411322879],[74.75763043324997,13.355551328976059],[74.7574668338071,13.35614126543357],[74.75746188222128,13.35620585683762],[74.75750339571223,13.356229820947117],[74.7586516792974,13.356340971699247],[74.75912071065605,13.356441901763331],[74.75970699993144,13.35656926011679],[74.76015158443808,13.356684519892784],[74.76019307609687,13.356730016199586],[74.76019789703555,13.356797010439303],[74.76020024608265,13.356892711036549],[74.76023441135649,13.356935807782802],[74.76085719268148,13.35722588518551],[74.7610611384205,13.357305030423959],[74.76118023396802,13.357326075888672],[74.76139399935863,13.3573591735865],[74.76155586515397,13.357368297883191],[74.76195901821562,13.357377648956017],[74.76289975434545,13.357351615728428],[74.76305550058265,13.357372696428587],[74.76312876656554,13.357408652417474],[74.76313783700047,13.357504359287033],[74.7631437912819,13.357662865392074],[74.76315900960536,13.357716710812609],[74.76321396255804,13.357740686563226],[74.76418815232394,13.357864209427646],[74.76498217231234,13.357954665202778],[74.765180658379,13.357996718311618],[74.76526308671183,13.358035671600081],[74.7653045627738,13.358066058128552]]]},"properties":{"KGISWardID":3045,"KGISWardCo":"1605027","LGD_WardCo":31773,"KGISWardNo":"27","KGISWardNa":"Gundibailu","KGISTownCo":"1605","SHAPE_STAr":1291971.66772,"SHAPE_STLe":7752.12983382}},
{"type":"Feature","geometry":{"type":"Polygon","coordinates":[[[74.74999457516539,13.346147980572123],[74.74992975777808,13.346144183934719],[74.74986524135325,13.346157516588107],[74.74980461022004,13.346193822553543],[74.74969703755244,13.346258792665871],[74.74955815683923,13.346358182422913],[74.74947212988171,13.346381065096578],[74.7493939306698,13.346394385912896],[74.7492825050661,13.34640575956757],[74.74918281709432,13.346407574316686],[74.74906943258927,13.346422773584921],[74.74894233769089,13.346464754552212],[74.74886214986729,13.346510612291976],[74.74878978176105,13.34655647594717],[74.74873696523727,13.346596617042099],[74.74867240218447,13.346653972240752],[74.74863130455597,13.346701781127637],[74.74857846315868,13.346766803216354],[74.74852759357084,13.346814602392245],[74.74840047658151,13.346877637370696],[74.74826163266121,13.346940660637388],[74.7481638934583,13.3469482197419],[74.74805053443798,13.346938538426368],[74.74794696125059,13.346915466867863],[74.7478512365629,13.346865607748823],[74.74769493502099,13.346798463446898],[74.74761478859958,13.346804125576826],[74.74752290139743,13.346823174101866],[74.74745248895579,13.346867125041541],[74.747413338037,13.346922590955657],[74.7473898068641,13.346995299094692],[74.74737019856107,13.347054613026234],[74.7473251726783,13.347121556909217],[74.74726063396602,13.347155944082862],[74.7471648207935,13.34719030004482],[74.74695365860946,13.347249422790766],[74.7466252113595,13.34731417006102],[74.74646686202088,13.347336979394877],[74.74624989067807,13.347342504189251],[74.74605833388466,13.347344226616867],[74.74596840931136,13.347355620344649],[74.74590584037973,13.347374696755239],[74.74582955157582,13.34743012608595],[74.74572784015285,13.347497012823933],[74.74564766634359,13.34752947142864],[74.74554013701453,13.347552330269103],[74.74546390328096,13.347554167092833],[74.74525455469873,13.347514002958837],[74.7450750250163,13.347463580212525],[74.74496506878828,13.347470647447473],[74.74484774168825,13.34751718267983],[74.74463139344844,13.347628214240853],[74.74435266428752,13.347810957584374],[74.74429764031387,13.347857555390913],[74.74427192171729,13.347918537550985],[74.74430483095898,13.347990344732452],[74.7443157576105,13.34805495188415],[74.74428267842268,13.34814463620955],[74.74423863857561,13.34820201185757],[74.74420557822728,13.348273751565635],[74.74420911875315,13.348392183329981],[74.74421269327988,13.348478315708338],[74.74415762378676,13.348567977817913],[74.74387886006996,13.348783018176794],[74.74369545638052,13.348929969630001],[74.74358540099983,13.349030342765627],[74.74349002054593,13.349116375006911],[74.74343125984136,13.349231153873506],[74.74339447419723,13.349360309769411],[74.7433906498211,13.349511031677443],[74.74341977346127,13.349697674378849],[74.7435074591664,13.349956149413877],[74.74354400335271,13.350056669947843],[74.74364650919793,13.350164435060437],[74.74372334155663,13.350290117886408],[74.74375253744797,13.350408574675079],[74.74374873126655,13.350541352881597],[74.7437192978082,13.350648983605259],[74.74366790134434,13.350731472352468],[74.74356523146025,13.350778021774385],[74.74345885176704,13.350867631773047],[74.74339639598546,13.351011116450167],[74.74335597421236,13.351111559052834],[74.74327519308417,13.35125502603835],[74.7431724622059,13.3513589943956],[74.74299643973778,13.351455711439405],[74.74276553640178,13.35146265317646],[74.74257132155115,13.351433746360067],[74.74240646479757,13.351368982719475],[74.74225260289845,13.35130422925262],[74.74211709296424,13.351214373714985],[74.7419998206867,13.351207077395284],[74.74190813072855,13.351267992104034],[74.74182743456687,13.351328917075735],[74.74173569966452,13.35143289604199],[74.74166962327892,13.351533313114007],[74.74149353808504,13.351687447286752],[74.74135424073387,13.351712426694094],[74.74116732957805,13.351708646910351],[74.74088881897082,13.351679652682925],[74.74039778474217,13.351607376139416],[74.74007898644703,13.351553218190032],[74.73984442159443,13.351556566391713],[74.73963182028726,13.351585057596767],[74.73947418696049,13.351620782990594],[74.73932384755446,13.351688813380797],[74.73911474945601,13.35186803255518],[74.73886157542984,13.352136925571575],[74.73863414745118,13.352319714360519],[74.73852779913187,13.352377024679623],[74.73849020244135,13.352400579267156],[74.7384545297754,13.352348238583794],[74.73811795890428,13.351780875577658],[74.73793885255427,13.351335692059394],[74.73756595361033,13.350474017185388],[74.73732827938943,13.349964174670236],[74.73692614559849,13.349027105676216],[74.73682332079902,13.348887947827036],[74.7367598085483,13.348866402582868],[74.73636261861863,13.348731662368271],[74.73613044607053,13.348676638358596],[74.73607084740092,13.348669675151536],[74.73604723142704,13.348921747732827],[74.73568344301727,13.348853390648184],[74.73565205864338,13.348605352423535],[74.73516576069417,13.348621810050505],[74.73515957498617,13.348835705715144],[74.73502357206256,13.34883497399204],[74.73501604928079,13.34881663269217],[74.7348028525645,13.348827212627828],[74.73474689771436,13.348063210022802],[74.73447463836548,13.348073972018557],[74.73447198933341,13.348802990683135],[74.73375030131712,13.348728423269941],[74.73371233979398,13.34929820455037],[74.73357255264175,13.349319062182929],[74.73336924699353,13.350897877110253],[74.73240952741344,13.35081536286176],[74.73243313468024,13.350726597030588],[74.73194460055096,13.350606457249974],[74.73141451209203,13.350503019888553],[74.73091861235763,13.350416365124136],[74.73076472774224,13.35037552995163],[74.7305962150926,13.350305969577706],[74.730332469321,13.350186065590677],[74.7299368342811,13.350020563863186],[74.72969257917202,13.349950921261437],[74.72916741746096,13.349813990612814],[74.72913323475385,13.34979242055555],[74.72911373594033,13.34974933628378],[74.72909914007361,13.349691901569386],[74.7291016715623,13.349612953448029],[74.7291139759891,13.349534014868444],[74.72909205866608,13.349469393581371],[74.72897545333642,13.34940598490421],[74.72900553557183,13.34891854416606],[74.72831642157296,13.348861885576543],[74.72830823314723,13.348705920157965],[74.72829037096328,13.348359699920687],[74.72816183299427,13.348247230405217],[74.72818345089131,13.348179646426091],[74.72819518563311,13.348142931574781],[74.7282033581732,13.348117346785669],[74.72823241123986,13.348020430058398],[74.72842699656412,13.347470728956186],[74.72839388457909,13.347134300622416],[74.72909891754168,13.347221714607588],[74.72981081818045,13.347343685807095],[74.72989350555427,13.346430641610326],[74.7300805060324,13.346465621430784],[74.73047414117468,13.346535015592147],[74.73048545385434,13.345850068894954],[74.73088255170785,13.34578458899026],[74.7309055251832,13.34556184068707],[74.73173223355161,13.345494817661546],[74.73177589053954,13.345491173661893],[74.73172240382698,13.345368194884548],[74.73166638697752,13.345239325016571],[74.73169877372659,13.345238657607467],[74.73233917796875,13.345234095439498],[74.7325878809293,13.345256872549747],[74.73303002401437,13.345237343147446],[74.73307968897224,13.345447178793162],[74.73311201669352,13.345573460809085],[74.7328700746565,13.34573482232718],[74.73287700676974,13.345802201731491],[74.7329339218739,13.345993356234848],[74.7329612105406,13.346087524350521],[74.73328299416777,13.345980571618924],[74.73339714942621,13.346292903568568],[74.73345396410922,13.346283073661446],[74.73377633143886,13.346226676896917],[74.73375945411536,13.346119172334438],[74.73371889384855,13.345920067941158],[74.73431995514724,13.34561271043414],[74.73431717433739,13.345585127337293],[74.7342525688631,13.345419186082871],[74.7342503219004,13.345232735145062],[74.73403612823823,13.344824701592401],[74.73418958304008,13.344760231178295],[74.73415601599596,13.344699447417188],[74.73447276744803,13.344628712551444],[74.73456497692756,13.344608071304748],[74.73459540898322,13.344314483289027],[74.73430977882828,13.344346300853049],[74.73424945218142,13.344094842077489],[74.73433310614327,13.344072224319094],[74.73441115780297,13.344051108934055],[74.73456557256831,13.344009310357766],[74.73452587371041,13.343513231432478],[74.73475354061432,13.343495032294385],[74.73477486639094,13.343423116078014],[74.73483999146188,13.343423262867447],[74.73488876600304,13.343266936620925],[74.73518612933448,13.343033806373102],[74.73520048756677,13.342615205788205],[74.73520191344242,13.34256085618995],[74.73568932925065,13.342516631163983],[74.73581760017747,13.342516764847984],[74.73648947322525,13.342535406828354],[74.73746367942253,13.342572304887392],[74.73839515503931,13.34258522986039],[74.73870592320216,13.342597991742359],[74.7387528211459,13.342609523906145],[74.73876843795834,13.342628679122246],[74.7387742708963,13.342657394724226],[74.7387427646367,13.342873641790135],[74.73868775992452,13.343130058056932],[74.73865419870965,13.343440087946519],[74.73863435811602,13.343713766186477],[74.73860658235063,13.344096532674062],[74.73860618307026,13.34446784444378],[74.73857050399185,13.344929075322229],[74.73853883457213,13.345296525364233],[74.73855051080423,13.34534438701801],[74.73857198040717,13.345373118745954],[74.73861106513857,13.345380815241509],[74.7386833812565,13.345384717442213],[74.73876353764895,13.345369488580902],[74.73919374982827,13.34518810357508],[74.73985662166888,13.344949538411994],[74.74043539342453,13.344758733204415],[74.74094766344078,13.344608053043649],[74.74167696764809,13.34439060432852],[74.74225963344706,13.344211283610466],[74.74303194621169,13.343984304201792],[74.74358721269518,13.343835575589768],[74.74416008095702,13.343677294849924],[74.74459216987036,13.343562892105941],[74.74473878525642,13.34354389972945],[74.74482087861222,13.343543982370466],[74.74494400844506,13.343555590112999],[74.74523717001823,13.343582680199528],[74.74554594599523,13.343632754207327],[74.74592895570447,13.34372309478697],[74.74647804672972,13.343871021041004],[74.74660702176307,13.343899859587973],[74.74672623713641,13.343915290202549],[74.74686696485391,13.3439192593035],[74.7471621347176,13.343896586163286],[74.74750618989005,13.343854821330474],[74.74765865013106,13.343854973125714],[74.74780522378873,13.343876172384531],[74.74795177762822,13.34391651157935],[74.7482624362265,13.344037402405064],[74.74858284016717,13.344185095139444],[74.74903409504205,13.344438187718906],[74.74933331739085,13.344589278381326],[74.74957719571081,13.344712423662319],[74.7500734723797,13.344904311114938],[74.75059907210715,13.345092398809905],[74.75089413420935,13.345176902580455],[74.75141781457077,13.345330536078404],[74.75154895567093,13.345369199723562],[74.75180862359437,13.345445756552918],[74.75189882692288,13.345464317566744],[74.75188301855255,13.345571909337146],[74.7515877795584,13.345659663297093],[74.75145478730016,13.345736092198404],[74.75139612318013,13.345760916635841],[74.7511517359624,13.345818096061398],[74.75064341845824,13.3459305216042],[74.7505378394254,13.345957213056641],[74.7504420221968,13.345997312193939],[74.75038137939346,13.346045102131564],[74.75032269057579,13.346092893978753],[74.75026596939242,13.346129203003091],[74.75019558517627,13.346146359414606],[74.75011543600105,13.3461558508878],[74.7500294377683,13.346150024174399],[74.74999457516539,13.346147980572123]]]},"properties":{"KGISWardID":3046,"KGISWardCo":"1605028","LGD_WardCo":31774,"KGISWardNo":"28","KGISWardNa":"Bannanje","KGISTownCo":"1605","SHAPE_STAr":1314986.62474,"SHAPE_STLe":7856.81094159}},
{"type":"Feature","geometry":{"type":"Polygon","coordinates":[[[74.74951652037369,13.335403571993133],[74.75025760175645,13.335480256154412],[74.75060941645876,13.335482994896855],[74.75071692381182,13.335475922707214],[74.75075600296572,13.335487923303559],[74.75077057376755,13.335574067421074],[74.75079972030481,13.335741568608684],[74.75087047918157,13.335832552248062],[74.75101447318741,13.335983419647038],[74.75111946642848,13.336045727186969],[74.75122448419371,13.336084109411889],[74.75137594215448,13.33610339796432],[74.75145659111715,13.336079551702808],[74.7514981479596,13.336058060645609],[74.7515836713469,13.336046182218956],[74.75187683930115,13.33606082397277],[74.75219200277678,13.336068309016728],[74.75225794870667,13.336087512585793],[74.75226524216093,13.336123407203615],[74.75220084410333,13.336982243380714],[74.7522032143231,13.337054019775902],[74.75222271141224,13.337101887606252],[74.7522593441986,13.337116278205203],[74.75233508328803,13.337116352170787],[74.75300707927447,13.337002168907562],[74.75352268082948,13.336916541561147],[74.75373280998669,13.336902390847275],[74.75433385155453,13.336886226253675],[74.75465880983371,13.336874578582226],[74.7547687610594,13.336867507048074],[74.75483965198288,13.33682929636212],[74.7548638424361,13.337068567321152],[74.75485864077568,13.337381976579458],[74.75482927902954,13.337425012653627],[74.75477550400102,13.337448885062972],[74.75411088594788,13.33751523136594],[74.75379858544167,13.337574740298418],[74.75345114116674,13.337594500445155],[74.75344378783282,13.337617460099228],[74.75344517999645,13.337690670564102],[74.75348154085397,13.337973497144167],[74.7534756344441,13.338016555851405],[74.75345948994065,13.33803520096714],[74.75339497395758,13.338049493061224],[74.75319560292685,13.338055041056913],[74.75306075571929,13.338037684021785],[74.75256243091779,13.337949634424877],[74.75227076503343,13.33789767056708],[74.75222532691348,13.337891885159982],[74.7521681541263,13.337893265233909],[74.75215493059224,13.337923396971364],[74.75213540554822,13.338381297832047],[74.75209744858253,13.338827816165905],[74.75206960846043,13.339174697095924],[74.75198671987783,13.33959628856875],[74.75186100054376,13.340089614862993],[74.7518171580364,13.34031601900457],[74.75181711896536,13.340354299067299],[74.75183858869829,13.340384943074403],[74.75186983688535,13.340409855627563],[74.75235251114601,13.340515596385526],[74.75247953416634,13.340540602379878],[74.75254791886323,13.340565550192554],[74.7525615720212,13.340594274044065],[74.75257128229539,13.340655530416315],[74.75254574089541,13.340785656392168],[74.75252415026127,13.34087367756568],[74.75250064460589,13.340923418574905],[74.75245954768296,13.340973142409517],[74.75242238494093,13.340997987199055],[74.75234222194526,13.341022790893723],[74.75227967944726,13.341018901249983],[74.75219563980653,13.341011163839653],[74.7520764196055,13.34100147682682],[74.75200214283255,13.341003317566196],[74.75194348577398,13.34102240114601],[74.75186722767954,13.341051036157657],[74.7518105108944,13.341083517921428],[74.75173619397849,13.341125552917763],[74.75167166138633,13.341156113625424],[74.75159933554723,13.341161784708872],[74.75154069211231,13.3411674691786],[74.75149376640819,13.34118273469098],[74.75147613405346,13.34122291087954],[74.75136631545416,13.341576889142612],[74.75126613118577,13.342064855316602],[74.751173945412,13.342376743922497],[74.75112483231416,13.342619770781402],[74.75109730469424,13.342778604242119],[74.75107749383724,13.343036971340224],[74.75103405417084,13.343465659548482],[74.75103971412858,13.343664719038571],[74.75106891757673,13.34377767280086],[74.75115841442192,13.344183523808962],[74.75127917495539,13.344598975926212],[74.75135513468943,13.344863178877082],[74.75154895567093,13.345369199723562],[74.75141781457077,13.345330536078404],[74.75089413420935,13.345176902580455],[74.75059907210715,13.345092398809905],[74.7500734723797,13.344904311114938],[74.74957719571081,13.344712423662319],[74.74933331739085,13.344589278381326],[74.74934293844126,13.344106848900198],[74.74935424740664,13.343801820242476],[74.74933639269248,13.343346035925986],[74.74932924471412,13.343170182258431],[74.74935501332605,13.343058958212184],[74.74939912501242,13.342929808558903],[74.74941387328673,13.342843693392155],[74.74941397316024,13.342746798771909],[74.74931903110432,13.342412955434686],[74.74931682206069,13.342185668050808],[74.74932201874384,13.341884221328195],[74.7494154736405,13.341290980433268],[74.74944508335263,13.341008697855028],[74.74947001914597,13.340520658081973],[74.74947011774651,13.340424959751834],[74.7494457292645,13.34038187032344],[74.74938711655265,13.34035788802347],[74.7483968558728,13.340199243261155],[74.74845802937931,13.340109586168065],[74.74854676672354,13.339945192025404],[74.74872148612893,13.339326312579674],[74.74886863790005,13.338785161273687],[74.74895101565707,13.33827205765975],[74.74902472281087,13.337873783908087],[74.74908750591185,13.337407313274973],[74.74917218354842,13.337030582968932],[74.7492640374014,13.336804584801163],[74.74935951818519,13.336614477663307],[74.74951366480018,13.33639571789192],[74.74959811696343,13.336237898319412],[74.74964591438295,13.336087218591517],[74.74964970127303,13.335968795787277],[74.74958035167738,13.33569598585462],[74.74951652037369,13.335403571993133]]]},"properties":{"KGISWardID":3047,"KGISWardCo":"1605029","LGD_WardCo":31775,"KGISWardNo":"29","KGISWardNa":"Thenkapete","KGISTownCo":"1605","SHAPE_STAr":307620.40459,"SHAPE_STLe":3538.89840027}},
{"type":"Feature","geometry":{"type":"Polygon","coordinates":[[[74.75635713829877,13.335025360589658],[74.75625264544128,13.335119798580449],[74.75599101166509,13.335332477660472],[74.7558687085784,13.335475909104556],[74.7556705561612,13.33572932076484],[74.75551516945679,13.335973202997634],[74.7552876417807,13.336281612680034],[74.75498313214628,13.336611479568198],[74.75483965198288,13.33682929636212],[74.7547687610594,13.336867507048074],[74.75465880983371,13.336874578582226],[74.75433385155453,13.336886226253675],[74.75373280998669,13.336902390847275],[74.75352268082948,13.336916541561147],[74.75300707927447,13.337002168907562],[74.75233508328803,13.337116352170787],[74.7522593441986,13.337116278205203],[74.75222271141224,13.337101887606252],[74.7522032143231,13.337054019775902],[74.75220084410333,13.336982243380714],[74.75226524216093,13.336123407203615],[74.75225794870667,13.336087512585793],[74.75219200277678,13.336068309016728],[74.75187683930115,13.33606082397277],[74.7515836713469,13.336046182218956],[74.7514981479596,13.336058060645609],[74.75145659111715,13.336079551702808],[74.75137594215448,13.33610339796432],[74.75122448419371,13.336084109411889],[74.75111946642848,13.336045727186969],[74.75101447318741,13.335983419647038],[74.75087047918157,13.335832552248062],[74.75079972030481,13.335741568608684],[74.75077057376755,13.335574067421074],[74.75075600296572,13.335487923303559],[74.75071692381182,13.335475922707214],[74.75060941645876,13.335482994896855],[74.75025760175645,13.335480256154412],[74.74951652037369,13.335403571993133],[74.749474572226,13.335211404818285],[74.74939793742307,13.33489552318507],[74.74932853569973,13.334672955426221],[74.74926272972307,13.334518575445745],[74.74916026389386,13.33437492508836],[74.74890766665516,13.334112698684745],[74.7487465996646,13.33393669159386],[74.74855257972658,13.333731943920549],[74.74838425754754,13.333484156235814],[74.74836577979114,13.333461491209121],[74.74810609002441,13.333142952647732],[74.74777151571907,13.332734166728898],[74.74773276006661,13.332686814723203],[74.74770911496532,13.332658059877838],[74.74818539408975,13.332315899140644],[74.74844764014972,13.332136796845948],[74.74858627199323,13.332120591911766],[74.74876801095827,13.332151395839803],[74.74938930644328,13.332385515909818],[74.74954172115879,13.332422032249402],[74.74975669874581,13.332441384427987],[74.74984269803296,13.332441468328538],[74.7498935288933,13.33242812121161],[74.74995218991907,13.332403297041829],[74.75003631892243,13.332321078673642],[74.75008911833115,13.332294335323498],[74.75017122954209,13.33227336184871],[74.75039417464725,13.332147258858033],[74.75047046935418,13.332080344139607],[74.75050960443457,13.332036360573296],[74.75053505264525,13.331998107280706],[74.75055657343596,13.331978988377267],[74.75060544357329,13.331969466837982],[74.75069727185732,13.332004008647905],[74.75085552944779,13.332061583374347],[74.75099426426014,13.332096171132102],[74.75110761063945,13.332111593849524],[74.7515023805634,13.332152174283433],[74.75171149455875,13.332171519061983],[74.75203003465681,13.332217765999546],[74.75238373860816,13.33228127264409],[74.75257328204162,13.332325479607325],[74.75267291856746,13.332367683624424],[74.7529757416945,13.3324943019665],[74.75330590580593,13.332641999069464],[74.75348172796507,13.332726386424403],[74.75357746670544,13.332759015818839],[74.75367126227054,13.332780161241718],[74.75386081602458,13.332814796777258],[74.75428292923691,13.332878367150247],[74.75467768843596,13.332932340796068],[74.75497475295052,13.332955595576225],[74.75541056984994,13.332998122971098],[74.75556789079441,13.333016457964508],[74.75560306495792,13.333023668809117],[74.75562503359261,13.333043786723254],[74.75563232942253,13.333076810297062],[74.75567448897641,13.33342710859421],[74.75569935103715,13.333484552733223],[74.75573300795617,13.333543438559296],[74.75586915215356,13.333727313148767],[74.75591451954112,13.333802001881141],[74.75598912804611,13.33395423477618],[74.75610755381382,13.334265849667396],[74.75621427189569,13.33455735559431],[74.75635713829877,13.335025360589658]]]},"properties":{"KGISWardID":3048,"KGISWardCo":"1605030","LGD_WardCo":31776,"KGISWardNo":"30","KGISWardNa":"Volakadu","KGISTownCo":"1605","SHAPE_STAr":325159.108748,"SHAPE_STLe":2517.72858885}},
{"type":"Feature","geometry":{"type":"Polygon","coordinates":[[[74.76169983769813,13.329240153675483],[74.76195283791428,13.329272394936213],[74.7619393397494,13.329303706104591],[74.7618904186265,13.329363472167337],[74.76182317387904,13.329423221023447],[74.76174677993056,13.329470999060979],[74.7616215233079,13.329518730277337],[74.76138018546109,13.329599250421158],[74.76106550105574,13.329733530777323],[74.76102270543721,13.329775358666573],[74.76102267606962,13.329805264615338],[74.76103789614575,13.32985611901709],[74.76110799721656,13.329996743015984],[74.76120862079856,13.330155338580761],[74.76118719068174,13.330209149713271],[74.76116270691928,13.330262957969556],[74.76106473467816,13.330514075750871],[74.7609392041539,13.330839932007708],[74.7608534449332,13.331094052424753],[74.76073410143718,13.33133916835273],[74.76067293668387,13.331425838260598],[74.76059348436341,13.33147660337104],[74.76048045673403,13.33150939300091],[74.76008644955812,13.33155986083013],[74.7594573645778,13.331535340831],[74.75941761314661,13.331586143201125],[74.75936540068503,13.331885153376659],[74.75930711922854,13.332145279927099],[74.75925819392579,13.332208035771066],[74.7591879177647,13.332243855700161],[74.75902360325041,13.3322562614145],[74.75871576475232,13.332258360577748],[74.75837615242854,13.332272392220867],[74.75831749796231,13.332291476428564],[74.75824171042017,13.332341645669905],[74.75816101722367,13.332410951186926],[74.75807297359636,13.332501780552244],[74.75794824415156,13.332630855933738],[74.75789198763448,13.33269539942891],[74.7578576984586,13.332781495663909],[74.75781596172949,13.332984816013619],[74.75776692543818,13.333159419731647],[74.75769594218873,13.333290938001044],[74.75754421836719,13.333539610322953],[74.75738511988494,13.333833732587019],[74.75722118598388,13.334075216057533],[74.7570230624088,13.334302311845258],[74.75670754445301,13.334651309550612],[74.75648006596317,13.334914265146631],[74.75635713829877,13.335025360589658],[74.75621427189569,13.33455735559431],[74.75610755381382,13.334265849667396],[74.75598912804611,13.33395423477618],[74.75591451954112,13.333802001881141],[74.75586915215356,13.333727313148767],[74.75573300795617,13.333543438559296],[74.75569935103715,13.333484552733223],[74.75567448897641,13.33342710859421],[74.75563232942253,13.333076810297062],[74.75562503359261,13.333043786723254],[74.75560306495792,13.333023668809117],[74.75556789079441,13.333016457964508],[74.75541056984994,13.332998122971098],[74.75497475295052,13.332955595576225],[74.75467768843596,13.332932340796068],[74.75428292923691,13.332878367150247],[74.75386081602458,13.332814796777258],[74.75367126227054,13.332780161241718],[74.75357746670544,13.332759015818839],[74.75348172796507,13.332726386424403],[74.75330590580593,13.332641999069464],[74.7529757416945,13.3324943019665],[74.75267291856746,13.332367683624424],[74.75257328204162,13.332325479607325],[74.75238373860816,13.33228127264409],[74.75203003465681,13.332217765999546],[74.75171149455875,13.332171519061983],[74.7515023805634,13.332152174283433],[74.75110761063945,13.332111593849524],[74.75099426426014,13.332096171132102],[74.75085552944779,13.332061583374347],[74.75069727185732,13.332004008647905],[74.75060544357329,13.331969466837982],[74.75055657343596,13.331978988377267],[74.75053505264525,13.331998107280706],[74.75050960443457,13.332036360573296],[74.75047046935418,13.332080344139607],[74.75039417464725,13.332147258858033],[74.75017122954209,13.33227336184871],[74.75008911833115,13.332294335323498],[74.75003631892243,13.332321078673642],[74.74995218991907,13.332403297041829],[74.7498935288933,13.33242812121161],[74.74984269803296,13.332441468328538],[74.74975669874581,13.332441384427987],[74.74954172115879,13.332422032249402],[74.74938930644328,13.332385515909818],[74.74876801095827,13.332151395839803],[74.74858627199323,13.332120591911766],[74.74844764014972,13.332136796845948],[74.7484806993504,13.33160182125472],[74.74850974156134,13.331034761006197],[74.74850359942488,13.330871027694736],[74.74847792535815,13.32964281109226],[74.74850309013391,13.328973736803146],[74.74846743115076,13.328759183011615],[74.74830750277604,13.32780814025217],[74.74830269385463,13.327779545198053],[74.74821214504148,13.327241078550848],[74.74752387541133,13.326190112812206],[74.74751694080464,13.326179523583935],[74.7472914179766,13.325835155945187],[74.7473904559126,13.325841216182104],[74.74740230353835,13.325844000374483],[74.74940957006177,13.326315577587186],[74.74978897035679,13.32550956419114],[74.75035084214694,13.325758280025155],[74.75026440396701,13.326391715308421],[74.7509002847926,13.32672696357062],[74.75099548708695,13.326728930570102],[74.75114987659238,13.326867317828574],[74.75217498682767,13.32708037255439],[74.75219371641585,13.326856467291172],[74.75221652990038,13.326852217023685],[74.75240072616708,13.327016530093811],[74.75243788870768,13.327049680556003],[74.75225025902982,13.327616814708893],[74.75221169098339,13.32773338979133],[74.75267212236054,13.327985137420855],[74.75349060683054,13.328113591748291],[74.75367118233103,13.328113846645092],[74.75352009786616,13.327111290808988],[74.75338572944594,13.32662183922522],[74.7534761654457,13.32566081993],[74.75385094637845,13.32542934429844],[74.7539602444342,13.325663272589068],[74.75457413338403,13.325332324967993],[74.75457948999926,13.32524698332688],[74.75479854831904,13.325155643289374],[74.75512255134984,13.32646538341675],[74.75517954042375,13.327980650133615],[74.7562082166335,13.32797458181087],[74.75587065886182,13.329116605142755],[74.75700316223202,13.328845063307075],[74.75763206164736,13.328635047900903],[74.7581726004451,13.328553753202993],[74.75913464283882,13.328412137013933],[74.76039697734426,13.328425984043454],[74.7605423566059,13.329252221778924],[74.76121124026245,13.329175877570684],[74.76169983769813,13.329240153675483]]]},"properties":{"KGISWardID":3049,"KGISWardCo":"1605031","LGD_WardCo":31777,"KGISWardNo":"31","KGISWardNa":"Bailoor","KGISTownCo":"1605","SHAPE_STAr":788953.825334,"SHAPE_STLe":5561.91768106}},
{"type":"Feature","geometry":{"type":"Polygon","coordinates":[[[74.74844764014972,13.332136796845948],[74.74818539408975,13.332315899140644],[74.74770911496532,13.332658059877838],[74.74730452721364,13.332166026265],[74.74698970863827,13.33183196192112],[74.74664083585382,13.331452207188669],[74.74663110099512,13.331416310878605],[74.74653835632776,13.331325304112992],[74.74582549614507,13.330617016597596],[74.74531912528572,13.330063249387267],[74.74502927406675,13.32980576702907],[74.74481871437553,13.329653035344537],[74.74431205967181,13.329374400011234],[74.7439458121751,13.3291646891426],[74.74360402444185,13.32892808774946],[74.74317076364062,13.32855681615598],[74.74251802603692,13.327805515882613],[74.74211845944191,13.327341569452212],[74.7415969276714,13.326700453413597],[74.74147078412349,13.326533434731576],[74.74137332829133,13.32640439890327],[74.74135471070933,13.326379748423477],[74.74117325631286,13.326207032577964],[74.74109423119839,13.326159623137116],[74.74102255510451,13.326184352430126],[74.74099982343844,13.326189702233568],[74.74097892419482,13.326194621677892],[74.74090599756131,13.32621180196656],[74.74083370081428,13.326228833677535],[74.74045294228085,13.326318532296808],[74.74015403776623,13.326388948030429],[74.73992987465179,13.326433197135147],[74.73979730422641,13.326459366526912],[74.73902544590656,13.326611728005815],[74.73874626643924,13.326666836378275],[74.73814462326762,13.32599756059585],[74.73792051496694,13.32530906501445],[74.7377853162074,13.324883383578007],[74.73781848645248,13.324684259809075],[74.73996308729126,13.324795186091459],[74.73970262532944,13.322630205305416],[74.74060606482848,13.322605775906887],[74.7405920632961,13.321935567338077],[74.7406442422935,13.321917956299211],[74.74072652511265,13.32189018429375],[74.74078201642882,13.321871452637208],[74.74089641760078,13.321832829017834],[74.74126334828934,13.322165372410172],[74.7414850576893,13.322057528811284],[74.74171269956149,13.322306479139245],[74.74186132440788,13.322573208601046],[74.74193421204463,13.322718928753039],[74.74329548775353,13.322602753811818],[74.74351202142002,13.322774403147802],[74.74364018101109,13.322926597862484],[74.74449818557626,13.32320685510466],[74.744767487547,13.32333122761258],[74.74467003539179,13.323778436779946],[74.74486419155382,13.323961553567047],[74.74491182764709,13.323873542844662],[74.74504614385486,13.323625379553992],[74.74505230854767,13.323629463871047],[74.74521650856282,13.32373819819896],[74.74533911778853,13.323547649363876],[74.74526168483978,13.323401132579905],[74.74548589284298,13.32305689499802],[74.74553099677313,13.322683421777672],[74.7457155766858,13.32267282182449],[74.74576220517015,13.322546460149997],[74.74558853365583,13.322521046108493],[74.74565444461844,13.322317770044314],[74.7459345077904,13.322424585405914],[74.74646954395674,13.322451637998073],[74.74640629439978,13.322963773121142],[74.74639453785758,13.323058967105203],[74.74627874580226,13.323060905851984],[74.74620560532696,13.323062130335325],[74.74623575618305,13.323246869779354],[74.74661982122953,13.323289972426634],[74.74709645113539,13.323235485177365],[74.74706753491812,13.323634876809992],[74.74706100541073,13.323725056589462],[74.7467419239393,13.323771531149744],[74.74668791576342,13.323779398418448],[74.74669278010879,13.324212418946676],[74.7470849411916,13.324238416231973],[74.74729583880419,13.324379231199284],[74.74731559061514,13.324602390401399],[74.74725808631105,13.324808700833369],[74.74722602692833,13.325044516647456],[74.7472914179766,13.325835155945187],[74.74751694080464,13.326179523583935],[74.74752387541133,13.326190112812206],[74.74821214504148,13.327241078550848],[74.74830269385463,13.327779545198053],[74.74830750277604,13.32780814025217],[74.74846743115076,13.328759183011615],[74.74850309013391,13.328973736803146],[74.74847792535815,13.32964281109226],[74.74850359942488,13.330871027694736],[74.74850974156134,13.331034761006197],[74.7484806993504,13.33160182125472],[74.74844764014972,13.332136796845948]]]},"properties":{"KGISWardID":3050,"KGISWardCo":"1605032","LGD_WardCo":31778,"KGISWardNo":"32","KGISWardNa":"Kinnimulky","KGISTownCo":"1605","SHAPE_STAr":643786.255798,"SHAPE_STLe":4561.64668501}},
{"type":"Feature","geometry":{"type":"Polygon","coordinates":[[[74.7483968558728,13.340199243261155],[74.74826545580515,13.340273878123076],[74.7480240906363,13.340366347407809],[74.74779811070853,13.340348178120847],[74.74742248897563,13.340323879892091],[74.74730953013189,13.340284889565359],[74.74721185439843,13.340233952235451],[74.747095872055,13.340165052876609],[74.74705929045098,13.340102214221986],[74.74705328997379,13.33999753705009],[74.74717903980573,13.339483281079056],[74.74717300071342,13.339417481659947],[74.74714860838522,13.33937858045109],[74.74709976961918,13.339354605564733],[74.74678220114454,13.339306439919854],[74.7466539754184,13.33926444374235],[74.74659599857208,13.339216536156856],[74.74655331725293,13.339144718561979],[74.74651672254589,13.339093842909428],[74.74642209092198,13.33905188019201],[74.74615949277144,13.339006759054033],[74.74575032003361,13.338943546103868],[74.74527395157651,13.338886246560884],[74.74479149028035,13.33881697871167],[74.74443120155058,13.338735870000853],[74.74358852737079,13.338513715800474],[74.74351217028862,13.338519619232189],[74.74349379555929,13.338567450302099],[74.74349064719209,13.338657164878157],[74.74347773414982,13.339318072360351],[74.74345620779994,13.339458608310482],[74.74341946355104,13.339548288890718],[74.74337055254153,13.339593097824265],[74.74329724031637,13.339607977035987],[74.74318425091523,13.339598890772574],[74.74291253809712,13.339508897716819],[74.74218892138394,13.339331717943631],[74.74163928631789,13.339247422393393],[74.74126976593587,13.339232093168642],[74.74052766521854,13.339207409711184],[74.7401154135453,13.339168109811325],[74.73916764125681,13.339062326413796],[74.73916908768011,13.338870870577756],[74.73921380684388,13.338179492585331],[74.73925838464541,13.337619700236806],[74.73932231315325,13.33724175494226],[74.73941296767858,13.337002600776358],[74.73946189581403,13.336942839208263],[74.73954747638732,13.336878330937038],[74.73969169942579,13.336809096684899],[74.73999475996429,13.336711317417166],[74.74007788419648,13.33665876772596],[74.74011948300911,13.33659899941897],[74.74025159123578,13.336434053128551],[74.74060369362898,13.336168849098948],[74.74119296178516,13.33573641330466],[74.74177977437404,13.33531354316127],[74.74244723524414,13.334866830027778],[74.74288978333925,13.334551472234946],[74.74333965679038,13.334238513672815],[74.74361837976535,13.334047397726469],[74.74373819644121,13.333951819440866],[74.74391918755,13.33376299703087],[74.7440904189042,13.333564595066678],[74.74423718925115,13.333392484421728],[74.74449885357433,13.333158285831702],[74.7448191921715,13.332885865873942],[74.74526665778683,13.332534622134348],[74.74557230175772,13.332295681299561],[74.74584127508511,13.332078236027066],[74.74615913095958,13.33184169930951],[74.74648183789883,13.331638661898713],[74.74656741974782,13.331569365025368],[74.74661879330388,13.331504820108986],[74.74664083585382,13.331452207188669],[74.74698970863827,13.33183196192112],[74.74730452721364,13.332166026265],[74.74770911496532,13.332658059877838],[74.74773276006661,13.332686814723203],[74.74777151571907,13.332734166728898],[74.74810609002441,13.333142952647732],[74.74836577979114,13.333461491209121],[74.74838425754754,13.333484156235814],[74.74855257972658,13.333731943920549],[74.7487465996646,13.33393669159386],[74.74890766665516,13.334112698684745],[74.74916026389386,13.33437492508836],[74.74926272972307,13.334518575445745],[74.74932853569973,13.334672955426221],[74.74939793742307,13.33489552318507],[74.749474572226,13.335211404818285],[74.74951652037369,13.335403571993133],[74.74958035167738,13.33569598585462],[74.74964970127303,13.335968795787277],[74.74964591438295,13.336087218591517],[74.74959811696343,13.336237898319412],[74.74951366480018,13.33639571789192],[74.74935951818519,13.336614477663307],[74.7492640374014,13.336804584801163],[74.74917218354842,13.337030582968932],[74.74908750591185,13.337407313274973],[74.74902472281087,13.337873783908087],[74.74895101565707,13.33827205765975],[74.74886863790005,13.338785161273687],[74.74872148612893,13.339326312579674],[74.74854676672354,13.339945192025404],[74.74845802937931,13.340109586168065],[74.7483968558728,13.340199243261155]]]},"properties":{"KGISWardID":3051,"KGISWardCo":"1605033","LGD_WardCo":31779,"KGISWardNo":"33","KGISWardNa":"Ajjarkad","KGISTownCo":"1605","SHAPE_STAr":630238.494165,"SHAPE_STLe":3569.0067159}},
{"type":"Feature","geometry":{"type":"Polygon","coordinates":[[[74.74933331739085,13.344589278381326],[74.74903409504205,13.344438187718906],[74.74858284016717,13.344185095139444],[74.7482624362265,13.344037402405064],[74.74795177762822,13.34391651157935],[74.74780522378873,13.343876172384531],[74.74765865013106,13.343854973125714],[74.74750618989005,13.343854821330474],[74.7471621347176,13.343896586163286],[74.74686696485391,13.3439192593035],[74.74672623713641,13.343915290202549],[74.74660702176307,13.343899859587973],[74.74647804672972,13.343871021041004],[74.74592895570447,13.34372309478697],[74.74554594599523,13.343632754207327],[74.74523717001823,13.343582680199528],[74.74494400844506,13.343555590112999],[74.74482087861222,13.343543982370466],[74.74473878525642,13.34354389972945],[74.74459216987036,13.343562892105941],[74.74416008095702,13.343677294849924],[74.74358721269518,13.343835575589768],[74.74303194621169,13.343984304201792],[74.74225963344706,13.344211283610466],[74.74167696764809,13.34439060432852],[74.74094766344078,13.344608053043649],[74.74043539342453,13.344758733204415],[74.73985662166888,13.344949538411994],[74.73919374982827,13.34518810357508],[74.73876353764895,13.345369488580902],[74.7386833812565,13.345384717442213],[74.73861106513857,13.345380815241509],[74.73857198040717,13.345373118745954],[74.73855051080423,13.34534438701801],[74.73853883457213,13.345296525364233],[74.73857050399185,13.344929075322229],[74.73860618307026,13.34446784444378],[74.73860658235063,13.344096532674062],[74.73863435811602,13.343713766186477],[74.73865419870965,13.343440087946519],[74.73868775992452,13.343130058056932],[74.7387427646367,13.342873641790135],[74.7387742708963,13.342657394724226],[74.73876843795834,13.342628679122246],[74.7387528211459,13.342609523906145],[74.73879890493401,13.342315647548663],[74.73887997431542,13.341904227176586],[74.73896348679929,13.341492806562892],[74.7390371047664,13.341193825105453],[74.73912297189841,13.340863752196107],[74.73916223866244,13.3407011045712],[74.7391696730991,13.340603020339802],[74.73917249629498,13.340248937597853],[74.73916339445717,13.339624493097693],[74.73916764125681,13.339062326413796],[74.7401154135453,13.339168109811325],[74.74052766521854,13.339207409711184],[74.74126976593587,13.339232093168642],[74.74163928631789,13.339247422393393],[74.74218892138394,13.339331717943631],[74.74291253809712,13.339508897716819],[74.74318425091523,13.339598890772574],[74.74329724031637,13.339607977035987],[74.74337055254153,13.339593097824265],[74.74341946355104,13.339548288890718],[74.74345620779994,13.339458608310482],[74.74347773414982,13.339318072360351],[74.74349064719209,13.338657164878157],[74.74349379555929,13.338567450302099],[74.74351217028862,13.338519619232189],[74.74358852737079,13.338513715800474],[74.74443120155058,13.338735870000853],[74.74479149028035,13.33881697871167],[74.74527395157651,13.338886246560884],[74.74575032003361,13.338943546103868],[74.74615949277144,13.339006759054033],[74.74642209092198,13.33905188019201],[74.74651672254589,13.339093842909428],[74.74655331725293,13.339144718561979],[74.74659599857208,13.339216536156856],[74.7466539754184,13.33926444374235],[74.74678220114454,13.339306439919854],[74.74709976961918,13.339354605564733],[74.74714860838522,13.33937858045109],[74.74717300071342,13.339417481659947],[74.74717903980573,13.339483281079056],[74.74705328997379,13.33999753705009],[74.74705929045098,13.340102214221986],[74.747095872055,13.340165052876609],[74.74721185439843,13.340233952235451],[74.74730953013189,13.340284889565359],[74.74742248897563,13.340323879892091],[74.74779811070853,13.340348178120847],[74.7480240906363,13.340366347407809],[74.74826545580515,13.340273878123076],[74.7483968558728,13.340199243261155],[74.74938711655265,13.34035788802347],[74.7494457292645,13.34038187032344],[74.74947011774651,13.340424959751834],[74.74947001914597,13.340520658081973],[74.74944508335263,13.341008697855028],[74.7494154736405,13.341290980433268],[74.74932201874384,13.341884221328195],[74.74931682206069,13.342185668050808],[74.74931903110432,13.342412955434686],[74.74941397316024,13.342746798771909],[74.74941387328673,13.342843693392155],[74.74939912501242,13.342929808558903],[74.74935501332605,13.343058958212184],[74.74932924471412,13.343170182258431],[74.74933639269248,13.343346035925986],[74.74935424740664,13.343801820242476],[74.74934293844126,13.344106848900198],[74.74933331739085,13.344589278381326]]]},"properties":{"KGISWardID":3052,"KGISWardCo":"1605034","LGD_WardCo":31780,"KGISWardNo":"34","KGISWardNa":"Shiribeedu","KGISTownCo":"1605","SHAPE_STAr":605063.876201,"SHAPE_STLe":3747.11668747}},
{"type":"Feature","geometry":{"type":"Polygon","coordinates":[[[74.73520191344242,13.34256085618995],[74.73428545931017,13.342799275649751],[74.73414876844747,13.342390374814238],[74.73400488658656,13.341971988124593],[74.73399638210843,13.341947233802037],[74.73464433998357,13.341751200085179],[74.73463182337969,13.34151303034562],[74.73482081005237,13.341077115415397],[74.73483830704944,13.341018757852444],[74.73483781300452,13.34101876909092],[74.73435309301311,13.341029826066434],[74.7342756717252,13.341236329183603],[74.73423637170153,13.341340170581475],[74.73418928066584,13.341464304872488],[74.73407728745845,13.341444002121012],[74.73393016630867,13.340946807550345],[74.73369965509625,13.340886348688928],[74.73305754613808,13.340986328894934],[74.7329568820643,13.340601749575578],[74.73335087630927,13.340548078034365],[74.73340023898952,13.34023463843543],[74.73282772694233,13.340187829290272],[74.73279938106538,13.340013498330903],[74.73229514491332,13.339928737583346],[74.73173697238776,13.339936642153676],[74.73156804569753,13.339869453873836],[74.7311482834451,13.339929605862723],[74.73120813029631,13.340281365754878],[74.73109953491371,13.340301381692687],[74.73080063469584,13.340297516331958],[74.73074427310432,13.340158699246073],[74.73057851885778,13.34017286442359],[74.73054785695055,13.340259239092605],[74.73030353667036,13.340273632557405],[74.73028544804858,13.340192608899994],[74.73024911242736,13.339678905669441],[74.72920320633163,13.339893526058937],[74.72919643661625,13.340153991111661],[74.72937458742437,13.340478727925548],[74.72880941055467,13.340652103261098],[74.7288597830037,13.340973688097682],[74.7283436474456,13.341212642249872],[74.7281481244472,13.340201324899972],[74.72790720943442,13.33965066642872],[74.72768998856583,13.338455104830269],[74.72665001693521,13.33839520876072],[74.72664677581504,13.338267810703867],[74.72638042700203,13.338252258136885],[74.72639732884709,13.337888115963914],[74.72654475821781,13.33787086384598],[74.72656409296306,13.33740734391623],[74.72679558906057,13.337345171971227],[74.72673681508898,13.337210189911087],[74.72674193524338,13.33719060419129],[74.7268222215774,13.337195171177482],[74.72688031588902,13.337017739815057],[74.7269519943478,13.337013898920793],[74.72699943826268,13.336783508360083],[74.72710956872986,13.33677683513205],[74.72711235093323,13.3367645142551],[74.72723297000503,13.336229550738523],[74.72805241031956,13.336096741583665],[74.72823503007263,13.335878157605498],[74.72828295612845,13.335820777116497],[74.72829627561018,13.335804817098778],[74.72832262886689,13.335773227706536],[74.72925213837841,13.335545394794561],[74.72926968883043,13.335542700808983],[74.72927363301237,13.335541581953569],[74.72929960855045,13.335538107556717],[74.73060734741757,13.335336610171003],[74.73140304975358,13.335198795186747],[74.73152287593224,13.335178027778172],[74.73224865387178,13.33525383586967],[74.73226860944743,13.33525560211353],[74.73332467510822,13.335349541897719],[74.73336524631549,13.33535074106728],[74.73353202500647,13.33513584480175],[74.73359189079503,13.33505516001175],[74.73361684471942,13.335021534045795],[74.73439832484688,13.335320269588191],[74.73441345755462,13.335325376299634],[74.73476673845988,13.335232683416214],[74.7350576410364,13.335710867075058],[74.73507627568445,13.335602042338744],[74.7351318442762,13.33527815931426],[74.7355313114321,13.335327506298677],[74.73565162012683,13.335312844671108],[74.73569793354922,13.334907363232608],[74.73573989411061,13.33451358171197],[74.73589085094744,13.33404306324913],[74.73595926171032,13.333808415569994],[74.73585997171715,13.333801381217324],[74.73589389021615,13.333223601103258],[74.73613310166759,13.333204715388856],[74.7362142685654,13.33277340695028],[74.7375576460765,13.332554858222874],[74.73780510404576,13.332713783730956],[74.7382854391883,13.33258308259947],[74.73825408439949,13.332149643586831],[74.73762965571736,13.332075588857126],[74.73756286828022,13.331896991200907],[74.7377209593133,13.33116625036292],[74.73723579976306,13.331120300427093],[74.73723216155493,13.331001496723994],[74.7373772968611,13.330900539395275],[74.7373723294595,13.330961748580451],[74.73772438798038,13.330867144012572],[74.73777994603034,13.330924844915664],[74.73827929881278,13.330930343709577],[74.73821710166433,13.330317988845376],[74.7382810917882,13.329728573566271],[74.73812832831798,13.329610941632682],[74.73811170217903,13.329372133675914],[74.73848688733307,13.32939234061113],[74.73859275669626,13.329315866882034],[74.73858424219735,13.328942782220617],[74.7389441729427,13.328872191570035],[74.73882537590757,13.327548398296614],[74.73880075400237,13.32727402195828],[74.73874626643924,13.326666836378275],[74.73902544590656,13.326611728005815],[74.73979730422641,13.326459366526912],[74.73992987465179,13.326433197135147],[74.74015403776623,13.326388948030429],[74.74045294228085,13.326318532296808],[74.74083370081428,13.326228833677535],[74.74090599756131,13.32621180196656],[74.74097892419482,13.326194621677892],[74.74099982343844,13.326189702233568],[74.74102255510451,13.326184352430126],[74.74109423119839,13.326159623137116],[74.74117325631286,13.326207032577964],[74.74135471070933,13.326379748423477],[74.74137332829133,13.32640439890327],[74.74147078412349,13.326533434731576],[74.7415969276714,13.326700453413597],[74.74211845944191,13.327341569452212],[74.74251802603692,13.327805515882613],[74.74317076364062,13.32855681615598],[74.74360402444185,13.32892808774946],[74.7439458121751,13.3291646891426],[74.74431205967181,13.329374400011234],[74.74481871437553,13.329653035344537],[74.74502927406675,13.32980576702907],[74.74531912528572,13.330063249387267],[74.74582549614507,13.330617016597596],[74.74653835632776,13.331325304112992],[74.74663110099512,13.331416310878605],[74.74664083585382,13.331452207188669],[74.74661879330388,13.331504820108986],[74.74656741974782,13.331569365025368],[74.74648183789883,13.331638661898713],[74.74615913095958,13.33184169930951],[74.74584127508511,13.332078236027066],[74.74557230175772,13.332295681299561],[74.74526665778683,13.332534622134348],[74.7448191921715,13.332885865873942],[74.74449885357433,13.333158285831702],[74.74423718925115,13.333392484421728],[74.7440904189042,13.333564595066678],[74.74391918755,13.33376299703087],[74.74373819644121,13.333951819440866],[74.74361837976535,13.334047397726469],[74.74333965679038,13.334238513672815],[74.74288978333925,13.334551472234946],[74.74244723524414,13.334866830027778],[74.74177977437404,13.33531354316127],[74.74119296178516,13.33573641330466],[74.74060369362898,13.336168849098948],[74.74025159123578,13.336434053128551],[74.74011948300911,13.33659899941897],[74.74007788419648,13.33665876772596],[74.73999475996429,13.336711317417166],[74.73969169942579,13.336809096684899],[74.73954747638732,13.336878330937038],[74.73946189581403,13.336942839208263],[74.73941296767858,13.337002600776358],[74.73932231315325,13.33724175494226],[74.73925838464541,13.337619700236806],[74.73921380684388,13.338179492585331],[74.73916908768011,13.338870870577756],[74.73916764125681,13.339062326413796],[74.73916339445717,13.339624493097693],[74.73917249629498,13.340248937597853],[74.7391696730991,13.340603020339802],[74.73916223866244,13.3407011045712],[74.73912297189841,13.340863752196107],[74.7390371047664,13.341193825105453],[74.73896348679929,13.341492806562892],[74.73887997431542,13.341904227176586],[74.73879890493401,13.342315647548663],[74.7387528211459,13.342609523906145],[74.73870592320216,13.342597991742359],[74.73839515503931,13.34258522986039],[74.73746367942253,13.342572304887392],[74.73648947322525,13.342535406828354],[74.73581760017747,13.342516764847984],[74.73568932925065,13.342516631163983],[74.73520191344242,13.34256085618995]]]},"properties":{"KGISWardID":3053,"KGISWardCo":"1605035","LGD_WardCo":31781,"KGISWardNo":"35","KGISWardNa":"Ambalpady","KGISTownCo":"1605","SHAPE_STAr":1541182.53492,"SHAPE_STLe":8028.06476636}}
]}